timestamp,facility_id,city,it_load_kw,cooling_kw,ups_loss_kw,misc_overhead_kw,total_facility_kw,pue,outside_temp_c,outside_rh_pct,chw_supply_c,chw_return_c,avg_rack_inlet_c,grid_available,dg_running,power_factor,grid_frequency_hz,water_use_l_per_kwh_it,co2_kg
2026-04-01 00:00:00,IN-DC-003,Mumbai,55384.5,22053.1,3805.0,1258.0,82500.6,1.49,29.9,74,8.4,14.1,24.4,1,0,0.981,49.99,0.28,58575.0
2026-04-01 01:00:00,IN-DC-003,Mumbai,54422.3,21216.7,3768.4,1234.0,80641.4,1.482,29.3,86,8.3,13.8,24.0,1,0,0.964,50.04,0.27,57255.0
2026-04-01 02:00:00,IN-DC-003,Mumbai,54067.8,21039.9,3755.0,1162.3,80025.0,1.48,29.2,80,8.9,14.5,24.8,1,0,0.975,50.08,0.28,56818.0
2026-04-01 03:00:00,IN-DC-003,Mumbai,54091.0,21760.2,3755.9,1144.3,80751.4,1.493,28.5,86,8.8,14.3,23.6,1,0,0.973,50.04,0.27,57333.0
2026-04-01 04:00:00,IN-DC-003,Mumbai,54094.2,20807.7,3756.0,1367.9,80025.8,1.479,30.0,77,8.8,14.1,23.7,1,0,0.977,50.03,0.32,56818.0
2026-04-01 05:00:00,IN-DC-003,Mumbai,53064.8,21500.7,3716.9,1245.3,79527.6,1.499,29.7,79,8.6,13.7,23.8,1,0,0.97,49.99,0.31,56465.0
2026-04-01 06:00:00,IN-DC-003,Mumbai,52224.5,20802.5,3684.9,950.6,77662.6,1.487,29.9,79,8.4,13.9,24.1,1,0,0.97,49.98,0.28,55140.0
2026-04-01 07:00:00,IN-DC-003,Mumbai,52558.6,21371.0,3697.6,1223.5,78850.7,1.5,30.2,77,8.7,13.9,24.0,1,0,0.982,49.86,0.28,55984.0
2026-04-01 08:00:00,IN-DC-003,Mumbai,52731.7,18993.3,3704.2,983.6,76412.9,1.449,30.8,70,8.3,13.5,24.0,1,0,0.986,50.04,0.32,54253.0
2026-04-01 09:00:00,IN-DC-003,Mumbai,52677.6,21634.4,3702.1,1251.9,79266.1,1.505,32.5,68,8.6,13.9,24.5,1,0,0.969,50.03,0.34,56279.0
2026-04-01 10:00:00,IN-DC-003,Mumbai,53299.0,21684.0,3725.8,1249.1,79957.8,1.5,32.6,69,8.7,14.3,24.2,1,0,0.98,50.01,0.37,56770.0
2026-04-01 11:00:00,IN-DC-003,Mumbai,53072.3,21640.3,3717.1,1504.6,79934.4,1.506,33.6,63,8.7,14.2,23.5,1,0,0.979,49.98,0.33,56753.0
2026-04-01 12:00:00,IN-DC-003,Mumbai,54683.8,21439.1,3778.4,1161.7,81062.9,1.482,34.4,52,8.5,14.0,24.0,1,0,0.985,50.04,0.37,57555.0
2026-04-01 13:00:00,IN-DC-003,Mumbai,54637.9,22761.0,3776.6,1112.4,82287.9,1.506,34.4,55,8.8,14.3,23.4,1,0,0.989,50.01,0.34,58424.0
2026-04-01 14:00:00,IN-DC-003,Mumbai,54262.9,21481.3,3762.4,1100.2,80606.7,1.485,35.1,52,8.7,14.6,24.8,1,0,0.976,49.97,0.39,57231.0
2026-04-01 15:00:00,IN-DC-003,Mumbai,55578.2,22539.8,3812.4,1227.1,83157.4,1.496,34.0,49,8.8,14.2,23.7,1,0,0.976,49.98,0.37,59042.0
2026-04-01 16:00:00,IN-DC-003,Mumbai,56453.5,22347.3,3845.6,1214.9,83861.3,1.485,34.3,60,8.6,14.1,24.2,1,0,0.971,50.0,0.38,59542.0
2026-04-01 17:00:00,IN-DC-003,Mumbai,56802.1,21294.3,3858.9,1209.3,83164.6,1.464,33.5,62,8.6,14.4,23.9,1,0,0.982,49.99,0.35,59047.0
2026-04-01 18:00:00,IN-DC-003,Mumbai,57721.7,22995.9,3893.8,1314.7,85926.0,1.489,33.7,56,8.5,14.4,23.8,1,0,0.979,49.9,0.37,61007.0
2026-04-01 19:00:00,IN-DC-003,Mumbai,56785.4,22193.7,3858.2,1216.1,84053.5,1.48,33.2,61,9.0,14.6,23.3,1,0,0.974,50.01,0.35,59678.0
2026-04-01 20:00:00,IN-DC-003,Mumbai,56685.1,22667.7,3854.4,933.0,84140.3,1.484,33.6,73,9.0,14.7,23.9,1,0,0.97,49.98,0.35,59740.0
2026-04-01 21:00:00,IN-DC-003,Mumbai,57839.6,22293.7,3898.3,1076.9,85108.4,1.471,31.5,67,8.4,14.5,23.9,1,0,0.972,50.05,0.35,60427.0
2026-04-01 22:00:00,IN-DC-003,Mumbai,57122.4,23814.2,3871.1,1159.1,85966.8,1.505,31.1,71,8.5,14.3,24.1,1,0,0.96,50.11,0.34,61036.0
2026-04-01 23:00:00,IN-DC-003,Mumbai,56923.6,21909.3,3863.5,1208.5,83904.8,1.474,30.5,75,8.8,14.7,24.5,1,0,0.955,49.88,0.34,59572.0
2026-04-02 00:00:00,IN-DC-003,Mumbai,57170.5,23364.0,3872.9,977.7,85385.0,1.494,30.4,82,8.3,13.7,24.6,1,0,0.972,50.05,0.32,60623.0
2026-04-02 01:00:00,IN-DC-003,Mumbai,55933.1,21874.0,3825.9,1302.5,82935.4,1.483,29.5,80,8.7,14.2,25.0,1,0,0.97,49.97,0.29,58884.0
2026-04-02 02:00:00,IN-DC-003,Mumbai,55341.4,22063.4,3803.4,1089.5,82297.7,1.487,29.3,84,8.7,14.4,23.3,1,0,0.979,49.96,0.27,58431.0
2026-04-02 03:00:00,IN-DC-003,Mumbai,55008.6,21990.9,3790.7,1274.1,82064.3,1.492,29.7,76,8.4,14.4,24.9,1,0,0.977,49.96,0.29,58266.0
2026-04-02 04:00:00,IN-DC-003,Mumbai,55456.4,22035.0,3807.7,1264.2,82563.3,1.489,28.0,83,8.7,14.6,24.2,1,0,0.97,50.01,0.25,58620.0
2026-04-02 05:00:00,IN-DC-003,Mumbai,54737.5,21460.3,3780.4,1051.6,81029.8,1.48,28.9,78,8.6,14.5,24.3,1,0,0.973,50.02,0.27,57531.0
2026-04-02 06:00:00,IN-DC-003,Mumbai,54238.2,20370.4,3761.5,1238.0,79608.0,1.468,29.4,73,8.6,14.0,23.9,1,0,0.971,50.13,0.29,56522.0
2026-04-02 07:00:00,IN-DC-003,Mumbai,53522.4,21310.4,3734.3,1310.7,79877.8,1.492,30.2,76,8.6,14.3,24.0,1,0,0.984,49.97,0.3,56713.0
2026-04-02 08:00:00,IN-DC-003,Mumbai,54768.3,22166.4,3781.6,1164.2,81880.5,1.495,30.7,81,8.6,14.0,24.3,1,0,0.978,49.95,0.31,58135.0
2026-04-02 09:00:00,IN-DC-003,Mumbai,54126.0,21204.3,3757.2,1236.5,80324.0,1.484,32.3,69,8.4,13.8,24.2,1,0,0.976,49.9,0.34,57030.0
2026-04-02 10:00:00,IN-DC-003,Mumbai,55175.8,21275.8,3797.1,978.5,81227.2,1.472,32.2,69,8.6,14.3,23.7,1,0,0.983,49.96,0.37,57671.0
2026-04-02 11:00:00,IN-DC-003,Mumbai,55083.2,22260.7,3793.6,976.0,82113.5,1.491,33.0,61,8.6,14.5,23.7,1,0,0.987,50.01,0.34,58301.0
2026-04-02 12:00:00,IN-DC-003,Mumbai,55897.9,21503.3,3824.5,1203.9,82429.5,1.475,34.2,53,8.6,14.2,23.7,1,0,0.983,49.89,0.32,58525.0
2026-04-02 13:00:00,IN-DC-003,Mumbai,55994.4,22550.7,3828.2,882.9,83256.2,1.487,34.1,60,8.8,14.5,23.8,1,0,0.977,49.94,0.37,59112.0
2026-04-02 14:00:00,IN-DC-003,Mumbai,57076.5,22144.6,3869.3,1055.0,84145.4,1.474,34.2,52,8.6,14.6,23.5,1,0,0.977,49.99,0.38,59743.0
2026-04-02 15:00:00,IN-DC-003,Mumbai,56528.0,22754.7,3848.5,1129.5,84260.7,1.491,34.2,55,8.7,14.2,23.7,1,0,0.972,49.94,0.38,59825.0
2026-04-02 16:00:00,IN-DC-003,Mumbai,57708.4,22112.7,3893.3,1238.0,84952.4,1.472,34.6,64,8.8,14.9,24.5,1,0,0.976,50.05,0.43,60316.0
2026-04-02 17:00:00,IN-DC-003,Mumbai,58829.0,23861.9,3935.9,1338.7,87965.5,1.495,34.8,50,8.6,14.7,24.4,1,0,0.975,49.99,0.34,62456.0
2026-04-02 18:00:00,IN-DC-003,Mumbai,59697.4,23336.7,3968.9,1282.5,88285.5,1.479,34.2,61,8.7,14.7,23.9,1,0,0.972,50.0,0.34,62683.0
2026-04-02 19:00:00,IN-DC-003,Mumbai,59491.1,22842.8,3961.1,961.7,87256.7,1.467,33.4,64,8.5,14.8,23.7,1,0,0.976,49.97,0.36,61952.0
2026-04-02 20:00:00,IN-DC-003,Mumbai,59073.5,24196.8,3945.2,1095.5,88311.1,1.495,32.5,66,8.6,14.3,23.4,1,0,0.977,49.96,0.35,62701.0
2026-04-02 21:00:00,IN-DC-003,Mumbai,59118.2,22645.5,3946.9,1203.6,86914.2,1.47,31.4,66,8.7,14.7,24.0,1,0,0.983,50.07,0.34,61709.0
2026-04-02 22:00:00,IN-DC-003,Mumbai,59354.0,23095.7,3955.9,1085.5,87491.0,1.474,30.8,72,8.6,14.8,23.2,1,0,0.975,49.98,0.35,62119.0
2026-04-02 23:00:00,IN-DC-003,Mumbai,58489.6,22193.9,3923.0,1203.6,85810.1,1.467,29.5,70,8.2,14.1,24.2,1,0,0.983,49.93,0.28,60925.0
2026-04-03 00:00:00,IN-DC-003,Mumbai,59235.1,23663.5,3951.3,1000.3,87850.2,1.483,29.5,83,8.3,14.0,24.0,1,0,0.984,49.99,0.31,62374.0
2026-04-03 01:00:00,IN-DC-003,Mumbai,59294.3,22676.8,3953.6,1006.7,86931.4,1.466,29.5,79,8.6,14.4,23.7,1,0,0.963,50.02,0.3,61721.0
2026-04-03 02:00:00,IN-DC-003,Mumbai,57643.2,23183.5,3890.8,1521.5,86239.1,1.496,27.8,85,8.0,13.5,23.4,1,0,0.977,50.06,0.31,61230.0
2026-04-03 03:00:00,IN-DC-003,Mumbai,56393.2,21466.6,3843.3,1078.8,82781.9,1.468,29.2,79,8.4,14.3,23.7,1,0,0.971,50.06,0.27,58775.0
2026-04-03 04:00:00,IN-DC-003,Mumbai,56665.1,21413.4,3853.7,1130.4,83062.5,1.466,27.5,83,8.3,14.2,24.4,1,0,0.971,50.05,0.27,58974.0
2026-04-03 05:00:00,IN-DC-003,Mumbai,56596.7,22009.3,3851.1,1301.0,83758.1,1.48,28.4,81,8.5,14.0,24.3,1,0,0.957,50.02,0.27,59468.0
2026-04-03 06:00:00,IN-DC-003,Mumbai,56184.5,22454.3,3835.4,1143.0,83617.2,1.488,28.8,72,8.1,13.9,24.1,1,0,0.986,50.0,0.27,59368.0
2026-04-03 07:00:00,IN-DC-003,Mumbai,56890.0,22064.9,3862.2,1337.3,84154.3,1.479,29.6,80,8.4,13.8,24.1,1,0,0.977,49.96,0.33,59750.0
2026-04-03 08:00:00,IN-DC-003,Mumbai,56795.2,22927.9,3858.6,1509.2,85091.0,1.498,30.5,82,8.5,14.0,24.1,1,0,0.976,50.08,0.32,60415.0
2026-04-03 09:00:00,IN-DC-003,Mumbai,56095.3,22078.6,3832.0,1185.8,83191.6,1.483,32.0,72,8.2,13.9,24.3,1,0,0.979,49.99,0.36,59066.0
2026-04-03 10:00:00,IN-DC-003,Mumbai,57315.2,21337.2,3878.4,1578.5,84109.3,1.467,31.6,60,8.7,14.4,23.5,1,0,0.98,50.04,0.36,59718.0
2026-04-03 11:00:00,IN-DC-003,Mumbai,57951.3,22395.7,3902.5,1087.8,85337.4,1.473,32.4,59,8.7,14.4,24.1,1,0,0.975,50.05,0.33,60590.0
2026-04-03 12:00:00,IN-DC-003,Mumbai,56878.4,22965.3,3861.8,806.4,84511.9,1.486,33.1,51,8.8,14.5,23.9,1,0,0.966,49.93,0.37,60003.0
2026-04-03 13:00:00,IN-DC-003,Mumbai,58130.3,22003.2,3909.4,1196.9,85239.7,1.466,33.7,54,8.4,14.0,24.2,1,0,0.972,50.02,0.38,60520.0
2026-04-03 14:00:00,IN-DC-003,Mumbai,58917.0,23463.1,3939.2,1229.2,87548.6,1.486,33.9,64,8.7,14.4,23.8,1,0,0.956,49.97,0.38,62159.0
2026-04-03 15:00:00,IN-DC-003,Mumbai,60168.2,23702.9,3986.8,968.1,88826.0,1.476,33.6,60,8.6,14.8,23.9,1,0,0.959,49.93,0.39,63066.0
2026-04-03 16:00:00,IN-DC-003,Mumbai,59285.2,23214.3,3953.2,956.1,87408.8,1.474,34.3,53,8.8,14.5,24.1,1,0,0.972,49.96,0.38,62060.0
2026-04-03 17:00:00,IN-DC-003,Mumbai,60402.4,23343.8,3995.7,1020.5,88762.3,1.47,33.8,53,8.8,15.3,24.3,1,0,0.981,50.01,0.32,63021.0
2026-04-03 18:00:00,IN-DC-003,Mumbai,60626.0,23179.0,4004.2,907.9,88717.1,1.463,33.9,57,8.5,14.4,23.7,1,0,0.966,50.08,0.39,62989.0
2026-04-03 19:00:00,IN-DC-003,Mumbai,60823.0,23740.8,4011.7,1144.1,89719.6,1.475,33.4,66,8.7,14.6,24.2,1,0,0.97,50.02,0.3,63701.0
2026-04-03 20:00:00,IN-DC-003,Mumbai,61316.0,23068.4,4030.4,1045.8,89460.6,1.459,31.2,67,8.7,14.7,23.9,1,0,0.976,50.04,0.34,63517.0
2026-04-03 21:00:00,IN-DC-003,Mumbai,61807.6,24944.8,4049.1,1388.7,92190.2,1.492,32.1,74,8.6,14.8,23.7,1,0,0.983,49.99,0.37,65455.0
2026-04-03 22:00:00,IN-DC-003,Mumbai,61623.1,23105.2,4042.1,1301.1,90071.5,1.462,30.8,69,8.7,14.6,24.1,1,0,0.981,49.98,0.28,63951.0
2026-04-03 23:00:00,IN-DC-003,Mumbai,61722.9,23963.6,4045.9,1110.4,90842.8,1.472,30.4,75,8.6,14.4,23.7,1,0,0.979,49.95,0.28,64498.0
2026-04-04 00:00:00,IN-DC-003,Mumbai,58973.7,23084.7,3941.4,1115.1,87114.9,1.477,29.1,74,8.5,14.3,23.6,1,0,0.975,49.95,0.3,61852.0
2026-04-04 01:00:00,IN-DC-003,Mumbai,58862.2,22005.1,3937.2,1344.6,86149.1,1.464,29.0,78,8.4,14.5,24.7,1,0,0.971,49.98,0.31,61166.0
2026-04-04 02:00:00,IN-DC-003,Mumbai,58581.6,21892.8,3926.5,1257.5,85658.4,1.462,28.6,78,8.3,14.2,24.2,1,0,0.98,49.99,0.29,60817.0
2026-04-04 03:00:00,IN-DC-003,Mumbai,58556.0,22569.4,3925.5,932.3,85983.2,1.468,29.0,79,8.1,14.0,23.6,1,0,0.995,49.89,0.26,61048.0
2026-04-04 04:00:00,IN-DC-003,Mumbai,57013.7,21652.3,3866.9,1170.6,83703.5,1.468,28.1,82,8.1,13.9,24.3,1,0,0.97,49.96,0.31,59429.0
2026-04-04 05:00:00,IN-DC-003,Mumbai,57087.9,22280.7,3869.7,1206.0,84444.3,1.479,28.4,77,8.2,14.0,24.1,1,0,0.981,49.94,0.29,59955.0
2026-04-04 06:00:00,IN-DC-003,Mumbai,56367.8,22118.3,3842.4,1174.6,83503.0,1.481,29.0,76,8.5,14.1,24.2,1,0,0.978,50.07,0.25,59287.0
2026-04-04 07:00:00,IN-DC-003,Mumbai,56867.8,22120.2,3861.4,1278.7,84128.0,1.479,30.5,71,8.4,14.3,24.1,1,0,0.956,49.99,0.33,59731.0
2026-04-04 08:00:00,IN-DC-003,Mumbai,55973.5,22996.1,3827.4,1080.3,83877.3,1.499,31.3,76,8.5,14.0,23.5,1,0,0.971,50.06,0.26,59553.0
2026-04-04 09:00:00,IN-DC-003,Mumbai,56288.3,22013.2,3839.4,892.3,83033.2,1.475,30.8,75,8.6,14.3,23.4,1,0,0.966,50.01,0.33,58954.0
2026-04-04 10:00:00,IN-DC-003,Mumbai,57138.0,22933.2,3871.6,1294.0,85236.8,1.492,32.5,73,8.1,13.7,24.0,1,0,0.98,49.95,0.29,60518.0
2026-04-04 11:00:00,IN-DC-003,Mumbai,57016.5,23134.7,3867.0,996.9,85015.2,1.491,32.9,65,8.6,14.3,23.4,1,0,0.965,50.04,0.36,60361.0
2026-04-04 12:00:00,IN-DC-003,Mumbai,58204.3,24030.8,3912.2,1079.0,87226.2,1.499,33.4,60,9.0,15.2,23.8,1,0,0.98,49.88,0.36,61931.0
2026-04-04 13:00:00,IN-DC-003,Mumbai,58243.1,22761.9,3913.6,1180.7,86099.3,1.478,34.3,54,8.6,14.7,23.3,1,0,0.972,50.02,0.4,61131.0
2026-04-04 14:00:00,IN-DC-003,Mumbai,58155.3,23120.7,3910.3,944.9,86131.2,1.481,35.2,52,8.5,14.5,23.9,1,0,0.974,50.01,0.39,61153.0
2026-04-04 15:00:00,IN-DC-003,Mumbai,59550.1,24453.5,3963.3,1120.2,89087.1,1.496,34.7,56,8.6,14.5,24.1,1,0,0.988,50.06,0.36,63252.0
2026-04-04 16:00:00,IN-DC-003,Mumbai,61026.2,23862.2,4019.4,989.8,89897.6,1.473,34.0,52,8.4,14.8,23.9,1,0,0.992,50.07,0.33,63827.0
2026-04-04 17:00:00,IN-DC-003,Mumbai,61214.3,22987.1,4026.5,1043.7,89271.6,1.458,33.6,61,8.7,14.9,24.2,1,0,0.968,49.92,0.33,63383.0
2026-04-04 18:00:00,IN-DC-003,Mumbai,61719.1,24262.5,4045.7,995.4,91022.8,1.475,33.8,61,9.1,15.2,24.0,1,0,0.964,49.94,0.38,64626.0
2026-04-04 19:00:00,IN-DC-003,Mumbai,60345.7,23252.2,3993.5,968.4,88559.9,1.468,33.0,57,9.0,14.9,24.2,1,0,0.975,49.92,0.35,62878.0
2026-04-04 20:00:00,IN-DC-003,Mumbai,61626.2,23949.4,4042.2,1255.0,90872.8,1.475,32.7,64,8.2,14.1,24.1,1,0,0.986,49.98,0.36,64520.0
2026-04-04 21:00:00,IN-DC-003,Mumbai,62195.2,24889.7,4063.8,1232.3,92381.0,1.485,32.1,72,8.5,14.7,24.2,1,0,0.969,49.97,0.34,65591.0
2026-04-04 22:00:00,IN-DC-003,Mumbai,61631.9,23711.4,4042.4,1152.8,90538.5,1.469,30.7,76,8.7,14.7,23.8,1,0,0.98,50.0,0.29,64282.0
2026-04-04 23:00:00,IN-DC-003,Mumbai,61908.6,23480.7,4052.9,1053.5,90495.8,1.462,30.1,75,8.4,14.6,24.3,1,0,0.972,50.05,0.31,64252.0
2026-04-05 00:00:00,IN-DC-003,Mumbai,61384.6,23491.0,4033.0,962.4,89871.0,1.464,30.0,79,8.9,14.9,24.0,1,0,0.964,49.98,0.29,63808.0
2026-04-05 01:00:00,IN-DC-003,Mumbai,60424.0,24075.0,3996.5,776.6,89272.2,1.477,29.3,80,8.3,14.2,24.1,1,0,0.978,50.0,0.25,63383.0
2026-04-05 02:00:00,IN-DC-003,Mumbai,60688.7,22997.3,4006.6,1051.6,88744.1,1.462,27.9,78,8.6,14.7,24.0,1,0,0.962,49.92,0.29,63008.0
2026-04-05 03:00:00,IN-DC-003,Mumbai,60465.0,21324.0,3998.1,1085.7,86872.8,1.437,27.5,81,8.4,14.6,23.9,1,0,0.967,50.05,0.26,61680.0
2026-04-05 04:00:00,IN-DC-003,Mumbai,59658.9,23106.3,3967.4,1177.1,87909.8,1.474,27.7,80,8.3,14.2,24.2,1,0,0.977,50.0,0.26,62416.0
2026-04-05 05:00:00,IN-DC-003,Mumbai,59230.5,22414.8,3951.2,1266.1,86862.7,1.467,27.8,76,8.1,14.0,23.4,1,0,0.968,50.0,0.29,61672.0
2026-04-05 06:00:00,IN-DC-003,Mumbai,58080.5,20842.0,3907.5,1125.5,83955.5,1.446,29.3,78,8.5,14.4,23.6,1,0,0.977,50.05,0.29,59608.0
2026-04-05 07:00:00,IN-DC-003,Mumbai,58584.0,23234.3,3926.6,1143.8,86888.7,1.483,29.1,74,8.7,14.5,23.3,1,0,0.975,50.0,0.29,61691.0
2026-04-05 08:00:00,IN-DC-003,Mumbai,58642.2,23875.8,3928.8,1043.7,87490.4,1.492,30.8,73,8.7,14.6,24.3,1,0,0.978,50.05,0.36,62118.0
2026-04-05 09:00:00,IN-DC-003,Mumbai,58193.8,22407.4,3911.8,1110.5,85623.5,1.471,30.8,68,8.7,14.9,23.8,1,0,0.976,50.0,0.32,60793.0
2026-04-05 10:00:00,IN-DC-003,Mumbai,58796.3,23286.0,3934.7,1207.2,87224.2,1.483,32.5,65,8.6,15.0,24.2,1,0,0.993,50.07,0.36,61929.0
2026-04-05 11:00:00,IN-DC-003,Mumbai,59064.6,22637.9,3944.9,1000.4,86647.8,1.467,33.1,55,8.7,14.2,24.7,1,0,0.985,49.95,0.28,61520.0
2026-04-05 12:00:00,IN-DC-003,Mumbai,60499.6,23842.0,3999.4,1124.5,89465.4,1.479,33.5,69,8.9,15.0,24.3,1,0,0.977,50.03,0.36,63520.0
2026-04-05 13:00:00,IN-DC-003,Mumbai,60019.1,24225.3,3981.1,1141.5,89367.1,1.489,34.1,61,8.3,14.2,23.2,1,0,0.98,49.95,0.37,63451.0
2026-04-05 14:00:00,IN-DC-003,Mumbai,61265.6,23465.3,4028.5,999.0,89758.4,1.465,33.5,58,8.9,15.2,23.6,1,0,0.977,50.01,0.35,63728.0
2026-04-05 15:00:00,IN-DC-003,Mumbai,61787.0,23673.7,4048.3,975.2,90484.3,1.464,33.0,63,8.6,14.8,24.4,1,0,0.973,49.97,0.38,64244.0
2026-04-05 16:00:00,IN-DC-003,Mumbai,62689.7,24598.1,4082.6,1325.9,92696.3,1.479,33.8,61,8.4,14.5,24.0,1,0,0.977,50.0,0.33,65814.0
2026-04-05 17:00:00,IN-DC-003,Mumbai,62931.2,23617.2,4091.8,1246.3,91886.4,1.46,33.9,60,8.7,15.2,24.4,1,0,0.978,49.98,0.37,65239.0
2026-04-05 18:00:00,IN-DC-003,Mumbai,62931.2,23866.1,4091.8,1084.1,91973.3,1.461,32.6,62,8.2,14.6,24.8,1,0,0.971,50.03,0.34,65301.0
2026-04-05 19:00:00,IN-DC-003,Mumbai,63816.1,25483.9,4125.4,1127.1,94552.6,1.482,33.0,69,8.8,14.7,23.7,1,0,0.97,50.06,0.31,67132.0
2026-04-05 20:00:00,IN-DC-003,Mumbai,64849.3,23843.6,4164.7,1244.4,94102.0,1.451,32.2,66,8.5,14.7,24.9,1,0,0.979,50.06,0.33,66812.0
2026-04-05 21:00:00,IN-DC-003,Mumbai,64093.7,23893.1,4136.0,991.1,93113.9,1.453,31.2,63,8.4,14.9,24.0,1,0,0.971,50.07,0.31,66111.0
2026-04-05 22:00:00,IN-DC-003,Mumbai,64250.2,23689.7,4141.9,1128.2,93210.1,1.451,30.5,65,8.8,15.2,24.0,1,0,0.969,49.97,0.33,66179.0
2026-04-05 23:00:00,IN-DC-003,Mumbai,62620.9,23701.5,4080.0,1252.8,91655.2,1.464,29.5,80,8.1,14.1,24.3,1,0,0.968,50.0,0.29,65075.0
2026-04-06 00:00:00,IN-DC-003,Mumbai,65591.8,23895.7,4192.9,1016.4,94696.8,1.444,29.0,76,8.8,15.3,25.4,1,0,0.978,49.92,0.31,67235.0
2026-04-06 01:00:00,IN-DC-003,Mumbai,64819.1,23737.8,4163.5,1164.8,93885.3,1.448,27.8,81,8.7,15.4,24.0,1,0,0.972,49.98,0.25,66659.0
2026-04-06 02:00:00,IN-DC-003,Mumbai,63643.2,23730.5,4118.8,857.4,92349.9,1.451,28.7,80,8.2,14.6,24.7,1,0,0.971,49.93,0.28,65568.0
2026-04-06 03:00:00,IN-DC-003,Mumbai,63562.8,23665.5,4115.8,1143.2,92487.4,1.455,28.3,82,8.4,14.7,24.4,1,0,0.983,50.0,0.23,65666.0
2026-04-06 04:00:00,IN-DC-003,Mumbai,63619.8,23647.9,4118.0,1115.4,92501.1,1.454,28.5,76,8.2,14.9,24.1,1,0,0.956,50.01,0.3,65676.0
2026-04-06 05:00:00,IN-DC-003,Mumbai,62329.2,23342.8,4068.9,1402.7,91143.6,1.462,28.2,81,8.3,14.4,24.2,1,0,0.961,49.98,0.23,64712.0
2026-04-06 06:00:00,IN-DC-003,Mumbai,61533.0,21826.8,4038.7,1165.6,88564.1,1.439,28.3,68,9.0,15.4,23.7,1,0,0.979,50.02,0.31,62880.0
2026-04-06 07:00:00,IN-DC-003,Mumbai,62348.1,23989.8,4069.6,1067.9,91475.5,1.467,30.2,73,8.3,14.5,23.9,1,0,0.973,50.01,0.3,64948.0
2026-04-06 08:00:00,IN-DC-003,Mumbai,61818.0,23017.4,4049.5,1209.3,90094.2,1.457,29.6,66,8.5,14.6,23.5,1,0,0.976,49.98,0.28,63967.0
2026-04-06 09:00:00,IN-DC-003,Mumbai,62349.5,22922.5,4069.7,1165.3,90507.0,1.452,31.0,68,8.7,14.8,24.3,1,0,0.981,49.9,0.33,64260.0
2026-04-06 10:00:00,IN-DC-003,Mumbai,62234.1,24389.8,4065.3,998.1,91687.2,1.473,31.9,66,8.5,14.4,23.6,1,0,0.967,50.0,0.34,65098.0
2026-04-06 11:00:00,IN-DC-003,Mumbai,62054.7,23674.4,4058.5,1135.9,90923.5,1.465,32.7,62,8.5,14.6,24.0,1,0,0.976,50.02,0.3,64556.0
2026-04-06 12:00:00,IN-DC-003,Mumbai,63134.9,24612.8,4099.5,1409.2,93256.4,1.477,33.4,60,8.7,15.0,23.4,1,0,0.976,49.97,0.37,66212.0
2026-04-06 13:00:00,IN-DC-003,Mumbai,64276.9,24346.1,4142.9,1196.0,93961.9,1.462,33.7,51,8.6,14.8,23.6,1,0,0.967,50.05,0.4,66713.0
2026-04-06 14:00:00,IN-DC-003,Mumbai,64087.2,23944.1,4135.7,922.1,93089.1,1.453,33.3,52,8.4,14.6,23.3,1,0,0.967,49.93,0.31,66093.0
2026-04-06 15:00:00,IN-DC-003,Mumbai,66197.9,25542.4,4215.9,1100.8,97057.0,1.466,34.0,55,8.7,15.1,24.0,1,0,0.975,50.03,0.37,68910.0
2026-04-06 16:00:00,IN-DC-003,Mumbai,64883.4,24535.0,4166.0,1190.0,94774.3,1.461,34.1,58,8.4,14.5,23.7,1,0,0.981,50.02,0.39,67290.0
2026-04-06 17:00:00,IN-DC-003,Mumbai,66038.9,26059.9,4209.9,1122.1,97430.8,1.475,34.1,59,8.6,14.9,23.9,1,0,0.983,49.94,0.35,69176.0
2026-04-06 18:00:00,IN-DC-003,Mumbai,67104.0,26817.7,4250.4,1339.2,99511.3,1.483,33.5,53,8.7,14.8,24.5,1,0,0.977,50.04,0.31,70653.0
2026-04-06 19:00:00,IN-DC-003,Mumbai,67373.5,26674.0,4260.6,1076.7,99384.8,1.475,33.4,67,8.8,15.3,24.5,1,0,0.977,50.06,0.35,70563.0
2026-04-06 20:00:00,IN-DC-003,Mumbai,67866.2,25836.4,4279.3,1369.0,99351.0,1.464,32.5,65,8.5,15.1,23.3,1,0,0.973,50.11,0.36,70539.0
2026-04-06 21:00:00,IN-DC-003,Mumbai,67527.1,25534.4,4266.4,1049.5,98377.4,1.457,30.6,75,8.3,15.1,23.4,1,0,0.965,49.99,0.29,69848.0
2026-04-06 22:00:00,IN-DC-003,Mumbai,68173.3,25414.9,4291.0,1137.9,99017.0,1.452,30.5,74,8.5,14.8,24.2,1,0,0.969,50.01,0.25,70302.0
2026-04-06 23:00:00,IN-DC-003,Mumbai,66755.5,25494.1,4237.1,1305.2,97791.9,1.465,30.0,79,8.6,14.9,24.1,1,0,0.963,49.93,0.26,69432.0
2026-04-07 00:00:00,IN-DC-003,Mumbai,66943.9,24744.1,4244.3,911.5,96843.8,1.447,28.9,79,8.7,15.4,24.2,1,0,0.983,49.98,0.25,68759.0
2026-04-07 01:00:00,IN-DC-003,Mumbai,65797.0,24527.4,4200.7,1011.7,95536.8,1.452,29.4,77,8.5,15.1,24.2,1,0,0.976,50.02,0.31,67831.0
2026-04-07 02:00:00,IN-DC-003,Mumbai,66251.6,25389.5,4218.0,1218.6,97077.7,1.465,28.0,79,8.3,14.7,24.4,1,0,0.965,50.02,0.25,68925.0
2026-04-07 03:00:00,IN-DC-003,Mumbai,65018.9,24242.9,4171.1,1348.8,94781.8,1.458,27.5,84,8.3,15.0,24.2,1,0,0.981,49.85,0.26,67295.0
2026-04-07 04:00:00,IN-DC-003,Mumbai,64491.4,24252.7,4151.1,1042.8,93938.1,1.457,27.4,78,8.2,14.5,24.2,1,0,0.975,49.9,0.28,66696.0
2026-04-07 05:00:00,IN-DC-003,Mumbai,64246.8,24138.5,4141.8,1217.0,93744.0,1.459,28.4,71,8.5,15.0,24.0,1,0,0.977,50.12,0.23,66558.0
2026-04-07 06:00:00,IN-DC-003,Mumbai,63493.5,24026.6,4113.2,973.7,92606.9,1.459,28.9,77,8.3,14.7,23.6,1,0,0.986,50.05,0.28,65751.0
2026-04-07 07:00:00,IN-DC-003,Mumbai,63616.5,24339.6,4117.8,1213.7,93287.6,1.466,29.6,75,8.4,14.3,24.1,0,1,0.984,50.01,0.28,66234.0
2026-04-07 08:00:00,IN-DC-003,Mumbai,62988.2,23795.1,4094.0,1360.1,92237.3,1.464,29.4,73,8.7,15.0,24.2,1,0,0.968,50.02,0.29,65488.0
2026-04-07 09:00:00,IN-DC-003,Mumbai,63809.3,24044.5,4125.2,1094.9,93073.8,1.459,31.2,71,8.4,14.8,23.5,1,0,0.98,49.96,0.32,66082.0
2026-04-07 10:00:00,IN-DC-003,Mumbai,64238.7,25180.9,4141.5,1071.3,94632.3,1.473,32.6,73,8.6,14.7,24.7,1,0,0.984,50.02,0.32,67189.0
2026-04-07 11:00:00,IN-DC-003,Mumbai,65059.5,24859.7,4172.7,1320.6,95412.5,1.467,32.3,56,8.6,15.3,24.4,1,0,0.987,49.92,0.32,67743.0
2026-04-07 12:00:00,IN-DC-003,Mumbai,65061.7,24731.2,4172.7,1235.4,95201.2,1.463,33.5,67,8.4,14.8,23.3,1,0,0.97,49.95,0.35,67593.0
2026-04-07 13:00:00,IN-DC-003,Mumbai,65239.6,24713.5,4179.5,1277.7,95410.3,1.462,33.4,61,8.5,15.3,24.1,1,0,0.978,50.04,0.33,67741.0
2026-04-07 14:00:00,IN-DC-003,Mumbai,66584.5,25708.9,4230.6,1303.7,97827.7,1.469,33.6,56,8.7,15.0,23.8,1,0,0.964,49.98,0.39,69458.0
2026-04-07 15:00:00,IN-DC-003,Mumbai,66967.3,26378.1,4245.2,1122.9,98713.5,1.474,34.7,51,8.4,14.8,24.7,1,0,0.98,50.08,0.4,70087.0
2026-04-07 16:00:00,IN-DC-003,Mumbai,67435.3,26104.3,4262.9,1278.1,99080.6,1.469,34.4,57,8.9,15.6,24.5,1,0,0.969,49.93,0.38,70347.0
2026-04-07 17:00:00,IN-DC-003,Mumbai,69459.0,26501.5,4339.8,1393.1,101693.5,1.464,34.2,60,8.8,15.4,24.4,1,0,0.967,49.98,0.36,72202.0
2026-04-07 18:00:00,IN-DC-003,Mumbai,68826.7,26793.9,4315.8,1084.7,101021.2,1.468,34.4,59,8.8,15.7,24.1,1,0,0.98,49.94,0.36,71725.0
2026-04-07 19:00:00,IN-DC-003,Mumbai,70888.6,26635.8,4394.2,1263.2,103181.8,1.456,32.5,60,8.5,15.3,24.3,1,0,0.965,50.06,0.36,73259.0
2026-04-07 20:00:00,IN-DC-003,Mumbai,69238.9,25833.9,4331.5,1077.8,100482.0,1.451,31.7,63,8.4,14.7,24.4,1,0,0.991,50.02,0.33,71342.0
2026-04-07 21:00:00,IN-DC-003,Mumbai,68851.9,25614.1,4316.8,1342.3,100125.1,1.454,31.1,65,8.6,15.6,23.5,1,0,0.979,50.07,0.3,71089.0
2026-04-07 22:00:00,IN-DC-003,Mumbai,69154.6,26537.6,4328.3,1217.0,101237.5,1.464,30.9,74,8.9,15.6,24.1,1,0,0.983,49.92,0.32,71879.0
2026-04-07 23:00:00,IN-DC-003,Mumbai,68543.3,25621.3,4305.0,954.9,99424.5,1.451,29.9,76,8.7,15.3,24.0,1,0,0.967,50.0,0.31,70591.0
2026-04-08 00:00:00,IN-DC-003,Mumbai,69011.6,26379.8,4322.8,1164.2,100878.4,1.462,28.4,80,8.4,15.0,24.0,1,0,0.974,49.98,0.29,71624.0
2026-04-08 01:00:00,IN-DC-003,Mumbai,67830.8,25572.0,4278.0,1063.0,98743.8,1.456,27.9,75,8.1,14.9,24.4,1,0,0.995,49.97,0.25,70108.0
2026-04-08 02:00:00,IN-DC-003,Mumbai,67595.7,25566.5,4269.0,1254.6,98685.8,1.46,28.3,85,8.4,15.2,23.8,1,0,0.969,50.05,0.25,70067.0
2026-04-08 03:00:00,IN-DC-003,Mumbai,67482.5,24709.0,4264.7,1113.3,97569.6,1.446,28.2,90,8.4,14.4,23.5,1,0,0.98,49.97,0.26,69274.0
2026-04-08 04:00:00,IN-DC-003,Mumbai,66505.0,24271.0,4227.6,1120.9,96124.5,1.445,28.3,80,8.3,14.9,23.5,1,0,0.986,50.02,0.25,68248.0
2026-04-08 05:00:00,IN-DC-003,Mumbai,66252.3,25647.7,4218.0,1229.2,97347.2,1.469,28.6,83,8.4,14.5,24.3,1,0,0.985,50.04,0.25,69116.0
2026-04-08 06:00:00,IN-DC-003,Mumbai,65537.0,23589.8,4190.8,1071.5,94389.1,1.44,28.8,71,8.8,15.2,23.5,1,0,0.985,50.06,0.3,67016.0
2026-04-08 07:00:00,IN-DC-003,Mumbai,66184.1,26004.1,4215.4,752.2,97155.8,1.468,29.8,84,8.3,14.8,23.8,1,0,0.977,49.9,0.29,68981.0
2026-04-08 08:00:00,IN-DC-003,Mumbai,66575.8,24646.6,4230.3,1060.1,96512.7,1.45,30.5,74,8.6,15.2,24.2,0,1,0.973,49.97,0.3,68524.0
2026-04-08 09:00:00,IN-DC-003,Mumbai,65739.4,25306.7,4198.5,1052.5,96297.1,1.465,30.4,73,8.7,14.8,23.6,0,1,0.967,49.97,0.3,68371.0
2026-04-08 10:00:00,IN-DC-003,Mumbai,65649.6,24721.8,4195.1,1349.5,95916.0,1.461,31.0,66,8.7,15.1,23.2,1,0,0.987,49.99,0.27,68100.0
2026-04-08 11:00:00,IN-DC-003,Mumbai,66692.8,25128.8,4234.7,905.7,96962.0,1.454,32.6,56,8.8,15.7,24.0,1,0,0.986,50.02,0.35,68843.0
2026-04-08 12:00:00,IN-DC-003,Mumbai,68140.1,25592.0,4289.7,1385.9,99407.7,1.459,32.8,62,8.4,15.5,24.1,1,0,0.971,49.99,0.34,70579.0
2026-04-08 13:00:00,IN-DC-003,Mumbai,67753.5,25762.6,4275.0,1156.2,98947.3,1.46,32.8,58,8.7,15.0,23.5,1,0,0.969,50.05,0.32,70253.0
2026-04-08 14:00:00,IN-DC-003,Mumbai,69369.3,26011.1,4336.4,1193.7,100910.5,1.455,34.2,60,8.2,14.8,24.2,1,0,0.975,50.06,0.35,71646.0
2026-04-08 15:00:00,IN-DC-003,Mumbai,68784.4,26617.9,4314.2,1111.9,100828.4,1.466,34.1,53,8.4,14.8,23.5,1,0,0.977,49.95,0.38,71588.0
2026-04-08 16:00:00,IN-DC-003,Mumbai,69833.4,26824.1,4354.1,1109.8,102121.3,1.462,34.6,44,8.8,15.5,23.3,1,0,0.972,50.01,0.36,72506.0
2026-04-08 17:00:00,IN-DC-003,Mumbai,71096.5,27847.8,4402.1,1054.0,104400.4,1.468,33.5,57,8.8,15.9,24.3,1,0,0.983,50.07,0.39,74124.0
2026-04-08 18:00:00,IN-DC-003,Mumbai,71135.0,25612.8,4403.5,1419.7,102571.0,1.442,33.1,58,8.8,15.9,24.1,1,0,0.97,49.91,0.38,72825.0
2026-04-08 19:00:00,IN-DC-003,Mumbai,71047.9,26657.1,4400.2,1036.4,103141.5,1.452,31.6,65,8.6,15.3,24.0,1,0,0.978,49.92,0.36,73230.0
2026-04-08 20:00:00,IN-DC-003,Mumbai,72471.3,26629.5,4454.3,1199.9,104755.1,1.445,32.4,61,8.7,15.5,23.4,1,0,0.97,49.94,0.35,74376.0
2026-04-08 21:00:00,IN-DC-003,Mumbai,71449.5,26912.7,4415.5,1162.6,103940.2,1.455,31.2,67,8.5,15.0,23.2,1,0,0.972,50.0,0.34,73798.0
2026-04-08 22:00:00,IN-DC-003,Mumbai,71383.0,27120.2,4413.0,1139.8,104055.9,1.458,30.6,70,8.3,15.0,23.9,1,0,0.971,49.92,0.27,73880.0
2026-04-08 23:00:00,IN-DC-003,Mumbai,70866.9,25191.8,4393.3,1275.3,101727.3,1.435,29.2,71,8.5,15.5,23.8,1,0,0.985,49.96,0.28,72226.0
2026-04-09 00:00:00,IN-DC-003,Mumbai,70110.6,26959.5,4364.6,1211.8,102646.5,1.464,28.7,79,8.8,15.6,23.6,1,0,0.963,50.03,0.3,72879.0
2026-04-09 01:00:00,IN-DC-003,Mumbai,70190.6,25693.2,4367.6,887.2,101138.7,1.441,28.4,77,8.8,15.8,24.0,1,0,0.981,49.98,0.29,71808.0
2026-04-09 02:00:00,IN-DC-003,Mumbai,70252.6,25487.4,4370.0,899.0,101008.9,1.438,27.5,78,8.6,15.6,24.3,1,0,0.98,49.97,0.22,71716.0
2026-04-09 03:00:00,IN-DC-003,Mumbai,68917.9,24717.7,4319.3,1062.3,99017.2,1.437,27.4,77,8.2,15.1,23.5,1,0,0.977,50.05,0.26,70302.0
2026-04-09 04:00:00,IN-DC-003,Mumbai,69160.6,24626.0,4328.5,1332.7,99447.8,1.438,28.9,78,8.5,15.4,24.0,1,0,0.977,49.92,0.27,70608.0
2026-04-09 05:00:00,IN-DC-003,Mumbai,67581.1,25393.5,4268.5,1404.1,98647.2,1.46,28.4,85,8.5,14.9,23.9,1,0,0.98,49.98,0.28,70040.0
2026-04-09 06:00:00,IN-DC-003,Mumbai,67854.4,24297.2,4278.9,1083.9,97514.3,1.437,28.3,76,8.4,15.1,24.9,1,0,0.985,50.05,0.26,69235.0
2026-04-09 07:00:00,IN-DC-003,Mumbai,67930.8,23849.2,4281.8,1143.6,97205.4,1.431,28.5,71,8.5,14.9,23.8,1,0,0.989,49.96,0.27,69016.0
2026-04-09 08:00:00,IN-DC-003,Mumbai,67847.2,25775.3,4278.6,975.5,98876.6,1.457,29.4,72,8.3,14.5,23.6,1,0,0.957,50.06,0.29,70202.0
2026-04-09 09:00:00,IN-DC-003,Mumbai,67631.8,26267.9,4270.4,1182.0,99352.2,1.469,30.9,71,8.5,14.7,24.0,1,0,0.967,49.9,0.31,70540.0
2026-04-09 10:00:00,IN-DC-003,Mumbai,66999.6,25163.4,4246.4,1178.2,97587.5,1.457,31.1,65,8.7,15.2,25.1,1,0,0.982,50.04,0.32,69287.0
2026-04-09 11:00:00,IN-DC-003,Mumbai,68439.9,25078.4,4301.1,1046.1,98865.4,1.445,31.7,64,8.3,15.1,23.6,1,0,0.98,49.96,0.3,70194.0
2026-04-09 12:00:00,IN-DC-003,Mumbai,69608.1,26939.7,4345.5,1119.2,102012.5,1.466,32.8,62,8.8,15.6,23.7,1,0,0.978,50.01,0.34,72429.0
2026-04-09 13:00:00,IN-DC-003,Mumbai,70139.7,26714.2,4365.7,1203.8,102423.4,1.46,33.5,61,8.5,15.0,23.9,1,0,0.977,50.06,0.36,72721.0
2026-04-09 14:00:00,IN-DC-003,Mumbai,70442.4,26877.9,4377.2,1377.4,103074.9,1.463,34.2,57,8.7,15.5,23.6,1,0,0.979,50.05,0.34,73183.0
2026-04-09 15:00:00,IN-DC-003,Mumbai,72000.6,26658.2,4436.4,1407.9,104503.1,1.451,33.3,51,9.0,16.1,24.3,1,0,0.969,49.98,0.35,74197.0
2026-04-09 16:00:00,IN-DC-003,Mumbai,71283.5,26955.1,4409.2,1502.7,104150.5,1.461,33.3,56,8.5,15.4,23.6,1,0,0.981,50.01,0.38,73947.0
2026-04-09 17:00:00,IN-DC-003,Mumbai,72740.3,27323.3,4464.5,1047.4,105575.4,1.451,33.5,55,8.6,15.5,24.1,1,0,0.978,50.0,0.36,74959.0
2026-04-09 18:00:00,IN-DC-003,Mumbai,73945.3,27480.7,4510.3,820.7,106757.0,1.444,32.6,62,8.8,15.7,23.9,1,0,0.98,49.94,0.35,75797.0
2026-04-09 19:00:00,IN-DC-003,Mumbai,74232.8,28033.0,4521.2,1148.9,107935.8,1.454,32.7,67,8.7,15.6,24.4,1,0,0.97,50.08,0.31,76634.0
2026-04-09 20:00:00,IN-DC-003,Mumbai,74635.2,27788.6,4536.5,973.7,107934.0,1.446,31.3,63,9.0,16.2,24.5,1,0,0.984,49.89,0.35,76633.0
2026-04-09 21:00:00,IN-DC-003,Mumbai,72742.7,27274.7,4464.6,1207.5,105689.5,1.453,30.2,71,8.7,15.9,24.1,1,0,0.986,50.0,0.28,75040.0
2026-04-09 22:00:00,IN-DC-003,Mumbai,73068.3,27760.9,4477.0,1086.2,106392.5,1.456,29.7,73,8.5,15.9,23.7,1,0,0.97,50.04,0.3,75539.0
2026-04-09 23:00:00,IN-DC-003,Mumbai,73085.8,26388.7,4477.7,1030.4,104982.6,1.436,28.5,73,8.3,15.0,24.1,1,0,0.986,49.96,0.26,74538.0
2026-04-10 00:00:00,IN-DC-003,Mumbai,73032.6,26593.0,4475.6,1127.6,105228.8,1.441,28.5,82,8.6,15.6,23.8,1,0,0.976,50.01,0.27,74712.0
2026-04-10 01:00:00,IN-DC-003,Mumbai,71350.4,26341.3,4411.7,1280.8,103384.2,1.449,28.4,77,8.9,16.2,24.1,1,0,0.981,49.98,0.31,73403.0
2026-04-10 02:00:00,IN-DC-003,Mumbai,71641.7,25211.7,4422.8,1189.4,102465.6,1.43,27.9,77,8.6,15.1,23.8,1,0,0.977,49.99,0.29,72751.0
2026-04-10 03:00:00,IN-DC-003,Mumbai,70431.5,25112.0,4376.8,1133.6,101053.9,1.435,27.6,77,8.3,15.1,24.0,1,0,0.979,50.0,0.28,71748.0
2026-04-10 04:00:00,IN-DC-003,Mumbai,70320.5,26561.6,4372.6,1017.4,102272.1,1.454,27.1,84,8.4,15.6,23.8,1,0,0.971,50.05,0.29,72613.0
2026-04-10 05:00:00,IN-DC-003,Mumbai,69036.6,26016.3,4323.8,975.8,100352.4,1.454,27.7,75,8.4,15.3,24.1,1,0,0.974,50.09,0.31,71250.0
2026-04-10 06:00:00,IN-DC-003,Mumbai,69970.8,25784.5,4359.3,1187.7,101302.3,1.448,28.3,73,8.6,15.6,24.8,1,0,0.973,49.93,0.22,71925.0
2026-04-10 07:00:00,IN-DC-003,Mumbai,68376.6,25879.0,4298.7,1077.6,99631.9,1.457,29.2,78,8.4,15.1,24.6,1,0,0.982,50.02,0.25,70739.0
2026-04-10 08:00:00,IN-DC-003,Mumbai,69655.4,26322.4,4347.3,996.1,101321.2,1.455,31.1,73,8.4,15.2,23.9,1,0,0.973,50.05,0.31,71938.0
2026-04-10 09:00:00,IN-DC-003,Mumbai,68901.1,25560.7,4318.6,1212.5,99992.9,1.451,30.3,67,8.3,15.4,24.1,1,0,0.966,49.97,0.26,70995.0
2026-04-10 10:00:00,IN-DC-003,Mumbai,69479.2,25878.4,4340.6,1134.5,100832.7,1.451,31.9,62,8.5,15.3,23.4,1,0,0.969,50.06,0.35,71591.0
2026-04-10 11:00:00,IN-DC-003,Mumbai,70745.3,26414.3,4388.7,1094.9,102643.2,1.451,31.6,63,8.6,15.7,24.3,1,0,0.98,49.82,0.31,72877.0
2026-04-10 12:00:00,IN-DC-003,Mumbai,71185.2,25979.8,4405.4,1359.1,102929.5,1.446,32.3,55,8.8,15.9,24.4,1,0,0.979,50.06,0.34,73080.0
2026-04-10 13:00:00,IN-DC-003,Mumbai,70979.8,26508.9,4397.6,1042.6,102929.0,1.45,32.3,58,8.5,15.3,23.4,1,0,0.965,49.99,0.34,73080.0
2026-04-10 14:00:00,IN-DC-003,Mumbai,71038.6,25970.9,4399.9,1272.3,102681.7,1.445,33.2,57,8.9,15.8,23.5,1,0,0.975,49.98,0.36,72904.0
2026-04-10 15:00:00,IN-DC-003,Mumbai,73283.9,27052.0,4485.2,1155.5,105976.6,1.446,34.2,56,8.3,15.5,23.5,1,0,0.957,49.99,0.38,75243.0
2026-04-10 16:00:00,IN-DC-003,Mumbai,73986.6,28520.0,4511.9,1198.7,108217.2,1.463,33.5,57,9.0,16.2,23.9,1,0,0.981,50.06,0.33,76834.0
2026-04-10 17:00:00,IN-DC-003,Mumbai,73569.1,29602.4,4496.0,1150.7,108818.2,1.479,33.9,60,8.3,15.5,23.6,1,0,0.991,49.98,0.34,77261.0
2026-04-10 18:00:00,IN-DC-003,Mumbai,76035.6,28238.3,4589.8,1273.8,110137.5,1.448,32.6,52,8.5,15.9,24.2,1,0,0.984,49.93,0.33,78198.0
2026-04-10 19:00:00,IN-DC-003,Mumbai,75825.6,28156.9,4581.8,1353.2,109917.5,1.45,32.7,58,8.6,16.1,24.2,1,0,0.982,49.92,0.34,78041.0
2026-04-10 20:00:00,IN-DC-003,Mumbai,74566.2,28491.3,4533.9,949.7,108541.1,1.456,31.2,68,8.4,15.7,23.4,1,0,0.975,49.96,0.3,77064.0
2026-04-10 21:00:00,IN-DC-003,Mumbai,76002.4,27373.9,4588.5,1307.4,109272.2,1.438,31.1,67,8.9,16.3,23.6,1,0,0.962,49.98,0.29,77583.0
2026-04-10 22:00:00,IN-DC-003,Mumbai,74470.8,27199.6,4530.3,1097.0,107297.8,1.441,30.7,74,8.4,15.4,23.9,1,0,0.984,49.95,0.27,76181.0
2026-04-10 23:00:00,IN-DC-003,Mumbai,75909.4,28786.5,4585.0,1187.2,110468.1,1.455,29.1,81,8.9,16.2,23.9,1,0,0.979,50.02,0.29,78432.0
2026-04-11 00:00:00,IN-DC-003,Mumbai,73673.8,28116.9,4500.0,1177.9,107468.6,1.459,27.9,83,7.7,15.0,24.4,1,0,0.972,49.96,0.33,76303.0
2026-04-11 01:00:00,IN-DC-003,Mumbai,73176.6,27920.0,4481.1,1062.1,106639.9,1.457,29.0,82,8.1,15.1,24.2,1,0,0.952,50.0,0.32,75714.0
2026-04-11 02:00:00,IN-DC-003,Mumbai,70837.9,25797.9,4392.2,1056.1,102084.1,1.441,27.3,80,8.5,15.4,24.7,1,0,0.965,49.96,0.27,72480.0
2026-04-11 03:00:00,IN-DC-003,Mumbai,70777.8,27330.3,4390.0,1163.8,103661.9,1.465,27.4,85,8.3,15.2,23.1,1,0,0.971,49.99,0.35,73600.0
2026-04-11 04:00:00,IN-DC-003,Mumbai,69708.1,25153.3,4349.3,1050.5,100261.1,1.438,27.6,77,8.2,14.7,25.1,1,0,0.976,49.98,0.24,71185.0
2026-04-11 05:00:00,IN-DC-003,Mumbai,69430.7,25822.6,4338.8,1235.1,100827.1,1.452,28.5,79,8.4,15.0,24.3,1,0,0.971,50.0,0.26,71587.0
2026-04-11 06:00:00,IN-DC-003,Mumbai,70795.4,25915.6,4390.6,923.7,102025.3,1.441,28.8,75,8.4,15.3,23.9,1,0,0.971,50.0,0.27,72438.0
2026-04-11 07:00:00,IN-DC-003,Mumbai,69540.0,25084.1,4342.9,1110.5,100077.5,1.439,29.5,72,8.3,15.4,23.6,1,0,0.973,50.04,0.3,71055.0
2026-04-11 08:00:00,IN-DC-003,Mumbai,69315.9,25353.5,4334.4,1330.8,100334.7,1.447,29.8,68,8.4,15.1,24.3,1,0,0.981,49.98,0.34,71238.0
2026-04-11 09:00:00,IN-DC-003,Mumbai,69511.3,25914.6,4341.8,1111.6,100879.3,1.451,30.5,70,8.5,15.6,24.6,1,0,0.978,50.02,0.28,71624.0
2026-04-11 10:00:00,IN-DC-003,Mumbai,69478.2,25614.8,4340.6,1003.1,100436.7,1.446,31.8,59,8.7,15.5,24.3,1,0,0.969,50.0,0.33,71310.0
2026-04-11 11:00:00,IN-DC-003,Mumbai,70127.1,26684.3,4365.2,1124.6,102301.2,1.459,32.9,54,8.8,15.6,24.4,1,0,0.972,50.03,0.39,72634.0
2026-04-11 12:00:00,IN-DC-003,Mumbai,71351.1,26367.8,4411.7,993.3,103123.9,1.445,32.1,64,8.6,15.5,24.0,1,0,0.974,50.04,0.28,73218.0
2026-04-11 13:00:00,IN-DC-003,Mumbai,71580.8,27951.0,4420.5,1246.3,105198.5,1.47,33.8,59,8.4,15.3,23.8,1,0,0.981,50.08,0.37,74691.0
2026-04-11 14:00:00,IN-DC-003,Mumbai,72285.1,27355.3,4447.2,1151.9,105239.5,1.456,34.0,60,8.5,15.4,23.7,1,0,0.971,50.0,0.36,74720.0
2026-04-11 15:00:00,IN-DC-003,Mumbai,73151.0,27221.4,4480.1,1100.9,105953.4,1.448,34.0,56,8.5,15.5,23.3,1,0,0.995,50.03,0.37,75227.0
2026-04-11 16:00:00,IN-DC-003,Mumbai,74029.9,27164.1,4513.5,1234.9,106942.4,1.445,33.3,58,8.8,15.7,23.9,1,0,0.97,49.98,0.31,75929.0
2026-04-11 17:00:00,IN-DC-003,Mumbai,74487.9,27740.8,4530.9,1123.8,107883.5,1.448,33.3,56,8.4,15.8,24.5,1,0,0.966,49.93,0.38,76597.0
2026-04-11 18:00:00,IN-DC-003,Mumbai,74785.7,27812.3,4542.3,1035.5,108175.7,1.446,33.0,57,8.8,15.9,24.8,1,0,0.973,50.0,0.33,76805.0
2026-04-11 19:00:00,IN-DC-003,Mumbai,75167.9,27790.8,4556.8,1088.3,108603.8,1.445,31.9,58,8.3,15.3,24.0,1,0,0.975,50.03,0.34,77109.0
2026-04-11 20:00:00,IN-DC-003,Mumbai,75876.4,29044.5,4583.7,1024.8,110529.4,1.457,32.1,72,8.6,15.7,23.4,1,0,0.983,50.07,0.34,78476.0
2026-04-11 21:00:00,IN-DC-003,Mumbai,75383.3,28007.4,4565.0,979.6,108935.2,1.445,30.5,64,8.4,15.7,23.9,1,0,0.978,50.01,0.29,77344.0
2026-04-11 22:00:00,IN-DC-003,Mumbai,75283.4,28368.3,4561.2,1220.9,109433.8,1.454,30.8,77,8.7,15.9,24.2,1,0,0.976,50.01,0.34,77698.0
2026-04-11 23:00:00,IN-DC-003,Mumbai,74666.1,27063.3,4537.7,1040.8,107307.9,1.437,28.5,69,8.7,15.8,24.7,1,0,0.967,49.95,0.24,76189.0
2026-04-12 00:00:00,IN-DC-003,Mumbai,74554.9,26789.9,4533.5,1047.3,106925.7,1.434,27.9,73,8.5,15.4,24.1,1,0,0.969,50.09,0.22,75917.0
2026-04-12 01:00:00,IN-DC-003,Mumbai,74367.7,27651.5,4526.4,1261.0,107806.6,1.45,27.2,83,8.4,15.6,24.5,1,0,0.979,49.95,0.25,76543.0
2026-04-12 02:00:00,IN-DC-003,Mumbai,72378.6,26548.9,4450.8,944.9,104323.2,1.441,28.2,82,8.7,15.4,24.3,1,0,0.985,50.0,0.24,74069.0
2026-04-12 03:00:00,IN-DC-003,Mumbai,72959.5,27215.6,4472.9,1017.4,105665.4,1.448,27.3,82,8.4,15.5,24.2,1,0,0.961,50.04,0.25,75022.0
2026-04-12 04:00:00,IN-DC-003,Mumbai,72657.3,25648.2,4461.4,1055.6,103822.4,1.429,27.5,76,8.5,15.1,24.2,1,0,0.971,49.98,0.28,73714.0
2026-04-12 05:00:00,IN-DC-003,Mumbai,71831.0,28252.9,4430.0,1357.0,105870.9,1.474,28.7,82,8.5,15.7,24.1,1,0,0.977,50.03,0.27,75168.0
2026-04-12 06:00:00,IN-DC-003,Mumbai,71115.8,25496.3,4402.8,1108.5,102123.4,1.436,29.6,73,8.4,15.4,23.9,1,0,0.976,49.9,0.3,72508.0
2026-04-12 07:00:00,IN-DC-003,Mumbai,71832.0,26268.2,4430.0,1158.2,103688.4,1.443,29.0,75,8.3,15.2,24.0,1,0,0.97,49.99,0.29,73619.0
2026-04-12 08:00:00,IN-DC-003,Mumbai,71827.4,26663.1,4429.8,1142.3,104062.6,1.449,30.8,68,8.7,15.5,23.8,1,0,0.976,50.03,0.33,73884.0
2026-04-12 09:00:00,IN-DC-003,Mumbai,70918.1,27925.9,4395.3,958.6,104197.9,1.469,31.1,74,8.6,15.4,24.3,1,0,0.962,49.82,0.32,73981.0
2026-04-12 10:00:00,IN-DC-003,Mumbai,72041.1,27973.0,4438.0,1186.6,105638.6,1.466,31.6,66,8.3,15.4,23.4,1,0,0.97,49.9,0.31,75003.0
2026-04-12 11:00:00,IN-DC-003,Mumbai,72409.5,26708.4,4452.0,1254.0,104823.9,1.448,31.8,67,8.3,15.3,23.7,1,0,0.995,50.01,0.31,74425.0
2026-04-12 12:00:00,IN-DC-003,Mumbai,71704.7,27293.7,4425.2,1374.6,104798.2,1.462,32.3,59,8.8,16.0,24.4,1,0,0.959,49.9,0.3,74407.0
2026-04-12 13:00:00,IN-DC-003,Mumbai,73823.4,26999.2,4505.7,1105.9,106434.2,1.442,33.5,55,9.0,16.0,23.6,1,0,0.969,49.96,0.36,75568.0
2026-04-12 14:00:00,IN-DC-003,Mumbai,73555.6,28916.9,4495.5,1218.5,108186.4,1.471,33.8,51,8.6,15.9,24.2,1,0,0.979,50.05,0.37,76812.0
2026-04-12 15:00:00,IN-DC-003,Mumbai,75181.4,28036.3,4557.3,1264.2,109039.2,1.45,33.6,57,8.6,16.1,23.9,1,0,0.984,49.9,0.32,77418.0
2026-04-12 16:00:00,IN-DC-003,Mumbai,74984.9,28538.2,4549.8,1144.8,109217.7,1.457,33.3,61,8.8,15.9,23.5,1,0,0.993,50.05,0.32,77545.0
2026-04-12 17:00:00,IN-DC-003,Mumbai,76843.7,28659.0,4620.5,1433.2,111556.4,1.452,32.9,60,8.5,15.9,24.0,1,0,0.987,50.0,0.37,79205.0
2026-04-12 18:00:00,IN-DC-003,Mumbai,78492.4,28757.4,4683.1,1411.6,113344.6,1.444,33.2,57,8.4,15.6,24.5,1,0,0.985,50.0,0.34,80475.0
2026-04-12 19:00:00,IN-DC-003,Mumbai,76986.7,28591.9,4625.9,1342.7,111547.1,1.449,32.8,60,8.7,15.7,23.9,1,0,0.967,49.88,0.35,79198.0
2026-04-12 20:00:00,IN-DC-003,Mumbai,76962.3,28729.2,4625.0,957.9,111274.4,1.446,32.1,63,8.5,15.9,24.3,1,0,0.991,50.03,0.31,79005.0
2026-04-12 21:00:00,IN-DC-003,Mumbai,76538.7,27786.9,4608.9,1101.2,110035.7,1.438,31.3,68,8.8,16.1,24.4,1,0,0.982,49.92,0.31,78125.0
2026-04-12 22:00:00,IN-DC-003,Mumbai,76712.4,28669.2,4615.5,1246.4,111243.5,1.45,30.0,74,8.5,15.9,23.5,1,0,0.968,49.97,0.26,78983.0
2026-04-12 23:00:00,IN-DC-003,Mumbai,77650.4,28906.5,4651.1,1149.5,112357.5,1.447,30.4,75,8.7,15.8,24.3,1,0,0.97,50.07,0.34,79774.0
2026-04-13 00:00:00,IN-DC-003,Mumbai,78484.5,28377.0,4682.8,896.8,112441.2,1.433,28.5,79,8.4,15.8,23.8,1,0,0.987,49.94,0.21,79833.0
2026-04-13 01:00:00,IN-DC-003,Mumbai,76806.4,29077.7,4619.0,1170.1,111673.2,1.454,28.8,80,8.6,15.6,24.4,1,0,0.974,49.96,0.3,79288.0
2026-04-13 02:00:00,IN-DC-003,Mumbai,77116.2,27391.3,4630.8,1424.1,110562.5,1.434,28.0,76,8.4,15.6,23.9,1,0,0.978,49.92,0.23,78499.0
2026-04-13 03:00:00,IN-DC-003,Mumbai,76409.2,26868.6,4604.0,1371.0,109252.8,1.43,27.5,80,8.7,16.2,24.3,1,0,0.963,49.91,0.27,77570.0
2026-04-13 04:00:00,IN-DC-003,Mumbai,76442.6,27910.8,4605.2,1259.3,110217.9,1.442,27.8,76,8.8,15.8,25.3,1,0,0.97,49.99,0.28,78255.0
2026-04-13 05:00:00,IN-DC-003,Mumbai,75289.2,27299.6,4561.4,1150.6,108300.8,1.438,28.7,79,8.5,15.8,23.8,1,0,0.982,50.03,0.25,76894.0
2026-04-13 06:00:00,IN-DC-003,Mumbai,75478.0,28277.6,4568.6,1139.7,109463.8,1.45,29.5,78,8.5,15.4,23.6,1,0,0.974,49.98,0.28,77719.0
2026-04-13 07:00:00,IN-DC-003,Mumbai,74981.4,26963.2,4549.7,1180.9,107675.2,1.436,29.7,71,8.1,15.4,24.1,1,0,0.96,49.97,0.28,76449.0
2026-04-13 08:00:00,IN-DC-003,Mumbai,74008.4,27067.8,4512.7,1069.5,106658.4,1.441,28.8,66,8.9,15.8,24.3,1,0,0.965,50.0,0.28,75727.0
2026-04-13 09:00:00,IN-DC-003,Mumbai,74569.5,28027.1,4534.0,1072.6,108203.2,1.451,31.4,69,9.0,15.9,24.7,1,0,0.973,50.05,0.31,76824.0
2026-04-13 10:00:00,IN-DC-003,Mumbai,76346.2,28234.8,4601.6,1164.8,110347.3,1.445,30.8,64,8.8,15.7,24.6,1,0,0.968,49.95,0.26,78347.0
2026-04-13 11:00:00,IN-DC-003,Mumbai,76283.1,28926.4,4599.2,1430.8,111239.5,1.458,33.5,67,8.4,15.7,23.9,1,0,0.97,50.06,0.37,78980.0
2026-04-13 12:00:00,IN-DC-003,Mumbai,76824.6,28159.7,4619.7,1221.7,110825.8,1.443,33.3,57,8.6,15.6,23.9,1,0,0.975,49.94,0.38,78686.0
2026-04-13 13:00:00,IN-DC-003,Mumbai,77435.9,29419.1,4643.0,1176.4,112674.4,1.455,33.6,64,8.5,15.9,23.5,1,0,0.975,49.96,0.4,79999.0
2026-04-13 14:00:00,IN-DC-003,Mumbai,77208.1,29685.1,4634.3,1294.9,112822.3,1.461,34.3,59,8.7,16.0,23.7,1,0,0.986,50.05,0.4,80104.0
2026-04-13 15:00:00,IN-DC-003,Mumbai,78853.1,30011.0,4696.8,1378.2,114939.2,1.458,33.9,50,8.6,15.6,24.0,1,0,0.985,50.0,0.36,81607.0
2026-04-13 16:00:00,IN-DC-003,Mumbai,80045.6,30910.2,4742.1,1307.0,117004.9,1.462,33.8,54,8.6,16.1,24.5,1,0,0.984,50.01,0.35,83073.0
2026-04-13 17:00:00,IN-DC-003,Mumbai,80897.5,30323.1,4774.5,994.1,116989.2,1.446,33.5,58,8.2,15.6,24.6,1,0,0.969,49.93,0.35,83062.0
2026-04-13 18:00:00,IN-DC-003,Mumbai,81623.8,31167.8,4802.1,1385.7,118979.4,1.458,33.2,59,8.6,16.4,23.6,1,0,0.978,50.03,0.37,84475.0
2026-04-13 19:00:00,IN-DC-003,Mumbai,81556.2,29324.0,4799.5,1265.5,116945.2,1.434,32.6,58,8.8,16.5,23.8,1,0,0.971,50.06,0.32,83031.0
2026-04-13 20:00:00,IN-DC-003,Mumbai,81870.6,29529.9,4811.5,964.0,117176.0,1.431,32.0,58,8.5,16.5,24.1,1,0,0.989,49.99,0.29,83195.0
2026-04-13 21:00:00,IN-DC-003,Mumbai,81108.3,28358.6,4782.5,1093.5,115342.9,1.422,29.4,67,8.3,16.0,24.2,1,0,0.969,50.05,0.27,81893.0
2026-04-13 22:00:00,IN-DC-003,Mumbai,82209.1,30148.0,4824.3,832.7,118014.1,1.436,30.4,70,8.3,16.1,24.2,1,0,0.974,49.99,0.31,83790.0
2026-04-13 23:00:00,IN-DC-003,Mumbai,80301.3,28781.7,4751.8,1026.7,114861.5,1.43,28.9,76,8.4,16.0,23.4,1,0,0.981,49.92,0.29,81552.0
2026-04-14 00:00:00,IN-DC-003,Mumbai,80658.0,30529.2,4765.4,1128.4,117081.0,1.452,30.4,77,8.4,16.1,23.5,1,0,0.974,49.99,0.33,83128.0
2026-04-14 01:00:00,IN-DC-003,Mumbai,79691.0,28970.7,4728.7,1182.2,114572.6,1.438,29.0,74,8.4,15.9,24.4,1,0,0.965,50.02,0.27,81347.0
2026-04-14 02:00:00,IN-DC-003,Mumbai,80024.2,29926.9,4741.3,1084.9,115777.3,1.447,28.8,83,8.9,16.6,24.5,1,0,0.97,50.02,0.28,82202.0
2026-04-14 03:00:00,IN-DC-003,Mumbai,78499.0,28823.3,4683.4,1167.7,113173.3,1.442,28.4,78,8.4,15.8,23.8,1,0,0.991,50.0,0.29,80353.0
2026-04-14 04:00:00,IN-DC-003,Mumbai,78457.9,29075.2,4681.8,1066.7,113281.5,1.444,28.6,83,8.4,16.0,24.0,1,0,0.979,49.99,0.28,80430.0
2026-04-14 05:00:00,IN-DC-003,Mumbai,77061.8,28546.7,4628.7,1199.0,111436.1,1.446,28.1,77,8.7,15.7,24.3,1,0,0.979,50.05,0.27,79120.0
2026-04-14 06:00:00,IN-DC-003,Mumbai,77877.2,29822.6,4659.7,1137.5,113497.0,1.457,29.5,74,8.5,15.9,24.1,1,0,0.983,50.04,0.28,80583.0
2026-04-14 07:00:00,IN-DC-003,Mumbai,77533.8,29105.1,4646.7,1223.6,112509.2,1.451,30.2,74,8.3,15.8,23.6,1,0,0.981,49.95,0.32,79882.0
2026-04-14 08:00:00,IN-DC-003,Mumbai,77890.4,29245.0,4660.2,1271.9,113067.6,1.452,30.6,74,8.4,15.9,24.1,1,0,0.96,49.96,0.25,80278.0
2026-04-14 09:00:00,IN-DC-003,Mumbai,76922.7,29155.0,4623.5,1243.9,111945.1,1.455,31.7,69,8.5,16.0,23.6,1,0,0.978,50.03,0.33,79481.0
2026-04-14 10:00:00,IN-DC-003,Mumbai,78026.2,28482.4,4665.4,1104.2,112278.3,1.439,32.6,60,8.7,16.2,24.2,1,0,0.963,49.92,0.37,79718.0
2026-04-14 11:00:00,IN-DC-003,Mumbai,78431.8,29140.6,4680.8,892.3,113145.4,1.443,32.9,66,8.4,15.9,23.9,1,0,0.987,49.98,0.34,80333.0
2026-04-14 12:00:00,IN-DC-003,Mumbai,79376.9,29059.1,4716.7,1208.8,114361.5,1.441,33.0,57,8.8,16.5,23.7,1,0,0.981,49.98,0.36,81197.0
2026-04-14 13:00:00,IN-DC-003,Mumbai,79875.3,30520.9,4735.7,935.7,116067.6,1.453,34.4,52,8.9,16.2,24.1,1,0,0.971,49.95,0.35,82408.0
2026-04-14 14:00:00,IN-DC-003,Mumbai,80335.2,30881.0,4753.1,1248.8,117218.2,1.459,35.0,50,8.6,16.3,23.8,1,0,0.974,50.08,0.39,83225.0
2026-04-14 15:00:00,IN-DC-003,Mumbai,81782.6,31595.3,4808.1,1306.6,119492.6,1.461,33.8,61,8.6,16.3,23.5,1,0,0.963,50.01,0.35,84840.0
2026-04-14 16:00:00,IN-DC-003,Mumbai,80026.5,29984.9,4741.4,1280.5,116033.3,1.45,34.9,62,8.8,16.3,24.3,1,0,0.962,49.96,0.38,82384.0
2026-04-14 17:00:00,IN-DC-003,Mumbai,82239.3,31205.4,4825.5,1313.4,119583.5,1.454,34.1,55,8.6,16.3,23.7,1,0,0.975,49.92,0.36,84904.0
2026-04-14 18:00:00,IN-DC-003,Mumbai,82414.8,31603.1,4832.2,1292.0,120142.0,1.458,33.8,58,8.2,16.0,24.5,1,0,0.986,49.95,0.37,85301.0
2026-04-14 19:00:00,IN-DC-003,Mumbai,84119.5,30644.9,4896.9,1015.3,120676.6,1.435,33.3,62,8.5,16.1,24.4,1,0,0.963,50.02,0.37,85680.0
2026-04-14 20:00:00,IN-DC-003,Mumbai,83407.2,30582.5,4869.9,953.9,119813.4,1.436,31.7,60,9.1,16.7,24.3,1,0,0.977,49.97,0.32,85068.0
2026-04-14 21:00:00,IN-DC-003,Mumbai,84020.2,31426.6,4893.2,824.0,121164.0,1.442,31.6,69,8.4,16.4,23.5,1,0,0.975,49.99,0.3,86026.0
2026-04-14 22:00:00,IN-DC-003,Mumbai,83420.5,31193.6,4870.4,1151.6,120636.1,1.446,31.2,73,8.5,16.1,24.2,1,0,0.977,49.99,0.3,85652.0
2026-04-14 23:00:00,IN-DC-003,Mumbai,83684.3,30056.9,4880.4,1202.3,119823.9,1.432,30.7,72,8.9,16.9,23.6,1,0,0.982,49.93,0.27,85075.0
2026-04-15 00:00:00,IN-DC-003,Mumbai,82999.2,30355.6,4854.4,1185.6,119394.7,1.439,29.8,77,8.4,16.3,24.4,1,0,0.982,50.02,0.28,84770.0
2026-04-15 01:00:00,IN-DC-003,Mumbai,81854.5,30140.4,4810.9,1127.6,117933.3,1.441,28.5,77,8.4,16.2,23.6,1,0,0.978,50.03,0.28,83733.0
2026-04-15 02:00:00,IN-DC-003,Mumbai,81530.1,30938.5,4798.5,1275.6,118542.7,1.454,28.8,84,8.3,16.0,23.9,1,0,0.975,50.03,0.27,84165.0
2026-04-15 03:00:00,IN-DC-003,Mumbai,80549.4,29112.7,4761.3,1179.0,115602.4,1.435,28.4,76,8.6,16.5,24.3,1,0,0.98,49.96,0.31,82078.0
2026-04-15 04:00:00,IN-DC-003,Mumbai,79652.0,29029.5,4727.2,908.2,114316.9,1.435,28.7,78,8.3,15.9,23.8,1,0,0.974,49.97,0.27,81165.0
2026-04-15 05:00:00,IN-DC-003,Mumbai,79747.7,30954.9,4730.8,937.6,116371.0,1.459,29.6,84,8.7,16.5,23.8,1,0,0.983,50.02,0.29,82623.0
2026-04-15 06:00:00,IN-DC-003,Mumbai,80040.8,29385.3,4742.0,1311.5,115479.6,1.443,28.8,77,8.7,16.5,24.1,1,0,0.978,50.02,0.3,81991.0
2026-04-15 07:00:00,IN-DC-003,Mumbai,79392.7,30781.8,4717.3,1209.0,116100.9,1.462,30.4,84,8.8,16.3,23.9,1,0,0.964,49.99,0.3,82432.0
2026-04-15 08:00:00,IN-DC-003,Mumbai,78329.5,29939.4,4676.9,928.7,113874.5,1.454,31.1,74,8.8,16.2,24.1,1,0,0.972,50.03,0.33,80851.0
2026-04-15 09:00:00,IN-DC-003,Mumbai,79541.9,28783.8,4723.0,1319.5,114368.1,1.438,31.1,73,8.5,16.0,24.1,1,0,0.987,49.96,0.35,81201.0
2026-04-15 10:00:00,IN-DC-003,Mumbai,78855.4,31668.2,4696.9,1076.5,116297.0,1.475,32.9,67,8.3,15.9,23.5,1,0,0.976,49.96,0.36,82571.0
2026-04-15 11:00:00,IN-DC-003,Mumbai,77978.4,29209.9,4663.6,1305.2,113157.1,1.451,32.8,59,8.4,15.6,25.0,1,0,0.977,49.97,0.32,80342.0
2026-04-15 12:00:00,IN-DC-003,Mumbai,79950.7,31398.4,4738.5,1073.2,117160.9,1.465,33.8,63,9.1,16.3,24.5,1,0,0.969,50.01,0.37,83184.0
2026-04-15 13:00:00,IN-DC-003,Mumbai,81443.8,29665.5,4795.3,1300.5,117205.1,1.439,32.9,54,8.6,16.3,24.2,1,0,0.975,49.92,0.33,83216.0
2026-04-15 14:00:00,IN-DC-003,Mumbai,81205.2,30081.8,4786.2,1246.1,117319.4,1.445,34.9,50,8.8,16.2,23.8,1,0,0.979,49.92,0.34,83297.0
2026-04-15 15:00:00,IN-DC-003,Mumbai,83109.9,31665.3,4858.6,1071.9,120705.7,1.452,34.4,58,8.4,16.0,24.4,1,0,0.974,50.0,0.39,85701.0
2026-04-15 16:00:00,IN-DC-003,Mumbai,84544.9,30865.3,4913.1,1069.9,121393.2,1.436,34.2,60,8.9,16.9,23.8,1,0,0.983,49.97,0.37,86189.0
2026-04-15 17:00:00,IN-DC-003,Mumbai,84386.1,31835.6,4907.1,1327.3,122456.1,1.451,34.7,63,8.7,16.7,24.1,1,0,0.969,49.82,0.35,86944.0
2026-04-15 18:00:00,IN-DC-003,Mumbai,85278.9,31202.5,4941.0,1187.0,122609.4,1.438,32.5,61,8.4,16.7,23.9,1,0,0.98,49.97,0.35,87053.0
2026-04-15 19:00:00,IN-DC-003,Mumbai,85158.4,30906.0,4936.4,980.6,121981.5,1.432,33.3,62,8.8,16.5,24.1,1,0,0.979,49.99,0.35,86607.0
2026-04-15 20:00:00,IN-DC-003,Mumbai,83914.1,31238.5,4889.1,996.5,121038.3,1.442,32.7,64,8.7,16.2,24.7,1,0,0.974,50.03,0.32,85937.0
2026-04-15 21:00:00,IN-DC-003,Mumbai,85685.1,31174.3,4956.4,1064.8,122880.6,1.434,30.4,70,8.1,16.2,23.8,1,0,0.971,49.98,0.32,87245.0
2026-04-15 22:00:00,IN-DC-003,Mumbai,84797.1,31465.6,4922.7,1110.3,122295.7,1.442,30.8,75,8.7,16.3,24.5,1,0,0.974,50.01,0.3,86830.0
2026-04-15 23:00:00,IN-DC-003,Mumbai,85127.9,30762.0,4935.3,961.3,121786.4,1.431,29.7,74,8.5,16.6,24.2,1,0,0.978,49.98,0.29,86468.0
2026-04-16 00:00:00,IN-DC-003,Mumbai,83087.6,31164.2,4857.7,1378.0,120487.6,1.45,28.7,79,8.3,15.7,23.7,1,0,0.98,50.01,0.33,85546.0
2026-04-16 01:00:00,IN-DC-003,Mumbai,83913.1,30795.2,4889.1,1000.2,120597.6,1.437,28.1,83,8.4,16.1,24.9,1,0,0.995,50.0,0.28,85624.0
2026-04-16 02:00:00,IN-DC-003,Mumbai,83479.1,31261.7,4872.6,986.2,120599.6,1.445,28.8,84,8.4,16.3,24.3,1,0,0.975,49.94,0.28,85626.0
2026-04-16 03:00:00,IN-DC-003,Mumbai,83369.5,31378.2,4868.4,871.2,120487.4,1.445,28.9,85,8.8,16.3,23.4,1,0,0.984,49.96,0.29,85546.0
2026-04-16 04:00:00,IN-DC-003,Mumbai,81975.5,29586.1,4815.5,1109.5,117486.6,1.433,27.8,83,8.6,16.3,23.9,1,0,0.976,49.97,0.27,83415.0
2026-04-16 05:00:00,IN-DC-003,Mumbai,80446.8,29791.3,4757.4,1089.8,116085.3,1.443,28.2,85,8.5,16.1,23.7,1,0,0.989,49.92,0.28,82421.0
2026-04-16 06:00:00,IN-DC-003,Mumbai,80941.3,30892.0,4776.2,1237.6,117847.0,1.456,29.7,73,8.5,15.9,23.7,1,0,0.979,50.02,0.29,83671.0
2026-04-16 07:00:00,IN-DC-003,Mumbai,79449.7,30194.4,4719.5,1064.8,115428.3,1.453,31.1,81,8.6,16.2,23.7,1,0,0.972,50.0,0.34,81954.0
2026-04-16 08:00:00,IN-DC-003,Mumbai,79459.8,29962.8,4719.9,1126.6,115269.0,1.451,29.9,71,8.6,16.3,24.0,1,0,0.979,49.94,0.33,81841.0
2026-04-16 09:00:00,IN-DC-003,Mumbai,81025.6,28002.0,4779.4,1110.6,114917.6,1.418,30.6,62,8.8,16.4,24.1,1,0,0.988,50.03,0.3,81591.0
2026-04-16 10:00:00,IN-DC-003,Mumbai,81602.4,30121.3,4801.3,1132.6,117657.6,1.442,31.6,65,8.9,16.5,24.3,1,0,0.973,49.98,0.28,83537.0
2026-04-16 11:00:00,IN-DC-003,Mumbai,81927.0,29924.5,4813.6,1076.7,117741.9,1.437,32.2,63,8.4,16.3,24.0,1,0,0.976,50.04,0.31,83597.0
2026-04-16 12:00:00,IN-DC-003,Mumbai,83261.7,31337.3,4864.3,1039.6,120503.0,1.447,34.0,54,8.5,16.1,24.0,1,0,0.988,49.98,0.36,85557.0
2026-04-16 13:00:00,IN-DC-003,Mumbai,83798.9,31403.8,4884.8,1160.3,121247.7,1.447,33.3,58,8.6,16.6,24.6,1,0,0.975,50.07,0.36,86086.0
2026-04-16 14:00:00,IN-DC-003,Mumbai,84488.8,32566.9,4911.0,1291.1,123257.8,1.459,35.3,48,8.6,16.5,23.9,1,0,0.965,49.96,0.35,87513.0
2026-04-16 15:00:00,IN-DC-003,Mumbai,83826.9,31489.5,4885.8,1493.4,121695.6,1.452,34.5,63,8.9,16.8,24.3,1,0,0.97,50.03,0.39,86404.0
2026-04-16 16:00:00,IN-DC-003,Mumbai,85255.0,31612.7,4940.1,980.1,122787.9,1.44,34.7,55,8.6,16.5,24.5,1,0,0.972,50.07,0.35,87179.0
2026-04-16 17:00:00,IN-DC-003,Mumbai,86546.4,32666.9,4989.2,1004.1,125206.5,1.447,34.1,58,8.6,16.5,24.4,1,0,0.974,50.0,0.3,88897.0
2026-04-16 18:00:00,IN-DC-003,Mumbai,85972.6,32510.7,4967.4,1114.6,124565.3,1.449,32.8,63,8.6,16.6,23.7,1,0,0.981,49.96,0.33,88441.0
2026-04-16 19:00:00,IN-DC-003,Mumbai,86503.5,31768.0,4987.5,1257.4,124516.4,1.439,31.9,62,8.7,16.9,23.8,1,0,0.972,50.0,0.34,88407.0
2026-04-16 20:00:00,IN-DC-003,Mumbai,86469.3,32266.0,4986.2,1168.5,124890.0,1.444,32.5,60,8.9,16.8,24.0,1,0,0.975,49.99,0.31,88672.0
2026-04-16 21:00:00,IN-DC-003,Mumbai,87049.8,30936.8,5008.3,1046.3,124041.2,1.425,31.8,60,8.4,16.2,24.3,1,0,0.967,49.95,0.29,88069.0
2026-04-16 22:00:00,IN-DC-003,Mumbai,87431.5,31708.8,5022.8,1254.6,125417.7,1.434,30.6,74,8.4,16.5,24.4,1,0,0.973,50.05,0.3,89047.0
2026-04-16 23:00:00,IN-DC-003,Mumbai,87749.8,31991.1,5034.9,943.4,125719.1,1.433,29.7,77,8.7,16.9,24.0,1,0,0.981,49.94,0.27,89261.0
2026-04-17 00:00:00,IN-DC-003,Mumbai,86416.3,31764.2,4984.2,1080.8,124245.6,1.438,29.1,75,8.7,16.4,24.6,1,0,0.99,50.0,0.31,88214.0
2026-04-17 01:00:00,IN-DC-003,Mumbai,85510.7,30079.2,4949.8,1016.0,121555.7,1.422,28.7,70,8.6,16.4,24.3,1,0,0.958,50.04,0.29,86305.0
2026-04-17 02:00:00,IN-DC-003,Mumbai,84352.6,29796.3,4905.8,990.5,120045.2,1.423,27.5,81,8.9,16.3,23.7,1,0,0.965,50.04,0.28,85232.0
2026-04-17 03:00:00,IN-DC-003,Mumbai,85259.7,31374.0,4940.3,944.1,122518.1,1.437,28.2,80,8.6,16.6,24.4,1,0,0.98,50.02,0.24,86988.0
2026-04-17 04:00:00,IN-DC-003,Mumbai,83903.9,30366.6,4888.7,1039.1,120198.4,1.433,28.2,82,8.5,16.4,23.3,1,0,0.971,50.05,0.24,85341.0
2026-04-17 05:00:00,IN-DC-003,Mumbai,83676.8,29219.3,4880.1,1033.1,118809.4,1.42,27.5,75,8.4,16.1,24.0,1,0,0.964,49.94,0.24,84355.0
2026-04-17 06:00:00,IN-DC-003,Mumbai,82108.3,27689.1,4820.5,915.1,115533.0,1.407,27.5,68,8.5,16.3,23.2,1,0,0.969,49.94,0.31,82028.0
2026-04-17 07:00:00,IN-DC-003,Mumbai,81749.9,29886.9,4806.9,920.0,117363.7,1.436,29.4,72,8.7,16.8,24.1,1,0,0.983,50.02,0.3,83328.0
2026-04-17 08:00:00,IN-DC-003,Mumbai,82719.5,30080.5,4843.7,1021.6,118665.3,1.435,29.2,74,8.7,16.3,24.4,1,0,0.979,50.01,0.28,84252.0
2026-04-17 09:00:00,IN-DC-003,Mumbai,82806.7,30695.8,4847.1,1199.8,119549.3,1.444,29.8,72,8.3,15.9,24.3,1,0,0.976,50.0,0.29,84880.0
2026-04-17 10:00:00,IN-DC-003,Mumbai,83924.2,30004.5,4889.5,962.7,119780.9,1.427,30.9,64,8.3,16.4,23.1,1,0,0.978,49.97,0.29,85044.0
2026-04-17 11:00:00,IN-DC-003,Mumbai,83223.1,30640.7,4862.9,1184.0,119910.6,1.441,32.7,60,8.2,15.6,24.1,1,0,0.992,49.96,0.33,85137.0
2026-04-17 12:00:00,IN-DC-003,Mumbai,84202.3,31755.0,4900.1,1131.8,121989.2,1.449,33.2,52,8.6,16.0,24.3,1,0,0.976,50.05,0.36,86612.0
2026-04-17 13:00:00,IN-DC-003,Mumbai,84815.3,31263.1,4923.4,1198.1,122199.8,1.441,33.7,62,8.8,16.9,24.3,1,0,0.976,50.02,0.36,86762.0
2026-04-17 14:00:00,IN-DC-003,Mumbai,86747.3,33859.9,4996.8,895.8,126499.8,1.458,34.8,55,8.8,16.9,24.4,1,0,0.977,50.09,0.36,89815.0
2026-04-17 15:00:00,IN-DC-003,Mumbai,86329.9,32477.6,4980.9,1005.3,124793.8,1.446,34.3,53,8.7,16.4,24.4,1,0,0.987,49.96,0.4,88604.0
2026-04-17 16:00:00,IN-DC-003,Mumbai,88246.2,33126.5,5053.8,1217.3,127643.8,1.446,34.7,53,8.5,16.6,23.5,1,0,0.97,50.01,0.35,90627.0
2026-04-17 17:00:00,IN-DC-003,Mumbai,88370.0,33033.4,5058.5,1408.5,127870.2,1.447,33.7,56,9.0,17.2,24.0,1,0,0.983,50.04,0.34,90788.0
2026-04-17 18:00:00,IN-DC-003,Mumbai,89366.6,33299.1,5096.3,1039.2,128801.3,1.441,33.6,61,8.7,16.9,23.8,1,0,0.982,50.0,0.33,91449.0
2026-04-17 19:00:00,IN-DC-003,Mumbai,90323.9,33042.6,5132.7,886.3,129385.5,1.432,33.3,60,8.6,17.0,24.0,1,0,0.974,49.96,0.39,91864.0
2026-04-17 20:00:00,IN-DC-003,Mumbai,89908.2,33979.8,5116.9,1173.0,130177.9,1.448,32.8,70,8.9,17.1,24.1,1,0,0.979,49.93,0.34,92426.0
2026-04-17 21:00:00,IN-DC-003,Mumbai,90904.1,33605.0,5154.8,1330.2,130994.1,1.441,30.8,71,8.8,16.8,23.7,1,0,0.971,50.02,0.28,93006.0
2026-04-17 22:00:00,IN-DC-003,Mumbai,89552.7,33148.3,5103.4,1155.3,128959.6,1.44,29.5,73,8.6,16.5,23.8,1,0,0.983,49.98,0.29,91561.0
2026-04-17 23:00:00,IN-DC-003,Mumbai,87602.9,32896.1,5029.3,1033.5,126561.8,1.445,29.4,79,8.3,16.6,24.2,1,0,0.975,49.96,0.29,89859.0
2026-04-18 00:00:00,IN-DC-003,Mumbai,86441.7,31871.5,4985.2,1035.3,124333.6,1.438,29.4,72,8.7,16.5,23.8,1,0,0.97,50.02,0.3,88277.0
2026-04-18 01:00:00,IN-DC-003,Mumbai,85384.9,31803.4,4945.0,1276.0,123409.3,1.445,29.1,79,8.7,16.5,23.8,1,0,0.985,49.96,0.33,87621.0
2026-04-18 02:00:00,IN-DC-003,Mumbai,84229.9,30912.0,4901.1,1486.8,121529.8,1.443,28.1,83,8.5,15.8,24.0,1,0,0.976,50.05,0.3,86286.0
2026-04-18 03:00:00,IN-DC-003,Mumbai,83972.7,30290.1,4891.4,1333.4,120487.5,1.435,28.1,83,8.8,16.4,24.5,1,0,0.973,49.96,0.23,85546.0
2026-04-18 04:00:00,IN-DC-003,Mumbai,82859.7,30168.9,4849.1,1222.2,119099.9,1.437,28.8,78,8.4,16.2,23.9,1,0,0.967,50.0,0.32,84561.0
2026-04-18 05:00:00,IN-DC-003,Mumbai,83177.7,29395.2,4861.2,1201.4,118635.4,1.426,28.4,74,8.6,16.3,23.4,1,0,0.973,50.02,0.29,84231.0
2026-04-18 06:00:00,IN-DC-003,Mumbai,82670.5,29885.3,4841.9,1118.8,118516.5,1.434,29.1,69,8.4,16.1,23.6,1,0,0.981,50.04,0.32,84147.0
2026-04-18 07:00:00,IN-DC-003,Mumbai,82841.4,29268.2,4848.4,1152.0,118110.0,1.426,29.8,76,8.4,16.2,24.1,1,0,0.972,50.08,0.32,83858.0
2026-04-18 08:00:00,IN-DC-003,Mumbai,82639.0,29828.7,4840.7,1115.5,118423.9,1.433,29.9,71,8.6,16.3,23.3,1,0,0.969,49.95,0.29,84081.0
2026-04-18 09:00:00,IN-DC-003,Mumbai,82831.0,30254.6,4848.0,872.8,118806.4,1.434,30.3,67,8.8,17.1,23.7,1,0,0.979,49.92,0.31,84353.0
2026-04-18 10:00:00,IN-DC-003,Mumbai,81870.0,30904.1,4811.5,790.5,118376.1,1.446,32.8,66,8.3,15.9,23.7,1,0,0.974,50.02,0.37,84047.0
2026-04-18 11:00:00,IN-DC-003,Mumbai,83163.2,30519.1,4860.6,1200.3,119743.2,1.44,31.9,62,8.9,16.8,24.8,1,0,0.993,49.99,0.32,85018.0
2026-04-18 12:00:00,IN-DC-003,Mumbai,82748.6,30417.2,4844.8,1107.6,119118.3,1.44,32.3,57,8.7,16.5,24.3,1,0,0.963,49.97,0.32,84574.0
2026-04-18 13:00:00,IN-DC-003,Mumbai,85287.3,30791.9,4941.3,1034.8,122055.3,1.431,33.2,61,8.3,16.6,23.7,1,0,0.979,49.96,0.38,86659.0
2026-04-18 14:00:00,IN-DC-003,Mumbai,85751.8,32682.9,4959.0,1156.7,124550.3,1.452,33.8,51,8.5,16.4,23.6,1,0,0.989,50.05,0.34,88431.0
2026-04-18 15:00:00,IN-DC-003,Mumbai,86819.0,32849.0,4999.5,1157.1,125824.6,1.449,33.9,52,8.9,16.8,23.5,1,0,0.973,50.05,0.36,89335.0
2026-04-18 16:00:00,IN-DC-003,Mumbai,87383.4,33065.2,5021.0,983.6,126453.2,1.447,33.6,51,8.3,16.3,24.0,1,0,0.964,50.05,0.37,89782.0
2026-04-18 17:00:00,IN-DC-003,Mumbai,88384.3,32882.1,5059.0,958.7,127284.1,1.44,33.7,56,8.5,16.7,24.0,1,0,0.973,50.01,0.38,90372.0
2026-04-18 18:00:00,IN-DC-003,Mumbai,87291.1,32488.3,5017.5,1237.0,126033.8,1.444,33.9,62,8.9,17.1,23.4,1,0,0.967,50.09,0.35,89484.0
2026-04-18 19:00:00,IN-DC-003,Mumbai,89362.2,32733.0,5096.2,988.8,128180.2,1.434,32.1,59,9.0,17.1,24.1,1,0,0.971,49.98,0.32,91008.0
2026-04-18 20:00:00,IN-DC-003,Mumbai,90569.0,32596.1,5142.0,1147.7,129454.8,1.429,31.6,65,8.3,16.6,24.4,1,0,0.977,50.07,0.32,91913.0
2026-04-18 21:00:00,IN-DC-003,Mumbai,89560.7,32649.1,5103.7,1134.8,128448.2,1.434,31.5,72,8.7,16.6,24.2,1,0,0.968,49.93,0.33,91198.0
2026-04-18 22:00:00,IN-DC-003,Mumbai,88741.0,31495.5,5072.6,1083.2,126392.3,1.424,29.5,78,8.7,17.3,24.0,1,0,0.986,49.98,0.28,89739.0
2026-04-18 23:00:00,IN-DC-003,Mumbai,89592.2,31820.8,5104.9,1090.4,127608.4,1.424,28.6,77,8.5,16.9,24.6,1,0,0.984,49.98,0.26,90602.0
2026-04-19 00:00:00,IN-DC-003,Mumbai,88318.7,31275.4,5056.5,1118.5,125769.2,1.424,28.3,75,8.4,16.8,24.1,1,0,0.983,49.89,0.27,89296.0
2026-04-19 01:00:00,IN-DC-003,Mumbai,87679.5,30032.3,5032.2,1114.4,123858.5,1.413,28.1,72,8.4,16.5,24.1,1,0,0.972,50.09,0.24,87940.0
2026-04-19 02:00:00,IN-DC-003,Mumbai,88068.0,29855.2,5047.0,959.9,123930.1,1.407,28.3,70,8.6,16.6,24.3,1,0,0.97,50.02,0.27,87990.0
2026-04-19 03:00:00,IN-DC-003,Mumbai,86284.3,30081.7,4979.2,1097.8,122443.0,1.419,27.0,78,8.5,16.6,23.4,1,0,0.969,50.01,0.24,86935.0
2026-04-19 04:00:00,IN-DC-003,Mumbai,84847.2,31122.5,4924.6,1219.5,122113.8,1.439,27.7,80,8.4,16.2,24.6,1,0,0.972,50.01,0.28,86701.0
2026-04-19 05:00:00,IN-DC-003,Mumbai,84146.3,29806.8,4898.0,1355.6,120206.7,1.429,27.7,77,8.3,15.9,24.1,1,0,0.98,50.02,0.24,85347.0
2026-04-19 06:00:00,IN-DC-003,Mumbai,85052.4,31311.4,4932.4,1330.3,122626.5,1.442,27.9,84,8.7,16.8,24.0,1,0,0.981,50.08,0.3,87065.0
2026-04-19 07:00:00,IN-DC-003,Mumbai,82966.6,28739.4,4853.1,782.3,117341.4,1.414,28.7,69,8.3,16.1,24.3,1,0,0.988,50.07,0.28,83312.0
2026-04-19 08:00:00,IN-DC-003,Mumbai,83690.1,30536.1,4880.6,1269.6,120376.5,1.438,30.5,69,8.5,16.6,23.6,1,0,0.962,49.99,0.34,85467.0
2026-04-19 09:00:00,IN-DC-003,Mumbai,83756.0,30152.2,4883.1,1128.6,119919.9,1.432,31.0,59,8.5,16.1,23.7,1,0,0.989,50.0,0.32,85143.0
2026-04-19 10:00:00,IN-DC-003,Mumbai,85273.7,30917.1,4940.8,974.2,122105.9,1.432,31.7,70,8.7,16.8,24.2,1,0,0.986,50.0,0.31,86695.0
2026-04-19 11:00:00,IN-DC-003,Mumbai,85032.7,30785.4,4931.6,1097.2,121846.9,1.433,32.6,60,8.8,16.6,24.2,1,0,0.972,50.03,0.36,86511.0
2026-04-19 12:00:00,IN-DC-003,Mumbai,86025.6,31487.7,4969.4,1313.2,123795.9,1.439,33.2,52,8.6,16.6,23.5,1,0,0.977,50.0,0.35,87895.0
2026-04-19 13:00:00,IN-DC-003,Mumbai,85434.7,31978.2,4946.9,1155.5,123515.3,1.446,33.7,57,8.8,16.8,23.9,1,0,0.982,50.02,0.39,87696.0
2026-04-19 14:00:00,IN-DC-003,Mumbai,87269.7,32875.4,5016.6,1067.4,126229.0,1.446,34.9,62,8.6,16.7,23.7,1,0,0.979,50.04,0.33,89623.0
2026-04-19 15:00:00,IN-DC-003,Mumbai,88497.8,32593.5,5063.3,1019.1,127173.7,1.437,34.4,64,9.0,17.1,23.9,1,0,0.981,50.05,0.37,90293.0
2026-04-19 16:00:00,IN-DC-003,Mumbai,89325.2,32082.8,5094.8,1100.7,127603.5,1.429,32.5,55,8.5,16.9,23.6,1,0,0.99,50.02,0.34,90598.0
2026-04-19 17:00:00,IN-DC-003,Mumbai,90089.8,34244.0,5123.8,1086.4,130544.0,1.449,34.0,60,9.1,17.2,24.3,1,0,0.975,49.99,0.41,92686.0
2026-04-19 18:00:00,IN-DC-003,Mumbai,91101.7,34355.6,5162.3,989.0,131608.6,1.445,33.7,58,8.4,17.0,24.1,1,0,0.976,50.0,0.34,93442.0
2026-04-19 19:00:00,IN-DC-003,Mumbai,91250.7,32990.7,5167.9,894.1,130303.4,1.428,32.8,61,8.5,16.5,23.6,1,0,0.956,50.0,0.33,92515.0
2026-04-19 20:00:00,IN-DC-003,Mumbai,92233.6,32625.4,5205.3,987.8,131052.2,1.421,31.5,63,8.6,17.3,24.2,1,0,0.974,50.03,0.33,93047.0
2026-04-19 21:00:00,IN-DC-003,Mumbai,90848.5,32797.9,5152.6,1165.3,129964.4,1.431,30.5,74,8.5,16.7,24.0,1,0,0.968,50.01,0.34,92275.0
2026-04-19 22:00:00,IN-DC-003,Mumbai,90908.5,32364.0,5154.9,804.5,129231.9,1.422,30.3,68,8.0,16.3,24.0,1,0,0.955,50.06,0.32,91755.0
2026-04-19 23:00:00,IN-DC-003,Mumbai,90252.1,32026.9,5130.0,984.0,128393.0,1.423,29.9,66,8.7,16.7,23.4,1,0,0.989,49.99,0.32,91159.0
2026-04-20 00:00:00,IN-DC-003,Mumbai,93418.1,33739.9,5250.3,1466.2,133874.5,1.433,29.4,72,8.4,16.9,23.6,1,0,0.982,49.96,0.25,95051.0
2026-04-20 01:00:00,IN-DC-003,Mumbai,92511.8,33358.2,5215.8,1203.1,132288.9,1.43,27.5,76,8.8,17.3,23.9,1,0,0.965,50.04,0.27,93925.0
2026-04-20 02:00:00,IN-DC-003,Mumbai,89868.4,32400.2,5115.4,1398.0,128782.0,1.433,28.3,80,8.4,16.8,23.6,1,0,0.971,49.92,0.26,91435.0
2026-04-20 03:00:00,IN-DC-003,Mumbai,89173.1,33204.5,5089.0,1274.1,128740.7,1.444,28.7,78,8.6,17.0,23.8,1,0,0.981,50.04,0.25,91406.0
2026-04-20 04:00:00,IN-DC-003,Mumbai,90057.8,33292.2,5122.6,1278.3,129751.0,1.441,28.5,80,8.7,17.0,24.2,1,0,0.961,49.99,0.3,92123.0
2026-04-20 05:00:00,IN-DC-003,Mumbai,89559.2,32942.6,5103.6,1236.7,128842.1,1.439,29.8,79,8.3,16.6,24.3,1,0,0.967,49.97,0.28,91478.0
2026-04-20 06:00:00,IN-DC-003,Mumbai,88778.8,30897.7,5074.0,1051.2,125801.6,1.417,28.5,75,8.7,17.0,23.9,1,0,0.976,49.97,0.27,89319.0
2026-04-20 07:00:00,IN-DC-003,Mumbai,87124.3,31468.8,5011.1,1162.9,124767.2,1.432,28.8,77,8.5,16.7,23.8,1,0,0.973,49.92,0.27,88585.0
2026-04-20 08:00:00,IN-DC-003,Mumbai,87724.8,32558.6,5033.9,1347.4,126664.8,1.444,30.6,67,8.5,16.9,23.3,1,0,0.979,49.91,0.34,89932.0
2026-04-20 09:00:00,IN-DC-003,Mumbai,87854.0,31831.3,5038.9,1170.0,125894.1,1.433,31.7,64,9.0,17.1,24.0,1,0,0.971,49.98,0.36,89385.0
2026-04-20 10:00:00,IN-DC-003,Mumbai,88526.2,33406.5,5064.4,1087.4,128084.6,1.447,31.3,69,8.9,17.0,23.8,1,0,0.995,50.03,0.34,90940.0
2026-04-20 11:00:00,IN-DC-003,Mumbai,89168.4,31985.0,5088.8,1120.4,127362.6,1.428,32.5,62,9.0,17.4,23.8,1,0,0.969,49.96,0.39,90427.0
2026-04-20 12:00:00,IN-DC-003,Mumbai,88867.9,33712.5,5077.4,1340.2,128998.1,1.452,33.3,48,8.7,16.5,24.2,1,0,0.965,50.04,0.39,91589.0
2026-04-20 13:00:00,IN-DC-003,Mumbai,90402.2,33249.1,5135.7,943.1,129730.0,1.435,33.9,56,8.4,16.5,23.5,1,0,0.981,49.95,0.4,92108.0
2026-04-20 14:00:00,IN-DC-003,Mumbai,91408.5,33693.3,5173.9,1400.8,131676.5,1.441,34.6,59,8.4,16.7,24.3,1,0,0.987,50.02,0.32,93490.0
2026-04-20 15:00:00,IN-DC-003,Mumbai,91164.1,34378.4,5164.6,1091.6,131798.8,1.446,35.2,62,8.8,17.1,23.7,1,0,0.965,49.99,0.39,93577.0
2026-04-20 16:00:00,IN-DC-003,Mumbai,94837.5,34452.0,5304.2,1102.3,135696.0,1.431,33.6,59,8.5,17.4,23.4,1,0,0.971,49.96,0.3,96344.0
2026-04-20 17:00:00,IN-DC-003,Mumbai,95594.0,34033.2,5333.0,1061.1,136021.2,1.423,33.4,59,8.7,17.4,23.6,1,0,0.979,49.94,0.36,96575.0
2026-04-20 18:00:00,IN-DC-003,Mumbai,94282.9,33779.6,5283.2,1153.2,134498.9,1.427,32.3,64,8.5,17.1,23.6,1,0,0.986,50.05,0.32,95494.0
2026-04-20 19:00:00,IN-DC-003,Mumbai,94919.8,33799.0,5307.4,1143.1,135169.3,1.424,32.9,66,8.3,17.1,23.9,1,0,0.977,49.99,0.34,95970.0
2026-04-20 20:00:00,IN-DC-003,Mumbai,95132.0,35306.7,5315.4,1189.0,136943.2,1.44,31.2,69,8.6,17.4,24.7,1,0,0.981,49.91,0.33,97230.0
2026-04-20 21:00:00,IN-DC-003,Mumbai,94910.3,34130.0,5307.0,1070.0,135417.2,1.427,31.1,63,8.8,17.6,24.6,1,0,0.962,49.97,0.26,96146.0
2026-04-20 22:00:00,IN-DC-003,Mumbai,95675.7,34210.4,5336.1,966.8,136189.0,1.423,30.5,71,8.5,17.4,23.9,1,0,0.964,49.94,0.31,96694.0
2026-04-20 23:00:00,IN-DC-003,Mumbai,93998.2,33096.6,5272.3,1034.4,133401.5,1.419,30.2,68,8.4,17.1,23.9,1,0,0.969,49.98,0.31,94715.0
2026-04-21 00:00:00,IN-DC-003,Mumbai,94940.1,35276.4,5308.1,983.9,136508.5,1.438,28.8,81,8.2,16.9,24.5,1,0,0.974,50.06,0.3,96921.0
2026-04-21 01:00:00,IN-DC-003,Mumbai,94005.2,32629.1,5272.6,921.4,132828.3,1.413,28.1,76,8.5,17.0,24.4,1,0,0.972,50.04,0.27,94308.0
2026-04-21 02:00:00,IN-DC-003,Mumbai,92767.0,33123.1,5225.5,1192.1,132307.8,1.426,27.8,76,8.6,16.8,23.7,1,0,0.978,50.02,0.24,93939.0
2026-04-21 03:00:00,IN-DC-003,Mumbai,93458.3,35287.4,5251.8,1193.6,135191.0,1.447,28.5,87,8.5,17.2,24.2,1,0,0.972,49.98,0.32,95986.0
2026-04-21 04:00:00,IN-DC-003,Mumbai,91929.6,32815.2,5193.7,866.8,130805.3,1.423,27.9,75,8.6,17.1,24.1,1,0,0.968,50.04,0.27,92872.0
2026-04-21 05:00:00,IN-DC-003,Mumbai,90449.9,32402.3,5137.5,958.8,128948.5,1.426,28.5,77,8.7,17.3,24.4,1,0,0.981,50.03,0.28,91553.0
2026-04-21 06:00:00,IN-DC-003,Mumbai,90135.8,33049.0,5125.6,1275.9,129586.2,1.438,29.2,76,8.6,16.9,25.0,1,0,0.988,50.04,0.34,92006.0
2026-04-21 07:00:00,IN-DC-003,Mumbai,90870.4,32997.7,5153.5,1207.6,130229.2,1.433,30.2,73,8.0,16.4,23.9,1,0,0.978,49.94,0.26,92463.0
2026-04-21 08:00:00,IN-DC-003,Mumbai,89438.2,33798.3,5099.1,1308.9,129644.4,1.45,30.7,76,8.8,17.1,24.3,1,0,0.971,50.02,0.3,92048.0
2026-04-21 09:00:00,IN-DC-003,Mumbai,89426.3,31939.7,5098.6,998.2,127462.8,1.425,30.2,70,8.5,16.5,24.0,1,0,0.97,50.05,0.32,90499.0
2026-04-21 10:00:00,IN-DC-003,Mumbai,91187.7,33413.6,5165.5,789.5,130556.4,1.432,31.1,61,8.3,16.6,24.1,1,0,0.975,49.94,0.32,92695.0
2026-04-21 11:00:00,IN-DC-003,Mumbai,91732.0,34264.2,5186.2,878.5,132060.9,1.44,32.6,65,8.7,16.7,23.7,1,0,0.979,50.0,0.33,93763.0
2026-04-21 12:00:00,IN-DC-003,Mumbai,91409.9,33467.0,5174.0,1173.5,131224.3,1.436,33.3,58,8.5,16.9,23.9,1,0,0.967,49.98,0.37,93169.0
2026-04-21 13:00:00,IN-DC-003,Mumbai,94249.1,35315.3,5281.9,936.1,135782.4,1.441,33.6,55,8.4,17.6,24.2,1,0,0.973,49.97,0.33,96406.0
2026-04-21 14:00:00,IN-DC-003,Mumbai,93451.1,35440.1,5251.5,1338.5,135481.3,1.45,34.4,59,8.7,17.5,23.7,1,0,0.977,49.98,0.36,96192.0
2026-04-21 15:00:00,IN-DC-003,Mumbai,95473.6,35460.3,5328.4,1127.7,137390.1,1.439,34.7,58,8.9,17.9,24.2,1,0,0.977,49.97,0.37,97547.0
2026-04-21 16:00:00,IN-DC-003,Mumbai,95931.1,34640.4,5345.8,1188.7,137105.9,1.429,33.7,57,8.9,17.6,24.1,1,0,0.972,49.96,0.33,97345.0
2026-04-21 17:00:00,IN-DC-003,Mumbai,95706.9,34354.3,5337.3,1217.7,136616.1,1.427,33.5,54,8.6,17.2,23.9,1,0,0.978,50.0,0.36,96997.0
2026-04-21 18:00:00,IN-DC-003,Mumbai,96850.2,35058.0,5380.7,1284.4,138573.3,1.431,33.5,60,8.7,17.4,24.8,1,0,0.974,50.02,0.35,98387.0
2026-04-21 19:00:00,IN-DC-003,Mumbai,95431.9,34408.3,5326.8,1146.1,136313.2,1.428,32.8,57,8.5,17.4,24.4,1,0,0.966,49.98,0.29,96782.0
2026-04-21 20:00:00,IN-DC-003,Mumbai,98321.0,35295.5,5436.6,1184.5,140237.6,1.426,31.1,68,8.3,17.0,24.3,1,0,0.979,50.0,0.33,99569.0
2026-04-21 21:00:00,IN-DC-003,Mumbai,97577.1,35783.1,5408.3,857.9,139626.4,1.431,30.1,67,8.0,17.3,24.4,1,0,0.981,49.91,0.27,99135.0
2026-04-21 22:00:00,IN-DC-003,Mumbai,98024.1,34476.3,5425.3,964.8,138890.5,1.417,29.1,71,8.7,17.5,24.1,1,0,0.982,50.05,0.29,98612.0
2026-04-21 23:00:00,IN-DC-003,Mumbai,96186.3,34776.5,5355.5,1191.7,137509.9,1.43,29.3,77,8.6,17.3,23.9,1,0,0.983,50.0,0.29,97632.0
2026-04-22 00:00:00,IN-DC-003,Mumbai,96086.8,33697.8,5351.7,1148.7,136285.1,1.418,28.4,76,8.6,17.6,24.2,1,0,0.979,49.97,0.25,96762.0
2026-04-22 01:00:00,IN-DC-003,Mumbai,94458.2,34579.9,5289.8,1072.2,135400.1,1.433,27.9,80,8.5,17.2,24.1,1,0,0.972,49.86,0.26,96134.0
2026-04-22 02:00:00,IN-DC-003,Mumbai,94177.1,32053.9,5279.1,1016.9,132527.1,1.407,27.2,77,8.6,17.4,24.3,1,0,0.975,50.03,0.24,94094.0
2026-04-22 03:00:00,IN-DC-003,Mumbai,94540.5,34007.7,5292.9,1228.9,135070.0,1.429,27.9,81,8.4,16.6,24.1,1,0,0.977,49.95,0.28,95900.0
2026-04-22 04:00:00,IN-DC-003,Mumbai,93629.3,33370.9,5258.3,1159.7,133418.3,1.425,27.2,83,8.8,17.3,23.9,1,0,0.974,50.05,0.29,94727.0
2026-04-22 05:00:00,IN-DC-003,Mumbai,93622.3,32266.5,5258.0,1073.5,132220.3,1.412,27.7,71,8.7,17.3,23.8,1,0,0.981,49.95,0.29,93876.0
2026-04-22 06:00:00,IN-DC-003,Mumbai,92960.4,33050.2,5232.9,1420.5,132664.0,1.427,28.6,75,8.8,17.3,23.5,1,0,0.966,49.9,0.27,94191.0
2026-04-22 07:00:00,IN-DC-003,Mumbai,92045.3,33007.2,5198.1,1085.9,131336.5,1.427,29.7,74,8.3,17.1,23.5,1,0,0.981,50.04,0.26,93249.0
2026-04-22 08:00:00,IN-DC-003,Mumbai,90031.8,31902.4,5121.6,1025.8,128081.6,1.423,30.2,70,8.6,16.8,24.5,1,0,0.976,50.0,0.29,90938.0
2026-04-22 09:00:00,IN-DC-003,Mumbai,93147.3,34630.3,5240.0,1303.7,134321.2,1.442,31.2,70,8.5,17.0,24.0,1,0,0.974,49.88,0.29,95368.0
2026-04-22 10:00:00,IN-DC-003,Mumbai,92654.4,34844.0,5221.3,992.6,133712.3,1.443,31.7,69,8.5,17.3,24.1,1,0,0.971,50.08,0.35,94936.0
2026-04-22 11:00:00,IN-DC-003,Mumbai,95468.3,34887.0,5328.2,1027.9,136711.3,1.432,32.2,62,8.6,16.9,23.7,1,0,0.964,49.95,0.32,97065.0
2026-04-22 12:00:00,IN-DC-003,Mumbai,95289.5,35430.3,5321.4,1180.9,137222.2,1.44,32.9,61,8.6,17.0,23.8,1,0,0.971,49.86,0.31,97428.0
2026-04-22 13:00:00,IN-DC-003,Mumbai,95255.1,34725.9,5320.1,1370.1,136671.1,1.435,33.0,59,8.3,16.9,24.2,1,0,0.975,50.1,0.35,97036.0
2026-04-22 14:00:00,IN-DC-003,Mumbai,95899.8,34039.1,5344.6,1064.0,136347.5,1.422,33.8,60,8.8,17.3,24.1,1,0,0.983,49.95,0.33,96807.0
2026-04-22 15:00:00,IN-DC-003,Mumbai,96437.3,35295.2,5365.0,832.0,137929.5,1.43,34.5,59,8.8,17.3,24.6,1,0,0.971,49.93,0.36,97930.0
2026-04-22 16:00:00,IN-DC-003,Mumbai,96708.7,36301.5,5375.3,1296.6,139682.2,1.444,34.1,62,8.7,17.5,23.1,1,0,0.991,49.99,0.39,99174.0
2026-04-22 17:00:00,IN-DC-003,Mumbai,97841.5,34839.5,5418.4,1126.3,139225.6,1.423,33.8,62,8.7,17.8,24.0,1,0,0.972,50.01,0.39,98850.0
2026-04-22 18:00:00,IN-DC-003,Mumbai,98907.8,36018.8,5458.9,1268.4,141654.0,1.432,33.2,57,8.4,17.1,24.1,1,0,0.969,49.96,0.34,100574.0
2026-04-22 19:00:00,IN-DC-003,Mumbai,98513.7,35932.1,5443.9,1202.1,141091.7,1.432,32.5,63,8.7,17.8,23.8,1,0,0.968,50.03,0.31,100175.0
2026-04-22 20:00:00,IN-DC-003,Mumbai,99324.5,36377.3,5474.7,1315.0,142491.5,1.435,31.7,69,8.9,17.7,24.2,1,0,0.965,50.0,0.32,101169.0
2026-04-22 21:00:00,IN-DC-003,Mumbai,100389.0,35065.1,5515.2,1147.0,142116.3,1.416,30.3,68,8.3,17.2,23.8,1,0,0.976,50.09,0.31,100903.0
2026-04-22 22:00:00,IN-DC-003,Mumbai,98480.6,33385.8,5442.7,869.7,138178.8,1.403,29.5,60,8.4,17.5,24.0,1,0,0.974,50.01,0.31,98107.0
2026-04-22 23:00:00,IN-DC-003,Mumbai,98649.8,35531.5,5449.1,1117.2,140747.7,1.427,28.8,81,8.4,17.4,24.7,1,0,0.982,49.96,0.26,99931.0
2026-04-23 00:00:00,IN-DC-003,Mumbai,97968.9,35520.4,5423.2,1353.3,140265.8,1.432,29.2,78,8.4,17.3,23.6,1,0,0.977,50.04,0.32,99589.0
2026-04-23 01:00:00,IN-DC-003,Mumbai,97577.1,34526.6,5408.3,1383.3,138895.4,1.423,27.9,79,8.6,17.5,24.2,1,0,0.977,50.01,0.25,98616.0
2026-04-23 02:00:00,IN-DC-003,Mumbai,95945.3,33513.3,5346.3,1302.5,136107.5,1.419,28.2,81,8.8,17.5,23.8,1,0,0.975,50.0,0.26,96636.0
2026-04-23 03:00:00,IN-DC-003,Mumbai,95541.6,34639.5,5331.0,1162.6,136674.7,1.431,27.2,77,8.8,17.3,23.5,1,0,0.972,49.99,0.25,97039.0
2026-04-23 04:00:00,IN-DC-003,Mumbai,93378.2,33483.7,5248.8,972.4,133083.0,1.425,27.8,80,8.2,17.0,24.2,1,0,0.988,50.07,0.26,94489.0
2026-04-23 05:00:00,IN-DC-003,Mumbai,94375.7,33153.1,5286.7,1353.0,134168.4,1.422,27.7,77,8.5,17.2,23.1,1,0,0.979,50.04,0.32,95260.0
2026-04-23 06:00:00,IN-DC-003,Mumbai,94560.6,33362.5,5293.7,982.7,134199.5,1.419,29.1,73,8.4,16.7,24.1,1,0,0.973,50.0,0.31,95282.0
2026-04-23 07:00:00,IN-DC-003,Mumbai,94300.8,34918.2,5283.8,1133.0,135635.8,1.438,30.4,74,8.7,17.6,23.4,1,0,0.978,50.0,0.3,96301.0
2026-04-23 08:00:00,IN-DC-003,Mumbai,94584.0,33990.0,5294.6,1095.0,134963.5,1.427,29.5,73,8.8,17.2,23.9,1,0,0.968,49.95,0.31,95824.0
2026-04-23 09:00:00,IN-DC-003,Mumbai,93173.9,34512.3,5241.0,1204.1,134131.3,1.44,31.1,72,8.5,17.1,23.7,1,0,0.983,49.94,0.3,95233.0
2026-04-23 10:00:00,IN-DC-003,Mumbai,94583.8,33283.1,5294.6,1216.4,134377.9,1.421,31.3,66,8.2,16.6,24.3,1,0,0.961,49.96,0.28,95408.0
2026-04-23 11:00:00,IN-DC-003,Mumbai,95069.6,33442.3,5313.0,1540.2,135365.1,1.424,32.8,61,8.7,17.8,24.0,1,0,0.981,49.99,0.35,96109.0
2026-04-23 12:00:00,IN-DC-003,Mumbai,95579.1,36225.6,5332.4,1351.1,138488.2,1.449,33.9,62,8.6,17.6,24.1,1,0,0.973,49.97,0.42,98327.0
2026-04-23 13:00:00,IN-DC-003,Mumbai,96927.8,35680.0,5383.7,1119.9,139111.4,1.435,33.3,62,8.8,17.8,23.4,1,0,0.987,49.99,0.34,98769.0
2026-04-23 14:00:00,IN-DC-003,Mumbai,97699.4,36430.1,5413.0,1089.9,140632.3,1.439,34.4,60,8.8,17.8,24.5,1,0,0.978,50.07,0.36,99849.0
2026-04-23 15:00:00,IN-DC-003,Mumbai,97883.7,36680.3,5420.0,959.9,140943.9,1.44,33.9,55,8.7,17.3,23.7,1,0,0.981,49.87,0.32,100070.0
2026-04-23 16:00:00,IN-DC-003,Mumbai,100823.1,36530.7,5531.7,1243.5,144129.0,1.43,33.5,57,8.5,17.4,24.5,1,0,0.965,49.95,0.32,102332.0
2026-04-23 17:00:00,IN-DC-003,Mumbai,101605.6,37207.7,5561.4,874.4,145249.1,1.43,33.4,56,8.4,17.8,23.6,1,0,0.97,49.97,0.35,103127.0
2026-04-23 18:00:00,IN-DC-003,Mumbai,99954.2,36487.4,5498.7,911.5,142851.6,1.429,33.6,68,8.8,17.9,24.4,1,0,0.979,49.97,0.35,101425.0
2026-04-23 19:00:00,IN-DC-003,Mumbai,101828.3,37252.1,5569.9,1115.2,145765.5,1.431,32.7,66,8.4,17.7,24.3,1,0,0.972,50.01,0.33,103494.0
2026-04-23 20:00:00,IN-DC-003,Mumbai,101046.7,36858.1,5540.2,1162.2,144607.2,1.431,31.7,70,8.6,17.5,24.4,1,0,0.975,50.01,0.32,102671.0
2026-04-23 21:00:00,IN-DC-003,Mumbai,102197.2,36609.0,5583.9,1069.8,145459.9,1.423,30.8,64,8.4,17.5,23.6,1,0,0.994,50.01,0.31,103277.0
2026-04-23 22:00:00,IN-DC-003,Mumbai,100649.3,35727.5,5525.1,1226.4,143128.2,1.422,29.8,73,8.3,17.3,23.8,1,0,0.966,49.99,0.3,101621.0
2026-04-23 23:00:00,IN-DC-003,Mumbai,99874.3,37676.9,5495.6,1069.4,144116.2,1.443,29.7,80,8.1,17.2,24.0,1,0,0.967,50.09,0.31,102322.0
2026-04-24 00:00:00,IN-DC-003,Mumbai,100581.1,34434.5,5522.5,1339.5,141877.6,1.411,29.9,72,8.6,18.0,24.2,1,0,0.97,49.94,0.32,100733.0
2026-04-24 01:00:00,IN-DC-003,Mumbai,99011.5,35788.1,5462.8,1197.7,141460.2,1.429,28.3,78,8.8,18.2,24.7,1,0,0.972,49.94,0.28,100437.0
2026-04-24 02:00:00,IN-DC-003,Mumbai,98815.6,32952.0,5455.4,1075.1,138298.0,1.4,27.5,72,8.2,17.1,23.9,1,0,0.977,50.04,0.24,98192.0
2026-04-24 03:00:00,IN-DC-003,Mumbai,97466.5,36778.0,5404.1,999.4,140648.1,1.443,28.1,92,8.8,17.7,24.0,1,0,0.971,50.0,0.23,99860.0
2026-04-24 04:00:00,IN-DC-003,Mumbai,96204.0,35042.1,5356.2,1391.5,137993.8,1.434,28.3,81,8.0,16.6,23.8,1,0,0.975,49.96,0.3,97976.0
2026-04-24 05:00:00,IN-DC-003,Mumbai,94433.7,33491.2,5288.9,1065.2,134278.9,1.422,28.8,76,8.7,16.9,24.5,1,0,0.97,50.01,0.3,95338.0
2026-04-24 06:00:00,IN-DC-003,Mumbai,96706.3,34369.9,5375.2,907.1,137358.6,1.42,28.1,80,8.4,17.3,23.7,1,0,0.973,50.0,0.28,97525.0
2026-04-24 07:00:00,IN-DC-003,Mumbai,95923.0,34072.0,5345.5,1227.0,136567.5,1.424,29.4,73,8.5,16.9,23.7,1,0,0.983,49.95,0.26,96963.0
2026-04-24 08:00:00,IN-DC-003,Mumbai,93990.0,34284.7,5272.0,1047.4,134594.1,1.432,29.6,74,8.4,16.9,24.3,1,0,0.972,49.98,0.31,95562.0
2026-04-24 09:00:00,IN-DC-003,Mumbai,94990.7,34063.0,5310.0,1474.7,135838.4,1.43,31.4,66,9.1,17.8,23.9,1,0,0.968,50.02,0.32,96445.0
2026-04-24 10:00:00,IN-DC-003,Mumbai,96055.1,35513.1,5350.5,1057.2,137975.9,1.436,31.8,70,8.5,17.4,24.7,1,0,0.982,49.97,0.34,97963.0
2026-04-24 11:00:00,IN-DC-003,Mumbai,97889.3,35012.6,5420.2,937.0,139259.0,1.423,32.1,59,8.2,17.0,24.0,1,0,0.973,50.09,0.31,98874.0
2026-04-24 12:00:00,IN-DC-003,Mumbai,98225.0,35541.9,5432.9,909.8,140109.7,1.426,32.2,60,8.7,17.7,23.2,1,0,0.977,49.94,0.32,99478.0
2026-04-24 13:00:00,IN-DC-003,Mumbai,99224.9,36783.2,5470.9,846.3,142325.4,1.434,34.3,54,9.0,18.2,23.8,1,0,0.974,49.95,0.36,101051.0
2026-04-24 14:00:00,IN-DC-003,Mumbai,99890.2,36687.6,5496.2,1238.7,143312.7,1.435,33.5,57,8.4,17.3,23.3,1,0,0.977,50.05,0.37,101752.0
2026-04-24 15:00:00,IN-DC-003,Mumbai,100550.5,37478.0,5521.3,1407.5,144957.3,1.442,34.2,56,8.9,17.7,23.9,1,0,0.973,50.02,0.4,102920.0
2026-04-24 16:00:00,IN-DC-003,Mumbai,101584.7,36868.1,5560.6,1170.0,145183.5,1.429,32.6,51,8.2,17.4,23.8,1,0,0.975,49.97,0.33,103080.0
2026-04-24 17:00:00,IN-DC-003,Mumbai,102632.2,38242.1,5600.4,1092.2,147566.9,1.438,33.3,65,8.9,18.2,23.9,1,0,0.977,50.05,0.36,104772.0
2026-04-24 18:00:00,IN-DC-003,Mumbai,102432.5,37004.9,5592.8,976.7,146007.0,1.425,33.2,59,8.4,17.6,23.3,1,0,0.969,49.95,0.36,103665.0
2026-04-24 19:00:00,IN-DC-003,Mumbai,101655.9,35763.0,5563.3,1246.1,144228.4,1.419,31.1,62,8.7,18.0,24.2,1,0,0.995,50.04,0.36,102402.0
2026-04-24 20:00:00,IN-DC-003,Mumbai,103865.9,37223.5,5647.3,950.7,147687.5,1.422,31.6,69,8.7,17.7,23.5,1,0,0.968,49.98,0.31,104858.0
2026-04-24 21:00:00,IN-DC-003,Mumbai,103363.4,37086.8,5628.2,1049.4,147127.7,1.423,31.3,64,8.8,18.0,24.8,1,0,0.981,49.95,0.35,104461.0
2026-04-24 22:00:00,IN-DC-003,Mumbai,102010.8,34782.1,5576.8,1086.4,143456.1,1.406,29.1,67,8.8,18.3,24.5,1,0,0.977,49.91,0.28,101854.0
2026-04-24 23:00:00,IN-DC-003,Mumbai,102582.6,35944.7,5598.5,1294.8,145420.7,1.418,29.2,71,8.7,17.8,23.4,1,0,0.973,50.01,0.31,103249.0
2026-04-25 00:00:00,IN-DC-003,Mumbai,100533.3,36081.7,5520.7,1244.4,143380.0,1.426,28.5,81,8.3,17.5,24.1,1,0,0.974,49.95,0.28,101800.0
2026-04-25 01:00:00,IN-DC-003,Mumbai,98143.3,34574.5,5429.8,1341.6,139489.3,1.421,27.8,75,8.4,17.1,23.9,1,0,0.982,50.11,0.3,99037.0
2026-04-25 02:00:00,IN-DC-003,Mumbai,97765.9,36036.1,5415.5,1469.7,140687.2,1.439,27.5,90,8.4,17.5,24.3,1,0,0.988,50.04,0.26,99888.0
2026-04-25 03:00:00,IN-DC-003,Mumbai,96828.1,34663.5,5379.9,1111.4,137982.9,1.425,27.3,81,8.6,17.4,24.0,1,0,0.964,49.98,0.3,97968.0
2026-04-25 04:00:00,IN-DC-003,Mumbai,95748.1,34179.9,5338.8,1423.9,136690.7,1.428,27.5,81,8.4,16.9,24.1,1,0,0.994,49.96,0.25,97050.0
2026-04-25 05:00:00,IN-DC-003,Mumbai,95225.6,33447.2,5319.0,1364.4,135356.1,1.421,28.2,80,8.4,17.4,23.6,1,0,0.98,50.09,0.3,96103.0
2026-04-25 06:00:00,IN-DC-003,Mumbai,95113.1,33493.4,5314.7,1174.7,135095.8,1.42,28.7,74,8.6,16.8,23.4,1,0,0.968,50.06,0.25,95918.0
2026-04-25 07:00:00,IN-DC-003,Mumbai,95669.3,33978.8,5335.8,1348.0,136331.9,1.425,28.6,74,8.8,17.3,23.3,1,0,0.987,50.02,0.3,96796.0
2026-04-25 08:00:00,IN-DC-003,Mumbai,95040.6,33889.5,5311.9,1290.2,135532.3,1.426,29.7,69,8.5,17.3,24.3,1,0,0.982,49.95,0.26,96228.0
2026-04-25 09:00:00,IN-DC-003,Mumbai,95801.8,34028.8,5340.9,1385.1,136556.5,1.425,30.8,68,8.6,17.1,24.1,1,0,0.972,50.02,0.3,96955.0
2026-04-25 10:00:00,IN-DC-003,Mumbai,95422.7,34363.5,5326.5,771.6,135884.2,1.424,32.2,64,8.6,17.0,24.2,1,0,0.994,49.92,0.36,96478.0
2026-04-25 11:00:00,IN-DC-003,Mumbai,96288.8,35776.6,5359.4,1002.7,138427.5,1.438,32.9,68,8.6,17.1,23.9,1,0,0.975,49.97,0.35,98284.0
2026-04-25 12:00:00,IN-DC-003,Mumbai,95811.4,34180.1,5341.2,946.9,136279.7,1.422,32.9,60,8.8,17.4,24.0,1,0,0.982,50.07,0.3,96759.0
2026-04-25 13:00:00,IN-DC-003,Mumbai,98299.6,35835.8,5435.8,1178.5,140749.7,1.432,33.5,58,8.7,17.6,23.6,1,0,0.973,49.96,0.36,99932.0
2026-04-25 14:00:00,IN-DC-003,Mumbai,99664.0,36740.8,5487.6,1174.0,143066.4,1.435,33.1,56,8.8,17.5,24.2,1,0,0.968,49.93,0.38,101577.0
2026-04-25 15:00:00,IN-DC-003,Mumbai,100022.8,36061.5,5501.3,953.3,142538.8,1.425,33.9,53,8.7,17.8,23.6,1,0,0.984,49.95,0.38,101203.0
2026-04-25 16:00:00,IN-DC-003,Mumbai,101728.7,35871.3,5566.1,1037.3,144203.3,1.418,32.8,53,8.2,17.5,23.8,1,0,0.98,49.91,0.33,102384.0
2026-04-25 17:00:00,IN-DC-003,Mumbai,102674.7,37740.7,5602.0,1155.7,147173.1,1.433,33.2,57,8.6,18.0,23.9,1,0,0.995,49.99,0.35,104493.0
2026-04-25 18:00:00,IN-DC-003,Mumbai,102493.2,36979.7,5595.1,1111.7,146179.8,1.426,32.2,65,8.7,17.7,23.8,1,0,0.988,49.97,0.37,103788.0
2026-04-25 19:00:00,IN-DC-003,Mumbai,103189.0,37895.7,5621.6,1134.8,147841.1,1.433,31.8,64,8.4,17.8,23.6,1,0,0.98,50.03,0.36,104967.0
2026-04-25 20:00:00,IN-DC-003,Mumbai,104604.6,36377.1,5675.4,1074.7,147731.8,1.412,31.6,63,8.8,17.9,24.1,1,0,0.984,50.05,0.28,104890.0
2026-04-25 21:00:00,IN-DC-003,Mumbai,102344.1,36807.5,5589.5,959.2,145700.3,1.424,30.9,65,8.3,17.5,24.0,1,0,0.987,49.93,0.34,103447.0
2026-04-25 22:00:00,IN-DC-003,Mumbai,103019.1,37114.8,5615.1,1222.2,146971.2,1.427,30.7,70,8.5,17.8,24.0,1,0,0.98,50.02,0.26,104350.0
2026-04-25 23:00:00,IN-DC-003,Mumbai,103697.7,36727.2,5640.9,940.7,147006.6,1.418,29.4,78,8.5,18.1,24.0,1,0,0.98,50.12,0.25,104375.0
2026-04-26 00:00:00,IN-DC-003,Mumbai,101056.5,36377.7,5540.5,1248.5,144223.3,1.427,28.3,81,8.1,17.4,24.0,1,0,0.968,49.98,0.27,102399.0
2026-04-26 01:00:00,IN-DC-003,Mumbai,102281.9,37417.1,5587.1,1166.0,146452.1,1.432,28.4,77,8.3,17.7,23.8,1,0,0.973,50.03,0.25,103981.0
2026-04-26 02:00:00,IN-DC-003,Mumbai,100039.1,35169.0,5501.9,1268.6,141978.5,1.419,27.0,77,8.2,17.6,23.2,1,0,0.971,50.03,0.3,100805.0
2026-04-26 03:00:00,IN-DC-003,Mumbai,98569.4,35860.6,5446.0,1262.8,141138.8,1.432,28.6,82,8.4,17.2,24.1,1,0,0.981,49.98,0.28,100209.0
2026-04-26 04:00:00,IN-DC-003,Mumbai,98766.0,33873.6,5453.5,915.4,139008.4,1.407,26.8,77,8.6,17.4,23.2,1,0,0.968,49.93,0.24,98696.0
2026-04-26 05:00:00,IN-DC-003,Mumbai,98258.1,34312.6,5434.2,956.0,138960.9,1.414,28.5,78,8.1,17.0,24.2,1,0,0.97,49.99,0.3,98662.0
2026-04-26 06:00:00,IN-DC-003,Mumbai,96794.1,34739.2,5378.6,782.4,137694.3,1.423,29.0,83,8.3,17.3,24.1,1,0,0.983,49.9,0.24,97763.0
2026-04-26 07:00:00,IN-DC-003,Mumbai,97035.3,34023.2,5387.7,918.8,137365.1,1.416,29.0,72,8.6,17.5,23.6,1,0,0.988,50.01,0.3,97529.0
2026-04-26 08:00:00,IN-DC-003,Mumbai,96548.5,35044.0,5369.2,970.9,137932.7,1.429,29.8,72,8.7,17.5,23.7,1,0,0.971,49.96,0.31,97932.0
2026-04-26 09:00:00,IN-DC-003,Mumbai,96593.7,34213.2,5371.0,1252.6,137430.4,1.423,30.1,68,8.7,17.8,23.8,1,0,0.975,50.02,0.31,97576.0
2026-04-26 10:00:00,IN-DC-003,Mumbai,97762.4,36600.6,5415.4,1206.5,140984.9,1.442,31.6,69,8.5,17.5,24.3,1,0,0.98,49.97,0.4,100099.0
2026-04-26 11:00:00,IN-DC-003,Mumbai,98871.6,35396.5,5457.5,874.1,140599.8,1.422,32.6,63,8.6,17.5,24.4,1,0,0.976,49.99,0.33,99826.0
2026-04-26 12:00:00,IN-DC-003,Mumbai,98308.0,34812.8,5436.1,1236.6,139793.5,1.422,32.6,54,8.8,17.6,24.7,1,0,0.983,50.0,0.31,99253.0
2026-04-26 13:00:00,IN-DC-003,Mumbai,99763.5,36479.3,5491.4,1041.4,142775.5,1.431,33.5,54,8.7,17.9,24.3,1,0,0.983,49.95,0.37,101371.0
2026-04-26 14:00:00,IN-DC-003,Mumbai,102520.7,37534.7,5596.2,1157.1,146808.6,1.432,33.9,59,8.9,17.9,23.6,0,1,0.965,49.97,0.34,104234.0
2026-04-26 15:00:00,IN-DC-003,Mumbai,102390.2,38014.2,5591.2,1135.8,147131.5,1.437,33.3,56,8.4,17.7,23.6,1,0,0.965,49.92,0.34,104463.0
2026-04-26 16:00:00,IN-DC-003,Mumbai,101682.2,37692.5,5564.3,1089.4,146028.4,1.436,34.0,55,8.7,18.0,24.7,1,0,0.98,50.01,0.32,103680.0
2026-04-26 17:00:00,IN-DC-003,Mumbai,104336.9,37919.8,5665.2,1302.3,149224.2,1.43,33.5,52,8.7,18.1,24.5,1,0,0.99,50.05,0.34,105949.0
2026-04-26 18:00:00,IN-DC-003,Mumbai,103402.3,36796.9,5629.7,917.0,146745.9,1.419,32.7,61,8.8,18.3,24.1,1,0,0.979,50.06,0.34,104190.0
2026-04-26 19:00:00,IN-DC-003,Mumbai,103550.2,37455.7,5635.3,1213.2,147854.4,1.428,32.5,60,8.1,17.8,24.6,1,0,0.964,49.94,0.29,104977.0
2026-04-26 20:00:00,IN-DC-003,Mumbai,104963.5,39213.5,5689.0,1327.8,151193.8,1.44,31.5,68,8.6,17.8,23.5,1,0,0.968,49.99,0.35,107348.0
2026-04-26 21:00:00,IN-DC-003,Mumbai,106114.9,37663.8,5732.8,1075.8,150587.3,1.419,30.2,69,8.7,18.3,24.7,1,0,0.976,50.04,0.27,106917.0
2026-04-26 22:00:00,IN-DC-003,Mumbai,105466.9,35966.7,5708.1,1041.8,148183.5,1.405,29.4,68,8.7,18.0,24.2,1,0,0.979,49.99,0.28,105210.0
2026-04-26 23:00:00,IN-DC-003,Mumbai,105366.8,35768.8,5704.3,991.6,147831.5,1.403,29.1,69,8.7,18.2,24.2,1,0,0.977,50.04,0.29,104960.0
2026-04-27 00:00:00,IN-DC-003,Mumbai,106815.0,37454.5,5759.4,1162.1,151190.9,1.415,28.9,74,8.1,17.5,23.9,1,0,0.985,50.03,0.29,107346.0
2026-04-27 01:00:00,IN-DC-003,Mumbai,105044.3,37292.8,5692.1,1180.0,149209.1,1.42,28.0,80,8.4,17.6,23.4,1,0,0.977,50.01,0.32,105938.0
2026-04-27 02:00:00,IN-DC-003,Mumbai,104888.1,36683.4,5686.1,1174.0,148431.6,1.415,27.4,82,8.6,17.9,24.1,1,0,0.966,49.98,0.26,105386.0
2026-04-27 03:00:00,IN-DC-003,Mumbai,105042.3,35709.7,5692.0,810.8,147254.8,1.402,27.5,72,8.4,17.9,24.8,1,0,0.981,50.04,0.28,104551.0
2026-04-27 04:00:00,IN-DC-003,Mumbai,104437.1,36814.1,5669.0,1366.3,148286.5,1.42,27.1,85,8.2,17.6,23.9,1,0,0.958,49.98,0.28,105283.0
2026-04-27 05:00:00,IN-DC-003,Mumbai,100837.3,36866.8,5532.2,1257.6,144493.9,1.433,28.6,79,8.3,17.4,23.7,1,0,0.965,49.96,0.29,102591.0
2026-04-27 06:00:00,IN-DC-003,Mumbai,101862.4,35621.1,5571.2,1104.8,144159.5,1.415,29.2,75,8.4,17.9,23.9,1,0,0.962,50.0,0.23,102353.0
2026-04-27 07:00:00,IN-DC-003,Mumbai,100788.9,35059.9,5530.4,1209.0,142588.1,1.415,29.9,66,8.6,17.9,24.0,1,0,0.963,50.0,0.3,101238.0
2026-04-27 08:00:00,IN-DC-003,Mumbai,102034.2,36610.2,5577.7,936.1,145158.2,1.423,30.2,67,8.5,17.7,23.6,1,0,0.995,49.96,0.3,103062.0
2026-04-27 09:00:00,IN-DC-003,Mumbai,102031.7,37561.6,5577.6,1188.9,146359.8,1.434,30.2,73,8.4,17.2,24.2,1,0,0.977,50.05,0.28,103915.0
2026-04-27 10:00:00,IN-DC-003,Mumbai,101930.9,36069.0,5573.8,1024.5,144598.3,1.419,31.3,65,8.7,17.4,23.7,1,0,0.961,49.9,0.32,102665.0
2026-04-27 11:00:00,IN-DC-003,Mumbai,102016.3,36392.5,5577.0,1184.8,145170.6,1.423,31.9,62,8.4,17.5,24.5,1,0,0.984,50.04,0.34,103071.0
2026-04-27 12:00:00,IN-DC-003,Mumbai,103782.8,38425.6,5644.1,978.2,148830.7,1.434,32.9,58,8.9,18.3,23.4,1,0,0.974,50.04,0.35,105670.0
2026-04-27 13:00:00,IN-DC-003,Mumbai,104332.6,38863.0,5665.0,1063.7,149924.3,1.437,33.8,56,8.5,17.7,24.4,1,0,0.976,50.03,0.37,106446.0
2026-04-27 14:00:00,IN-DC-003,Mumbai,105557.6,37079.0,5711.6,1202.9,149551.0,1.417,32.2,55,8.7,18.4,23.7,1,0,0.985,50.05,0.33,106181.0
2026-04-27 15:00:00,IN-DC-003,Mumbai,106346.6,38202.0,5741.6,1050.3,151340.5,1.423,33.7,60,8.6,17.9,24.1,1,0,0.968,50.0,0.33,107452.0
2026-04-27 16:00:00,IN-DC-003,Mumbai,107724.8,39146.2,5793.9,1154.2,153819.1,1.428,33.5,60,9.2,19.0,24.1,1,0,0.975,49.96,0.4,109212.0
2026-04-27 17:00:00,IN-DC-003,Mumbai,108307.2,38585.0,5816.1,1116.5,153824.8,1.42,33.2,60,8.9,18.8,24.0,1,0,0.967,50.13,0.33,109216.0
2026-04-27 18:00:00,IN-DC-003,Mumbai,109672.7,39107.0,5868.0,1316.5,155964.2,1.422,33.0,59,8.8,18.7,23.8,1,0,0.974,50.08,0.35,110735.0
2026-04-27 19:00:00,IN-DC-003,Mumbai,107007.2,38241.2,5766.7,1247.1,152262.2,1.423,31.6,64,8.3,17.7,24.5,1,0,0.979,50.0,0.33,108106.0
2026-04-27 20:00:00,IN-DC-003,Mumbai,109414.7,39021.3,5858.2,1158.6,155452.8,1.421,31.8,71,8.6,18.6,23.7,1,0,0.974,49.99,0.3,110371.0
2026-04-27 21:00:00,IN-DC-003,Mumbai,109160.7,39413.4,5848.5,1457.1,155879.7,1.428,30.8,72,8.5,18.2,24.5,1,0,0.974,50.0,0.31,110675.0
2026-04-27 22:00:00,IN-DC-003,Mumbai,109576.6,39669.2,5864.3,1182.5,156292.6,1.426,29.8,77,8.3,18.0,23.1,1,0,0.974,50.0,0.31,110968.0
2026-04-27 23:00:00,IN-DC-003,Mumbai,109523.8,37820.3,5862.3,1046.4,154252.7,1.408,29.2,69,8.7,18.4,24.1,1,0,0.97,50.11,0.29,109519.0
2026-04-28 00:00:00,IN-DC-003,Mumbai,108286.2,37475.9,5815.3,1382.2,152959.6,1.413,28.3,69,8.8,18.2,23.4,1,0,0.971,50.03,0.27,108601.0
2026-04-28 01:00:00,IN-DC-003,Mumbai,107343.0,37870.4,5779.4,1077.1,152069.9,1.417,28.1,82,8.4,18.1,24.0,1,0,0.974,49.96,0.28,107970.0
2026-04-28 02:00:00,IN-DC-003,Mumbai,105987.6,37223.6,5727.9,1079.6,150018.7,1.415,27.9,79,8.3,18.1,23.4,1,0,0.971,49.98,0.23,106513.0
2026-04-28 03:00:00,IN-DC-003,Mumbai,106133.4,34076.9,5733.5,988.7,146932.5,1.384,26.9,66,8.7,18.4,23.6,1,0,0.972,50.0,0.28,104322.0
2026-04-28 04:00:00,IN-DC-003,Mumbai,106226.0,35931.1,5737.0,1110.8,149004.8,1.403,27.4,83,8.6,18.0,23.6,1,0,0.971,49.94,0.29,105793.0
2026-04-28 05:00:00,IN-DC-003,Mumbai,104357.7,36568.3,5666.0,1237.4,147829.4,1.417,27.7,83,8.6,17.8,23.8,1,0,0.982,49.98,0.26,104959.0
2026-04-28 06:00:00,IN-DC-003,Mumbai,103679.9,36704.4,5640.2,875.3,146899.9,1.417,28.4,78,8.5,17.7,23.2,1,0,0.98,50.01,0.25,104299.0
2026-04-28 07:00:00,IN-DC-003,Mumbai,103548.7,36618.3,5635.3,1114.1,146916.4,1.419,28.9,75,8.3,17.9,24.1,1,0,0.969,49.97,0.25,104311.0
2026-04-28 08:00:00,IN-DC-003,Mumbai,102701.9,35007.4,5603.1,903.3,144215.8,1.404,28.9,65,8.4,17.8,23.8,1,0,0.982,49.91,0.28,102393.0
2026-04-28 09:00:00,IN-DC-003,Mumbai,102707.4,37025.5,5603.3,1323.5,146659.6,1.428,30.7,72,8.6,17.8,23.8,1,0,0.983,50.07,0.29,104128.0
2026-04-28 10:00:00,IN-DC-003,Mumbai,103114.8,38269.0,5618.8,1134.4,148137.0,1.437,31.8,75,8.6,17.8,24.1,1,0,0.976,49.98,0.35,105177.0
2026-04-28 11:00:00,IN-DC-003,Mumbai,104618.4,38407.8,5675.9,1328.5,150030.6,1.434,31.6,72,8.4,17.5,23.6,1,0,0.98,50.04,0.29,106522.0
2026-04-28 12:00:00,IN-DC-003,Mumbai,105934.4,37484.0,5725.9,1114.3,150258.7,1.418,32.7,60,8.8,18.2,24.0,1,0,0.966,49.95,0.33,106684.0
2026-04-28 13:00:00,IN-DC-003,Mumbai,106555.3,37275.0,5749.5,886.9,150466.7,1.412,32.8,58,8.5,17.9,24.1,1,0,0.963,50.04,0.31,106831.0
2026-04-28 14:00:00,IN-DC-003,Mumbai,107089.8,39157.0,5769.8,1063.7,153080.4,1.429,33.5,60,8.9,18.7,24.4,1,0,0.974,49.99,0.37,108687.0
2026-04-28 15:00:00,IN-DC-003,Mumbai,108949.5,38599.8,5840.5,1617.9,155007.6,1.423,33.4,52,8.8,18.1,24.3,1,0,0.982,49.98,0.38,110055.0
2026-04-28 16:00:00,IN-DC-003,Mumbai,109112.9,40639.3,5846.7,1134.2,156733.2,1.436,34.0,54,8.8,18.5,23.9,1,0,0.986,50.02,0.37,111281.0
2026-04-28 17:00:00,IN-DC-003,Mumbai,110557.7,39025.1,5901.6,1285.8,156770.2,1.418,32.9,61,8.7,18.8,24.1,1,0,0.979,49.96,0.36,111307.0
2026-04-28 18:00:00,IN-DC-003,Mumbai,110465.4,39519.6,5898.1,1006.4,156889.4,1.42,33.0,61,8.7,18.5,24.1,1,0,0.97,50.05,0.36,111391.0
2026-04-28 19:00:00,IN-DC-003,Mumbai,111718.4,39668.7,5945.7,1071.2,158404.1,1.418,31.7,60,8.6,18.4,24.1,1,0,0.965,50.08,0.32,112467.0
2026-04-28 20:00:00,IN-DC-003,Mumbai,110791.3,38746.4,5910.5,1255.0,156703.2,1.414,31.0,65,8.3,17.7,23.2,1,0,0.98,49.97,0.32,111259.0
2026-04-28 21:00:00,IN-DC-003,Mumbai,110152.5,37664.9,5886.2,1320.3,155023.9,1.407,30.6,63,8.4,18.4,23.6,1,0,0.974,49.96,0.31,110067.0
2026-04-28 22:00:00,IN-DC-003,Mumbai,111731.2,38494.4,5946.2,1290.1,157461.9,1.409,29.0,70,8.6,18.4,24.1,1,0,0.979,50.04,0.29,111798.0
2026-04-28 23:00:00,IN-DC-003,Mumbai,111996.8,40186.0,5956.3,980.0,159119.0,1.421,28.7,79,8.6,18.3,23.7,1,0,0.976,50.07,0.27,112975.0
2026-04-29 00:00:00,IN-DC-003,Mumbai,109661.3,38444.2,5867.5,889.4,154862.4,1.412,28.9,74,8.7,18.6,23.8,1,0,0.971,49.97,0.31,109952.0
2026-04-29 01:00:00,IN-DC-003,Mumbai,107020.7,36898.1,5767.2,916.1,150602.1,1.407,27.6,76,8.2,17.7,23.7,1,0,0.96,50.03,0.25,106927.0
2026-04-29 02:00:00,IN-DC-003,Mumbai,109285.1,37486.0,5853.2,1018.3,153642.6,1.406,26.9,78,8.5,17.9,23.7,1,0,0.961,50.05,0.28,109086.0
2026-04-29 03:00:00,IN-DC-003,Mumbai,107543.0,37291.1,5787.0,1070.9,151691.9,1.411,26.8,75,8.6,18.2,24.0,1,0,0.973,49.95,0.33,107701.0
2026-04-29 04:00:00,IN-DC-003,Mumbai,108554.4,37679.6,5825.5,1197.5,153257.0,1.412,27.6,82,8.8,18.6,24.6,1,0,0.967,49.93,0.22,108812.0
2026-04-29 05:00:00,IN-DC-003,Mumbai,107105.0,36765.3,5770.4,860.4,150501.1,1.405,27.6,72,8.9,18.3,24.2,1,0,0.973,50.03,0.3,106856.0
2026-04-29 06:00:00,IN-DC-003,Mumbai,104914.5,37817.7,5687.2,917.8,149337.1,1.423,28.4,73,8.2,18.0,24.4,1,0,0.977,50.07,0.25,106029.0
2026-04-29 07:00:00,IN-DC-003,Mumbai,105021.3,36292.2,5691.2,1161.4,148166.2,1.411,27.6,75,8.6,17.7,23.5,1,0,0.98,49.95,0.3,105198.0
2026-04-29 08:00:00,IN-DC-003,Mumbai,105416.9,36488.5,5706.2,1128.0,148739.6,1.411,29.3,63,8.4,18.2,24.8,1,0,0.962,50.05,0.23,105605.0
2026-04-29 09:00:00,IN-DC-003,Mumbai,104702.1,37309.6,5679.1,1070.7,148761.4,1.421,30.2,74,8.3,17.6,24.2,1,0,0.973,49.99,0.32,105621.0
2026-04-29 10:00:00,IN-DC-003,Mumbai,106989.7,38676.2,5766.0,1381.8,152813.7,1.428,31.7,70,8.6,18.6,23.6,1,0,0.976,50.03,0.3,108498.0
2026-04-29 11:00:00,IN-DC-003,Mumbai,106913.3,38461.9,5763.1,975.7,152114.0,1.423,32.5,62,8.9,18.5,23.9,1,0,0.989,50.06,0.33,108001.0
2026-04-29 12:00:00,IN-DC-003,Mumbai,106564.7,38870.9,5749.9,1251.3,152436.8,1.43,33.0,65,8.4,17.8,24.4,1,0,0.972,49.98,0.37,108230.0
2026-04-29 13:00:00,IN-DC-003,Mumbai,109415.0,38176.8,5858.2,1143.1,154593.0,1.413,32.2,59,8.6,18.1,23.8,1,0,0.957,49.91,0.35,109761.0
2026-04-29 14:00:00,IN-DC-003,Mumbai,108189.5,39856.8,5811.6,1077.2,154935.1,1.432,33.9,59,8.8,18.3,23.6,1,0,0.963,49.96,0.38,110004.0
2026-04-29 15:00:00,IN-DC-003,Mumbai,110899.1,40343.1,5914.6,1006.6,158163.3,1.426,34.2,61,8.4,18.0,23.5,1,0,0.986,49.97,0.37,112296.0
2026-04-29 16:00:00,IN-DC-003,Mumbai,110257.2,40658.8,5890.2,877.1,157683.3,1.43,33.0,66,8.7,18.3,23.9,1,0,0.964,50.04,0.33,111955.0
2026-04-29 17:00:00,IN-DC-003,Mumbai,113153.6,40599.2,6000.2,937.4,160690.5,1.42,33.3,59,8.4,18.6,24.4,1,0,0.977,49.96,0.35,114090.0
2026-04-29 18:00:00,IN-DC-003,Mumbai,112222.2,42123.0,5964.8,1072.0,161382.0,1.438,32.9,69,8.6,18.4,23.9,1,0,0.971,49.95,0.34,114581.0
2026-04-29 19:00:00,IN-DC-003,Mumbai,112926.5,40419.3,5991.6,1000.7,160338.1,1.42,31.8,67,8.5,18.7,23.8,1,0,0.968,49.98,0.36,113840.0
2026-04-29 20:00:00,IN-DC-003,Mumbai,113910.9,40721.8,6029.0,1011.0,161672.7,1.419,31.4,72,8.8,18.8,24.5,1,0,0.968,50.05,0.35,114788.0
2026-04-29 21:00:00,IN-DC-003,Mumbai,113894.9,40519.0,6028.4,1103.0,161545.4,1.418,30.1,69,8.6,18.7,24.0,1,0,0.982,49.95,0.28,114697.0
2026-04-29 22:00:00,IN-DC-003,Mumbai,113608.6,39389.8,6017.5,1304.1,160320.0,1.411,29.7,73,8.4,18.4,24.1,1,0,0.966,50.02,0.32,113827.0
2026-04-29 23:00:00,IN-DC-003,Mumbai,112856.9,40530.1,5989.0,1194.0,160570.0,1.423,28.9,83,8.4,18.2,23.8,1,0,0.991,49.93,0.28,114005.0
2026-04-30 00:00:00,IN-DC-003,Mumbai,111146.3,38499.4,5924.0,1128.1,156697.8,1.41,28.4,74,8.2,18.3,23.3,1,0,0.963,50.13,0.29,111255.0
2026-04-30 01:00:00,IN-DC-003,Mumbai,110979.0,39385.1,5917.6,979.5,157261.2,1.417,28.8,74,8.6,18.3,24.2,1,0,0.979,49.9,0.31,111655.0
2026-04-30 02:00:00,IN-DC-003,Mumbai,110258.1,39739.2,5890.2,1087.4,156974.9,1.424,27.1,89,8.0,17.6,23.7,1,0,0.979,50.02,0.3,111452.0
2026-04-30 03:00:00,IN-DC-003,Mumbai,109615.0,37790.4,5865.8,1164.8,154435.9,1.409,28.1,72,8.7,18.7,24.5,1,0,0.971,50.02,0.25,109650.0
2026-04-30 04:00:00,IN-DC-003,Mumbai,107976.1,39318.0,5803.5,1015.9,154113.5,1.427,27.7,84,8.3,17.8,23.5,1,0,0.964,49.95,0.29,109421.0
2026-04-30 05:00:00,IN-DC-003,Mumbai,108406.5,37776.0,5819.8,1188.0,153190.3,1.413,28.0,76,8.3,17.7,23.5,1,0,0.985,49.97,0.29,108765.0
2026-04-30 06:00:00,IN-DC-003,Mumbai,106849.2,36090.8,5760.7,1120.1,149820.8,1.402,27.4,76,8.5,17.9,24.4,1,0,0.975,50.0,0.28,106373.0
2026-04-30 07:00:00,IN-DC-003,Mumbai,106356.6,36278.1,5741.9,1204.3,149580.9,1.406,29.5,67,8.4,18.0,24.2,1,0,0.966,49.99,0.3,106202.0
2026-04-30 08:00:00,IN-DC-003,Mumbai,106041.5,36203.9,5730.0,1546.7,149522.1,1.41,29.1,71,8.3,17.7,23.8,1,0,0.982,49.97,0.31,106161.0
2026-04-30 09:00:00,IN-DC-003,Mumbai,106229.5,36593.4,5737.1,1160.0,149720.0,1.409,30.0,63,8.4,18.0,23.7,1,0,0.968,49.99,0.28,106301.0
2026-04-30 10:00:00,IN-DC-003,Mumbai,106647.9,37636.3,5753.0,1183.5,151220.7,1.418,31.0,65,8.8,18.4,23.7,1,0,0.976,49.89,0.35,107367.0
2026-04-30 11:00:00,IN-DC-003,Mumbai,107651.8,38483.2,5791.2,1074.7,153000.9,1.421,31.7,64,8.4,18.2,24.3,1,0,0.966,50.04,0.32,108631.0
2026-04-30 12:00:00,IN-DC-003,Mumbai,110369.9,39032.4,5894.5,1241.4,156538.1,1.418,32.0,54,8.2,18.3,24.2,1,0,0.987,50.01,0.34,111142.0
2026-04-30 13:00:00,IN-DC-003,Mumbai,110137.0,40223.6,5885.6,1020.8,157267.0,1.428,33.7,62,8.9,18.9,24.5,1,0,0.968,50.07,0.34,111660.0
2026-04-30 14:00:00,IN-DC-003,Mumbai,112793.3,41743.7,5986.5,1143.9,161667.5,1.433,33.6,60,8.4,18.4,24.0,1,0,0.991,49.96,0.36,114784.0
2026-04-30 15:00:00,IN-DC-003,Mumbai,110696.4,40936.0,5906.9,859.0,158398.2,1.431,34.7,48,8.5,18.2,23.9,1,0,0.974,49.97,0.37,112463.0
2026-04-30 16:00:00,IN-DC-003,Mumbai,114040.6,40253.1,6033.9,1376.8,161704.4,1.418,33.0,54,8.8,18.8,23.7,1,0,0.97,49.99,0.34,114810.0
2026-04-30 17:00:00,IN-DC-003,Mumbai,114821.2,40477.0,6063.6,1279.2,162641.0,1.416,32.7,55,8.6,18.5,23.7,1,0,0.962,49.99,0.3,115475.0
2026-04-30 18:00:00,IN-DC-003,Mumbai,113359.4,42493.8,6008.1,980.2,162841.4,1.437,33.5,74,8.7,18.6,24.1,1,0,0.978,50.04,0.37,115617.0
2026-04-30 19:00:00,IN-DC-003,Mumbai,115541.0,40217.0,6091.0,1354.0,163202.9,1.413,31.2,62,8.6,18.9,23.6,1,0,0.978,50.03,0.29,115874.0
2026-04-30 20:00:00,IN-DC-003,Mumbai,115763.3,39228.4,6099.4,1167.9,162259.1,1.402,31.2,59,8.4,18.6,23.6,1,0,0.98,49.98,0.31,115204.0
2026-04-30 21:00:00,IN-DC-003,Mumbai,115910.6,41181.4,6105.0,1222.4,164419.4,1.419,30.1,69,8.6,18.7,24.1,1,0,0.977,49.99,0.31,116738.0
2026-04-30 22:00:00,IN-DC-003,Mumbai,114663.1,38533.2,6057.6,1154.6,160408.5,1.399,29.4,66,8.5,18.6,23.9,1,0,0.974,50.01,0.28,113890.0
2026-04-30 23:00:00,IN-DC-003,Mumbai,115108.4,39434.2,6074.5,1096.4,161713.5,1.405,28.0,71,8.2,18.1,23.8,1,0,0.959,50.06,0.25,114817.0
2026-04-01 00:00:00,IN-DC-017,Mumbai,34116.6,12004.4,1794.4,353.6,48269.0,1.415,29.0,79,8.5,13.7,24.6,1,0,0.962,49.95,1.08,34271.0
2026-04-01 01:00:00,IN-DC-017,Mumbai,33933.5,11442.8,1787.5,317.4,47481.1,1.399,27.3,80,8.5,14.4,24.6,1,0,0.973,50.04,0.8,33712.0
2026-04-01 02:00:00,IN-DC-017,Mumbai,33436.3,11962.1,1768.6,293.8,47460.8,1.419,27.7,82,8.4,13.6,24.1,1,0,0.978,50.03,0.99,33697.0
2026-04-01 03:00:00,IN-DC-017,Mumbai,33501.8,11573.1,1771.1,428.3,47274.3,1.411,27.1,81,8.2,13.5,24.1,1,0,0.981,50.02,0.93,33565.0
2026-04-01 04:00:00,IN-DC-017,Mumbai,33037.3,11231.7,1753.4,265.8,46288.3,1.401,26.8,78,8.5,13.9,24.0,1,0,0.961,49.97,1.02,32865.0
2026-04-01 05:00:00,IN-DC-017,Mumbai,32685.8,11235.1,1740.1,283.6,45944.6,1.406,28.1,76,8.6,14.2,23.6,1,0,0.966,49.96,0.98,32621.0
2026-04-01 06:00:00,IN-DC-017,Mumbai,32809.0,10600.6,1744.7,425.3,45579.6,1.389,28.0,71,8.7,13.8,24.2,1,0,0.974,49.97,0.96,32362.0
2026-04-01 07:00:00,IN-DC-017,Mumbai,32868.2,11126.7,1747.0,315.3,46057.2,1.401,28.4,69,8.6,13.8,24.1,1,0,0.99,50.06,0.95,32701.0
2026-04-01 08:00:00,IN-DC-017,Mumbai,32795.2,11377.3,1744.2,316.9,46233.6,1.41,29.1,74,8.8,14.2,24.2,1,0,0.971,49.97,0.89,32826.0
2026-04-01 09:00:00,IN-DC-017,Mumbai,32625.5,11362.4,1737.8,352.6,46078.3,1.412,29.5,68,8.6,13.9,23.8,1,0,0.984,49.91,0.8,32716.0
2026-04-01 10:00:00,IN-DC-017,Mumbai,33569.6,11578.7,1773.6,312.1,47234.0,1.407,30.9,58,8.6,13.7,24.0,1,0,0.988,50.08,1.0,33536.0
2026-04-01 11:00:00,IN-DC-017,Mumbai,33359.5,11794.9,1765.7,328.6,47248.7,1.416,31.9,64,8.5,14.2,23.6,1,0,0.98,50.03,1.05,33547.0
2026-04-01 12:00:00,IN-DC-017,Mumbai,33743.3,11840.3,1780.2,307.7,47671.5,1.413,32.3,56,8.6,14.5,23.8,1,0,0.986,50.07,1.2,33847.0
2026-04-01 13:00:00,IN-DC-017,Mumbai,34061.7,11998.1,1792.3,356.2,48208.4,1.415,32.1,60,8.5,14.4,23.9,1,0,0.963,50.07,1.03,34228.0
2026-04-01 14:00:00,IN-DC-017,Mumbai,34184.9,11831.3,1797.0,330.2,48143.5,1.408,32.3,58,8.0,13.7,24.4,1,0,0.992,49.89,1.13,34182.0
2026-04-01 15:00:00,IN-DC-017,Mumbai,34600.0,12637.5,1812.8,358.5,49408.8,1.428,34.5,61,8.7,14.6,23.6,1,0,0.97,49.97,1.09,35080.0
2026-04-01 16:00:00,IN-DC-017,Mumbai,34701.2,12251.1,1816.6,370.1,49139.0,1.416,32.8,60,8.8,14.3,23.8,1,0,0.976,50.01,1.18,34889.0
2026-04-01 17:00:00,IN-DC-017,Mumbai,35254.9,12450.5,1837.7,368.6,49911.7,1.416,32.6,56,8.4,14.0,24.4,1,0,0.979,49.97,1.18,35437.0
2026-04-01 18:00:00,IN-DC-017,Mumbai,35946.0,12954.2,1863.9,300.1,51064.3,1.421,32.9,57,8.5,14.7,23.2,1,0,0.994,49.94,1.09,36256.0
2026-04-01 19:00:00,IN-DC-017,Mumbai,35197.1,12581.4,1835.5,307.6,49921.6,1.418,31.9,60,8.5,14.4,24.3,1,0,0.994,49.94,1.15,35444.0
2026-04-01 20:00:00,IN-DC-017,Mumbai,35890.9,12908.8,1861.9,334.0,50995.6,1.421,31.4,71,8.9,14.9,24.3,1,0,0.978,49.88,0.99,36207.0
2026-04-01 21:00:00,IN-DC-017,Mumbai,36025.2,12456.5,1867.0,319.4,50668.0,1.406,29.7,63,8.5,14.6,23.9,1,0,0.98,50.04,0.99,35974.0
2026-04-01 22:00:00,IN-DC-017,Mumbai,35495.8,12152.9,1846.8,381.6,49877.1,1.405,29.8,70,8.5,14.2,24.4,1,0,0.979,50.07,0.94,35413.0
2026-04-01 23:00:00,IN-DC-017,Mumbai,35848.2,12574.6,1860.2,331.0,50614.0,1.412,29.5,76,8.4,14.2,24.3,1,0,0.983,50.06,0.97,35936.0
2026-04-02 00:00:00,IN-DC-017,Mumbai,35386.9,12204.4,1842.7,366.6,49800.6,1.407,28.8,72,8.4,14.4,23.6,1,0,0.976,49.97,0.9,35358.0
2026-04-02 01:00:00,IN-DC-017,Mumbai,35037.2,11829.5,1829.4,322.3,49018.4,1.399,27.0,75,8.5,14.4,24.4,1,0,0.972,50.02,0.84,34803.0
2026-04-02 02:00:00,IN-DC-017,Mumbai,34787.7,12021.4,1819.9,336.2,48965.3,1.408,28.0,74,8.8,14.6,23.6,1,0,0.97,50.06,0.97,34765.0
2026-04-02 03:00:00,IN-DC-017,Mumbai,34617.2,12158.2,1813.5,341.1,48929.9,1.413,27.5,82,8.6,14.3,24.1,1,0,0.974,49.98,0.94,34740.0
2026-04-02 04:00:00,IN-DC-017,Mumbai,34188.2,11860.3,1797.2,267.7,48113.4,1.407,27.9,74,8.2,13.6,23.4,1,0,0.967,49.97,0.97,34160.0
2026-04-02 05:00:00,IN-DC-017,Mumbai,34145.0,11473.0,1795.5,380.5,47794.1,1.4,28.2,73,8.6,14.3,24.0,1,0,0.962,50.02,0.87,33934.0
2026-04-02 06:00:00,IN-DC-017,Mumbai,33969.3,12332.1,1788.8,308.1,48398.4,1.425,28.8,80,8.6,14.1,24.1,1,0,0.969,50.01,0.93,34363.0
2026-04-02 07:00:00,IN-DC-017,Mumbai,34103.7,11827.4,1793.9,301.4,48026.3,1.408,29.5,66,8.5,14.3,24.4,1,0,0.981,49.93,0.88,34099.0
2026-04-02 08:00:00,IN-DC-017,Mumbai,33892.8,11575.4,1785.9,286.2,47540.3,1.403,30.0,69,8.9,14.5,24.2,1,0,0.982,49.97,0.93,33754.0
2026-04-02 09:00:00,IN-DC-017,Mumbai,33977.5,11662.9,1789.1,308.5,47738.0,1.405,29.8,68,8.3,13.7,24.1,1,0,0.984,50.01,1.06,33894.0
2026-04-02 10:00:00,IN-DC-017,Mumbai,33880.3,11799.2,1785.5,292.9,47757.9,1.41,31.8,62,8.5,14.1,23.9,1,0,0.968,50.05,1.02,33908.0
2026-04-02 11:00:00,IN-DC-017,Mumbai,34750.7,12145.9,1818.5,293.7,49008.9,1.41,32.0,60,8.6,14.4,24.0,1,0,0.981,49.91,0.96,34796.0
2026-04-02 12:00:00,IN-DC-017,Mumbai,35081.8,12069.4,1831.1,366.3,49348.6,1.407,31.5,62,8.4,14.0,24.3,1,0,0.979,49.97,1.01,35038.0
2026-04-02 13:00:00,IN-DC-017,Mumbai,35676.7,12661.0,1853.7,310.6,50502.1,1.416,33.2,53,8.5,14.4,24.6,1,0,0.961,49.95,1.1,35856.0
2026-04-02 14:00:00,IN-DC-017,Mumbai,35619.6,12987.9,1851.5,329.0,50788.0,1.426,33.9,59,8.5,13.8,23.7,1,0,0.986,49.95,1.1,36059.0
2026-04-02 15:00:00,IN-DC-017,Mumbai,35949.3,12771.5,1864.1,323.2,50908.1,1.416,33.5,58,8.8,14.7,23.8,1,0,0.977,49.96,1.15,36145.0
2026-04-02 16:00:00,IN-DC-017,Mumbai,36140.3,12773.4,1871.3,390.8,51175.9,1.416,33.1,53,8.4,14.4,24.1,1,0,0.989,50.03,1.17,36335.0
2026-04-02 17:00:00,IN-DC-017,Mumbai,36517.3,12682.3,1885.7,337.1,51422.3,1.408,33.0,61,8.8,14.6,23.7,1,0,0.972,50.01,1.08,36510.0
2026-04-02 18:00:00,IN-DC-017,Mumbai,36948.1,13261.8,1902.0,371.3,52483.2,1.42,32.4,57,8.5,14.1,23.4,1,0,0.976,50.05,1.14,37263.0
2026-04-02 19:00:00,IN-DC-017,Mumbai,36653.4,12702.2,1890.8,269.6,51516.1,1.405,31.7,61,8.5,14.6,23.8,1,0,0.98,49.94,1.11,36576.0
2026-04-02 20:00:00,IN-DC-017,Mumbai,37435.0,13178.8,1920.5,307.9,52842.3,1.412,32.1,63,8.1,14.0,24.0,1,0,0.971,50.0,1.25,37518.0
2026-04-02 21:00:00,IN-DC-017,Mumbai,36413.1,12395.7,1881.7,328.9,51019.4,1.401,30.1,65,8.5,14.7,24.6,1,0,0.965,50.02,0.95,36224.0
2026-04-02 22:00:00,IN-DC-017,Mumbai,37332.0,13162.6,1916.6,337.2,52748.5,1.413,30.7,72,8.4,15.0,24.0,1,0,0.975,49.97,1.06,37451.0
2026-04-02 23:00:00,IN-DC-017,Mumbai,36726.3,12198.2,1893.6,302.5,51120.6,1.392,28.2,66,8.3,14.2,24.4,1,0,0.975,50.05,0.93,36296.0
2026-04-03 00:00:00,IN-DC-017,Mumbai,36992.3,12286.7,1903.7,271.8,51454.5,1.391,27.6,73,8.8,14.8,24.1,1,0,0.991,49.94,0.9,36533.0
2026-04-03 01:00:00,IN-DC-017,Mumbai,36425.1,12779.3,1882.2,354.2,51440.8,1.412,28.3,77,8.3,14.2,23.7,1,0,0.983,49.96,1.04,36523.0
2026-04-03 02:00:00,IN-DC-017,Mumbai,36123.9,12418.6,1870.7,324.0,50737.2,1.405,27.0,82,8.4,14.0,24.4,1,0,0.973,49.95,0.86,36023.0
2026-04-03 03:00:00,IN-DC-017,Mumbai,36058.5,12839.8,1868.2,398.8,51165.3,1.419,28.0,81,8.2,14.1,23.7,1,0,0.963,50.01,0.93,36327.0
2026-04-03 04:00:00,IN-DC-017,Mumbai,35590.7,12095.5,1850.4,406.6,49943.2,1.403,27.0,78,8.3,13.8,24.5,1,0,0.973,50.02,0.89,35460.0
2026-04-03 05:00:00,IN-DC-017,Mumbai,35649.0,12791.8,1852.7,353.5,50646.9,1.421,27.5,85,8.5,13.9,24.0,1,0,0.97,50.03,1.0,35959.0
2026-04-03 06:00:00,IN-DC-017,Mumbai,35604.3,12161.6,1851.0,340.5,49957.4,1.403,27.9,71,7.9,13.9,23.9,1,0,0.964,49.96,0.91,35470.0
2026-04-03 07:00:00,IN-DC-017,Mumbai,35438.1,12555.6,1844.6,364.5,50202.9,1.417,29.5,74,8.1,14.0,24.5,1,0,0.977,50.06,0.85,35644.0
2026-04-03 08:00:00,IN-DC-017,Mumbai,34900.3,12234.3,1824.2,308.2,49266.9,1.412,30.1,71,8.5,13.9,23.8,1,0,0.967,50.0,1.05,34980.0
2026-04-03 09:00:00,IN-DC-017,Mumbai,35182.6,12278.1,1834.9,306.9,49602.6,1.41,30.4,63,8.4,14.0,24.2,1,0,0.967,50.01,1.01,35218.0
2026-04-03 10:00:00,IN-DC-017,Mumbai,35017.4,12151.1,1828.7,311.1,49308.3,1.408,30.8,60,8.7,14.3,24.1,1,0,0.974,50.02,1.03,35009.0
2026-04-03 11:00:00,IN-DC-017,Mumbai,35925.0,12541.1,1863.2,336.0,50665.3,1.41,30.4,63,8.3,13.8,23.6,1,0,0.962,50.04,0.93,35972.0
2026-04-03 12:00:00,IN-DC-017,Mumbai,35762.3,12473.0,1857.0,339.2,50431.6,1.41,32.4,57,8.7,14.6,23.5,1,0,0.98,50.03,1.21,35806.0
2026-04-03 13:00:00,IN-DC-017,Mumbai,36568.8,13042.2,1887.6,355.3,51853.9,1.418,32.3,61,8.9,14.3,23.9,1,0,0.982,49.94,1.16,36816.0
2026-04-03 14:00:00,IN-DC-017,Mumbai,36484.8,13094.4,1884.4,357.2,51820.9,1.42,33.1,54,8.7,14.3,24.1,1,0,0.974,50.03,1.03,36793.0
2026-04-03 15:00:00,IN-DC-017,Mumbai,36750.3,13546.4,1894.5,256.0,52447.2,1.427,33.9,54,8.9,15.0,23.8,1,0,0.985,50.01,1.25,37237.0
2026-04-03 16:00:00,IN-DC-017,Mumbai,37053.6,13390.1,1906.0,325.1,52674.8,1.422,33.8,62,8.7,14.5,23.9,1,0,0.978,50.1,1.25,37399.0
2026-04-03 17:00:00,IN-DC-017,Mumbai,37317.8,12881.9,1916.1,375.9,52491.6,1.407,32.5,53,8.5,14.6,23.6,1,0,0.972,50.04,1.19,37269.0
2026-04-03 18:00:00,IN-DC-017,Mumbai,38823.4,13490.9,1973.3,277.9,54565.4,1.405,32.5,60,8.5,14.5,23.9,1,0,0.971,50.07,1.09,38741.0
2026-04-03 19:00:00,IN-DC-017,Mumbai,38429.4,13394.6,1958.3,285.5,54067.8,1.407,31.4,66,8.9,14.9,24.0,1,0,0.993,49.98,1.01,38388.0
2026-04-03 20:00:00,IN-DC-017,Mumbai,38225.8,12992.3,1950.6,323.6,53492.2,1.399,30.5,65,8.8,15.2,24.0,1,0,0.967,49.97,1.12,37979.0
2026-04-03 21:00:00,IN-DC-017,Mumbai,38548.9,12975.4,1962.9,280.2,53767.3,1.395,29.9,66,8.7,14.7,23.1,1,0,0.96,50.07,0.96,38175.0
2026-04-03 22:00:00,IN-DC-017,Mumbai,38610.5,13673.8,1965.2,280.7,54530.3,1.412,30.0,75,8.7,14.8,23.9,1,0,0.97,49.96,1.01,38717.0
2026-04-03 23:00:00,IN-DC-017,Mumbai,38206.1,12868.1,1949.8,288.0,53312.1,1.395,28.6,67,8.7,14.3,23.8,1,0,0.981,50.04,0.72,37852.0
2026-04-04 00:00:00,IN-DC-017,Mumbai,37163.5,12852.0,1910.2,334.3,52260.0,1.406,28.4,76,8.6,14.8,24.1,1,0,0.971,49.95,0.87,37105.0
2026-04-04 01:00:00,IN-DC-017,Mumbai,36663.3,12585.1,1891.2,324.0,51463.6,1.404,28.0,75,8.6,14.6,23.6,1,0,0.974,50.02,0.92,36539.0
2026-04-04 02:00:00,IN-DC-017,Mumbai,36062.5,12494.0,1868.4,357.3,50782.2,1.408,28.2,80,8.8,14.8,23.8,1,0,0.966,50.0,0.92,36055.0
2026-04-04 03:00:00,IN-DC-017,Mumbai,36056.7,12704.5,1868.2,270.8,50900.1,1.412,28.0,78,8.7,14.6,24.2,1,0,0.967,50.06,0.79,36139.0
2026-04-04 04:00:00,IN-DC-017,Mumbai,35893.1,12000.8,1861.9,321.5,50077.3,1.395,27.2,77,8.7,15.0,24.2,1,0,0.975,50.08,0.99,35555.0
2026-04-04 05:00:00,IN-DC-017,Mumbai,35652.2,12506.4,1852.8,255.4,50266.8,1.41,28.6,81,8.5,14.4,23.4,1,0,0.955,49.94,0.91,35689.0
2026-04-04 06:00:00,IN-DC-017,Mumbai,34986.5,12243.6,1827.5,332.0,49389.6,1.412,27.6,77,8.5,14.1,23.7,1,0,0.958,49.96,0.82,35067.0
2026-04-04 07:00:00,IN-DC-017,Mumbai,35317.4,12304.0,1840.1,298.9,49760.4,1.409,28.8,76,8.4,14.2,24.3,1,0,0.979,50.05,0.96,35330.0
2026-04-04 08:00:00,IN-DC-017,Mumbai,35889.7,12618.1,1861.8,333.2,50702.8,1.413,29.3,74,8.5,14.4,24.4,1,0,0.98,50.03,1.03,35999.0
2026-04-04 09:00:00,IN-DC-017,Mumbai,35188.1,12110.9,1835.1,382.4,49516.6,1.407,30.2,61,8.4,13.7,25.0,1,0,0.976,50.09,0.97,35157.0
2026-04-04 10:00:00,IN-DC-017,Mumbai,35548.2,12209.0,1848.8,393.5,49999.6,1.407,31.0,63,9.2,14.9,23.8,1,0,0.993,50.09,0.93,35500.0
2026-04-04 11:00:00,IN-DC-017,Mumbai,36919.2,12994.0,1900.9,257.3,52071.5,1.41,32.3,61,8.7,14.0,24.4,1,0,0.976,49.95,1.14,36971.0
2026-04-04 12:00:00,IN-DC-017,Mumbai,36555.1,13327.7,1887.1,297.1,52067.0,1.424,32.8,62,8.3,14.2,23.8,1,0,0.979,49.99,1.18,36968.0
2026-04-04 13:00:00,IN-DC-017,Mumbai,36454.6,12738.6,1883.3,344.8,51421.3,1.411,32.8,50,8.8,14.5,24.4,1,0,0.982,49.96,1.18,36509.0
2026-04-04 14:00:00,IN-DC-017,Mumbai,36973.8,13418.2,1903.0,295.9,52590.8,1.422,34.9,58,8.5,14.7,24.2,1,0,0.962,49.97,1.3,37339.0
2026-04-04 15:00:00,IN-DC-017,Mumbai,37528.1,13383.6,1924.1,360.3,53196.1,1.417,34.0,61,8.4,14.3,24.3,1,0,0.973,49.98,1.32,37769.0
2026-04-04 16:00:00,IN-DC-017,Mumbai,37265.3,13484.3,1914.1,335.8,52999.4,1.422,34.1,54,8.4,14.7,23.9,1,0,0.973,50.03,1.08,37630.0
2026-04-04 17:00:00,IN-DC-017,Mumbai,37621.8,13334.0,1927.6,345.9,53229.4,1.415,32.9,60,8.8,15.0,23.4,1,0,0.977,50.03,1.17,37793.0
2026-04-04 18:00:00,IN-DC-017,Mumbai,38846.5,13674.1,1974.2,328.9,54823.6,1.411,32.8,59,8.1,14.2,24.4,1,0,0.963,49.95,1.23,38925.0
2026-04-04 19:00:00,IN-DC-017,Mumbai,38380.1,13588.7,1956.4,400.4,54325.6,1.415,32.2,64,8.5,14.9,23.6,1,0,0.977,50.09,1.24,38571.0
2026-04-04 20:00:00,IN-DC-017,Mumbai,38425.0,13326.8,1958.2,381.6,54091.6,1.408,31.3,69,8.1,13.9,23.9,1,0,0.973,49.95,1.02,38405.0
2026-04-04 21:00:00,IN-DC-017,Mumbai,38402.0,13546.9,1957.3,327.9,54234.0,1.412,31.0,70,8.5,14.4,23.2,1,0,0.981,49.96,0.93,38506.0
2026-04-04 22:00:00,IN-DC-017,Mumbai,38246.8,13744.4,1951.4,339.1,54281.7,1.419,30.2,78,9.0,15.1,23.8,1,0,0.978,50.0,1.03,38540.0
2026-04-04 23:00:00,IN-DC-017,Mumbai,38731.8,13175.0,1969.8,290.8,54167.3,1.399,29.6,71,8.6,14.9,24.4,1,0,0.977,50.02,0.93,38459.0
2026-04-05 00:00:00,IN-DC-017,Mumbai,38399.7,13180.8,1957.2,305.6,53843.3,1.402,28.3,80,8.6,14.4,23.7,1,0,0.995,49.99,0.96,38229.0
2026-04-05 01:00:00,IN-DC-017,Mumbai,37562.7,13389.1,1925.4,334.1,53211.3,1.417,28.4,88,8.5,14.6,23.8,1,0,0.99,50.01,1.04,37780.0
2026-04-05 02:00:00,IN-DC-017,Mumbai,37365.1,12802.8,1917.9,332.2,52418.0,1.403,27.2,79,8.5,14.5,23.6,1,0,0.978,50.02,0.86,37217.0
2026-04-05 03:00:00,IN-DC-017,Mumbai,36953.1,12774.1,1902.2,280.0,51909.5,1.405,27.3,79,8.4,14.5,23.9,1,0,0.983,50.05,0.86,36856.0
2026-04-05 04:00:00,IN-DC-017,Mumbai,36804.1,12358.1,1896.6,312.6,51371.3,1.396,27.4,78,8.2,14.4,24.0,1,0,0.975,49.94,0.79,36474.0
2026-04-05 05:00:00,IN-DC-017,Mumbai,36742.2,12696.5,1894.2,299.5,51632.4,1.405,28.7,75,8.8,14.8,23.8,1,0,0.979,50.03,0.9,36659.0
2026-04-05 06:00:00,IN-DC-017,Mumbai,36661.6,12623.1,1891.1,319.0,51494.8,1.405,28.9,71,8.4,14.3,23.8,1,0,0.973,49.99,1.02,36561.0
2026-04-05 07:00:00,IN-DC-017,Mumbai,37058.5,13240.7,1906.2,280.6,52486.1,1.416,29.0,82,8.6,14.5,23.4,1,0,0.986,50.0,0.86,37265.0
2026-04-05 08:00:00,IN-DC-017,Mumbai,37164.0,13135.7,1910.2,395.3,52605.2,1.415,30.3,69,8.3,14.1,24.2,1,0,0.984,49.97,1.02,37350.0
2026-04-05 09:00:00,IN-DC-017,Mumbai,36296.2,12735.5,1877.3,241.6,51150.6,1.409,30.7,72,8.7,14.5,24.0,1,0,0.965,49.91,1.05,36317.0
2026-04-05 10:00:00,IN-DC-017,Mumbai,36815.5,12836.3,1897.0,354.1,51902.9,1.41,30.7,69,8.7,14.7,23.8,1,0,0.962,49.99,0.96,36851.0
2026-04-05 11:00:00,IN-DC-017,Mumbai,36779.7,12862.4,1895.6,382.5,51920.2,1.412,31.5,66,8.5,14.3,24.0,1,0,0.972,50.05,1.2,36863.0
2026-04-05 12:00:00,IN-DC-017,Mumbai,37167.3,12987.0,1910.4,425.7,52490.4,1.412,32.6,53,8.2,14.3,24.3,1,0,0.982,50.06,1.01,37268.0
2026-04-05 13:00:00,IN-DC-017,Mumbai,37881.9,13035.1,1937.5,331.2,53185.7,1.404,32.7,55,8.6,14.5,23.6,1,0,0.973,50.03,1.15,37762.0
2026-04-05 14:00:00,IN-DC-017,Mumbai,38583.4,14068.7,1964.2,301.5,54917.8,1.423,33.9,58,8.7,14.6,24.5,1,0,0.973,49.97,1.2,38992.0
2026-04-05 15:00:00,IN-DC-017,Mumbai,38867.1,14371.0,1975.0,344.3,55557.4,1.429,34.8,56,8.6,14.7,23.5,1,0,0.972,49.98,1.28,39446.0
2026-04-05 16:00:00,IN-DC-017,Mumbai,38845.2,13671.6,1974.1,379.0,54869.8,1.413,33.5,57,8.5,14.7,23.5,1,0,0.98,49.92,1.28,38958.0
2026-04-05 17:00:00,IN-DC-017,Mumbai,38912.7,13805.2,1976.7,321.5,55016.1,1.414,33.1,57,8.7,15.0,24.1,1,0,0.981,50.0,1.4,39061.0
2026-04-05 18:00:00,IN-DC-017,Mumbai,39183.5,13623.5,1987.0,340.1,55134.2,1.407,32.3,55,8.3,14.6,24.2,1,0,0.965,50.01,1.2,39145.0
2026-04-05 19:00:00,IN-DC-017,Mumbai,39978.9,14348.5,2017.2,338.1,56682.8,1.418,32.7,63,8.5,15.0,23.0,1,0,0.983,50.05,1.12,40245.0
2026-04-05 20:00:00,IN-DC-017,Mumbai,39749.3,13799.0,2008.5,306.3,55863.1,1.405,30.9,63,8.8,15.4,23.5,1,0,0.96,50.0,0.98,39663.0
2026-04-05 21:00:00,IN-DC-017,Mumbai,39372.7,13411.0,1994.2,402.4,55180.3,1.401,30.6,61,8.7,15.3,24.6,1,0,0.987,50.05,1.14,39178.0
2026-04-05 22:00:00,IN-DC-017,Mumbai,39998.5,14198.6,2017.9,329.6,56544.6,1.414,30.6,70,8.6,14.6,23.9,1,0,0.975,50.06,1.1,40147.0
2026-04-05 23:00:00,IN-DC-017,Mumbai,39482.7,13485.6,1998.3,394.4,55361.0,1.402,29.2,70,8.1,14.6,24.2,1,0,0.964,50.04,0.86,39306.0
2026-04-06 00:00:00,IN-DC-017,Mumbai,39861.7,13775.1,2012.7,358.4,56007.9,1.405,27.9,82,8.8,15.4,24.4,1,0,0.987,50.03,0.74,39766.0
2026-04-06 01:00:00,IN-DC-017,Mumbai,40255.0,13333.1,2027.7,340.2,55956.0,1.39,28.2,72,8.6,15.0,23.6,1,0,0.984,50.0,0.89,39729.0
2026-04-06 02:00:00,IN-DC-017,Mumbai,39750.4,13246.2,2008.5,269.9,55275.0,1.391,27.6,76,8.3,14.7,24.1,1,0,0.976,49.92,0.78,39245.0
2026-04-06 03:00:00,IN-DC-017,Mumbai,39728.4,13767.8,2007.7,331.9,55835.8,1.405,27.8,82,8.4,14.4,23.8,1,0,0.981,49.92,1.07,39643.0
2026-04-06 04:00:00,IN-DC-017,Mumbai,39424.3,13215.2,1996.1,273.0,54908.6,1.393,27.5,76,8.5,14.7,24.1,1,0,0.986,49.89,1.15,38985.0
2026-04-06 05:00:00,IN-DC-017,Mumbai,39545.6,13926.2,2000.7,341.8,55814.3,1.411,27.7,85,8.4,14.2,23.5,1,0,0.989,50.01,0.94,39628.0
2026-04-06 06:00:00,IN-DC-017,Mumbai,38796.8,13620.6,1972.3,386.4,54776.1,1.412,28.9,76,8.4,14.9,24.7,1,0,0.981,49.98,1.0,38891.0
2026-04-06 07:00:00,IN-DC-017,Mumbai,38685.9,13111.0,1968.1,372.4,54137.3,1.399,28.8,74,8.6,14.9,24.5,1,0,0.972,50.06,0.98,38438.0
2026-04-06 08:00:00,IN-DC-017,Mumbai,38040.5,13511.4,1943.5,289.2,53784.7,1.414,30.0,73,8.3,14.5,23.8,1,0,0.968,50.06,1.07,38187.0
2026-04-06 09:00:00,IN-DC-017,Mumbai,38073.4,13434.6,1944.8,408.0,53860.9,1.415,30.2,78,8.3,14.5,23.6,1,0,0.973,50.01,0.88,38241.0
2026-04-06 10:00:00,IN-DC-017,Mumbai,39003.4,13798.2,1980.1,242.7,55024.4,1.411,31.6,67,8.6,15.0,24.1,1,0,0.976,49.93,1.18,39067.0
2026-04-06 11:00:00,IN-DC-017,Mumbai,39363.9,13969.9,1993.8,312.0,55639.6,1.413,32.4,64,8.6,15.1,23.8,1,0,0.995,50.03,1.19,39504.0
2026-04-06 12:00:00,IN-DC-017,Mumbai,39539.3,13757.7,2000.5,315.8,55613.3,1.407,32.8,60,8.6,14.6,24.0,1,0,0.966,49.9,1.1,39485.0
2026-04-06 13:00:00,IN-DC-017,Mumbai,39997.1,14339.0,2017.9,379.3,56733.3,1.418,33.4,57,9.0,15.1,23.9,1,0,0.984,49.96,1.26,40281.0
2026-04-06 14:00:00,IN-DC-017,Mumbai,40255.0,14363.9,2027.7,256.3,56902.9,1.414,33.6,63,8.4,15.0,24.2,1,0,0.967,50.03,1.2,40401.0
2026-04-06 15:00:00,IN-DC-017,Mumbai,40255.0,14500.6,2027.7,364.2,57147.5,1.42,33.7,59,9.0,15.3,24.0,1,0,0.964,50.04,1.18,40575.0
2026-04-06 16:00:00,IN-DC-017,Mumbai,40255.0,14386.2,2027.7,330.6,56999.5,1.416,33.2,56,8.7,15.0,23.7,1,0,0.976,50.04,1.18,40470.0
2026-04-06 17:00:00,IN-DC-017,Mumbai,40255.0,14149.3,2027.7,377.6,56809.6,1.411,33.4,54,8.8,15.2,24.4,1,0,0.978,50.02,1.18,40335.0
2026-04-06 18:00:00,IN-DC-017,Mumbai,40255.0,14321.7,2027.7,359.9,56964.3,1.415,33.6,61,8.7,15.2,23.9,1,0,0.977,49.91,1.1,40445.0
2026-04-06 19:00:00,IN-DC-017,Mumbai,40255.0,14131.5,2027.7,331.6,56745.8,1.41,32.1,63,8.9,15.2,23.6,1,0,0.981,49.96,1.08,40290.0
2026-04-06 20:00:00,IN-DC-017,Mumbai,40255.0,13582.3,2027.7,291.7,56156.8,1.395,30.8,59,8.5,14.7,24.3,1,0,0.984,49.99,1.04,39871.0
2026-04-06 21:00:00,IN-DC-017,Mumbai,40255.0,14089.1,2027.7,331.0,56702.8,1.409,31.4,64,8.4,14.6,24.5,1,0,0.958,49.91,0.98,40259.0
2026-04-06 22:00:00,IN-DC-017,Mumbai,40255.0,13305.9,2027.7,375.6,55964.1,1.39,29.2,65,8.7,15.3,24.3,1,0,0.989,50.01,0.88,39735.0
2026-04-06 23:00:00,IN-DC-017,Mumbai,40255.0,13902.6,2027.7,282.9,56468.2,1.403,29.4,77,8.5,14.9,24.2,1,0,0.99,49.97,1.04,40092.0
2026-04-07 00:00:00,IN-DC-017,Mumbai,40255.0,13641.2,2027.7,305.6,56229.4,1.397,27.7,75,8.9,15.1,23.0,1,0,0.978,50.06,0.93,39923.0
2026-04-07 01:00:00,IN-DC-017,Mumbai,40255.0,13346.1,2027.7,333.7,55962.6,1.39,28.3,73,8.6,15.2,24.2,1,0,0.984,49.98,0.9,39733.0
2026-04-07 02:00:00,IN-DC-017,Mumbai,40255.0,14103.6,2027.7,428.0,56814.3,1.411,29.2,76,8.5,15.0,24.6,1,0,0.979,50.05,0.91,40338.0
2026-04-07 03:00:00,IN-DC-017,Mumbai,40255.0,13818.4,2027.7,249.1,56350.2,1.4,28.0,81,8.4,14.7,23.6,1,0,0.969,50.13,1.16,40009.0
2026-04-07 04:00:00,IN-DC-017,Mumbai,40255.0,13697.2,2027.7,355.9,56335.7,1.399,28.4,75,8.5,14.6,24.3,1,0,0.977,49.99,0.98,39998.0
2026-04-07 05:00:00,IN-DC-017,Mumbai,40025.3,13646.0,2019.0,338.9,56029.2,1.4,28.2,75,8.8,14.9,24.2,1,0,0.964,50.0,1.08,39781.0
2026-04-07 06:00:00,IN-DC-017,Mumbai,39903.9,14009.1,2014.3,405.8,56333.2,1.412,28.8,76,8.4,14.8,24.1,1,0,0.986,50.05,0.94,39997.0
2026-04-07 07:00:00,IN-DC-017,Mumbai,40255.0,14265.0,2027.7,367.8,56915.4,1.414,29.3,75,8.4,14.9,24.5,1,0,0.978,49.93,0.96,40410.0
2026-04-07 08:00:00,IN-DC-017,Mumbai,39926.6,13831.9,2015.2,343.3,56117.1,1.406,30.7,67,8.4,14.5,24.5,1,0,0.967,50.1,1.06,39843.0
2026-04-07 09:00:00,IN-DC-017,Mumbai,40049.6,13865.4,2019.9,340.0,56274.9,1.405,31.3,60,8.7,14.8,24.1,1,0,0.973,49.93,1.04,39955.0
2026-04-07 10:00:00,IN-DC-017,Mumbai,40232.9,14159.8,2026.9,348.1,56767.7,1.411,31.7,69,8.4,14.8,24.0,1,0,0.974,49.97,1.11,40305.0
2026-04-07 11:00:00,IN-DC-017,Mumbai,40255.0,13826.6,2027.7,307.8,56417.1,1.401,32.0,62,8.3,14.3,24.8,1,0,0.974,50.02,1.06,40056.0
2026-04-07 12:00:00,IN-DC-017,Mumbai,40255.0,14276.1,2027.7,363.2,56922.1,1.414,32.2,61,8.7,15.0,23.9,1,0,0.971,49.96,1.05,40415.0
2026-04-07 13:00:00,IN-DC-017,Mumbai,40255.0,14243.0,2027.7,345.2,56870.8,1.413,33.5,57,8.8,15.3,23.6,1,0,0.975,50.03,1.13,40378.0
2026-04-07 14:00:00,IN-DC-017,Mumbai,40255.0,14529.0,2027.7,274.0,57085.7,1.418,34.0,55,8.6,15.2,24.0,1,0,0.969,50.05,1.17,40531.0
2026-04-07 15:00:00,IN-DC-017,Mumbai,40255.0,14190.0,2027.7,319.6,56792.2,1.411,33.1,57,8.6,15.0,24.5,1,0,0.963,50.01,1.11,40322.0
2026-04-07 16:00:00,IN-DC-017,Mumbai,40255.0,14319.6,2027.7,400.3,57002.6,1.416,33.7,57,8.8,15.2,24.0,1,0,0.971,50.04,1.18,40472.0
2026-04-07 17:00:00,IN-DC-017,Mumbai,40255.0,13988.9,2027.7,347.9,56619.5,1.407,32.8,59,8.6,15.0,24.0,1,0,0.973,50.0,1.24,40200.0
2026-04-07 18:00:00,IN-DC-017,Mumbai,40255.0,14184.7,2027.7,365.5,56832.9,1.412,32.0,63,8.6,15.2,24.1,1,0,0.971,50.03,1.16,40351.0
2026-04-07 19:00:00,IN-DC-017,Mumbai,40255.0,13432.9,2027.7,370.6,56086.2,1.393,31.2,59,8.4,15.1,24.3,1,0,0.982,49.93,1.15,39821.0
2026-04-07 20:00:00,IN-DC-017,Mumbai,40255.0,14144.4,2027.7,340.9,56767.9,1.41,31.4,64,8.6,14.8,23.7,1,0,0.971,50.05,1.03,40305.0
2026-04-07 21:00:00,IN-DC-017,Mumbai,40255.0,14054.1,2027.7,314.3,56651.1,1.407,31.2,65,8.6,14.8,24.5,1,0,0.982,50.03,1.14,40222.0
2026-04-07 22:00:00,IN-DC-017,Mumbai,40255.0,14209.0,2027.7,318.7,56810.4,1.411,30.6,69,8.4,15.0,23.5,1,0,0.987,49.95,1.19,40335.0
2026-04-07 23:00:00,IN-DC-017,Mumbai,40255.0,13012.8,2027.7,343.7,55639.2,1.382,28.3,63,8.7,15.2,23.8,1,0,0.986,49.89,0.93,39504.0
2026-04-08 00:00:00,IN-DC-017,Mumbai,40255.0,13593.2,2027.7,340.1,56216.0,1.396,29.0,69,8.9,15.5,24.2,1,0,0.968,49.96,1.07,39913.0
2026-04-08 01:00:00,IN-DC-017,Mumbai,40255.0,14088.6,2027.7,358.6,56729.9,1.409,28.1,81,8.2,14.3,24.5,1,0,0.985,50.04,0.92,40278.0
2026-04-08 02:00:00,IN-DC-017,Mumbai,40255.0,13660.6,2027.7,380.7,56324.1,1.399,27.5,75,8.4,14.9,24.1,1,0,0.976,49.92,0.8,39990.0
2026-04-08 03:00:00,IN-DC-017,Mumbai,40255.0,13566.4,2027.7,349.8,56198.9,1.396,28.0,76,8.6,15.0,25.1,1,0,0.988,49.9,0.96,39901.0
2026-04-08 04:00:00,IN-DC-017,Mumbai,40255.0,13500.0,2027.7,384.5,56167.2,1.395,27.5,81,8.5,14.6,23.7,1,0,0.971,49.99,0.91,39879.0
2026-04-08 05:00:00,IN-DC-017,Mumbai,40255.0,13639.0,2027.7,286.0,56207.7,1.396,27.8,72,8.5,15.0,24.8,1,0,0.974,49.93,0.9,39907.0
2026-04-08 06:00:00,IN-DC-017,Mumbai,40255.0,14389.0,2027.7,406.8,57078.5,1.418,28.6,84,8.7,14.7,24.2,1,0,0.968,49.97,0.93,40526.0
2026-04-08 07:00:00,IN-DC-017,Mumbai,40255.0,14455.1,2027.7,332.4,57070.2,1.418,29.1,80,8.1,14.6,23.7,1,0,0.984,49.98,0.9,40520.0
2026-04-08 08:00:00,IN-DC-017,Mumbai,40255.0,13579.9,2027.7,343.7,56206.3,1.396,29.5,62,8.5,14.6,23.2,1,0,0.982,49.98,0.96,39906.0
2026-04-08 09:00:00,IN-DC-017,Mumbai,40255.0,14027.8,2027.7,364.1,56674.6,1.408,30.4,72,8.6,14.9,24.1,1,0,0.985,49.96,1.02,40239.0
2026-04-08 10:00:00,IN-DC-017,Mumbai,40255.0,14298.2,2027.7,381.3,56962.2,1.415,31.3,68,8.6,15.0,23.5,1,0,0.972,50.01,1.22,40443.0
2026-04-08 11:00:00,IN-DC-017,Mumbai,40255.0,14072.7,2027.7,346.8,56702.1,1.409,32.6,66,8.2,14.3,23.5,1,0,0.981,49.97,0.98,40259.0
2026-04-08 12:00:00,IN-DC-017,Mumbai,40255.0,14116.5,2027.7,339.7,56738.9,1.409,31.9,53,8.5,14.9,24.1,1,0,0.991,49.94,1.03,40285.0
2026-04-08 13:00:00,IN-DC-017,Mumbai,40255.0,13845.8,2027.7,326.4,56455.0,1.402,33.0,56,8.7,15.0,24.0,1,0,0.964,49.95,1.2,40083.0
2026-04-08 14:00:00,IN-DC-017,Mumbai,40255.0,14275.8,2027.7,400.6,56959.1,1.415,33.9,58,8.8,15.1,24.3,1,0,0.995,50.03,1.27,40441.0
2026-04-08 15:00:00,IN-DC-017,Mumbai,40255.0,14136.5,2027.7,323.8,56743.0,1.41,33.8,55,8.3,14.7,23.4,1,0,0.977,50.04,1.28,40288.0
2026-04-08 16:00:00,IN-DC-017,Mumbai,40255.0,14181.8,2027.7,334.6,56799.1,1.411,33.2,58,8.5,14.9,24.1,1,0,0.978,49.98,1.17,40327.0
2026-04-08 17:00:00,IN-DC-017,Mumbai,40255.0,14352.4,2027.7,279.3,56914.4,1.414,33.5,58,9.2,15.2,24.9,1,0,0.986,50.05,1.19,40409.0
2026-04-08 18:00:00,IN-DC-017,Mumbai,40255.0,13890.7,2027.7,326.4,56499.8,1.404,32.2,64,9.0,15.1,23.9,1,0,0.992,50.03,0.96,40115.0
2026-04-08 19:00:00,IN-DC-017,Mumbai,40255.0,14063.7,2027.7,386.3,56732.7,1.409,32.3,55,8.5,15.3,23.3,1,0,0.965,50.02,1.04,40280.0
2026-04-08 20:00:00,IN-DC-017,Mumbai,40255.0,14083.1,2027.7,323.1,56688.9,1.408,32.1,68,8.8,15.5,24.0,1,0,0.969,50.03,1.21,40249.0
2026-04-08 21:00:00,IN-DC-017,Mumbai,40255.0,13835.3,2027.7,343.7,56461.6,1.403,29.8,71,8.4,15.0,24.2,1,0,0.971,50.02,1.01,40088.0
2026-04-08 22:00:00,IN-DC-017,Mumbai,40255.0,14487.2,2027.7,326.5,57096.4,1.418,30.1,77,8.8,15.2,24.5,1,0,0.975,50.03,1.04,40538.0
2026-04-08 23:00:00,IN-DC-017,Mumbai,40255.0,13561.3,2027.7,328.0,56172.0,1.395,29.5,66,8.3,14.5,23.8,1,0,0.987,49.97,1.02,39882.0
2026-04-09 00:00:00,IN-DC-017,Mumbai,40255.0,13397.5,2027.7,341.9,56022.1,1.392,28.0,69,8.4,14.8,24.3,1,0,0.995,50.09,1.0,39776.0
2026-04-09 01:00:00,IN-DC-017,Mumbai,40255.0,13816.5,2027.7,284.7,56383.9,1.401,28.3,75,8.7,14.8,24.0,1,0,0.972,49.89,0.92,40033.0
2026-04-09 02:00:00,IN-DC-017,Mumbai,40255.0,14245.3,2027.7,343.1,56871.0,1.413,27.9,82,8.4,14.8,24.4,1,0,0.976,49.99,0.84,40378.0
2026-04-09 03:00:00,IN-DC-017,Mumbai,40255.0,13787.4,2027.7,420.2,56490.3,1.403,27.7,77,8.3,14.6,23.9,1,0,0.974,49.98,0.93,40108.0
2026-04-09 04:00:00,IN-DC-017,Mumbai,40255.0,14309.6,2027.7,316.7,56909.0,1.414,27.9,86,8.4,14.5,23.3,1,0,0.973,49.98,0.86,40405.0
2026-04-09 05:00:00,IN-DC-017,Mumbai,40255.0,13541.4,2027.7,312.0,56136.1,1.395,27.9,74,8.4,15.0,23.9,1,0,0.965,49.98,0.82,39857.0
2026-04-09 06:00:00,IN-DC-017,Mumbai,40255.0,13716.0,2027.7,250.5,56249.1,1.397,28.6,79,8.4,14.9,24.3,1,0,0.967,50.03,1.0,39937.0
2026-04-09 07:00:00,IN-DC-017,Mumbai,40255.0,13867.2,2027.7,241.2,56391.1,1.401,29.5,75,8.6,15.1,23.7,1,0,0.971,50.01,0.9,40038.0
2026-04-09 08:00:00,IN-DC-017,Mumbai,40255.0,14284.9,2027.7,306.3,56873.9,1.413,30.6,75,8.6,15.1,23.6,1,0,0.955,50.03,0.96,40380.0
2026-04-09 09:00:00,IN-DC-017,Mumbai,40255.0,14398.9,2027.7,358.2,57039.8,1.417,31.2,69,8.5,14.8,23.7,1,0,0.986,50.12,1.09,40498.0
2026-04-09 10:00:00,IN-DC-017,Mumbai,40255.0,13995.6,2027.7,289.5,56567.8,1.405,32.2,62,8.7,15.1,24.0,1,0,0.975,50.04,1.2,40163.0
2026-04-09 11:00:00,IN-DC-017,Mumbai,40255.0,13768.9,2027.7,288.4,56340.1,1.4,32.7,52,8.4,14.5,23.8,1,0,0.973,50.01,1.22,40001.0
2026-04-09 12:00:00,IN-DC-017,Mumbai,40255.0,14467.1,2027.7,332.4,57082.2,1.418,33.2,59,8.9,15.3,23.8,1,0,0.978,50.02,1.08,40528.0
2026-04-09 13:00:00,IN-DC-017,Mumbai,40255.0,14694.7,2027.7,397.3,57374.7,1.425,33.8,65,8.9,15.3,23.7,1,0,0.969,50.01,1.22,40736.0
2026-04-09 14:00:00,IN-DC-017,Mumbai,40255.0,14524.0,2027.7,305.0,57111.7,1.419,34.5,54,8.7,15.4,24.2,1,0,0.991,50.0,1.27,40549.0
2026-04-09 15:00:00,IN-DC-017,Mumbai,40255.0,14022.4,2027.7,276.6,56581.6,1.406,33.4,56,8.7,15.1,24.1,1,0,0.974,49.97,1.16,40173.0
2026-04-09 16:00:00,IN-DC-017,Mumbai,40255.0,14131.9,2027.7,346.9,56761.5,1.41,33.9,60,8.3,14.7,24.2,1,0,0.976,50.01,1.16,40301.0
2026-04-09 17:00:00,IN-DC-017,Mumbai,40255.0,14282.4,2027.7,308.2,56873.3,1.413,34.0,53,8.7,14.9,24.9,1,0,0.994,50.05,1.07,40380.0
2026-04-09 18:00:00,IN-DC-017,Mumbai,40255.0,14459.2,2027.7,373.2,57115.1,1.419,33.8,60,8.7,15.4,23.3,1,0,0.952,50.09,1.35,40552.0
2026-04-09 19:00:00,IN-DC-017,Mumbai,40255.0,14459.5,2027.7,365.3,57107.5,1.419,33.0,65,8.8,15.2,24.0,1,0,0.969,49.98,1.05,40546.0
2026-04-09 20:00:00,IN-DC-017,Mumbai,40255.0,13980.2,2027.7,315.8,56578.7,1.406,31.6,62,9.0,15.4,23.6,1,0,0.971,50.01,1.28,40171.0
2026-04-09 21:00:00,IN-DC-017,Mumbai,40255.0,14372.8,2027.7,391.2,57046.7,1.417,31.0,70,8.3,14.8,24.2,1,0,0.964,49.99,0.92,40503.0
2026-04-09 22:00:00,IN-DC-017,Mumbai,40255.0,14311.2,2027.7,411.5,57005.4,1.416,30.7,72,8.4,14.7,24.1,1,0,0.97,49.97,0.98,40474.0
2026-04-09 23:00:00,IN-DC-017,Mumbai,40255.0,14350.7,2027.7,350.4,56983.8,1.416,30.1,74,8.5,14.9,24.5,1,0,0.979,50.06,1.19,40459.0
2026-04-10 00:00:00,IN-DC-017,Mumbai,40255.0,14273.0,2027.7,257.1,56812.8,1.411,28.8,80,8.3,14.7,24.5,1,0,0.977,49.87,0.85,40337.0
2026-04-10 01:00:00,IN-DC-017,Mumbai,40255.0,13446.6,2027.7,276.3,56005.6,1.391,28.4,68,8.6,14.7,24.3,1,0,0.966,49.98,0.98,39764.0
2026-04-10 02:00:00,IN-DC-017,Mumbai,40255.0,14128.6,2027.7,353.2,56764.5,1.41,28.7,79,8.4,14.7,24.5,1,0,0.975,50.01,0.91,40303.0
2026-04-10 03:00:00,IN-DC-017,Mumbai,40255.0,14421.3,2027.7,406.0,57110.0,1.419,28.6,85,8.6,14.8,23.9,1,0,0.982,50.02,0.94,40548.0
2026-04-10 04:00:00,IN-DC-017,Mumbai,40255.0,14382.6,2027.7,321.4,56986.7,1.416,28.4,84,8.3,14.6,23.5,1,0,0.961,49.96,0.91,40461.0
2026-04-10 05:00:00,IN-DC-017,Mumbai,40255.0,13941.9,2027.7,321.4,56546.0,1.405,28.6,79,8.4,15.2,24.6,1,0,0.977,49.97,0.9,40148.0
2026-04-10 06:00:00,IN-DC-017,Mumbai,40255.0,14173.5,2027.7,376.2,56832.4,1.412,29.6,80,8.8,15.1,23.7,1,0,0.974,50.0,0.91,40351.0
2026-04-10 07:00:00,IN-DC-017,Mumbai,40255.0,14693.9,2027.7,382.4,57359.0,1.425,30.0,80,8.8,15.0,24.7,1,0,0.972,50.01,0.94,40725.0
2026-04-10 08:00:00,IN-DC-017,Mumbai,40255.0,13820.7,2027.7,361.3,56464.7,1.403,29.6,68,8.6,15.1,24.1,1,0,0.986,50.02,1.01,40090.0
2026-04-10 09:00:00,IN-DC-017,Mumbai,40255.0,13971.0,2027.7,356.8,56610.6,1.406,30.5,73,8.5,15.0,23.8,1,0,0.974,49.98,1.03,40194.0
2026-04-10 10:00:00,IN-DC-017,Mumbai,40255.0,13724.4,2027.7,334.3,56341.4,1.4,31.5,64,8.5,15.0,23.9,1,0,0.979,50.08,1.07,40002.0
2026-04-10 11:00:00,IN-DC-017,Mumbai,40255.0,14152.4,2027.7,266.3,56701.5,1.409,32.2,65,8.7,15.1,23.9,1,0,0.961,50.08,1.14,40258.0
2026-04-10 12:00:00,IN-DC-017,Mumbai,40255.0,14138.7,2027.7,321.8,56743.2,1.41,32.5,57,8.6,15.0,23.8,1,0,0.978,50.04,1.09,40288.0
2026-04-10 13:00:00,IN-DC-017,Mumbai,40255.0,14244.5,2027.7,374.6,56901.8,1.414,34.0,60,8.6,14.7,24.1,1,0,0.987,49.92,1.18,40400.0
2026-04-10 14:00:00,IN-DC-017,Mumbai,40255.0,14462.0,2027.7,411.5,57156.1,1.42,33.7,49,8.7,15.0,24.0,1,0,0.982,50.01,1.14,40581.0
2026-04-10 15:00:00,IN-DC-017,Mumbai,40255.0,14442.1,2027.7,278.1,57002.9,1.416,34.1,52,8.7,15.0,24.5,1,0,0.995,50.02,1.29,40472.0
2026-04-10 16:00:00,IN-DC-017,Mumbai,40255.0,14283.1,2027.7,282.1,56847.9,1.412,34.1,57,8.9,15.6,24.1,1,0,0.995,50.05,1.23,40362.0
2026-04-10 17:00:00,IN-DC-017,Mumbai,40255.0,14721.0,2027.7,368.6,57372.3,1.425,34.5,67,8.6,14.6,23.7,1,0,0.973,49.94,1.12,40734.0
2026-04-10 18:00:00,IN-DC-017,Mumbai,40255.0,14240.7,2027.7,337.6,56861.0,1.413,33.0,60,8.4,14.8,23.8,1,0,0.974,50.08,1.16,40371.0
2026-04-10 19:00:00,IN-DC-017,Mumbai,40255.0,14149.5,2027.7,293.9,56726.1,1.409,32.2,67,8.7,14.9,23.6,1,0,0.978,49.99,1.19,40276.0
2026-04-10 20:00:00,IN-DC-017,Mumbai,40255.0,14077.9,2027.7,413.3,56774.0,1.41,31.8,67,8.5,14.9,24.4,1,0,0.985,49.99,1.07,40310.0
2026-04-10 21:00:00,IN-DC-017,Mumbai,40255.0,13962.4,2027.7,290.6,56535.7,1.404,30.4,69,8.7,14.9,24.2,1,0,0.978,50.05,1.0,40140.0
2026-04-10 22:00:00,IN-DC-017,Mumbai,40255.0,13889.2,2027.7,349.8,56521.7,1.404,29.5,73,8.4,15.1,23.6,1,0,0.991,50.0,0.86,40130.0
2026-04-10 23:00:00,IN-DC-017,Mumbai,40255.0,13460.3,2027.7,358.2,56101.2,1.394,29.4,70,8.6,15.2,23.8,1,0,0.978,50.03,1.01,39832.0
2026-04-11 00:00:00,IN-DC-017,Mumbai,40255.0,13851.3,2027.7,388.3,56522.3,1.404,29.7,67,8.5,15.1,23.8,1,0,0.973,50.01,1.05,40131.0
2026-04-11 01:00:00,IN-DC-017,Mumbai,40255.0,14526.1,2027.7,305.9,57114.7,1.419,29.2,86,8.4,14.6,23.7,1,0,0.962,50.0,1.07,40551.0
2026-04-11 02:00:00,IN-DC-017,Mumbai,40255.0,13978.7,2027.7,329.2,56590.5,1.406,28.3,75,8.7,15.0,24.8,1,0,0.961,50.0,0.89,40179.0
2026-04-11 03:00:00,IN-DC-017,Mumbai,40255.0,14175.0,2027.7,339.6,56797.3,1.411,28.2,86,8.1,14.5,23.8,1,0,0.985,50.0,0.87,40326.0
2026-04-11 04:00:00,IN-DC-017,Mumbai,40255.0,13715.9,2027.7,273.1,56271.6,1.398,27.8,78,8.5,15.3,23.7,1,0,0.968,49.94,0.75,39953.0
2026-04-11 05:00:00,IN-DC-017,Mumbai,40255.0,13533.1,2027.7,326.7,56142.5,1.395,28.5,77,8.5,14.7,23.5,1,0,0.965,49.95,0.84,39861.0
2026-04-11 06:00:00,IN-DC-017,Mumbai,40255.0,13600.6,2027.7,325.2,56208.4,1.396,29.2,72,8.7,15.1,23.4,1,0,0.982,50.04,1.05,39908.0
2026-04-11 07:00:00,IN-DC-017,Mumbai,40255.0,14051.1,2027.7,382.1,56715.9,1.409,30.3,70,8.5,14.7,24.1,1,0,0.975,49.95,1.16,40268.0
2026-04-11 08:00:00,IN-DC-017,Mumbai,40255.0,13766.6,2027.7,362.9,56412.2,1.401,31.2,66,8.8,15.0,23.0,1,0,0.989,50.0,1.01,40053.0
2026-04-11 09:00:00,IN-DC-017,Mumbai,40255.0,14082.4,2027.7,320.9,56685.9,1.408,31.3,71,8.6,15.1,24.2,1,0,0.959,50.05,1.04,40247.0
2026-04-11 10:00:00,IN-DC-017,Mumbai,40255.0,14332.1,2027.7,317.1,56931.9,1.414,31.8,67,8.3,14.9,23.5,1,0,0.968,49.95,1.15,40422.0
2026-04-11 11:00:00,IN-DC-017,Mumbai,40255.0,14047.0,2027.7,324.6,56654.4,1.407,32.5,57,8.6,15.2,25.0,1,0,0.983,49.93,1.13,40225.0
2026-04-11 12:00:00,IN-DC-017,Mumbai,40255.0,14491.4,2027.7,278.0,57052.0,1.417,32.9,65,8.5,14.7,24.0,1,0,0.979,49.98,1.06,40507.0
2026-04-11 13:00:00,IN-DC-017,Mumbai,40255.0,14471.9,2027.7,309.9,57064.5,1.418,34.2,57,8.9,15.1,23.9,1,0,0.981,50.01,1.37,40516.0
2026-04-11 14:00:00,IN-DC-017,Mumbai,40255.0,14564.8,2027.7,379.0,57226.6,1.422,34.4,56,8.6,15.1,24.0,1,0,0.974,50.0,1.28,40631.0
2026-04-11 15:00:00,IN-DC-017,Mumbai,40255.0,14587.8,2027.7,352.2,57222.7,1.422,34.4,51,8.4,14.9,23.5,1,0,0.973,49.97,1.29,40628.0
2026-04-11 16:00:00,IN-DC-017,Mumbai,40255.0,14621.3,2027.7,358.0,57262.0,1.422,34.6,59,8.9,15.1,24.3,1,0,0.965,49.92,1.31,40656.0
2026-04-11 17:00:00,IN-DC-017,Mumbai,40255.0,14235.1,2027.7,294.2,56812.0,1.411,33.0,61,8.6,15.4,23.8,1,0,0.987,50.03,1.31,40336.0
2026-04-11 18:00:00,IN-DC-017,Mumbai,40255.0,14339.6,2027.7,355.3,56977.5,1.415,33.5,63,8.7,15.1,24.0,1,0,0.982,50.01,1.12,40454.0
2026-04-11 19:00:00,IN-DC-017,Mumbai,40255.0,14131.5,2027.7,332.8,56747.0,1.41,33.1,55,8.4,14.6,24.3,1,0,0.983,49.97,1.19,40290.0
2026-04-11 20:00:00,IN-DC-017,Mumbai,40255.0,14446.2,2027.7,322.0,57050.9,1.417,31.9,68,9.0,15.1,24.3,1,0,0.972,49.96,1.17,40506.0
2026-04-11 21:00:00,IN-DC-017,Mumbai,40255.0,14431.8,2027.7,343.6,57058.1,1.417,30.7,75,8.6,15.0,24.1,1,0,0.97,50.13,1.02,40511.0
2026-04-11 22:00:00,IN-DC-017,Mumbai,40255.0,14141.5,2027.7,328.1,56752.2,1.41,30.7,71,8.8,15.2,24.4,1,0,0.975,50.02,1.02,40294.0
2026-04-11 23:00:00,IN-DC-017,Mumbai,40255.0,14158.1,2027.7,305.2,56746.0,1.41,30.0,78,8.3,14.9,23.9,1,0,0.969,50.01,1.06,40290.0
2026-04-12 00:00:00,IN-DC-017,Mumbai,40255.0,13700.7,2027.7,417.7,56401.1,1.401,29.1,71,8.4,14.7,24.3,1,0,0.986,49.97,0.9,40045.0
2026-04-12 01:00:00,IN-DC-017,Mumbai,40255.0,14209.4,2027.7,317.6,56809.7,1.411,30.0,77,8.2,14.3,23.7,1,0,0.972,50.13,0.99,40335.0
2026-04-12 02:00:00,IN-DC-017,Mumbai,40255.0,13672.6,2027.7,350.9,56306.2,1.399,27.7,80,8.8,15.0,23.3,1,0,0.981,50.02,0.75,39977.0
2026-04-12 03:00:00,IN-DC-017,Mumbai,40255.0,14148.6,2027.7,241.3,56672.6,1.408,27.7,86,8.6,15.0,23.6,1,0,0.97,49.95,1.0,40238.0
2026-04-12 04:00:00,IN-DC-017,Mumbai,40255.0,13458.7,2027.7,407.2,56148.6,1.395,28.1,79,8.6,15.1,24.1,1,0,0.982,50.04,0.88,39866.0
2026-04-12 05:00:00,IN-DC-017,Mumbai,40255.0,13978.0,2027.7,318.8,56579.4,1.406,29.7,74,8.2,14.5,24.6,1,0,0.973,49.95,0.94,40171.0
2026-04-12 06:00:00,IN-DC-017,Mumbai,40255.0,13266.5,2027.7,267.5,55816.7,1.387,28.7,71,8.9,15.6,24.3,1,0,0.975,49.99,0.95,39630.0
2026-04-12 07:00:00,IN-DC-017,Mumbai,40255.0,13928.5,2027.7,291.7,56502.9,1.404,29.6,72,8.6,15.4,24.0,1,0,0.967,50.06,0.89,40117.0
2026-04-12 08:00:00,IN-DC-017,Mumbai,40255.0,14034.5,2027.7,320.8,56637.9,1.407,30.3,73,8.2,14.5,23.5,1,0,0.98,50.03,1.01,40213.0
2026-04-12 09:00:00,IN-DC-017,Mumbai,40255.0,14298.2,2027.7,338.5,56919.4,1.414,32.0,72,8.6,15.0,24.0,1,0,0.979,49.98,1.19,40413.0
2026-04-12 10:00:00,IN-DC-017,Mumbai,40255.0,14112.9,2027.7,324.8,56720.4,1.409,31.9,63,8.4,14.8,24.6,1,0,0.978,50.07,1.13,40271.0
2026-04-12 11:00:00,IN-DC-017,Mumbai,40255.0,14346.4,2027.7,315.0,56944.1,1.415,33.1,57,8.8,15.4,23.6,1,0,0.986,50.03,1.23,40430.0
2026-04-12 12:00:00,IN-DC-017,Mumbai,40255.0,14640.7,2027.7,327.7,57251.1,1.422,34.4,68,8.7,15.0,23.5,1,0,0.966,49.96,1.33,40648.0
2026-04-12 13:00:00,IN-DC-017,Mumbai,40255.0,14446.0,2027.7,407.9,57136.5,1.419,33.9,61,9.1,15.3,24.5,1,0,0.968,49.94,1.12,40567.0
2026-04-12 14:00:00,IN-DC-017,Mumbai,40255.0,14091.2,2027.7,342.9,56716.7,1.409,33.4,56,8.4,14.8,23.8,1,0,0.972,50.04,1.23,40269.0
2026-04-12 15:00:00,IN-DC-017,Mumbai,40255.0,14286.8,2027.7,291.0,56860.5,1.413,34.5,56,8.8,14.9,23.8,1,0,0.985,50.06,1.26,40371.0
2026-04-12 16:00:00,IN-DC-017,Mumbai,40255.0,14545.3,2027.7,278.7,57106.7,1.419,35.1,60,8.8,15.4,24.1,1,0,0.964,50.03,1.39,40546.0
2026-04-12 17:00:00,IN-DC-017,Mumbai,40255.0,14225.6,2027.7,365.6,56873.9,1.413,33.9,54,8.8,15.6,23.8,1,0,0.961,49.97,1.01,40380.0
2026-04-12 18:00:00,IN-DC-017,Mumbai,40255.0,14530.9,2027.7,316.9,57130.5,1.419,33.8,58,8.8,15.3,23.6,1,0,0.976,49.95,1.2,40563.0
2026-04-12 19:00:00,IN-DC-017,Mumbai,40255.0,14308.5,2027.7,336.0,56927.2,1.414,33.2,60,8.6,14.5,24.0,1,0,0.984,49.93,1.14,40418.0
2026-04-12 20:00:00,IN-DC-017,Mumbai,40255.0,13730.4,2027.7,331.8,56344.9,1.4,32.3,59,8.8,14.9,24.1,1,0,0.971,50.01,1.08,40005.0
2026-04-12 21:00:00,IN-DC-017,Mumbai,40255.0,14130.7,2027.7,339.9,56753.3,1.41,32.2,63,8.8,15.4,23.7,1,0,0.981,50.0,1.09,40295.0
2026-04-12 22:00:00,IN-DC-017,Mumbai,40255.0,14026.0,2027.7,356.7,56665.4,1.408,30.2,70,8.4,14.7,24.0,1,0,0.975,49.96,1.04,40232.0
2026-04-12 23:00:00,IN-DC-017,Mumbai,40255.0,13825.8,2027.7,388.5,56497.0,1.403,29.9,76,8.8,15.5,24.9,1,0,0.962,49.99,1.03,40113.0
2026-04-13 00:00:00,IN-DC-017,Mumbai,40255.0,13675.9,2027.7,384.6,56343.1,1.4,29.0,74,8.5,14.8,23.5,1,0,0.979,50.03,0.87,40004.0
2026-04-13 01:00:00,IN-DC-017,Mumbai,40255.0,14292.3,2027.7,359.5,56934.5,1.414,28.7,79,8.2,14.5,24.2,1,0,0.977,49.99,1.04,40424.0
2026-04-13 02:00:00,IN-DC-017,Mumbai,40255.0,14195.7,2027.7,334.0,56812.5,1.411,29.7,82,8.4,14.9,23.7,1,0,0.966,49.99,1.22,40337.0
2026-04-13 03:00:00,IN-DC-017,Mumbai,40255.0,14050.9,2027.7,379.1,56712.7,1.409,28.8,84,8.1,14.7,24.1,1,0,0.971,50.02,0.95,40266.0
2026-04-13 04:00:00,IN-DC-017,Mumbai,40255.0,14213.6,2027.7,343.4,56839.7,1.412,29.6,82,8.5,14.6,23.8,1,0,0.963,49.89,1.08,40356.0
2026-04-13 05:00:00,IN-DC-017,Mumbai,40255.0,14256.8,2027.7,351.0,56890.5,1.413,29.0,81,8.3,14.5,24.0,1,0,0.98,50.01,0.89,40392.0
2026-04-13 06:00:00,IN-DC-017,Mumbai,40255.0,14396.4,2027.7,304.3,56983.4,1.416,30.0,78,8.6,15.1,23.8,1,0,0.976,50.0,0.95,40458.0
2026-04-13 07:00:00,IN-DC-017,Mumbai,40255.0,13835.0,2027.7,336.8,56454.5,1.402,29.7,74,8.5,14.7,23.6,1,0,0.966,50.04,1.0,40083.0
2026-04-13 08:00:00,IN-DC-017,Mumbai,40255.0,14058.9,2027.7,328.2,56669.8,1.408,30.2,70,8.4,14.6,24.5,1,0,0.971,49.97,1.16,40236.0
2026-04-13 09:00:00,IN-DC-017,Mumbai,40255.0,13624.1,2027.7,460.7,56367.6,1.4,31.0,63,8.6,15.0,24.7,1,0,0.974,49.97,1.04,40021.0
2026-04-13 10:00:00,IN-DC-017,Mumbai,40255.0,14553.8,2027.7,304.2,57140.6,1.419,33.2,68,9.1,15.1,23.6,1,0,0.986,49.92,1.15,40570.0
2026-04-13 11:00:00,IN-DC-017,Mumbai,40255.0,14138.6,2027.7,303.8,56725.1,1.409,32.5,60,8.6,15.2,23.9,1,0,0.965,50.0,1.07,40275.0
2026-04-13 12:00:00,IN-DC-017,Mumbai,40255.0,13855.1,2027.7,237.6,56375.5,1.4,32.6,55,8.7,15.0,24.1,1,0,0.983,49.97,1.06,40027.0
2026-04-13 13:00:00,IN-DC-017,Mumbai,40255.0,13923.3,2027.7,346.7,56552.8,1.405,33.6,59,8.7,14.8,23.5,1,0,0.966,49.99,1.19,40152.0
2026-04-13 14:00:00,IN-DC-017,Mumbai,40255.0,14587.9,2027.7,318.5,57189.0,1.421,35.8,56,8.5,14.8,24.0,1,0,0.983,50.12,1.4,40604.0
2026-04-13 15:00:00,IN-DC-017,Mumbai,40255.0,14894.0,2027.7,358.1,57534.8,1.429,35.1,64,8.6,15.0,24.5,1,0,0.965,50.03,1.32,40850.0
2026-04-13 16:00:00,IN-DC-017,Mumbai,40255.0,14221.6,2027.7,332.8,56837.1,1.412,33.9,56,8.2,14.7,24.2,1,0,0.971,49.98,1.21,40354.0
2026-04-13 17:00:00,IN-DC-017,Mumbai,40255.0,14946.5,2027.7,366.9,57596.1,1.431,35.0,61,9.0,15.4,23.9,1,0,0.97,49.97,1.23,40893.0
2026-04-13 18:00:00,IN-DC-017,Mumbai,40255.0,14527.0,2027.7,251.1,57060.8,1.417,33.5,63,8.4,14.6,24.1,1,0,0.971,50.03,1.25,40513.0
2026-04-13 19:00:00,IN-DC-017,Mumbai,40255.0,14342.6,2027.7,343.4,56968.8,1.415,32.8,59,8.8,14.7,23.9,1,0,0.979,50.08,0.99,40448.0
2026-04-13 20:00:00,IN-DC-017,Mumbai,40255.0,14378.6,2027.7,374.0,57035.3,1.417,31.4,68,8.8,15.3,23.8,1,0,0.978,50.08,1.06,40495.0
2026-04-13 21:00:00,IN-DC-017,Mumbai,40255.0,13981.7,2027.7,313.6,56578.0,1.405,32.0,64,8.6,14.8,24.0,1,0,0.97,49.92,1.11,40170.0
2026-04-13 22:00:00,IN-DC-017,Mumbai,40255.0,14044.6,2027.7,350.2,56677.5,1.408,30.4,69,8.7,15.0,24.7,1,0,0.973,49.97,1.18,40241.0
2026-04-13 23:00:00,IN-DC-017,Mumbai,40255.0,14282.6,2027.7,341.9,56907.1,1.414,31.5,72,8.7,15.3,23.7,1,0,0.981,49.95,1.03,40404.0
2026-04-14 00:00:00,IN-DC-017,Mumbai,40255.0,14319.2,2027.7,357.1,56959.0,1.415,29.6,77,8.7,15.1,24.1,1,0,0.979,49.96,1.06,40441.0
2026-04-14 01:00:00,IN-DC-017,Mumbai,40255.0,13750.0,2027.7,310.3,56343.0,1.4,28.7,72,8.2,14.4,24.2,1,0,0.975,49.98,0.99,40004.0
2026-04-14 02:00:00,IN-DC-017,Mumbai,40255.0,14363.5,2027.7,331.8,56978.0,1.415,29.1,87,8.4,14.8,24.2,1,0,0.984,50.07,0.81,40454.0
2026-04-14 03:00:00,IN-DC-017,Mumbai,40255.0,14112.6,2027.7,242.7,56638.0,1.407,28.6,82,8.3,14.8,24.2,1,0,0.988,50.04,0.91,40213.0
2026-04-14 04:00:00,IN-DC-017,Mumbai,40255.0,13853.2,2027.7,293.1,56429.0,1.402,28.9,71,8.5,15.0,23.8,1,0,0.966,50.04,0.97,40065.0
2026-04-14 05:00:00,IN-DC-017,Mumbai,40255.0,13696.2,2027.7,371.4,56350.3,1.4,29.0,81,8.5,14.9,24.0,1,0,0.971,49.97,0.8,40009.0
2026-04-14 06:00:00,IN-DC-017,Mumbai,40255.0,14621.0,2027.7,291.8,57195.5,1.421,30.0,82,8.4,15.0,24.0,1,0,0.976,50.05,1.0,40609.0
2026-04-14 07:00:00,IN-DC-017,Mumbai,40255.0,14371.5,2027.7,421.0,57075.2,1.418,30.5,73,8.6,15.0,24.2,1,0,0.981,49.97,1.02,40523.0
2026-04-14 08:00:00,IN-DC-017,Mumbai,40255.0,14175.5,2027.7,341.0,56799.1,1.411,31.0,71,8.5,14.8,24.3,1,0,0.975,50.0,0.91,40327.0
2026-04-14 09:00:00,IN-DC-017,Mumbai,40255.0,14300.0,2027.7,313.7,56896.4,1.413,30.8,68,8.4,14.8,24.4,1,0,0.989,49.94,1.11,40396.0
2026-04-14 10:00:00,IN-DC-017,Mumbai,40255.0,14225.7,2027.7,376.1,56884.5,1.413,32.9,61,8.8,15.3,24.3,1,0,0.983,49.97,1.07,40388.0
2026-04-14 11:00:00,IN-DC-017,Mumbai,40255.0,14373.9,2027.7,304.6,56961.2,1.415,33.5,64,8.5,14.3,23.8,1,0,0.981,49.99,1.35,40442.0
2026-04-14 12:00:00,IN-DC-017,Mumbai,40255.0,14335.3,2027.7,313.8,56931.7,1.414,32.6,55,8.8,15.5,23.5,1,0,0.976,49.96,1.0,40422.0
2026-04-14 13:00:00,IN-DC-017,Mumbai,40255.0,14656.2,2027.7,349.1,57288.0,1.423,34.0,55,8.7,14.9,23.9,1,0,0.986,50.04,1.23,40674.0
2026-04-14 14:00:00,IN-DC-017,Mumbai,40255.0,14550.3,2027.7,298.4,57131.4,1.419,34.2,55,8.4,14.8,23.7,1,0,0.979,49.94,1.22,40563.0
2026-04-14 15:00:00,IN-DC-017,Mumbai,40255.0,14810.8,2027.7,287.8,57381.3,1.425,34.6,64,8.7,15.1,24.0,1,0,0.988,50.03,1.18,40741.0
2026-04-14 16:00:00,IN-DC-017,Mumbai,40255.0,14509.0,2027.7,336.7,57128.4,1.419,34.9,57,8.4,15.0,24.4,1,0,0.977,50.02,1.26,40561.0
2026-04-14 17:00:00,IN-DC-017,Mumbai,40255.0,14448.3,2027.7,382.9,57113.8,1.419,34.7,58,8.8,15.3,24.7,1,0,0.975,50.07,1.06,40551.0
2026-04-14 18:00:00,IN-DC-017,Mumbai,40255.0,14132.8,2027.7,313.6,56729.0,1.409,33.6,54,9.1,15.5,23.9,1,0,0.979,49.95,1.27,40278.0
2026-04-14 19:00:00,IN-DC-017,Mumbai,40255.0,14491.8,2027.7,310.8,57085.3,1.418,33.2,61,8.6,15.1,24.1,1,0,0.977,49.9,1.13,40531.0
2026-04-14 20:00:00,IN-DC-017,Mumbai,40255.0,14131.7,2027.7,314.5,56728.9,1.409,32.7,62,8.7,15.0,24.6,1,0,0.971,50.02,1.05,40278.0
2026-04-14 21:00:00,IN-DC-017,Mumbai,40255.0,14326.3,2027.7,378.6,56987.6,1.416,32.2,63,8.4,14.8,24.3,1,0,0.983,49.88,1.09,40461.0
2026-04-14 22:00:00,IN-DC-017,Mumbai,40255.0,14629.6,2027.7,353.5,57265.7,1.423,31.8,75,9.0,15.3,24.4,1,0,0.979,50.01,1.0,40659.0
2026-04-14 23:00:00,IN-DC-017,Mumbai,40255.0,14637.8,2027.7,325.0,57245.5,1.422,31.5,71,8.6,14.8,23.6,1,0,0.986,50.08,1.02,40644.0
2026-04-15 00:00:00,IN-DC-017,Mumbai,40255.0,14743.9,2027.7,375.8,57402.3,1.426,30.2,81,8.6,14.9,23.6,1,0,0.974,49.98,0.95,40756.0
2026-04-15 01:00:00,IN-DC-017,Mumbai,40255.0,14216.9,2027.7,365.2,56864.8,1.413,29.5,80,8.4,14.6,23.1,1,0,0.964,50.07,0.81,40374.0
2026-04-15 02:00:00,IN-DC-017,Mumbai,40255.0,13532.0,2027.7,279.9,56094.5,1.393,28.5,73,8.6,14.9,23.9,1,0,0.981,50.07,0.95,39827.0
2026-04-15 03:00:00,IN-DC-017,Mumbai,40255.0,14064.4,2027.7,344.5,56691.7,1.408,29.6,75,8.4,14.7,24.1,1,0,0.963,49.98,1.14,40251.0
2026-04-15 04:00:00,IN-DC-017,Mumbai,40255.0,14090.9,2027.7,333.2,56706.7,1.409,28.9,78,8.3,14.6,24.2,1,0,0.962,49.98,0.95,40262.0
2026-04-15 05:00:00,IN-DC-017,Mumbai,40255.0,14172.9,2027.7,263.3,56718.9,1.409,30.0,77,8.3,14.8,24.7,1,0,0.973,49.99,0.83,40270.0
2026-04-15 06:00:00,IN-DC-017,Mumbai,40255.0,14529.5,2027.7,273.2,57085.4,1.418,30.5,76,8.7,14.9,23.8,1,0,0.971,50.08,1.07,40531.0
2026-04-15 07:00:00,IN-DC-017,Mumbai,40255.0,13966.6,2027.7,431.3,56680.6,1.408,29.6,72,8.7,15.1,24.4,1,0,0.975,49.97,0.99,40243.0
2026-04-15 08:00:00,IN-DC-017,Mumbai,40255.0,14285.7,2027.7,348.6,56916.9,1.414,30.9,76,8.3,14.9,24.0,1,0,0.979,50.0,1.08,40411.0
2026-04-15 09:00:00,IN-DC-017,Mumbai,40255.0,14171.1,2027.7,358.4,56812.3,1.411,31.9,67,8.5,14.6,24.2,1,0,0.965,50.01,1.29,40337.0
2026-04-15 10:00:00,IN-DC-017,Mumbai,40255.0,13974.8,2027.7,347.2,56604.7,1.406,32.8,63,8.8,15.3,23.9,1,0,0.968,50.06,1.14,40189.0
2026-04-15 11:00:00,IN-DC-017,Mumbai,40255.0,14709.9,2027.7,358.2,57350.8,1.425,33.3,68,8.8,15.3,23.4,1,0,0.966,50.0,1.2,40719.0
2026-04-15 12:00:00,IN-DC-017,Mumbai,40255.0,14318.9,2027.7,326.9,56928.5,1.414,34.1,68,8.4,14.6,23.8,1,0,0.972,49.98,1.25,40419.0
2026-04-15 13:00:00,IN-DC-017,Mumbai,40255.0,14427.6,2027.7,356.2,57066.5,1.418,33.5,61,8.8,14.7,25.1,1,0,0.982,49.98,1.32,40517.0
2026-04-15 14:00:00,IN-DC-017,Mumbai,40255.0,14679.9,2027.7,321.2,57283.8,1.423,35.0,58,8.4,15.2,23.9,1,0,0.985,49.99,1.22,40671.0
2026-04-15 15:00:00,IN-DC-017,Mumbai,40255.0,14665.8,2027.7,329.7,57278.2,1.423,35.0,61,9.2,15.6,24.8,1,0,0.99,50.02,1.27,40668.0
2026-04-15 16:00:00,IN-DC-017,Mumbai,40255.0,14337.5,2027.7,340.0,56960.1,1.415,34.6,58,8.6,15.1,24.3,1,0,0.978,49.96,1.34,40442.0
2026-04-15 17:00:00,IN-DC-017,Mumbai,40255.0,14250.4,2027.7,362.6,56895.7,1.413,34.4,53,8.7,15.0,23.3,1,0,0.977,49.9,1.13,40396.0
2026-04-15 18:00:00,IN-DC-017,Mumbai,40255.0,14761.3,2027.7,299.4,57343.4,1.425,33.4,63,8.9,15.6,24.2,1,0,0.981,49.99,1.03,40714.0
2026-04-15 19:00:00,IN-DC-017,Mumbai,40255.0,14361.6,2027.7,237.4,56881.7,1.413,34.1,64,8.4,15.1,23.6,1,0,0.969,49.96,1.32,40386.0
2026-04-15 20:00:00,IN-DC-017,Mumbai,40255.0,14199.1,2027.7,343.9,56825.7,1.412,33.1,64,8.5,14.9,23.7,1,0,0.98,50.0,1.26,40346.0
2026-04-15 21:00:00,IN-DC-017,Mumbai,40255.0,14260.9,2027.7,365.3,56908.9,1.414,32.0,67,8.5,14.7,24.4,1,0,0.992,49.99,1.09,40405.0
2026-04-15 22:00:00,IN-DC-017,Mumbai,40255.0,14077.8,2027.7,310.6,56671.1,1.408,31.2,66,8.6,15.0,24.0,1,0,0.981,50.03,1.06,40237.0
2026-04-15 23:00:00,IN-DC-017,Mumbai,40255.0,14827.5,2027.7,292.3,57402.5,1.426,31.5,78,8.3,14.5,23.7,1,0,0.975,50.0,1.01,40756.0
2026-04-16 00:00:00,IN-DC-017,Mumbai,40255.0,14095.1,2027.7,343.6,56721.5,1.409,30.3,69,8.5,14.5,23.6,1,0,0.976,49.93,0.96,40272.0
2026-04-16 01:00:00,IN-DC-017,Mumbai,40255.0,14117.2,2027.7,268.5,56668.3,1.408,29.6,74,8.6,15.0,24.4,1,0,0.979,50.0,0.88,40235.0
2026-04-16 02:00:00,IN-DC-017,Mumbai,40255.0,13874.1,2027.7,353.9,56510.8,1.404,29.0,71,8.3,14.5,23.7,1,0,0.98,50.01,0.97,40123.0
2026-04-16 03:00:00,IN-DC-017,Mumbai,40255.0,14139.8,2027.7,405.6,56828.1,1.412,28.9,82,8.7,14.7,23.8,1,0,0.981,49.98,1.13,40348.0
2026-04-16 04:00:00,IN-DC-017,Mumbai,40255.0,14800.8,2027.7,292.3,57375.7,1.425,29.1,86,8.4,14.8,24.7,1,0,0.964,49.88,0.77,40737.0
2026-04-16 05:00:00,IN-DC-017,Mumbai,40255.0,14202.4,2027.7,307.9,56793.0,1.411,28.8,79,8.4,14.6,24.1,1,0,0.985,49.95,0.93,40323.0
2026-04-16 06:00:00,IN-DC-017,Mumbai,40255.0,14360.7,2027.7,335.9,56979.3,1.415,29.7,79,8.5,14.7,23.8,1,0,0.969,49.97,1.02,40455.0
2026-04-16 07:00:00,IN-DC-017,Mumbai,40255.0,14040.5,2027.7,315.7,56638.8,1.407,30.7,69,8.4,15.0,23.9,1,0,0.995,50.09,1.06,40214.0
2026-04-16 08:00:00,IN-DC-017,Mumbai,40255.0,14572.9,2027.7,279.4,57135.0,1.419,31.2,79,8.1,14.1,23.4,1,0,0.975,49.95,1.13,40566.0
2026-04-16 09:00:00,IN-DC-017,Mumbai,40255.0,14249.4,2027.7,252.3,56784.3,1.411,32.0,68,8.8,15.0,24.1,1,0,0.98,50.0,1.12,40317.0
2026-04-16 10:00:00,IN-DC-017,Mumbai,40255.0,14608.1,2027.7,325.1,57215.9,1.421,32.8,69,8.6,14.8,23.8,1,0,0.982,49.95,1.09,40623.0
2026-04-16 11:00:00,IN-DC-017,Mumbai,40255.0,14763.2,2027.7,393.0,57438.9,1.427,32.9,71,8.6,14.8,24.1,1,0,0.969,49.96,1.07,40782.0
2026-04-16 12:00:00,IN-DC-017,Mumbai,40255.0,14897.1,2027.7,391.8,57571.5,1.43,34.6,54,8.6,14.5,23.5,1,0,0.97,49.96,1.13,40876.0
2026-04-16 13:00:00,IN-DC-017,Mumbai,40255.0,14411.7,2027.7,354.6,57049.0,1.417,34.1,52,8.5,14.8,24.1,1,0,0.973,49.93,1.27,40505.0
2026-04-16 14:00:00,IN-DC-017,Mumbai,40255.0,15047.9,2027.7,244.8,57575.3,1.43,35.3,65,8.9,15.3,23.2,1,0,0.964,50.07,1.29,40878.0
2026-04-16 15:00:00,IN-DC-017,Mumbai,40255.0,14597.1,2027.7,241.6,57121.4,1.419,34.8,55,8.9,15.4,23.7,1,0,0.982,50.08,1.25,40556.0
2026-04-16 16:00:00,IN-DC-017,Mumbai,40255.0,14855.9,2027.7,349.2,57487.7,1.428,34.9,57,8.5,14.8,24.5,1,0,0.976,50.04,1.19,40816.0
2026-04-16 17:00:00,IN-DC-017,Mumbai,40255.0,14565.7,2027.7,296.4,57144.8,1.42,34.0,55,8.8,15.1,23.7,1,0,0.976,49.98,1.11,40573.0
2026-04-16 18:00:00,IN-DC-017,Mumbai,40255.0,14302.6,2027.7,315.0,56900.3,1.413,33.6,62,8.8,15.5,24.3,1,0,0.973,50.06,1.18,40399.0
2026-04-16 19:00:00,IN-DC-017,Mumbai,40255.0,14186.3,2027.7,344.7,56813.7,1.411,34.0,57,8.5,14.9,23.5,1,0,0.985,50.0,1.11,40338.0
2026-04-16 20:00:00,IN-DC-017,Mumbai,40255.0,14577.5,2027.7,373.4,57233.6,1.422,32.5,70,8.8,15.4,23.3,1,0,0.987,50.01,1.11,40636.0
2026-04-16 21:00:00,IN-DC-017,Mumbai,40255.0,14243.9,2027.7,305.4,56832.0,1.412,31.4,69,8.4,14.9,23.6,1,0,0.982,49.97,1.12,40351.0
2026-04-16 22:00:00,IN-DC-017,Mumbai,40255.0,14096.0,2027.7,360.6,56739.3,1.409,31.0,69,8.8,15.1,23.8,1,0,0.966,50.04,1.27,40285.0
2026-04-16 23:00:00,IN-DC-017,Mumbai,40255.0,13993.2,2027.7,261.1,56537.0,1.404,30.2,74,8.5,14.9,23.9,1,0,0.985,50.03,1.01,40141.0
2026-04-17 00:00:00,IN-DC-017,Mumbai,40255.0,14334.7,2027.7,339.7,56957.0,1.415,29.7,76,8.4,14.6,23.8,1,0,0.96,49.97,0.91,40439.0
2026-04-17 01:00:00,IN-DC-017,Mumbai,40255.0,14474.5,2027.7,347.1,57104.3,1.419,29.4,82,8.4,14.7,24.1,1,0,0.961,50.06,1.18,40544.0
2026-04-17 02:00:00,IN-DC-017,Mumbai,40255.0,13940.7,2027.7,327.5,56550.9,1.405,28.6,79,8.5,14.4,24.0,1,0,0.979,49.95,0.79,40151.0
2026-04-17 03:00:00,IN-DC-017,Mumbai,40255.0,14164.6,2027.7,350.7,56798.0,1.411,29.6,82,8.4,15.0,23.4,1,0,0.962,50.01,0.89,40327.0
2026-04-17 04:00:00,IN-DC-017,Mumbai,40255.0,14705.5,2027.7,296.3,57284.5,1.423,29.3,82,8.2,14.6,24.5,1,0,0.975,50.01,1.09,40672.0
2026-04-17 05:00:00,IN-DC-017,Mumbai,40255.0,14245.3,2027.7,342.6,56870.5,1.413,28.4,81,8.9,15.4,24.6,1,0,0.975,50.1,1.01,40378.0
2026-04-17 06:00:00,IN-DC-017,Mumbai,40255.0,14107.7,2027.7,301.5,56691.9,1.408,29.1,76,8.5,15.0,24.2,1,0,0.982,49.94,0.81,40251.0
2026-04-17 07:00:00,IN-DC-017,Mumbai,40255.0,13956.6,2027.7,289.4,56528.7,1.404,29.6,73,8.5,14.6,23.6,1,0,0.965,49.98,0.94,40135.0
2026-04-17 08:00:00,IN-DC-017,Mumbai,40255.0,13758.7,2027.7,269.7,56311.1,1.399,30.7,66,8.2,14.8,23.9,1,0,0.978,49.97,1.06,39981.0
2026-04-17 09:00:00,IN-DC-017,Mumbai,40255.0,14020.7,2027.7,352.2,56655.6,1.407,31.3,68,8.3,14.6,23.7,1,0,0.985,50.0,0.92,40225.0
2026-04-17 10:00:00,IN-DC-017,Mumbai,40255.0,14647.4,2027.7,323.9,57254.0,1.422,33.1,63,8.5,15.0,23.7,1,0,0.973,49.97,1.12,40650.0
2026-04-17 11:00:00,IN-DC-017,Mumbai,40255.0,14253.1,2027.7,323.6,56859.3,1.412,33.4,64,8.9,15.2,24.4,1,0,0.982,50.0,1.2,40370.0
2026-04-17 12:00:00,IN-DC-017,Mumbai,40255.0,14361.3,2027.7,275.0,56919.0,1.414,34.6,58,8.5,15.0,23.9,1,0,0.964,49.92,1.16,40412.0
2026-04-17 13:00:00,IN-DC-017,Mumbai,40255.0,14371.8,2027.7,343.6,56998.1,1.416,33.9,51,8.8,15.1,24.0,1,0,0.974,50.02,1.13,40469.0
2026-04-17 14:00:00,IN-DC-017,Mumbai,40255.0,14656.5,2027.7,361.9,57301.2,1.423,33.8,52,8.6,15.1,24.3,1,0,0.992,49.97,1.07,40684.0
2026-04-17 15:00:00,IN-DC-017,Mumbai,40255.0,14272.8,2027.7,346.0,56901.5,1.414,34.7,49,9.1,15.5,23.9,1,0,0.981,49.86,1.24,40400.0
2026-04-17 16:00:00,IN-DC-017,Mumbai,40255.0,14847.7,2027.7,373.5,57503.9,1.428,35.3,56,8.9,15.5,24.3,1,0,0.988,49.94,1.35,40828.0
2026-04-17 17:00:00,IN-DC-017,Mumbai,40255.0,14075.3,2027.7,327.3,56685.2,1.408,33.6,58,8.5,14.9,24.5,1,0,0.979,50.05,1.09,40246.0
2026-04-17 18:00:00,IN-DC-017,Mumbai,40255.0,14212.5,2027.7,306.8,56802.0,1.411,33.1,60,8.6,15.2,24.0,1,0,0.974,50.05,1.24,40329.0
2026-04-17 19:00:00,IN-DC-017,Mumbai,40255.0,14332.1,2027.7,328.7,56943.4,1.415,33.4,57,8.3,14.9,24.4,1,0,0.975,50.13,1.26,40430.0
2026-04-17 20:00:00,IN-DC-017,Mumbai,40255.0,14151.4,2027.7,375.8,56809.9,1.411,32.2,63,8.8,15.2,24.3,1,0,0.969,49.96,1.12,40335.0
2026-04-17 21:00:00,IN-DC-017,Mumbai,40255.0,14329.2,2027.7,325.4,56937.2,1.414,31.8,71,8.5,14.5,24.8,1,0,0.957,49.92,0.93,40425.0
2026-04-17 22:00:00,IN-DC-017,Mumbai,40255.0,13533.5,2027.7,221.7,56037.9,1.392,30.1,65,8.2,14.5,23.8,1,0,0.976,50.05,1.1,39787.0
2026-04-17 23:00:00,IN-DC-017,Mumbai,40255.0,13912.9,2027.7,349.6,56545.2,1.405,29.9,75,8.5,14.9,24.0,1,0,0.973,49.96,0.93,40147.0
2026-04-18 00:00:00,IN-DC-017,Mumbai,40255.0,14257.9,2027.7,327.3,56867.9,1.413,29.7,77,8.2,14.6,23.3,1,0,0.973,50.04,0.96,40376.0
2026-04-18 01:00:00,IN-DC-017,Mumbai,40255.0,14099.2,2027.7,335.8,56717.7,1.409,29.3,75,8.4,15.0,23.9,1,0,0.976,50.05,1.02,40270.0
2026-04-18 02:00:00,IN-DC-017,Mumbai,40255.0,13991.1,2027.7,380.2,56654.0,1.407,28.9,81,8.5,14.9,24.4,1,0,0.985,49.91,0.87,40224.0
2026-04-18 03:00:00,IN-DC-017,Mumbai,40255.0,14507.2,2027.7,322.4,57112.3,1.419,28.9,84,8.6,15.0,24.2,1,0,0.981,50.09,0.95,40550.0
2026-04-18 04:00:00,IN-DC-017,Mumbai,40255.0,13759.0,2027.7,305.3,56347.1,1.4,28.4,71,8.3,14.6,24.2,1,0,0.965,49.99,1.03,40006.0
2026-04-18 05:00:00,IN-DC-017,Mumbai,40255.0,13688.6,2027.7,285.6,56256.9,1.398,28.5,75,8.6,14.7,24.2,1,0,0.979,50.05,0.97,39942.0
2026-04-18 06:00:00,IN-DC-017,Mumbai,40255.0,13977.4,2027.7,364.6,56624.7,1.407,28.2,79,8.6,14.8,24.2,1,0,0.961,50.12,0.95,40204.0
2026-04-18 07:00:00,IN-DC-017,Mumbai,40255.0,14369.8,2027.7,410.4,57062.9,1.418,29.7,79,8.5,14.6,24.6,1,0,0.961,50.11,1.01,40515.0
2026-04-18 08:00:00,IN-DC-017,Mumbai,40255.0,13757.5,2027.7,334.5,56374.6,1.4,30.8,65,8.8,15.5,23.6,1,0,0.964,49.96,1.08,40026.0
2026-04-18 09:00:00,IN-DC-017,Mumbai,40255.0,14560.8,2027.7,252.2,57095.7,1.418,31.6,70,8.7,15.0,24.2,1,0,0.983,50.04,1.11,40538.0
2026-04-18 10:00:00,IN-DC-017,Mumbai,40255.0,13926.3,2027.7,360.9,56569.9,1.405,32.2,64,8.7,14.7,24.2,1,0,0.97,49.99,1.1,40165.0
2026-04-18 11:00:00,IN-DC-017,Mumbai,40255.0,13981.6,2027.7,306.1,56570.4,1.405,32.9,64,8.8,15.7,23.7,1,0,0.974,49.96,1.15,40165.0
2026-04-18 12:00:00,IN-DC-017,Mumbai,40255.0,14392.0,2027.7,337.3,57012.0,1.416,32.8,60,9.2,15.8,24.3,1,0,0.979,50.02,1.2,40479.0
2026-04-18 13:00:00,IN-DC-017,Mumbai,40255.0,14508.7,2027.7,255.5,57046.9,1.417,34.9,59,9.0,15.1,23.7,1,0,0.982,50.02,1.19,40503.0
2026-04-18 14:00:00,IN-DC-017,Mumbai,40255.0,14712.9,2027.7,333.1,57328.7,1.424,34.7,58,8.7,14.8,23.5,1,0,0.987,50.05,1.19,40703.0
2026-04-18 15:00:00,IN-DC-017,Mumbai,40255.0,14365.4,2027.7,276.1,56924.2,1.414,34.5,57,8.4,14.8,23.0,1,0,0.97,50.12,1.2,40416.0
2026-04-18 16:00:00,IN-DC-017,Mumbai,40255.0,14506.3,2027.7,413.6,57202.6,1.421,34.2,62,8.9,15.3,23.8,1,0,0.979,49.95,1.07,40614.0
2026-04-18 17:00:00,IN-DC-017,Mumbai,40255.0,14399.2,2027.7,270.6,56952.5,1.415,33.9,58,8.6,15.1,24.1,1,0,0.968,50.02,1.17,40436.0
2026-04-18 18:00:00,IN-DC-017,Mumbai,40255.0,14436.9,2027.7,345.3,57064.9,1.418,34.0,58,8.9,15.3,24.3,1,0,0.971,49.97,1.18,40516.0
2026-04-18 19:00:00,IN-DC-017,Mumbai,40255.0,14605.8,2027.7,347.8,57236.3,1.422,32.4,64,8.2,14.8,23.5,1,0,0.978,49.95,1.23,40638.0
2026-04-18 20:00:00,IN-DC-017,Mumbai,40255.0,14460.5,2027.7,325.4,57068.6,1.418,32.2,73,8.6,15.4,24.7,1,0,0.975,50.07,1.09,40519.0
2026-04-18 21:00:00,IN-DC-017,Mumbai,40255.0,13851.8,2027.7,326.4,56460.9,1.403,31.1,67,8.4,14.7,23.4,1,0,0.968,50.0,1.04,40087.0
2026-04-18 22:00:00,IN-DC-017,Mumbai,40255.0,14170.9,2027.7,342.6,56796.2,1.411,29.8,75,8.3,15.2,25.1,1,0,0.971,50.04,1.0,40325.0
2026-04-18 23:00:00,IN-DC-017,Mumbai,40255.0,14076.8,2027.7,357.8,56717.3,1.409,29.2,76,8.9,15.1,23.9,1,0,0.992,50.05,0.99,40269.0
2026-04-19 00:00:00,IN-DC-017,Mumbai,40255.0,13970.5,2027.7,393.7,56646.9,1.407,28.5,79,8.4,14.5,23.3,1,0,0.979,50.05,0.9,40219.0
2026-04-19 01:00:00,IN-DC-017,Mumbai,40255.0,13746.9,2027.7,370.6,56400.1,1.401,28.6,73,8.6,15.0,24.4,1,0,0.986,49.99,1.15,40044.0
2026-04-19 02:00:00,IN-DC-017,Mumbai,40255.0,14176.4,2027.7,303.9,56763.0,1.41,28.3,78,8.5,15.0,23.5,1,0,0.985,49.98,0.84,40302.0
2026-04-19 03:00:00,IN-DC-017,Mumbai,40255.0,14283.6,2027.7,331.2,56897.5,1.413,27.3,83,8.5,15.1,24.9,1,0,0.983,50.0,0.94,40397.0
2026-04-19 04:00:00,IN-DC-017,Mumbai,40255.0,14029.9,2027.7,367.4,56680.0,1.408,28.2,80,8.5,14.8,23.9,1,0,0.964,50.06,0.95,40243.0
2026-04-19 05:00:00,IN-DC-017,Mumbai,40255.0,14291.4,2027.7,290.3,56864.4,1.413,28.2,87,8.4,14.8,23.6,1,0,0.968,50.04,0.94,40374.0
2026-04-19 06:00:00,IN-DC-017,Mumbai,40255.0,14146.0,2027.7,310.6,56739.3,1.409,29.0,76,8.3,15.1,23.2,1,0,0.976,49.92,0.88,40285.0
2026-04-19 07:00:00,IN-DC-017,Mumbai,40255.0,13900.7,2027.7,351.0,56534.3,1.404,29.5,69,8.3,14.7,24.2,1,0,0.986,49.95,0.99,40139.0
2026-04-19 08:00:00,IN-DC-017,Mumbai,40255.0,14274.8,2027.7,400.8,56958.3,1.415,31.0,74,8.7,15.1,24.0,1,0,0.983,49.99,1.04,40440.0
2026-04-19 09:00:00,IN-DC-017,Mumbai,40255.0,14132.0,2027.7,354.1,56768.8,1.41,31.5,63,8.8,15.1,23.0,1,0,0.978,49.94,0.9,40306.0
2026-04-19 10:00:00,IN-DC-017,Mumbai,40255.0,14424.9,2027.7,258.7,56966.3,1.415,32.1,67,8.5,14.8,24.2,1,0,0.985,50.06,1.15,40446.0
2026-04-19 11:00:00,IN-DC-017,Mumbai,40255.0,14468.4,2027.7,280.3,57031.4,1.417,32.2,63,8.5,15.2,22.8,1,0,0.978,50.06,1.24,40492.0
2026-04-19 12:00:00,IN-DC-017,Mumbai,40255.0,14443.4,2027.7,361.4,57087.5,1.418,34.3,56,8.6,15.1,23.8,1,0,0.986,49.97,1.14,40532.0
2026-04-19 13:00:00,IN-DC-017,Mumbai,40255.0,14244.2,2027.7,274.6,56801.5,1.411,34.1,58,8.6,14.9,23.9,1,0,0.973,50.0,1.31,40329.0
2026-04-19 14:00:00,IN-DC-017,Mumbai,40255.0,14144.7,2027.7,326.5,56753.9,1.41,33.9,52,8.6,14.7,24.2,1,0,0.966,49.97,1.02,40295.0
2026-04-19 15:00:00,IN-DC-017,Mumbai,40255.0,14346.3,2027.7,253.6,56882.5,1.413,34.1,62,8.7,14.7,24.2,1,0,0.963,49.96,1.2,40387.0
2026-04-19 16:00:00,IN-DC-017,Mumbai,40255.0,14465.7,2027.7,327.5,57076.0,1.418,34.0,52,8.8,15.2,24.4,1,0,0.964,49.98,1.14,40524.0
2026-04-19 17:00:00,IN-DC-017,Mumbai,40255.0,14268.5,2027.7,267.3,56818.4,1.411,34.1,59,9.1,15.0,24.3,1,0,0.97,49.97,1.17,40341.0
2026-04-19 18:00:00,IN-DC-017,Mumbai,40255.0,14461.7,2027.7,356.6,57101.0,1.418,33.6,58,8.4,15.1,24.9,1,0,0.971,50.01,1.2,40542.0
2026-04-19 19:00:00,IN-DC-017,Mumbai,40255.0,14337.7,2027.7,299.4,56919.8,1.414,32.8,61,8.7,15.3,23.8,1,0,0.98,50.05,1.24,40413.0
2026-04-19 20:00:00,IN-DC-017,Mumbai,40255.0,14104.7,2027.7,331.6,56719.0,1.409,32.7,59,8.9,15.6,23.9,1,0,0.961,50.02,1.19,40271.0
2026-04-19 21:00:00,IN-DC-017,Mumbai,40255.0,13869.7,2027.7,419.2,56571.7,1.405,31.0,67,8.5,15.1,24.2,1,0,0.971,49.93,1.02,40166.0
2026-04-19 22:00:00,IN-DC-017,Mumbai,40255.0,13939.3,2027.7,393.7,56615.8,1.406,29.7,69,8.1,14.7,24.1,1,0,0.97,50.02,0.9,40197.0
2026-04-19 23:00:00,IN-DC-017,Mumbai,40255.0,14226.4,2027.7,303.6,56812.7,1.411,29.5,77,8.4,14.7,24.5,1,0,0.963,50.02,0.94,40337.0
2026-04-20 00:00:00,IN-DC-017,Mumbai,40255.0,13799.4,2027.7,356.0,56438.1,1.402,28.9,81,8.3,14.3,24.2,1,0,0.967,50.02,0.89,40071.0
2026-04-20 01:00:00,IN-DC-017,Mumbai,40255.0,14129.6,2027.7,376.5,56788.8,1.411,28.2,78,8.5,14.9,24.2,1,0,0.974,50.02,0.93,40320.0
2026-04-20 02:00:00,IN-DC-017,Mumbai,40255.0,13206.8,2027.7,334.2,55823.7,1.387,27.2,73,8.3,14.3,24.0,1,0,0.97,50.01,0.89,39635.0
2026-04-20 03:00:00,IN-DC-017,Mumbai,40255.0,13917.2,2027.7,295.0,56494.9,1.403,28.5,75,8.3,14.9,23.7,1,0,0.989,49.9,0.93,40111.0
2026-04-20 04:00:00,IN-DC-017,Mumbai,40255.0,13681.6,2027.7,323.3,56287.6,1.398,28.7,75,8.4,14.9,24.1,1,0,0.985,50.0,0.99,39964.0
2026-04-20 05:00:00,IN-DC-017,Mumbai,40255.0,13805.7,2027.7,370.2,56458.7,1.403,27.9,80,8.4,14.7,24.7,1,0,0.978,49.94,0.92,40086.0
2026-04-20 06:00:00,IN-DC-017,Mumbai,40255.0,13988.2,2027.7,363.2,56634.1,1.407,29.3,78,8.4,14.9,23.8,1,0,0.985,49.97,0.91,40210.0
2026-04-20 07:00:00,IN-DC-017,Mumbai,40255.0,13651.5,2027.7,331.0,56265.2,1.398,29.4,71,8.8,15.0,24.4,1,0,0.97,50.01,0.96,39948.0
2026-04-20 08:00:00,IN-DC-017,Mumbai,40255.0,13910.5,2027.7,349.5,56542.7,1.405,30.1,72,8.4,14.6,24.4,1,0,0.975,50.08,0.94,40145.0
2026-04-20 09:00:00,IN-DC-017,Mumbai,40255.0,14268.6,2027.7,387.4,56938.7,1.414,32.2,66,8.5,14.8,23.3,1,0,0.983,50.09,1.23,40426.0
2026-04-20 10:00:00,IN-DC-017,Mumbai,40255.0,14559.9,2027.7,208.6,57051.2,1.417,32.9,65,8.3,14.3,24.0,1,0,0.976,49.95,1.21,40506.0
2026-04-20 11:00:00,IN-DC-017,Mumbai,40255.0,14213.6,2027.7,360.0,56856.3,1.412,32.7,62,8.3,15.0,23.5,1,0,0.987,49.97,1.03,40368.0
2026-04-20 12:00:00,IN-DC-017,Mumbai,40255.0,14405.7,2027.7,337.6,57026.0,1.417,33.1,62,8.5,15.0,24.7,1,0,0.981,50.02,1.01,40488.0
2026-04-20 13:00:00,IN-DC-017,Mumbai,40255.0,14156.9,2027.7,246.6,56686.2,1.408,33.8,58,8.6,14.5,24.5,1,0,0.96,50.04,1.14,40247.0
2026-04-20 14:00:00,IN-DC-017,Mumbai,40255.0,14371.7,2027.7,417.3,57071.7,1.418,34.6,57,8.6,14.7,24.9,1,0,0.98,50.04,1.19,40521.0
2026-04-20 15:00:00,IN-DC-017,Mumbai,40255.0,14180.7,2027.7,362.0,56825.4,1.412,33.5,50,8.6,15.0,24.3,1,0,0.969,50.02,1.23,40346.0
2026-04-20 16:00:00,IN-DC-017,Mumbai,40255.0,14605.6,2027.7,348.1,57236.3,1.422,34.1,53,8.6,15.0,24.4,1,0,0.969,50.08,1.41,40638.0
2026-04-20 17:00:00,IN-DC-017,Mumbai,40255.0,14506.1,2027.7,334.8,57123.6,1.419,34.2,57,8.7,15.1,24.4,1,0,0.978,50.04,1.18,40558.0
2026-04-20 18:00:00,IN-DC-017,Mumbai,40255.0,14213.6,2027.7,315.2,56811.5,1.411,33.3,53,8.6,15.2,23.6,1,0,0.992,50.04,1.12,40336.0
2026-04-20 19:00:00,IN-DC-017,Mumbai,40255.0,14110.6,2027.7,364.9,56758.2,1.41,32.8,63,8.8,15.2,23.9,1,0,0.995,49.96,1.1,40298.0
2026-04-20 20:00:00,IN-DC-017,Mumbai,40255.0,14569.1,2027.7,327.0,57178.8,1.42,31.1,76,8.5,14.8,24.1,1,0,0.972,49.95,1.01,40597.0
2026-04-20 21:00:00,IN-DC-017,Mumbai,40255.0,13794.8,2027.7,272.3,56349.8,1.4,31.6,68,8.5,14.8,23.8,1,0,0.972,50.02,0.96,40008.0
2026-04-20 22:00:00,IN-DC-017,Mumbai,40255.0,13865.7,2027.7,372.7,56521.1,1.404,29.9,72,8.8,15.1,23.1,1,0,0.965,50.01,0.97,40130.0
2026-04-20 23:00:00,IN-DC-017,Mumbai,40255.0,13993.8,2027.7,355.0,56631.5,1.407,28.7,78,8.4,14.7,24.1,1,0,0.965,49.98,0.93,40208.0
2026-04-21 00:00:00,IN-DC-017,Mumbai,40255.0,14055.2,2027.7,265.1,56603.1,1.406,27.9,80,8.4,15.0,24.4,1,0,0.972,49.97,0.92,40188.0
2026-04-21 01:00:00,IN-DC-017,Mumbai,40255.0,14153.7,2027.7,362.7,56799.1,1.411,28.3,84,8.4,14.6,24.1,1,0,0.981,50.05,1.09,40327.0
2026-04-21 02:00:00,IN-DC-017,Mumbai,40255.0,13948.6,2027.7,325.9,56557.2,1.405,28.3,82,8.8,15.1,25.0,1,0,0.973,50.06,0.96,40156.0
2026-04-21 03:00:00,IN-DC-017,Mumbai,40255.0,13534.6,2027.7,257.3,56074.6,1.393,27.9,80,8.2,14.8,24.3,1,0,0.985,50.02,0.92,39813.0
2026-04-21 04:00:00,IN-DC-017,Mumbai,40255.0,14112.7,2027.7,317.2,56712.7,1.409,29.0,80,8.8,15.3,24.4,1,0,0.977,49.96,1.0,40266.0
2026-04-21 05:00:00,IN-DC-017,Mumbai,40255.0,13787.1,2027.7,349.9,56419.7,1.402,28.2,78,8.7,15.5,24.5,1,0,0.984,49.96,0.9,40058.0
2026-04-21 06:00:00,IN-DC-017,Mumbai,40255.0,13906.5,2027.7,353.7,56542.9,1.405,28.0,75,8.0,14.4,24.7,1,0,0.969,49.94,0.9,40145.0
2026-04-21 07:00:00,IN-DC-017,Mumbai,40255.0,14104.1,2027.7,422.4,56809.2,1.411,28.8,82,8.7,14.9,23.7,1,0,0.969,50.01,0.84,40335.0
2026-04-21 08:00:00,IN-DC-017,Mumbai,40255.0,14244.2,2027.7,331.8,56858.7,1.412,31.0,73,8.6,14.9,24.2,1,0,0.968,50.03,1.11,40370.0
2026-04-21 09:00:00,IN-DC-017,Mumbai,40255.0,14190.7,2027.7,281.5,56754.8,1.41,31.0,70,8.3,14.8,23.8,1,0,0.982,50.04,1.09,40296.0
2026-04-21 10:00:00,IN-DC-017,Mumbai,40255.0,13966.3,2027.7,275.0,56524.0,1.404,31.8,63,8.5,14.9,23.4,1,0,0.978,50.0,1.08,40132.0
2026-04-21 11:00:00,IN-DC-017,Mumbai,40255.0,14693.1,2027.7,309.9,57285.7,1.423,32.8,67,8.5,14.8,24.0,1,0,0.957,50.03,1.1,40673.0
2026-04-21 12:00:00,IN-DC-017,Mumbai,40255.0,14180.7,2027.7,338.4,56801.7,1.411,32.7,61,8.6,14.7,24.4,1,0,0.972,49.95,1.03,40329.0
2026-04-21 13:00:00,IN-DC-017,Mumbai,40255.0,14306.1,2027.7,258.0,56846.8,1.412,33.7,52,8.7,15.4,24.9,1,0,0.977,50.03,1.28,40361.0
2026-04-21 14:00:00,IN-DC-017,Mumbai,40255.0,14020.2,2027.7,353.8,56656.8,1.407,33.2,63,8.8,15.6,24.1,1,0,0.982,50.02,1.21,40226.0
2026-04-21 15:00:00,IN-DC-017,Mumbai,40255.0,13817.6,2027.7,299.4,56399.7,1.401,32.7,52,8.6,14.7,24.1,1,0,0.967,49.97,1.18,40044.0
2026-04-21 16:00:00,IN-DC-017,Mumbai,40255.0,14357.4,2027.7,322.4,56962.5,1.415,33.6,49,8.3,14.8,24.2,1,0,0.98,50.02,1.21,40443.0
2026-04-21 17:00:00,IN-DC-017,Mumbai,40255.0,14531.7,2027.7,310.1,57124.5,1.419,34.5,58,8.7,15.0,24.1,1,0,0.976,49.95,1.28,40558.0
2026-04-21 18:00:00,IN-DC-017,Mumbai,40255.0,13972.1,2027.7,288.8,56543.6,1.405,32.9,59,8.5,14.8,23.6,1,0,0.978,50.1,1.22,40146.0
2026-04-21 19:00:00,IN-DC-017,Mumbai,40255.0,14094.9,2027.7,287.7,56665.3,1.408,32.9,63,8.6,14.9,24.3,1,0,0.966,50.04,1.01,40232.0
2026-04-21 20:00:00,IN-DC-017,Mumbai,40255.0,13596.4,2027.7,334.3,56213.4,1.396,30.2,64,8.5,14.6,24.1,1,0,0.971,50.02,0.95,39912.0
2026-04-21 21:00:00,IN-DC-017,Mumbai,40255.0,14281.1,2027.7,303.3,56867.2,1.413,30.8,70,8.7,15.0,24.1,1,0,0.974,49.98,0.98,40376.0
2026-04-21 22:00:00,IN-DC-017,Mumbai,40255.0,14116.5,2027.7,349.7,56748.9,1.41,30.9,74,8.5,14.9,23.7,1,0,0.979,50.08,1.08,40292.0
2026-04-21 23:00:00,IN-DC-017,Mumbai,40255.0,14284.1,2027.7,335.4,56902.2,1.414,29.7,81,8.4,14.7,24.8,1,0,0.988,50.01,0.93,40401.0
2026-04-22 00:00:00,IN-DC-017,Mumbai,40255.0,13760.0,2027.7,352.3,56395.0,1.401,27.9,84,8.6,15.1,24.0,1,0,0.978,50.05,0.96,40040.0
2026-04-22 01:00:00,IN-DC-017,Mumbai,40255.0,13502.4,2027.7,266.5,56051.6,1.392,27.5,72,8.4,15.0,24.1,1,0,0.981,49.99,0.86,39797.0
2026-04-22 02:00:00,IN-DC-017,Mumbai,40255.0,13270.7,2027.7,276.0,55829.3,1.387,27.5,75,8.0,14.5,23.6,1,0,0.972,50.06,0.97,39639.0
2026-04-22 03:00:00,IN-DC-017,Mumbai,40255.0,14007.6,2027.7,355.4,56645.7,1.407,27.0,87,8.4,14.9,23.5,1,0,0.975,49.96,0.93,40218.0
2026-04-22 04:00:00,IN-DC-017,Mumbai,40255.0,13716.6,2027.7,305.2,56304.5,1.399,28.1,77,8.6,15.1,23.9,1,0,0.975,50.04,0.85,39976.0
2026-04-22 05:00:00,IN-DC-017,Mumbai,40255.0,14414.7,2027.7,393.2,57090.5,1.418,28.0,84,8.5,14.8,24.7,1,0,0.981,50.03,0.88,40534.0
2026-04-22 06:00:00,IN-DC-017,Mumbai,40255.0,13814.8,2027.7,309.4,56406.9,1.401,29.0,77,8.8,15.0,23.0,1,0,0.972,49.99,1.08,40049.0
2026-04-22 07:00:00,IN-DC-017,Mumbai,40255.0,13787.4,2027.7,303.7,56373.8,1.4,29.3,74,8.8,15.2,24.0,1,0,0.966,50.02,1.05,40025.0
2026-04-22 08:00:00,IN-DC-017,Mumbai,40255.0,13866.2,2027.7,294.1,56443.0,1.402,29.5,70,8.6,15.0,23.8,1,0,0.975,50.03,1.03,40075.0
2026-04-22 09:00:00,IN-DC-017,Mumbai,40255.0,14175.3,2027.7,354.0,56812.0,1.411,30.6,69,8.4,14.7,23.6,1,0,0.971,49.95,1.04,40337.0
2026-04-22 10:00:00,IN-DC-017,Mumbai,40255.0,13918.8,2027.7,288.3,56489.8,1.403,31.0,66,8.3,14.5,23.9,1,0,0.974,49.99,1.08,40108.0
2026-04-22 11:00:00,IN-DC-017,Mumbai,40255.0,14183.8,2027.7,261.4,56727.9,1.409,32.6,60,8.5,14.7,24.1,1,0,0.981,50.01,1.12,40277.0
2026-04-22 12:00:00,IN-DC-017,Mumbai,40255.0,14256.3,2027.7,273.2,56812.2,1.411,32.7,62,8.4,14.4,24.0,1,0,0.965,50.0,1.12,40337.0
2026-04-22 13:00:00,IN-DC-017,Mumbai,40255.0,14072.5,2027.7,385.2,56740.4,1.41,32.6,54,8.3,14.7,24.3,1,0,0.967,49.94,1.15,40286.0
2026-04-22 14:00:00,IN-DC-017,Mumbai,40255.0,14054.5,2027.7,408.2,56745.5,1.41,33.1,52,8.6,15.1,24.2,1,0,0.971,49.97,1.24,40289.0
2026-04-22 15:00:00,IN-DC-017,Mumbai,40255.0,14481.4,2027.7,332.0,57096.1,1.418,33.5,55,8.6,15.3,24.5,1,0,0.986,49.94,1.16,40538.0
2026-04-22 16:00:00,IN-DC-017,Mumbai,40255.0,14087.9,2027.7,278.2,56648.8,1.407,33.2,58,8.4,15.1,23.5,1,0,0.972,50.0,1.21,40221.0
2026-04-22 17:00:00,IN-DC-017,Mumbai,40255.0,14750.7,2027.7,299.0,57332.3,1.424,34.0,66,8.4,14.8,24.9,1,0,0.973,50.0,1.17,40706.0
2026-04-22 18:00:00,IN-DC-017,Mumbai,40255.0,14133.1,2027.7,340.0,56755.8,1.41,32.6,65,8.4,15.0,24.3,1,0,0.975,50.0,0.99,40297.0
2026-04-22 19:00:00,IN-DC-017,Mumbai,40255.0,14254.1,2027.7,357.9,56894.7,1.413,32.1,61,8.8,15.4,23.5,1,0,0.988,49.98,1.01,40395.0
2026-04-22 20:00:00,IN-DC-017,Mumbai,40255.0,14452.4,2027.7,355.2,57090.3,1.418,32.5,63,8.4,14.9,24.6,1,0,0.972,49.97,1.09,40534.0
2026-04-22 21:00:00,IN-DC-017,Mumbai,40255.0,14137.1,2027.7,332.3,56752.0,1.41,31.4,67,8.4,14.8,24.4,1,0,0.99,49.89,1.13,40294.0
2026-04-22 22:00:00,IN-DC-017,Mumbai,40255.0,13773.7,2027.7,337.1,56393.4,1.401,30.6,67,8.6,15.1,23.8,1,0,0.978,50.08,1.08,40039.0
2026-04-22 23:00:00,IN-DC-017,Mumbai,40255.0,14065.7,2027.7,353.9,56702.3,1.409,29.8,69,8.3,14.7,23.9,1,0,0.971,49.95,0.98,40259.0
2026-04-23 00:00:00,IN-DC-017,Mumbai,40255.0,13651.2,2027.7,347.8,56281.7,1.398,28.4,76,8.4,14.4,23.4,1,0,0.974,49.95,0.92,39960.0
2026-04-23 01:00:00,IN-DC-017,Mumbai,40255.0,14152.9,2027.7,269.5,56705.1,1.409,28.3,81,8.4,15.0,24.0,1,0,0.973,49.95,0.98,40261.0
2026-04-23 02:00:00,IN-DC-017,Mumbai,40255.0,14020.9,2027.7,339.1,56642.7,1.407,27.1,85,8.3,14.2,24.2,1,0,0.969,49.98,0.84,40216.0
2026-04-23 03:00:00,IN-DC-017,Mumbai,40255.0,13845.9,2027.7,371.2,56499.7,1.404,28.2,76,8.5,14.9,23.7,1,0,0.964,49.97,0.89,40115.0
2026-04-23 04:00:00,IN-DC-017,Mumbai,40255.0,13860.4,2027.7,375.6,56518.7,1.404,28.3,76,8.5,14.7,23.8,1,0,0.97,50.02,0.9,40128.0
2026-04-23 05:00:00,IN-DC-017,Mumbai,40255.0,13880.2,2027.7,379.2,56542.1,1.405,28.1,74,8.5,14.7,23.4,1,0,0.972,50.05,0.77,40145.0
2026-04-23 06:00:00,IN-DC-017,Mumbai,40255.0,13679.2,2027.7,339.4,56301.3,1.399,29.0,78,8.3,14.7,23.7,1,0,0.99,49.99,1.03,39974.0
2026-04-23 07:00:00,IN-DC-017,Mumbai,40255.0,13921.8,2027.7,391.9,56596.4,1.406,29.9,77,8.3,14.4,23.1,1,0,0.987,50.01,1.09,40183.0
2026-04-23 08:00:00,IN-DC-017,Mumbai,40255.0,13594.8,2027.7,292.2,56169.7,1.395,30.1,64,8.6,15.1,24.3,1,0,0.977,50.0,1.04,39881.0
2026-04-23 09:00:00,IN-DC-017,Mumbai,40255.0,14184.3,2027.7,289.7,56756.7,1.41,31.3,73,8.6,14.8,23.9,1,0,0.978,50.0,1.14,40297.0
2026-04-23 10:00:00,IN-DC-017,Mumbai,40255.0,14055.7,2027.7,368.8,56707.2,1.409,31.2,67,8.6,14.9,23.9,1,0,0.972,50.03,1.14,40262.0
2026-04-23 11:00:00,IN-DC-017,Mumbai,40255.0,13788.1,2027.7,353.5,56424.3,1.402,32.0,60,8.6,14.8,24.0,1,0,0.983,50.01,1.18,40061.0
2026-04-23 12:00:00,IN-DC-017,Mumbai,40255.0,14351.4,2027.7,341.8,56975.8,1.415,33.6,64,8.5,15.1,23.8,1,0,0.983,50.0,1.19,40453.0
2026-04-23 13:00:00,IN-DC-017,Mumbai,40255.0,14354.8,2027.7,350.4,56987.9,1.416,33.0,58,8.5,15.1,24.1,1,0,0.977,50.01,1.16,40461.0
2026-04-23 14:00:00,IN-DC-017,Mumbai,40255.0,14596.8,2027.7,337.6,57217.1,1.421,34.4,64,8.7,15.2,24.0,1,0,0.968,50.04,1.07,40624.0
2026-04-23 15:00:00,IN-DC-017,Mumbai,40255.0,14361.9,2027.7,368.8,57013.4,1.416,34.4,59,8.7,15.3,23.5,1,0,0.978,50.04,1.28,40480.0
2026-04-23 16:00:00,IN-DC-017,Mumbai,40255.0,14702.4,2027.7,295.7,57280.7,1.423,34.5,56,8.7,15.0,23.9,1,0,0.981,50.09,1.18,40669.0
2026-04-23 17:00:00,IN-DC-017,Mumbai,40255.0,14162.4,2027.7,319.9,56764.9,1.41,33.6,60,9.1,15.4,24.5,1,0,0.96,49.98,1.05,40303.0
2026-04-23 18:00:00,IN-DC-017,Mumbai,40255.0,14350.4,2027.7,289.1,56922.2,1.414,33.7,62,8.5,14.4,24.3,1,0,0.972,49.96,1.15,40415.0
2026-04-23 19:00:00,IN-DC-017,Mumbai,40255.0,14451.5,2027.7,384.4,57118.6,1.419,33.4,61,8.6,15.0,23.7,1,0,0.973,50.05,1.2,40554.0
2026-04-23 20:00:00,IN-DC-017,Mumbai,40255.0,14326.9,2027.7,332.1,56941.7,1.415,32.5,61,8.5,14.8,24.5,1,0,0.978,49.96,1.15,40429.0
2026-04-23 21:00:00,IN-DC-017,Mumbai,40255.0,14277.6,2027.7,353.3,56913.5,1.414,31.6,69,8.8,15.0,23.0,1,0,0.965,50.02,1.06,40409.0
2026-04-23 22:00:00,IN-DC-017,Mumbai,40255.0,13929.4,2027.7,343.4,56555.5,1.405,29.8,73,8.5,15.2,23.8,1,0,0.962,49.99,0.99,40154.0
2026-04-23 23:00:00,IN-DC-017,Mumbai,40255.0,13810.0,2027.7,346.0,56438.7,1.402,29.1,70,8.6,14.9,24.2,1,0,0.979,50.02,0.77,40071.0
2026-04-24 00:00:00,IN-DC-017,Mumbai,40255.0,14229.8,2027.7,333.7,56846.2,1.412,29.3,82,8.5,14.7,24.4,1,0,0.982,50.04,1.08,40361.0
2026-04-24 01:00:00,IN-DC-017,Mumbai,40255.0,13704.8,2027.7,327.8,56315.3,1.399,27.9,73,8.5,14.9,24.5,1,0,0.991,50.0,0.67,39984.0
2026-04-24 02:00:00,IN-DC-017,Mumbai,40255.0,14104.7,2027.7,324.0,56711.5,1.409,28.0,79,8.8,15.2,23.8,1,0,0.976,49.96,0.84,40265.0
2026-04-24 03:00:00,IN-DC-017,Mumbai,40255.0,13924.2,2027.7,347.4,56554.2,1.405,27.7,80,8.7,15.0,23.9,1,0,0.975,49.97,1.01,40154.0
2026-04-24 04:00:00,IN-DC-017,Mumbai,40255.0,13891.2,2027.7,414.1,56588.1,1.406,27.7,78,8.4,14.7,24.5,1,0,0.993,50.04,0.9,40178.0
2026-04-24 05:00:00,IN-DC-017,Mumbai,40255.0,14237.7,2027.7,371.2,56891.6,1.413,29.0,81,8.6,14.6,23.8,1,0,0.974,50.0,0.89,40393.0
2026-04-24 06:00:00,IN-DC-017,Mumbai,40255.0,14065.8,2027.7,310.9,56659.4,1.408,29.6,78,8.8,15.5,23.5,1,0,0.976,49.99,1.0,40228.0
2026-04-24 07:00:00,IN-DC-017,Mumbai,40255.0,13859.3,2027.7,302.4,56444.4,1.402,29.3,74,8.2,14.1,24.7,1,0,0.995,49.99,0.92,40076.0
2026-04-24 08:00:00,IN-DC-017,Mumbai,40255.0,13706.9,2027.7,312.2,56301.8,1.399,30.5,65,8.7,15.1,23.5,1,0,0.968,49.97,1.1,39974.0
2026-04-24 09:00:00,IN-DC-017,Mumbai,40255.0,14024.6,2027.7,368.8,56676.1,1.408,31.4,65,8.6,14.7,24.0,1,0,0.957,49.94,1.04,40240.0
2026-04-24 10:00:00,IN-DC-017,Mumbai,40255.0,13972.5,2027.7,335.7,56591.0,1.406,31.6,67,8.4,14.8,23.7,1,0,0.98,50.02,1.1,40180.0
2026-04-24 11:00:00,IN-DC-017,Mumbai,40255.0,14213.5,2027.7,265.3,56761.5,1.41,32.5,69,8.4,14.9,23.9,1,0,0.967,50.05,1.14,40301.0
2026-04-24 12:00:00,IN-DC-017,Mumbai,40255.0,14316.2,2027.7,365.0,56963.9,1.415,32.4,50,8.5,14.7,23.3,1,0,0.981,50.01,1.01,40444.0
2026-04-24 13:00:00,IN-DC-017,Mumbai,40255.0,14109.4,2027.7,265.3,56657.4,1.407,32.9,57,8.6,14.9,24.5,1,0,0.974,50.01,1.06,40227.0
2026-04-24 14:00:00,IN-DC-017,Mumbai,40255.0,14577.2,2027.7,410.2,57270.1,1.423,33.6,57,8.5,14.9,24.1,1,0,0.976,50.02,1.18,40662.0
2026-04-24 15:00:00,IN-DC-017,Mumbai,40255.0,14542.6,2027.7,314.9,57140.2,1.419,33.6,56,8.8,15.1,23.6,1,0,0.967,50.09,1.07,40570.0
2026-04-24 16:00:00,IN-DC-017,Mumbai,40255.0,14236.2,2027.7,298.5,56817.4,1.411,33.9,56,8.7,15.2,24.1,1,0,0.964,49.93,1.21,40340.0
2026-04-24 17:00:00,IN-DC-017,Mumbai,40255.0,14687.7,2027.7,266.1,57236.5,1.422,33.8,61,8.6,15.0,24.0,1,0,0.975,50.06,1.06,40638.0
2026-04-24 18:00:00,IN-DC-017,Mumbai,40255.0,14211.8,2027.7,383.4,56877.9,1.413,34.2,56,8.7,15.0,23.8,1,0,0.97,50.05,1.17,40383.0
2026-04-24 19:00:00,IN-DC-017,Mumbai,40255.0,13778.4,2027.7,421.1,56482.2,1.403,31.4,61,8.4,14.6,23.7,1,0,0.965,50.02,0.96,40102.0
2026-04-24 20:00:00,IN-DC-017,Mumbai,40255.0,13795.9,2027.7,325.0,56403.7,1.401,30.6,63,8.5,15.1,24.0,1,0,0.973,49.96,0.85,40047.0
2026-04-24 21:00:00,IN-DC-017,Mumbai,40255.0,13845.3,2027.7,332.6,56460.5,1.403,31.3,65,8.8,15.2,23.2,1,0,0.973,50.0,1.16,40087.0
2026-04-24 22:00:00,IN-DC-017,Mumbai,40255.0,13624.8,2027.7,347.4,56254.9,1.397,29.2,73,8.9,15.3,23.7,1,0,0.982,50.06,0.83,39941.0
2026-04-24 23:00:00,IN-DC-017,Mumbai,40255.0,14171.3,2027.7,286.3,56740.2,1.41,29.9,77,8.4,14.8,24.0,1,0,0.984,50.02,0.9,40286.0
2026-04-25 00:00:00,IN-DC-017,Mumbai,40255.0,13740.2,2027.7,345.1,56368.0,1.4,28.6,74,8.7,15.0,24.1,1,0,0.972,50.01,0.94,40021.0
2026-04-25 01:00:00,IN-DC-017,Mumbai,40255.0,14211.2,2027.7,413.8,56907.6,1.414,28.7,79,8.6,14.9,23.9,1,0,0.973,49.97,1.03,40404.0
2026-04-25 02:00:00,IN-DC-017,Mumbai,40255.0,13884.1,2027.7,338.9,56505.6,1.404,28.4,80,8.7,15.3,24.4,1,0,0.967,50.0,0.85,40119.0
2026-04-25 03:00:00,IN-DC-017,Mumbai,40255.0,14187.4,2027.7,355.7,56825.8,1.412,27.9,79,8.8,15.1,24.5,1,0,0.966,50.02,0.99,40346.0
2026-04-25 04:00:00,IN-DC-017,Mumbai,40255.0,13491.7,2027.7,297.3,56071.7,1.393,27.4,80,8.5,14.9,23.9,1,0,0.978,50.05,0.8,39811.0
2026-04-25 05:00:00,IN-DC-017,Mumbai,40255.0,14347.2,2027.7,256.1,56886.0,1.413,28.3,85,8.7,15.1,24.1,1,0,0.975,50.06,0.98,40389.0
2026-04-25 06:00:00,IN-DC-017,Mumbai,40255.0,13761.1,2027.7,276.2,56320.0,1.399,27.9,75,8.5,14.8,23.9,1,0,0.977,49.97,0.96,39987.0
2026-04-25 07:00:00,IN-DC-017,Mumbai,40255.0,13972.1,2027.7,358.3,56613.1,1.406,29.3,72,8.4,15.2,23.5,1,0,0.982,49.98,0.9,40195.0
2026-04-25 08:00:00,IN-DC-017,Mumbai,40255.0,14393.2,2027.7,417.9,57093.9,1.418,31.2,76,8.4,14.4,23.9,1,0,0.984,49.94,1.07,40537.0
2026-04-25 09:00:00,IN-DC-017,Mumbai,40255.0,14107.3,2027.7,347.1,56737.1,1.409,30.4,73,8.5,15.0,23.4,1,0,0.975,50.02,0.95,40283.0
2026-04-25 10:00:00,IN-DC-017,Mumbai,40255.0,14099.5,2027.7,288.9,56671.1,1.408,31.3,68,8.4,14.9,24.1,1,0,0.981,49.96,0.97,40236.0
2026-04-25 11:00:00,IN-DC-017,Mumbai,40255.0,14050.6,2027.7,308.1,56641.4,1.407,31.3,62,8.7,15.0,24.6,1,0,0.966,49.96,1.01,40215.0
2026-04-25 12:00:00,IN-DC-017,Mumbai,40255.0,14048.5,2027.7,345.5,56676.7,1.408,33.4,60,8.5,14.7,24.2,1,0,0.991,50.09,1.16,40240.0
2026-04-25 13:00:00,IN-DC-017,Mumbai,40255.0,14248.4,2027.7,341.6,56872.7,1.413,33.5,60,8.8,15.3,23.9,1,0,0.98,50.08,1.18,40380.0
2026-04-25 14:00:00,IN-DC-017,Mumbai,40255.0,14730.3,2027.7,318.7,57331.8,1.424,34.3,59,8.5,14.9,23.5,1,0,0.961,50.0,1.05,40706.0
2026-04-25 15:00:00,IN-DC-017,Mumbai,40255.0,14266.9,2027.7,347.6,56897.2,1.413,33.5,55,8.6,15.0,24.3,1,0,0.974,49.96,1.13,40397.0
2026-04-25 16:00:00,IN-DC-017,Mumbai,40255.0,14295.8,2027.7,347.8,56926.3,1.414,33.2,59,8.8,15.2,23.3,1,0,0.965,49.99,1.16,40418.0
2026-04-25 17:00:00,IN-DC-017,Mumbai,40255.0,14299.1,2027.7,284.9,56866.6,1.413,33.8,60,8.7,15.4,24.2,1,0,0.973,49.99,1.38,40375.0
2026-04-25 18:00:00,IN-DC-017,Mumbai,40255.0,14267.2,2027.7,356.4,56906.3,1.414,32.9,63,8.6,14.9,23.9,1,0,0.965,49.99,1.21,40404.0
2026-04-25 19:00:00,IN-DC-017,Mumbai,40255.0,14267.7,2027.7,313.4,56863.8,1.413,32.4,53,8.6,14.8,23.7,1,0,0.98,49.89,1.13,40373.0
2026-04-25 20:00:00,IN-DC-017,Mumbai,40255.0,14316.9,2027.7,333.2,56932.8,1.414,32.5,66,8.6,15.1,24.0,1,0,0.972,49.99,1.11,40422.0
2026-04-25 21:00:00,IN-DC-017,Mumbai,40255.0,13973.6,2027.7,318.7,56575.0,1.405,31.4,65,8.6,14.8,24.0,1,0,0.974,50.01,0.97,40168.0
2026-04-25 22:00:00,IN-DC-017,Mumbai,40255.0,14311.8,2027.7,358.6,56953.1,1.415,30.7,70,8.6,14.8,23.9,1,0,0.974,50.01,0.93,40437.0
2026-04-25 23:00:00,IN-DC-017,Mumbai,40255.0,13449.5,2027.7,279.2,56011.3,1.391,28.9,69,8.7,15.2,23.7,1,0,0.972,49.93,1.02,39768.0
2026-04-26 00:00:00,IN-DC-017,Mumbai,40255.0,13917.1,2027.7,303.3,56503.1,1.404,29.7,70,8.5,14.7,24.1,1,0,0.964,49.98,1.05,40117.0
2026-04-26 01:00:00,IN-DC-017,Mumbai,40255.0,13754.1,2027.7,298.1,56334.9,1.399,27.8,79,8.6,14.9,23.4,1,0,0.99,50.02,1.05,39998.0
2026-04-26 02:00:00,IN-DC-017,Mumbai,40255.0,14216.9,2027.7,324.3,56823.9,1.412,29.0,88,8.7,15.2,24.3,1,0,0.965,49.95,0.92,40345.0
2026-04-26 03:00:00,IN-DC-017,Mumbai,40255.0,13783.8,2027.7,280.4,56346.9,1.4,27.5,82,8.3,14.7,23.8,1,0,0.973,49.99,1.0,40006.0
2026-04-26 04:00:00,IN-DC-017,Mumbai,40255.0,13990.1,2027.7,384.4,56657.2,1.407,28.0,84,8.5,14.9,23.9,1,0,0.987,50.01,0.9,40227.0
2026-04-26 05:00:00,IN-DC-017,Mumbai,40255.0,13441.1,2027.7,364.7,56088.5,1.393,27.4,75,8.4,14.7,23.2,1,0,0.963,49.93,0.86,39823.0
2026-04-26 06:00:00,IN-DC-017,Mumbai,40255.0,13835.2,2027.7,358.4,56476.4,1.403,29.0,80,8.0,14.3,24.1,1,0,0.972,50.04,1.03,40098.0
2026-04-26 07:00:00,IN-DC-017,Mumbai,40255.0,13632.1,2027.7,337.4,56252.1,1.397,28.8,72,8.4,15.1,23.9,1,0,0.977,49.9,0.94,39939.0
2026-04-26 08:00:00,IN-DC-017,Mumbai,40255.0,14205.4,2027.7,431.4,56919.5,1.414,30.4,74,8.7,15.6,24.7,1,0,0.975,50.03,0.98,40413.0
2026-04-26 09:00:00,IN-DC-017,Mumbai,40255.0,14247.1,2027.7,355.3,56885.1,1.413,31.2,69,8.3,14.4,24.0,1,0,0.979,49.9,1.19,40388.0
2026-04-26 10:00:00,IN-DC-017,Mumbai,40255.0,14257.6,2027.7,297.9,56838.2,1.412,32.8,63,8.3,14.8,24.0,1,0,0.981,49.99,1.1,40355.0
2026-04-26 11:00:00,IN-DC-017,Mumbai,40255.0,14322.1,2027.7,311.2,56916.0,1.414,33.5,65,8.4,14.8,23.8,1,0,0.983,50.03,1.27,40410.0
2026-04-26 12:00:00,IN-DC-017,Mumbai,40255.0,14213.8,2027.7,257.0,56753.5,1.41,33.4,60,8.9,15.3,23.6,1,0,0.972,49.99,1.28,40295.0
2026-04-26 13:00:00,IN-DC-017,Mumbai,40255.0,14266.1,2027.7,317.9,56866.7,1.413,33.9,53,8.7,14.8,24.1,1,0,0.97,49.99,1.22,40375.0
2026-04-26 14:00:00,IN-DC-017,Mumbai,40255.0,14317.3,2027.7,365.9,56965.9,1.415,34.0,60,8.9,15.4,23.9,1,0,0.99,49.97,1.14,40446.0
2026-04-26 15:00:00,IN-DC-017,Mumbai,40255.0,14641.6,2027.7,387.6,57311.9,1.424,34.6,56,8.9,15.2,23.7,1,0,0.974,49.93,1.16,40691.0
2026-04-26 16:00:00,IN-DC-017,Mumbai,40255.0,14515.6,2027.7,270.9,57069.2,1.418,34.2,55,8.8,15.4,24.4,1,0,0.977,49.96,1.08,40519.0
2026-04-26 17:00:00,IN-DC-017,Mumbai,40255.0,14166.5,2027.7,390.4,56839.6,1.412,33.4,58,8.7,15.2,23.8,1,0,0.991,49.98,1.26,40356.0
2026-04-26 18:00:00,IN-DC-017,Mumbai,40255.0,14160.0,2027.7,297.2,56739.8,1.41,33.6,48,8.4,15.1,25.1,1,0,0.991,50.06,1.14,40285.0
2026-04-26 19:00:00,IN-DC-017,Mumbai,40255.0,13875.4,2027.7,319.5,56477.6,1.403,32.7,62,8.7,15.2,24.5,1,0,0.976,50.03,1.08,40099.0
2026-04-26 20:00:00,IN-DC-017,Mumbai,40255.0,13826.1,2027.7,313.5,56422.3,1.402,31.5,59,8.5,15.0,24.0,1,0,0.97,50.0,1.09,40060.0
2026-04-26 21:00:00,IN-DC-017,Mumbai,40255.0,14010.7,2027.7,351.3,56644.6,1.407,30.6,69,8.6,14.8,24.5,1,0,0.973,50.01,1.04,40218.0
2026-04-26 22:00:00,IN-DC-017,Mumbai,40255.0,13846.1,2027.7,425.0,56553.8,1.405,30.3,69,8.5,14.8,23.6,1,0,0.961,50.01,0.96,40153.0
2026-04-26 23:00:00,IN-DC-017,Mumbai,40255.0,14244.0,2027.7,390.2,56916.9,1.414,29.3,78,8.4,14.6,23.9,1,0,0.985,50.06,0.96,40411.0
2026-04-27 00:00:00,IN-DC-017,Mumbai,40255.0,13880.9,2027.7,407.0,56570.7,1.405,28.6,74,8.7,15.2,23.7,1,0,0.98,49.99,0.98,40165.0
2026-04-27 01:00:00,IN-DC-017,Mumbai,40255.0,14445.0,2027.7,331.3,57058.9,1.417,28.6,85,8.7,15.1,23.8,1,0,0.965,50.05,1.12,40512.0
2026-04-27 02:00:00,IN-DC-017,Mumbai,40255.0,14193.3,2027.7,374.2,56850.2,1.412,28.4,82,8.5,14.8,24.3,1,0,0.966,50.01,0.88,40364.0
2026-04-27 03:00:00,IN-DC-017,Mumbai,40255.0,13420.4,2027.7,318.9,56021.9,1.392,28.1,75,8.3,14.3,23.7,1,0,0.973,49.92,0.93,39776.0
2026-04-27 04:00:00,IN-DC-017,Mumbai,40255.0,14289.1,2027.7,261.7,56833.4,1.412,29.4,81,8.6,14.7,23.9,1,0,0.976,49.94,0.98,40352.0
2026-04-27 05:00:00,IN-DC-017,Mumbai,40255.0,14704.1,2027.7,340.4,57327.1,1.424,29.0,85,8.4,14.5,24.2,1,0,0.982,49.97,1.03,40702.0
2026-04-27 06:00:00,IN-DC-017,Mumbai,40255.0,14206.6,2027.7,340.2,56829.4,1.412,29.1,79,8.7,15.1,22.7,1,0,0.968,50.04,1.08,40349.0
2026-04-27 07:00:00,IN-DC-017,Mumbai,40255.0,13616.9,2027.7,202.3,56102.0,1.394,29.1,68,8.3,14.7,23.8,1,0,0.976,49.91,0.91,39832.0
2026-04-27 08:00:00,IN-DC-017,Mumbai,40255.0,13707.9,2027.7,337.9,56328.5,1.399,29.9,70,8.3,14.6,24.0,1,0,0.978,49.93,0.88,39993.0
2026-04-27 09:00:00,IN-DC-017,Mumbai,40255.0,14609.7,2027.7,347.6,57240.0,1.422,31.8,70,8.4,14.5,24.4,1,0,0.984,50.02,1.18,40640.0
2026-04-27 10:00:00,IN-DC-017,Mumbai,40255.0,14295.6,2027.7,237.5,56815.8,1.411,31.8,69,8.5,14.9,24.2,1,0,0.966,50.06,1.21,40339.0
2026-04-27 11:00:00,IN-DC-017,Mumbai,40255.0,14148.5,2027.7,322.8,56754.0,1.41,32.8,60,8.4,14.8,23.7,1,0,0.975,49.96,1.16,40295.0
2026-04-27 12:00:00,IN-DC-017,Mumbai,40255.0,14291.5,2027.7,311.3,56885.5,1.413,33.9,61,8.2,14.9,24.6,1,0,0.983,50.04,1.15,40389.0
2026-04-27 13:00:00,IN-DC-017,Mumbai,40255.0,14178.9,2027.7,371.6,56833.3,1.412,33.2,60,8.2,14.4,24.4,1,0,0.958,49.91,1.06,40352.0
2026-04-27 14:00:00,IN-DC-017,Mumbai,40255.0,14241.9,2027.7,236.1,56760.7,1.41,33.7,60,8.6,15.0,24.0,1,0,0.976,50.02,1.15,40300.0
2026-04-27 15:00:00,IN-DC-017,Mumbai,40255.0,14247.4,2027.7,359.3,56889.4,1.413,33.7,61,8.6,15.1,23.5,1,0,0.978,50.01,1.16,40392.0
2026-04-27 16:00:00,IN-DC-017,Mumbai,40255.0,14173.3,2027.7,328.9,56784.9,1.411,33.6,57,8.7,14.9,23.6,1,0,0.966,49.99,1.09,40317.0
2026-04-27 17:00:00,IN-DC-017,Mumbai,40255.0,14072.7,2027.7,369.5,56724.9,1.409,32.9,61,9.0,15.5,24.2,1,0,0.971,49.98,1.08,40275.0
2026-04-27 18:00:00,IN-DC-017,Mumbai,40255.0,14284.4,2027.7,356.6,56923.6,1.414,32.8,56,8.6,14.8,23.3,1,0,0.978,49.99,1.02,40416.0
2026-04-27 19:00:00,IN-DC-017,Mumbai,40255.0,13853.7,2027.7,274.8,56411.1,1.401,32.2,60,8.6,15.4,24.6,1,0,0.977,50.02,0.99,40052.0
2026-04-27 20:00:00,IN-DC-017,Mumbai,40255.0,14354.6,2027.7,241.4,56878.6,1.413,31.5,66,8.2,14.7,23.4,1,0,0.964,49.98,1.04,40384.0
2026-04-27 21:00:00,IN-DC-017,Mumbai,40255.0,13719.6,2027.7,226.1,56228.4,1.397,30.6,63,8.6,14.9,23.8,1,0,0.973,50.01,1.01,39922.0
2026-04-27 22:00:00,IN-DC-017,Mumbai,40255.0,14046.8,2027.7,346.7,56676.3,1.408,31.0,66,8.2,14.8,23.7,1,0,0.974,50.01,1.13,40240.0
2026-04-27 23:00:00,IN-DC-017,Mumbai,40255.0,14168.4,2027.7,237.2,56688.3,1.408,29.6,73,8.6,14.9,23.8,1,0,0.967,50.02,1.01,40249.0
2026-04-28 00:00:00,IN-DC-017,Mumbai,40255.0,14003.7,2027.7,357.4,56643.8,1.407,28.3,79,8.6,14.5,23.6,1,0,0.965,49.96,1.0,40217.0
2026-04-28 01:00:00,IN-DC-017,Mumbai,40255.0,14072.0,2027.7,379.5,56734.1,1.409,28.6,77,8.6,14.9,23.5,1,0,0.99,50.05,0.94,40281.0
2026-04-28 02:00:00,IN-DC-017,Mumbai,40255.0,14072.7,2027.7,328.3,56683.7,1.408,28.0,86,8.5,14.8,24.4,1,0,0.977,50.07,0.95,40245.0
2026-04-28 03:00:00,IN-DC-017,Mumbai,40255.0,13997.5,2027.7,407.4,56687.6,1.408,27.2,83,8.4,14.9,23.4,1,0,0.984,50.01,0.96,40248.0
2026-04-28 04:00:00,IN-DC-017,Mumbai,40255.0,13845.6,2027.7,325.3,56453.6,1.402,28.5,74,8.5,14.9,24.6,1,0,0.98,50.04,0.97,40082.0
2026-04-28 05:00:00,IN-DC-017,Mumbai,40255.0,13797.1,2027.7,450.4,56530.2,1.404,28.5,77,8.7,14.9,23.6,1,0,0.99,50.03,0.82,40136.0
2026-04-28 06:00:00,IN-DC-017,Mumbai,40255.0,14356.9,2027.7,335.7,56975.4,1.415,28.6,76,8.5,14.6,23.9,1,0,0.967,50.07,1.02,40453.0
2026-04-28 07:00:00,IN-DC-017,Mumbai,40255.0,13667.3,2027.7,257.9,56207.9,1.396,29.5,68,8.8,15.1,24.4,1,0,0.963,49.98,1.0,39908.0
2026-04-28 08:00:00,IN-DC-017,Mumbai,40255.0,14353.6,2027.7,302.9,56939.2,1.414,30.7,72,8.5,14.7,24.5,1,0,0.977,50.01,0.95,40427.0
2026-04-28 09:00:00,IN-DC-017,Mumbai,40255.0,14358.2,2027.7,243.6,56884.5,1.413,32.0,66,8.5,14.7,24.5,1,0,0.978,49.97,1.02,40388.0
2026-04-28 10:00:00,IN-DC-017,Mumbai,40255.0,13884.6,2027.7,298.9,56466.2,1.403,31.3,62,8.6,14.9,23.9,1,0,0.963,50.07,1.12,40091.0
2026-04-28 11:00:00,IN-DC-017,Mumbai,40255.0,14243.6,2027.7,428.2,56954.5,1.415,33.1,64,8.9,15.4,24.5,1,0,0.954,50.06,1.2,40438.0
2026-04-28 12:00:00,IN-DC-017,Mumbai,40255.0,14066.6,2027.7,260.8,56610.1,1.406,33.1,56,8.4,15.0,23.8,1,0,0.98,50.05,1.18,40193.0
2026-04-28 13:00:00,IN-DC-017,Mumbai,40255.0,14257.6,2027.7,336.6,56876.9,1.413,33.5,59,8.8,15.2,23.3,1,0,0.975,50.08,1.07,40383.0
2026-04-28 14:00:00,IN-DC-017,Mumbai,40255.0,14091.9,2027.7,314.7,56689.3,1.408,33.6,60,8.8,15.2,24.0,1,0,0.978,49.96,1.21,40249.0
2026-04-28 15:00:00,IN-DC-017,Mumbai,40255.0,14389.3,2027.7,365.3,57037.2,1.417,34.5,55,8.5,15.3,23.5,1,0,0.963,49.94,1.4,40496.0
2026-04-28 16:00:00,IN-DC-017,Mumbai,40255.0,14083.8,2027.7,300.4,56666.8,1.408,33.3,51,8.5,14.8,24.3,1,0,0.985,49.99,1.22,40233.0
2026-04-28 17:00:00,IN-DC-017,Mumbai,40255.0,14160.8,2027.7,336.7,56780.1,1.411,33.8,59,8.8,15.4,24.1,1,0,0.984,50.05,1.33,40314.0
2026-04-28 18:00:00,IN-DC-017,Mumbai,40255.0,14672.0,2027.7,350.5,57305.2,1.424,33.5,68,8.6,15.0,23.9,1,0,0.981,50.07,1.08,40687.0
2026-04-28 19:00:00,IN-DC-017,Mumbai,40255.0,13879.1,2027.7,292.1,56453.9,1.402,32.4,55,8.7,15.2,23.3,1,0,0.98,49.98,0.92,40082.0
2026-04-28 20:00:00,IN-DC-017,Mumbai,40255.0,14058.6,2027.7,350.3,56691.6,1.408,31.3,64,8.5,14.8,24.2,1,0,0.982,49.99,0.94,40251.0
2026-04-28 21:00:00,IN-DC-017,Mumbai,40255.0,14335.5,2027.7,289.6,56907.8,1.414,31.7,67,8.7,14.9,23.9,1,0,0.972,50.0,1.18,40405.0
2026-04-28 22:00:00,IN-DC-017,Mumbai,40255.0,13551.6,2027.7,332.3,56166.6,1.395,29.7,70,8.4,14.8,22.9,1,0,0.966,49.99,1.13,39878.0
2026-04-28 23:00:00,IN-DC-017,Mumbai,40255.0,14544.6,2027.7,320.2,57147.5,1.42,29.7,77,8.6,14.7,23.6,1,0,0.959,49.89,0.92,40575.0
2026-04-29 00:00:00,IN-DC-017,Mumbai,40255.0,13977.3,2027.7,383.1,56643.2,1.407,28.7,76,8.4,14.9,24.2,1,0,0.979,50.01,0.93,40217.0
2026-04-29 01:00:00,IN-DC-017,Mumbai,40255.0,14194.4,2027.7,363.0,56840.0,1.412,27.8,82,8.4,14.8,24.3,1,0,0.98,49.99,0.92,40356.0
2026-04-29 02:00:00,IN-DC-017,Mumbai,40255.0,14224.5,2027.7,331.2,56838.4,1.412,28.5,81,8.4,14.8,23.4,1,0,0.986,50.0,0.91,40355.0
2026-04-29 03:00:00,IN-DC-017,Mumbai,40255.0,13907.4,2027.7,303.9,56494.0,1.403,27.6,83,8.5,14.6,24.8,1,0,0.975,50.06,0.92,40111.0
2026-04-29 04:00:00,IN-DC-017,Mumbai,40255.0,13230.1,2027.7,332.8,55845.6,1.387,27.2,72,8.4,15.0,23.3,1,0,0.963,49.98,0.92,39650.0
2026-04-29 05:00:00,IN-DC-017,Mumbai,40255.0,13949.8,2027.7,354.4,56586.8,1.406,28.4,82,8.4,14.9,23.7,1,0,0.984,49.99,0.93,40177.0
2026-04-29 06:00:00,IN-DC-017,Mumbai,40255.0,13726.8,2027.7,270.9,56280.4,1.398,28.0,79,8.3,14.6,23.5,1,0,0.969,49.93,0.87,39959.0
2026-04-29 07:00:00,IN-DC-017,Mumbai,40255.0,14050.4,2027.7,296.8,56629.9,1.407,29.0,73,8.3,14.7,24.4,1,0,0.982,50.0,1.04,40207.0
2026-04-29 08:00:00,IN-DC-017,Mumbai,40255.0,14095.9,2027.7,330.8,56709.4,1.409,30.3,73,8.5,15.1,23.8,1,0,0.976,49.94,1.1,40264.0
2026-04-29 09:00:00,IN-DC-017,Mumbai,40255.0,14320.8,2027.7,338.7,56942.2,1.415,30.9,72,8.4,14.7,23.8,1,0,0.963,50.06,1.0,40429.0
2026-04-29 10:00:00,IN-DC-017,Mumbai,40255.0,13671.8,2027.7,353.4,56307.9,1.399,31.2,63,8.4,15.2,23.8,1,0,0.971,49.98,1.1,39979.0
2026-04-29 11:00:00,IN-DC-017,Mumbai,40255.0,14266.7,2027.7,336.1,56885.4,1.413,32.9,65,8.4,14.8,23.9,1,0,0.99,50.03,1.21,40389.0
2026-04-29 12:00:00,IN-DC-017,Mumbai,40255.0,14371.0,2027.7,324.1,56977.8,1.415,33.3,50,8.8,14.9,23.6,1,0,0.977,50.04,1.19,40454.0
2026-04-29 13:00:00,IN-DC-017,Mumbai,40255.0,14440.1,2027.7,310.7,57033.5,1.417,32.7,62,8.5,14.8,23.6,1,0,0.975,49.97,1.13,40494.0
2026-04-29 14:00:00,IN-DC-017,Mumbai,40255.0,14461.4,2027.7,354.3,57098.4,1.418,33.2,56,8.3,14.6,23.2,1,0,0.986,49.98,1.24,40540.0
2026-04-29 15:00:00,IN-DC-017,Mumbai,40255.0,14553.4,2027.7,286.8,57122.8,1.419,34.9,52,8.6,14.8,23.7,1,0,0.978,50.02,1.24,40557.0
2026-04-29 16:00:00,IN-DC-017,Mumbai,40255.0,14320.1,2027.7,335.9,56938.7,1.414,33.3,51,8.8,14.7,24.4,1,0,0.981,49.95,1.14,40426.0
2026-04-29 17:00:00,IN-DC-017,Mumbai,40255.0,14082.3,2027.7,355.8,56720.8,1.409,33.8,54,9.0,15.3,24.6,1,0,0.968,50.03,1.3,40272.0
2026-04-29 18:00:00,IN-DC-017,Mumbai,40255.0,14285.0,2027.7,290.3,56857.9,1.412,32.9,51,8.5,14.8,24.1,1,0,0.986,49.98,1.17,40369.0
2026-04-29 19:00:00,IN-DC-017,Mumbai,40255.0,14413.9,2027.7,307.0,57003.5,1.416,32.8,67,8.6,15.2,23.1,1,0,0.972,49.99,1.16,40473.0
2026-04-29 20:00:00,IN-DC-017,Mumbai,40255.0,14005.2,2027.7,438.3,56726.2,1.409,31.0,66,8.5,14.9,23.9,1,0,0.966,50.13,0.96,40276.0
2026-04-29 21:00:00,IN-DC-017,Mumbai,40255.0,13355.9,2027.7,392.9,56031.4,1.392,30.8,62,8.8,15.3,23.4,1,0,0.975,50.01,1.05,39782.0
2026-04-29 22:00:00,IN-DC-017,Mumbai,40255.0,13635.8,2027.7,365.7,56284.2,1.398,29.8,66,8.3,14.6,23.9,1,0,0.976,50.04,1.09,39962.0
2026-04-29 23:00:00,IN-DC-017,Mumbai,40255.0,13964.5,2027.7,396.9,56644.1,1.407,29.2,76,8.5,15.2,23.9,1,0,0.979,49.93,1.06,40217.0
2026-04-30 00:00:00,IN-DC-017,Mumbai,40255.0,14212.7,2027.7,325.0,56820.4,1.412,28.7,84,8.3,14.5,24.5,1,0,0.968,49.99,0.98,40342.0
2026-04-30 01:00:00,IN-DC-017,Mumbai,40255.0,14179.8,2027.7,398.2,56860.7,1.413,28.2,81,8.3,14.7,23.5,1,0,0.983,50.04,0.83,40371.0
2026-04-30 02:00:00,IN-DC-017,Mumbai,40255.0,13969.2,2027.7,323.1,56575.0,1.405,27.4,79,8.1,14.5,24.1,1,0,0.965,50.01,1.1,40168.0
2026-04-30 03:00:00,IN-DC-017,Mumbai,40255.0,13960.3,2027.7,360.2,56603.2,1.406,27.4,86,8.1,14.5,24.4,1,0,0.974,50.03,0.93,40188.0
2026-04-30 04:00:00,IN-DC-017,Mumbai,40255.0,13607.8,2027.7,318.7,56209.2,1.396,27.0,79,8.4,14.8,24.1,1,0,0.962,50.0,0.95,39909.0
2026-04-30 05:00:00,IN-DC-017,Mumbai,40255.0,13826.7,2027.7,281.4,56390.8,1.401,28.2,77,8.4,14.9,24.1,1,0,0.976,50.07,0.82,40037.0
2026-04-30 06:00:00,IN-DC-017,Mumbai,40255.0,13817.3,2027.7,329.9,56430.0,1.402,28.8,74,8.1,14.3,23.1,1,0,0.966,49.95,0.93,40065.0
2026-04-30 07:00:00,IN-DC-017,Mumbai,40255.0,13943.8,2027.7,365.2,56591.7,1.406,29.0,75,8.6,14.9,23.9,1,0,0.985,50.01,0.98,40180.0
2026-04-30 08:00:00,IN-DC-017,Mumbai,40255.0,13607.2,2027.7,314.4,56204.3,1.396,30.0,68,8.6,15.1,24.6,1,0,0.965,50.02,0.92,39905.0
2026-04-30 09:00:00,IN-DC-017,Mumbai,40255.0,14364.2,2027.7,355.1,57002.0,1.416,31.6,72,8.8,15.4,23.5,1,0,0.976,50.03,1.1,40471.0
2026-04-30 10:00:00,IN-DC-017,Mumbai,40255.0,14131.7,2027.7,216.0,56630.4,1.407,30.7,68,8.5,14.6,23.7,1,0,0.979,50.04,0.98,40208.0
2026-04-30 11:00:00,IN-DC-017,Mumbai,40255.0,14113.1,2027.7,309.2,56705.0,1.409,32.8,64,8.4,15.0,23.8,1,0,0.98,50.03,1.3,40261.0
2026-04-30 12:00:00,IN-DC-017,Mumbai,40255.0,14359.3,2027.7,324.0,56966.0,1.415,32.1,65,8.6,14.9,24.1,1,0,0.969,50.02,1.04,40446.0
2026-04-30 13:00:00,IN-DC-017,Mumbai,40255.0,14382.9,2027.7,273.2,56938.8,1.414,34.0,55,8.6,15.0,23.7,1,0,0.967,49.95,1.25,40427.0
2026-04-30 14:00:00,IN-DC-017,Mumbai,40255.0,14163.6,2027.7,382.7,56829.0,1.412,33.3,52,8.6,14.7,24.2,1,0,0.973,50.02,1.28,40349.0
2026-04-30 15:00:00,IN-DC-017,Mumbai,40255.0,14274.0,2027.7,360.8,56917.4,1.414,33.8,51,8.7,15.5,23.8,1,0,0.986,49.93,1.14,40411.0
2026-04-30 16:00:00,IN-DC-017,Mumbai,40255.0,14578.3,2027.7,354.7,57215.7,1.421,34.5,52,8.9,15.0,23.8,1,0,0.964,49.99,1.17,40623.0
2026-04-30 17:00:00,IN-DC-017,Mumbai,40255.0,14120.5,2027.7,295.5,56698.7,1.408,32.9,56,8.6,15.0,24.0,1,0,0.98,50.01,1.11,40256.0
2026-04-30 18:00:00,IN-DC-017,Mumbai,40255.0,14444.9,2027.7,451.4,57179.0,1.42,33.5,67,8.4,14.6,24.0,1,0,0.984,49.89,1.28,40597.0
2026-04-30 19:00:00,IN-DC-017,Mumbai,40255.0,14514.5,2027.7,315.5,57112.7,1.419,32.2,73,8.6,15.1,24.0,1,0,0.97,50.07,1.1,40550.0
2026-04-30 20:00:00,IN-DC-017,Mumbai,40255.0,14057.7,2027.7,329.6,56670.0,1.408,32.1,56,8.7,15.2,24.1,1,0,0.987,49.94,1.14,40236.0
2026-04-30 21:00:00,IN-DC-017,Mumbai,40255.0,13996.4,2027.7,362.3,56641.3,1.407,31.0,64,8.8,15.2,24.9,1,0,0.965,49.96,1.17,40215.0
2026-04-30 22:00:00,IN-DC-017,Mumbai,40255.0,13667.9,2027.7,323.7,56274.2,1.398,29.8,71,8.3,14.8,23.9,1,0,0.973,50.02,1.02,39955.0
2026-04-30 23:00:00,IN-DC-017,Mumbai,40255.0,13459.6,2027.7,363.6,56105.9,1.394,28.3,70,8.5,14.7,23.6,1,0,0.975,50.02,0.85,39835.0
2026-04-01 00:00:00,IN-DC-022,Pune,33230.3,10825.0,1711.6,313.4,46080.3,1.387,27.6,46,8.2,13.7,24.7,1,0,0.982,49.97,0.87,32717.0
2026-04-01 01:00:00,IN-DC-022,Pune,32819.2,10496.8,1695.9,278.8,45290.7,1.38,27.1,43,8.5,13.9,24.9,1,0,0.989,49.97,0.85,32156.0
2026-04-01 02:00:00,IN-DC-022,Pune,32405.4,10378.0,1680.2,317.3,44780.9,1.382,25.6,55,8.6,14.3,23.8,1,0,0.98,49.99,0.87,31794.0
2026-04-01 03:00:00,IN-DC-022,Pune,32739.9,10278.9,1692.9,228.0,44939.7,1.373,25.7,52,8.4,14.0,23.6,1,0,0.958,49.96,0.99,31907.0
2026-04-01 04:00:00,IN-DC-022,Pune,31935.0,10335.4,1662.3,307.6,44240.4,1.385,26.0,39,8.8,14.9,23.4,1,0,0.964,50.02,1.06,31411.0
2026-04-01 05:00:00,IN-DC-022,Pune,31881.6,10217.7,1660.3,354.6,44114.2,1.384,26.7,39,8.8,14.0,24.1,1,0,0.976,49.96,0.78,31321.0
2026-04-01 06:00:00,IN-DC-022,Pune,31426.9,10658.4,1643.0,279.7,44007.9,1.4,27.6,40,8.4,13.8,23.3,1,0,0.981,50.03,0.81,31246.0
2026-04-01 07:00:00,IN-DC-022,Pune,31506.9,10674.9,1646.1,390.1,44217.9,1.403,28.9,41,8.7,14.1,23.7,1,0,0.977,50.05,0.91,31395.0
2026-04-01 08:00:00,IN-DC-022,Pune,32034.7,11205.9,1666.1,317.2,45223.9,1.412,30.2,40,8.8,14.5,24.1,1,0,0.97,49.99,1.04,32109.0
2026-04-01 09:00:00,IN-DC-022,Pune,31410.8,11431.7,1642.4,260.5,44745.4,1.425,31.5,39,8.6,13.9,24.3,1,0,0.97,50.03,1.16,31769.0
2026-04-01 10:00:00,IN-DC-022,Pune,32136.3,12031.9,1670.0,285.8,46123.9,1.435,33.8,33,8.3,13.9,23.8,1,0,0.968,49.99,1.23,32748.0
2026-04-01 11:00:00,IN-DC-022,Pune,32296.4,12492.2,1676.1,248.5,46713.1,1.446,35.8,30,8.5,14.1,23.5,1,0,0.982,50.04,1.28,33166.0
2026-04-01 12:00:00,IN-DC-022,Pune,32691.6,12832.1,1691.1,322.0,47536.8,1.454,36.0,30,8.3,14.0,24.1,1,0,0.964,50.07,1.28,33751.0
2026-04-01 13:00:00,IN-DC-022,Pune,32554.7,13154.4,1685.9,274.3,47669.4,1.464,36.6,29,8.5,13.6,24.6,1,0,0.981,50.01,1.3,33845.0
2026-04-01 14:00:00,IN-DC-022,Pune,33028.1,13515.2,1703.9,262.1,48509.3,1.469,38.0,24,9.0,14.5,24.0,1,0,0.969,50.06,1.52,34442.0
2026-04-01 15:00:00,IN-DC-022,Pune,33531.7,13808.8,1723.0,308.3,49371.8,1.472,38.1,28,8.9,14.2,24.4,1,0,0.967,50.06,1.41,35054.0
2026-04-01 16:00:00,IN-DC-022,Pune,33948.2,13880.5,1738.8,349.5,49917.0,1.47,38.2,27,8.8,14.7,25.2,1,0,0.973,49.98,1.57,35441.0
2026-04-01 17:00:00,IN-DC-022,Pune,34288.0,13694.6,1751.7,357.6,50091.9,1.461,38.1,24,8.9,14.5,23.5,1,0,0.981,50.03,1.34,35565.0
2026-04-01 18:00:00,IN-DC-022,Pune,34060.4,13378.9,1743.1,243.6,49426.0,1.451,36.2,25,8.5,13.9,24.4,1,0,0.982,50.07,1.4,35092.0
2026-04-01 19:00:00,IN-DC-022,Pune,35004.7,13502.2,1779.0,325.1,50610.9,1.446,35.5,32,8.8,14.4,23.5,1,0,0.967,50.01,1.34,35934.0
2026-04-01 20:00:00,IN-DC-022,Pune,34666.3,12842.6,1766.1,338.7,49613.7,1.431,33.5,29,8.6,14.3,24.7,1,0,0.97,49.97,1.31,35226.0
2026-04-01 21:00:00,IN-DC-022,Pune,34619.3,12449.7,1764.3,377.9,49211.2,1.421,31.6,36,8.4,13.8,23.6,1,0,0.976,49.92,1.1,34940.0
2026-04-01 22:00:00,IN-DC-022,Pune,35228.7,12339.1,1787.5,356.1,49711.4,1.411,30.4,38,8.2,14.0,24.4,1,0,0.982,50.02,1.0,35295.0
2026-04-01 23:00:00,IN-DC-022,Pune,34397.8,11508.6,1755.9,330.3,47992.6,1.395,28.7,46,8.6,14.5,23.7,1,0,0.979,50.04,0.99,34075.0
2026-04-02 00:00:00,IN-DC-022,Pune,34120.1,11388.6,1745.4,292.0,47546.0,1.393,27.2,45,8.7,14.6,24.0,1,0,0.975,49.97,0.96,33758.0
2026-04-02 01:00:00,IN-DC-022,Pune,34326.4,10932.1,1753.2,304.5,47316.3,1.378,25.9,45,8.7,14.7,23.4,1,0,0.971,50.02,0.91,33595.0
2026-04-02 02:00:00,IN-DC-022,Pune,33537.7,10775.0,1723.2,297.9,46333.7,1.382,26.3,43,8.6,13.9,23.3,1,0,0.968,49.99,0.9,32897.0
2026-04-02 03:00:00,IN-DC-022,Pune,33579.0,10569.2,1724.8,260.3,46133.3,1.374,25.7,46,8.2,13.8,24.0,1,0,0.981,50.01,0.89,32755.0
2026-04-02 04:00:00,IN-DC-022,Pune,33382.3,10907.6,1717.3,288.1,46295.4,1.387,26.3,53,8.3,13.8,24.1,1,0,0.979,50.07,0.94,32870.0
2026-04-02 05:00:00,IN-DC-022,Pune,32778.9,10405.1,1694.4,274.8,45153.2,1.378,26.0,43,8.8,14.3,24.0,1,0,0.973,49.92,0.98,32059.0
2026-04-02 06:00:00,IN-DC-022,Pune,33248.9,11374.1,1712.3,294.6,46629.8,1.402,28.1,44,8.5,14.1,23.7,1,0,0.966,50.05,0.85,33107.0
2026-04-02 07:00:00,IN-DC-022,Pune,32717.8,11253.2,1692.1,297.8,45960.9,1.405,28.6,39,8.5,13.9,24.4,1,0,0.982,50.1,0.95,32632.0
2026-04-02 08:00:00,IN-DC-022,Pune,32773.7,11429.7,1694.2,316.4,46214.0,1.41,30.4,38,8.3,14.0,24.1,1,0,0.976,49.97,1.0,32812.0
2026-04-02 09:00:00,IN-DC-022,Pune,32980.5,11599.5,1702.1,324.7,46606.8,1.413,31.1,42,8.7,13.9,23.7,1,0,0.972,50.06,1.13,33091.0
2026-04-02 10:00:00,IN-DC-022,Pune,32994.4,12432.0,1702.6,252.1,47381.0,1.436,34.1,27,8.7,14.2,24.3,1,0,0.983,50.01,1.15,33641.0
2026-04-02 11:00:00,IN-DC-022,Pune,34421.1,13267.7,1756.8,320.5,49766.0,1.446,34.9,26,8.7,14.6,24.0,1,0,0.982,49.96,1.22,35334.0
2026-04-02 12:00:00,IN-DC-022,Pune,33483.7,12939.6,1721.2,293.0,48437.5,1.447,36.8,22,9.0,14.8,24.5,1,0,0.975,50.01,1.27,34391.0
2026-04-02 13:00:00,IN-DC-022,Pune,33914.1,13509.1,1737.5,291.0,49451.8,1.458,36.4,25,8.8,14.7,24.1,1,0,0.986,49.98,1.26,35111.0
2026-04-02 14:00:00,IN-DC-022,Pune,34514.8,14086.1,1760.4,284.5,50645.8,1.467,37.9,25,8.7,14.6,24.4,1,0,0.981,49.94,1.45,35959.0
2026-04-02 15:00:00,IN-DC-022,Pune,34878.7,14408.7,1774.2,276.1,51337.8,1.472,38.1,19,8.8,14.6,24.4,1,0,0.987,50.07,1.51,36450.0
2026-04-02 16:00:00,IN-DC-022,Pune,34773.2,14207.5,1770.2,266.0,51016.9,1.467,38.4,20,9.3,14.8,24.4,1,0,0.98,50.02,1.33,36222.0
2026-04-02 17:00:00,IN-DC-022,Pune,35279.7,14279.5,1789.4,300.7,51649.4,1.464,37.9,24,8.9,14.8,24.5,1,0,0.993,49.93,1.37,36671.0
2026-04-02 18:00:00,IN-DC-022,Pune,35679.6,14004.4,1804.6,260.3,51749.0,1.45,36.3,29,8.7,14.7,24.7,1,0,0.977,50.07,1.31,36742.0
2026-04-02 19:00:00,IN-DC-022,Pune,35779.8,13930.7,1808.4,324.8,51843.8,1.449,35.3,25,8.7,14.9,24.0,1,0,0.975,49.95,1.35,36809.0
2026-04-02 20:00:00,IN-DC-022,Pune,35618.0,13295.5,1802.3,262.3,50978.1,1.431,33.7,30,8.0,13.3,24.2,1,0,0.977,49.95,1.32,36194.0
2026-04-02 21:00:00,IN-DC-022,Pune,35917.6,12848.5,1813.7,334.3,50914.0,1.418,32.1,31,8.5,14.4,23.2,1,0,0.973,49.99,1.08,36149.0
2026-04-02 22:00:00,IN-DC-022,Pune,35875.6,12429.5,1812.1,267.3,50384.5,1.404,30.9,31,8.5,14.8,23.6,1,0,0.974,50.01,0.97,35773.0
2026-04-02 23:00:00,IN-DC-022,Pune,35907.0,12226.9,1813.3,290.0,50237.2,1.399,29.2,39,8.7,14.5,25.3,1,0,0.972,50.03,0.92,35668.0
2026-04-03 00:00:00,IN-DC-022,Pune,35648.1,11470.1,1803.4,237.8,49159.4,1.379,27.0,35,8.1,14.6,23.9,1,0,0.968,50.02,0.93,34903.0
2026-04-03 01:00:00,IN-DC-022,Pune,35420.2,11161.5,1794.8,280.6,48657.1,1.374,26.4,45,8.6,14.2,23.6,1,0,0.978,49.98,0.97,34547.0
2026-04-03 02:00:00,IN-DC-022,Pune,35289.1,11165.7,1789.8,327.2,48571.8,1.376,25.0,46,8.5,14.6,23.8,1,0,0.973,49.99,1.02,34486.0
2026-04-03 03:00:00,IN-DC-022,Pune,34738.2,10712.0,1768.8,297.1,47516.1,1.368,24.5,49,8.4,14.0,24.0,1,0,0.98,50.0,0.79,33736.0
2026-04-03 04:00:00,IN-DC-022,Pune,34146.1,10577.1,1746.4,300.8,46770.4,1.37,25.7,47,8.7,14.2,23.9,1,0,0.97,50.01,0.99,33207.0
2026-04-03 05:00:00,IN-DC-022,Pune,34084.1,10827.9,1744.0,292.5,46948.5,1.377,26.8,42,8.9,14.6,24.1,1,0,0.975,50.06,0.77,33333.0
2026-04-03 06:00:00,IN-DC-022,Pune,33968.3,11336.9,1739.6,240.0,47284.9,1.392,27.4,42,8.7,14.2,24.0,1,0,0.991,49.98,0.73,33572.0
2026-04-03 07:00:00,IN-DC-022,Pune,34046.8,11545.8,1742.6,341.0,47676.2,1.4,27.9,38,8.7,14.7,23.8,1,0,0.97,49.95,0.87,33850.0
2026-04-03 08:00:00,IN-DC-022,Pune,33879.8,11774.2,1736.2,279.2,47669.5,1.407,30.1,37,8.5,14.1,23.9,1,0,0.98,50.06,1.0,33845.0
2026-04-03 09:00:00,IN-DC-022,Pune,34306.7,12405.3,1752.5,288.3,48752.7,1.421,31.4,32,8.7,14.4,24.4,1,0,0.987,50.0,0.97,34614.0
2026-04-03 10:00:00,IN-DC-022,Pune,34357.9,12560.8,1754.4,318.1,48991.2,1.426,32.9,31,8.6,14.4,23.8,1,0,0.983,50.02,1.14,34784.0
2026-04-03 11:00:00,IN-DC-022,Pune,34558.6,13262.1,1762.0,344.8,49927.5,1.445,34.6,31,8.2,14.6,24.3,1,0,0.961,49.97,1.42,35449.0
2026-04-03 12:00:00,IN-DC-022,Pune,34705.0,13694.7,1767.6,409.8,50577.1,1.457,36.7,27,8.9,14.8,24.2,1,0,0.98,49.97,1.38,35910.0
2026-04-03 13:00:00,IN-DC-022,Pune,35094.5,14049.5,1782.4,320.0,51246.3,1.46,37.3,22,8.9,14.9,24.0,1,0,0.983,49.94,1.18,36385.0
2026-04-03 14:00:00,IN-DC-022,Pune,34706.1,13884.5,1767.6,352.3,50710.6,1.461,37.5,25,9.4,15.3,23.5,1,0,0.982,49.99,1.42,36004.0
2026-04-03 15:00:00,IN-DC-022,Pune,36048.3,14880.1,1818.6,363.0,53110.0,1.473,39.2,19,8.7,14.7,24.7,1,0,0.971,50.06,1.54,37708.0
2026-04-03 16:00:00,IN-DC-022,Pune,36049.5,14515.6,1818.7,329.1,52712.9,1.462,37.7,27,9.0,15.0,24.3,1,0,0.976,49.98,1.47,37426.0
2026-04-03 17:00:00,IN-DC-022,Pune,36278.0,14570.6,1827.4,387.6,53063.6,1.463,37.8,27,8.8,15.0,24.7,1,0,0.98,49.98,1.39,37675.0
2026-04-03 18:00:00,IN-DC-022,Pune,36278.0,14418.6,1827.4,298.6,52822.6,1.456,36.8,31,9.1,14.9,24.4,1,0,0.966,49.98,1.32,37504.0
2026-04-03 19:00:00,IN-DC-022,Pune,36278.0,13950.1,1827.4,265.3,52320.8,1.442,34.8,26,8.5,14.2,24.4,1,0,0.976,50.02,1.28,37148.0
2026-04-03 20:00:00,IN-DC-022,Pune,36278.0,13439.6,1827.4,289.4,51834.3,1.429,32.8,30,8.9,15.2,24.4,1,0,0.974,50.06,1.13,36802.0
2026-04-03 21:00:00,IN-DC-022,Pune,36278.0,12836.6,1827.4,260.1,51202.0,1.411,31.5,31,8.5,14.7,24.1,1,0,0.966,49.99,1.13,36353.0
2026-04-03 22:00:00,IN-DC-022,Pune,36278.0,12771.6,1827.4,311.7,51188.6,1.411,30.2,40,8.5,14.5,24.5,1,0,0.981,50.06,0.9,36344.0
2026-04-03 23:00:00,IN-DC-022,Pune,36278.0,12052.7,1827.4,296.7,50454.7,1.391,28.1,41,8.6,14.9,23.9,1,0,0.965,49.97,1.0,35823.0
2026-04-04 00:00:00,IN-DC-022,Pune,36067.1,11731.5,1819.4,246.3,49864.3,1.383,27.3,43,8.9,15.1,24.7,1,0,0.962,49.98,0.92,35404.0
2026-04-04 01:00:00,IN-DC-022,Pune,35458.8,11108.4,1796.2,256.4,48619.8,1.371,26.2,46,8.2,14.3,23.9,1,0,0.978,49.87,0.93,34520.0
2026-04-04 02:00:00,IN-DC-022,Pune,36108.5,11544.5,1820.9,250.6,49724.5,1.377,26.4,45,8.1,13.9,24.1,1,0,0.98,49.92,0.98,35304.0
2026-04-04 03:00:00,IN-DC-022,Pune,34570.1,10788.5,1762.5,273.4,47394.4,1.371,25.0,45,8.6,14.2,24.6,1,0,0.965,50.02,1.03,33650.0
2026-04-04 04:00:00,IN-DC-022,Pune,35013.2,10802.2,1779.3,321.1,47915.8,1.369,25.3,38,8.7,14.6,24.5,1,0,0.988,49.92,0.93,34020.0
2026-04-04 05:00:00,IN-DC-022,Pune,34244.5,10877.7,1750.1,270.3,47142.5,1.377,26.3,46,8.5,14.2,24.2,1,0,0.96,49.98,1.09,33471.0
2026-04-04 06:00:00,IN-DC-022,Pune,34413.3,11084.8,1756.5,261.4,47516.1,1.381,27.0,46,8.6,14.5,24.3,1,0,0.973,50.05,1.01,33736.0
2026-04-04 07:00:00,IN-DC-022,Pune,34719.1,11499.2,1768.1,320.7,48307.1,1.391,28.0,36,8.2,13.8,24.9,1,0,0.962,49.88,0.8,34298.0
2026-04-04 08:00:00,IN-DC-022,Pune,34161.0,11812.6,1746.9,302.7,48023.2,1.406,30.1,42,8.2,14.4,23.4,1,0,0.974,49.96,1.0,34096.0
2026-04-04 09:00:00,IN-DC-022,Pune,34105.2,12204.2,1744.8,330.7,48384.9,1.419,31.4,31,8.7,14.1,24.2,1,0,0.981,49.95,1.15,34353.0
2026-04-04 10:00:00,IN-DC-022,Pune,34356.3,12682.1,1754.3,198.2,48990.9,1.426,33.4,29,8.3,14.2,24.5,1,0,0.98,49.93,1.15,34784.0
2026-04-04 11:00:00,IN-DC-022,Pune,34869.4,13418.8,1773.8,277.4,50339.5,1.444,35.1,22,8.4,14.1,23.9,1,0,0.973,49.96,1.16,35741.0
2026-04-04 12:00:00,IN-DC-022,Pune,34705.5,13580.6,1767.6,304.6,50358.4,1.451,36.2,25,8.7,14.5,24.5,1,0,0.971,50.05,1.24,35754.0
2026-04-04 13:00:00,IN-DC-022,Pune,35272.7,14244.3,1789.2,287.9,51594.0,1.463,37.3,21,9.1,14.8,24.2,1,0,0.98,49.98,1.4,36632.0
2026-04-04 14:00:00,IN-DC-022,Pune,35543.7,14358.1,1799.5,288.8,51990.0,1.463,37.7,26,8.6,14.3,24.4,1,0,0.976,49.92,1.29,36913.0
2026-04-04 15:00:00,IN-DC-022,Pune,36131.5,14830.8,1821.8,282.0,53066.1,1.469,38.0,25,8.6,14.9,24.0,1,0,0.98,49.96,1.27,37677.0
2026-04-04 16:00:00,IN-DC-022,Pune,36263.3,15016.0,1826.8,334.1,53440.2,1.474,37.9,24,8.7,15.0,25.1,1,0,0.971,50.0,1.34,37943.0
2026-04-04 17:00:00,IN-DC-022,Pune,36278.0,14455.1,1827.4,352.7,52913.2,1.459,37.7,24,8.9,14.8,24.7,1,0,0.98,49.93,1.38,37568.0
2026-04-04 18:00:00,IN-DC-022,Pune,36278.0,14163.7,1827.4,383.1,52652.1,1.451,36.3,27,8.1,14.2,23.9,1,0,0.982,50.07,1.26,37383.0
2026-04-04 19:00:00,IN-DC-022,Pune,36278.0,13943.5,1827.4,263.2,52312.1,1.442,34.8,32,8.5,14.4,23.4,1,0,0.98,50.02,1.22,37142.0
2026-04-04 20:00:00,IN-DC-022,Pune,36278.0,13421.6,1827.4,291.9,51818.9,1.428,32.8,28,8.4,14.4,24.0,1,0,0.971,50.06,1.09,36791.0
2026-04-04 21:00:00,IN-DC-022,Pune,36278.0,12959.6,1827.4,382.9,51447.8,1.418,31.1,37,8.8,14.9,24.1,1,0,0.99,50.04,1.17,36528.0
2026-04-04 22:00:00,IN-DC-022,Pune,36278.0,12629.2,1827.4,313.4,51048.0,1.407,29.7,37,8.6,14.3,23.6,1,0,0.98,50.02,1.08,36244.0
2026-04-04 23:00:00,IN-DC-022,Pune,36278.0,12015.7,1827.4,346.9,50468.0,1.391,27.9,36,8.5,14.7,24.0,1,0,0.962,50.05,0.98,35832.0
2026-04-05 00:00:00,IN-DC-022,Pune,36278.0,11469.2,1827.4,301.1,49875.7,1.375,26.6,43,8.2,14.0,24.2,1,0,0.99,50.04,0.9,35412.0
2026-04-05 01:00:00,IN-DC-022,Pune,36278.0,11560.2,1827.4,359.2,50024.7,1.379,25.6,45,8.5,14.7,24.3,1,0,0.973,50.03,1.09,35518.0
2026-04-05 02:00:00,IN-DC-022,Pune,36278.0,11177.9,1827.4,334.5,49617.8,1.368,24.8,53,8.3,14.1,24.1,1,0,0.978,50.04,0.83,35229.0
2026-04-05 03:00:00,IN-DC-022,Pune,35982.0,11154.4,1816.1,358.0,49310.5,1.37,25.1,46,8.5,14.3,24.1,1,0,0.984,49.92,0.85,35010.0
2026-04-05 04:00:00,IN-DC-022,Pune,35981.6,10970.9,1816.1,268.7,49037.3,1.363,25.1,51,8.4,14.7,24.5,1,0,0.973,50.03,0.88,34817.0
2026-04-05 05:00:00,IN-DC-022,Pune,35942.2,11483.4,1814.6,312.4,49552.6,1.379,26.1,52,8.4,14.3,24.3,1,0,0.967,50.01,0.78,35182.0
2026-04-05 06:00:00,IN-DC-022,Pune,35770.9,11734.3,1808.1,320.7,49634.0,1.388,27.3,45,8.6,14.9,23.5,1,0,0.968,50.03,1.0,35240.0
2026-04-05 07:00:00,IN-DC-022,Pune,35461.3,11761.4,1796.3,295.3,49314.3,1.391,27.9,43,8.4,14.4,23.5,1,0,0.968,49.93,0.98,35013.0
2026-04-05 08:00:00,IN-DC-022,Pune,35506.2,12268.6,1798.0,275.7,49848.5,1.404,30.4,38,8.5,14.5,23.5,1,0,0.991,50.04,0.89,35392.0
2026-04-05 09:00:00,IN-DC-022,Pune,34895.8,12696.8,1774.8,311.9,49679.3,1.424,31.5,32,8.6,14.3,23.9,1,0,0.965,50.05,1.1,35272.0
2026-04-05 10:00:00,IN-DC-022,Pune,35221.9,13063.7,1787.2,275.0,50347.8,1.429,33.5,35,8.8,14.2,24.1,1,0,0.983,49.98,1.14,35747.0
2026-04-05 11:00:00,IN-DC-022,Pune,35739.6,13770.2,1806.9,238.4,51555.1,1.443,35.0,34,9.0,14.7,24.1,1,0,0.982,50.0,1.23,36604.0
2026-04-05 12:00:00,IN-DC-022,Pune,36278.0,14407.9,1827.4,336.7,52849.9,1.457,36.2,21,8.5,14.7,24.3,1,0,0.973,50.13,1.31,37523.0
2026-04-05 13:00:00,IN-DC-022,Pune,36278.0,14423.2,1827.4,258.4,52786.9,1.455,37.2,18,8.9,14.9,23.9,1,0,0.959,50.07,1.21,37479.0
2026-04-05 14:00:00,IN-DC-022,Pune,36278.0,14778.5,1827.4,325.5,53209.4,1.467,38.4,27,8.5,14.7,24.9,1,0,0.966,49.93,1.41,37779.0
2026-04-05 15:00:00,IN-DC-022,Pune,36278.0,15022.7,1827.4,349.3,53477.4,1.474,38.8,20,9.1,15.2,24.7,1,0,0.965,49.95,1.56,37969.0
2026-04-05 16:00:00,IN-DC-022,Pune,36278.0,14795.2,1827.4,336.8,53237.4,1.467,37.7,24,8.9,14.7,24.5,1,0,0.976,49.97,1.35,37799.0
2026-04-05 17:00:00,IN-DC-022,Pune,36278.0,14563.9,1827.4,255.3,52924.6,1.459,36.8,26,8.7,14.6,24.1,1,0,0.962,49.96,1.39,37576.0
2026-04-05 18:00:00,IN-DC-022,Pune,36278.0,14006.2,1827.4,273.8,52385.4,1.444,36.0,20,9.1,14.8,23.6,1,0,0.974,49.97,1.31,37194.0
2026-04-05 19:00:00,IN-DC-022,Pune,36278.0,13752.5,1827.4,309.2,52167.1,1.438,34.0,25,8.9,15.3,24.9,1,0,0.96,49.97,1.14,37039.0
2026-04-05 20:00:00,IN-DC-022,Pune,36278.0,13442.4,1827.4,349.1,51896.9,1.431,33.1,32,8.3,14.3,24.0,1,0,0.972,50.02,1.12,36847.0
2026-04-05 21:00:00,IN-DC-022,Pune,36278.0,12905.7,1827.4,230.9,51241.9,1.412,32.2,36,8.6,14.8,23.9,1,0,0.974,49.99,1.15,36382.0
2026-04-05 22:00:00,IN-DC-022,Pune,36278.0,12381.6,1827.4,277.2,50764.1,1.399,30.0,40,8.7,14.6,23.4,1,0,0.976,49.99,1.01,36043.0
2026-04-05 23:00:00,IN-DC-022,Pune,36278.0,12038.3,1827.4,281.1,50424.7,1.39,28.2,35,8.5,14.5,24.4,1,0,0.971,49.98,0.9,35802.0
2026-04-06 00:00:00,IN-DC-022,Pune,36278.0,11788.6,1827.4,311.4,50205.3,1.384,27.0,44,8.8,14.8,24.2,1,0,0.965,49.99,0.96,35646.0
2026-04-06 01:00:00,IN-DC-022,Pune,36278.0,11707.4,1827.4,261.6,50074.4,1.38,25.9,45,8.5,14.2,24.7,1,0,0.977,49.97,0.89,35553.0
2026-04-06 02:00:00,IN-DC-022,Pune,36278.0,11416.9,1827.4,230.8,49753.1,1.371,25.5,48,9.0,15.6,23.7,1,0,0.976,50.04,0.81,35325.0
2026-04-06 03:00:00,IN-DC-022,Pune,36278.0,11563.2,1827.4,325.6,49994.1,1.378,25.9,48,8.3,14.4,23.0,1,0,0.974,50.01,0.93,35496.0
2026-04-06 04:00:00,IN-DC-022,Pune,36278.0,11341.0,1827.4,344.6,49791.0,1.372,25.6,47,8.4,14.5,24.2,1,0,0.969,49.99,0.92,35352.0
2026-04-06 05:00:00,IN-DC-022,Pune,36278.0,11632.1,1827.4,332.4,50069.8,1.38,26.4,50,8.8,14.7,24.3,1,0,0.966,49.99,0.93,35550.0
2026-04-06 06:00:00,IN-DC-022,Pune,36278.0,11819.7,1827.4,291.1,50216.1,1.384,26.7,46,8.3,14.3,24.1,1,0,0.981,50.01,0.89,35653.0
2026-04-06 07:00:00,IN-DC-022,Pune,36278.0,11957.7,1827.4,406.5,50469.6,1.391,28.0,50,8.6,14.5,23.6,1,0,0.985,49.98,0.96,35833.0
2026-04-06 08:00:00,IN-DC-022,Pune,36278.0,12439.6,1827.4,333.1,50878.1,1.402,29.9,38,8.3,14.1,24.4,1,0,0.978,49.98,0.98,36123.0
2026-04-06 09:00:00,IN-DC-022,Pune,36278.0,13183.3,1827.4,305.9,51594.5,1.422,32.3,31,8.2,14.4,23.4,1,0,0.972,49.99,1.01,36632.0
2026-04-06 10:00:00,IN-DC-022,Pune,36278.0,13484.2,1827.4,332.8,51922.4,1.431,33.7,35,8.5,14.4,23.9,1,0,0.963,50.01,1.16,36865.0
2026-04-06 11:00:00,IN-DC-022,Pune,36278.0,13819.3,1827.4,177.4,52102.1,1.436,35.4,29,8.5,15.1,24.1,1,0,0.98,50.0,1.37,36992.0
2026-04-06 12:00:00,IN-DC-022,Pune,36278.0,14059.0,1827.4,262.5,52426.8,1.445,36.4,26,8.8,14.9,24.5,1,0,0.982,49.96,1.34,37223.0
2026-04-06 13:00:00,IN-DC-022,Pune,36278.0,14886.8,1827.4,318.0,53310.2,1.469,38.0,32,8.9,15.0,25.0,1,0,0.975,49.94,1.35,37850.0
2026-04-06 14:00:00,IN-DC-022,Pune,36278.0,14648.2,1827.4,270.8,53024.3,1.462,38.4,25,8.8,14.6,24.5,1,0,0.967,49.9,1.48,37647.0
2026-04-06 15:00:00,IN-DC-022,Pune,36278.0,14987.5,1827.4,316.5,53409.4,1.472,39.3,21,8.9,15.2,24.6,1,0,0.964,50.14,1.44,37921.0
2026-04-06 16:00:00,IN-DC-022,Pune,36278.0,14821.6,1827.4,299.8,53226.8,1.467,38.6,22,9.0,15.6,24.2,1,0,0.985,50.02,1.39,37791.0
2026-04-06 17:00:00,IN-DC-022,Pune,36278.0,14444.0,1827.4,332.2,52881.5,1.458,37.4,25,8.9,15.2,25.1,1,0,0.96,49.96,1.24,37546.0
2026-04-06 18:00:00,IN-DC-022,Pune,36278.0,14133.8,1827.4,281.0,52520.2,1.448,36.6,27,8.8,14.8,24.7,1,0,0.97,50.07,1.15,37289.0
2026-04-06 19:00:00,IN-DC-022,Pune,36278.0,14155.1,1827.4,328.7,52589.2,1.45,35.6,25,8.6,14.4,24.0,1,0,0.991,50.01,1.24,37338.0
2026-04-06 20:00:00,IN-DC-022,Pune,36278.0,13673.7,1827.4,201.8,51980.8,1.433,34.0,28,8.7,14.6,23.8,1,0,0.956,50.04,1.17,36906.0
2026-04-06 21:00:00,IN-DC-022,Pune,36278.0,13108.9,1827.4,327.3,51541.5,1.421,31.8,34,8.4,14.7,24.1,1,0,0.968,50.01,0.95,36594.0
2026-04-06 22:00:00,IN-DC-022,Pune,36278.0,12833.3,1827.4,270.6,51209.2,1.412,30.5,38,8.6,14.4,24.2,1,0,0.967,50.03,1.09,36359.0
2026-04-06 23:00:00,IN-DC-022,Pune,36278.0,12456.1,1827.4,291.4,50852.8,1.402,29.2,41,8.7,14.7,24.4,1,0,0.977,49.97,1.0,36105.0
2026-04-07 00:00:00,IN-DC-022,Pune,36278.0,11811.7,1827.4,359.0,50276.1,1.386,27.7,41,8.9,14.8,24.0,1,0,0.976,50.04,0.99,35696.0
2026-04-07 01:00:00,IN-DC-022,Pune,36278.0,11544.8,1827.4,258.5,49908.6,1.376,25.9,40,8.6,14.6,23.5,1,0,0.977,49.99,0.8,35435.0
2026-04-07 02:00:00,IN-DC-022,Pune,36278.0,11172.8,1827.4,370.1,49648.3,1.369,25.2,47,8.3,14.2,23.4,1,0,0.977,50.08,0.91,35250.0
2026-04-07 03:00:00,IN-DC-022,Pune,36278.0,11555.8,1827.4,324.2,49985.4,1.378,25.4,50,8.7,14.4,24.3,1,0,0.971,50.04,0.99,35490.0
2026-04-07 04:00:00,IN-DC-022,Pune,36278.0,11074.3,1827.4,297.4,49477.1,1.364,25.0,48,8.2,13.9,23.9,1,0,0.957,50.06,0.81,35129.0
2026-04-07 05:00:00,IN-DC-022,Pune,36278.0,11635.3,1827.4,309.5,50050.2,1.38,26.7,45,8.5,14.7,23.9,1,0,0.971,49.98,0.9,35536.0
2026-04-07 06:00:00,IN-DC-022,Pune,36278.0,11665.9,1827.4,291.2,50062.4,1.38,27.5,44,8.6,14.5,24.9,1,0,0.986,49.92,0.96,35544.0
2026-04-07 07:00:00,IN-DC-022,Pune,36278.0,12418.8,1827.4,329.5,50853.6,1.402,29.5,43,8.8,14.8,24.4,1,0,0.974,50.02,0.96,36106.0
2026-04-07 08:00:00,IN-DC-022,Pune,36278.0,12629.2,1827.4,280.1,51014.7,1.406,29.7,33,8.5,14.6,23.9,1,0,0.979,50.05,1.09,36220.0
2026-04-07 09:00:00,IN-DC-022,Pune,36278.0,13301.5,1827.4,262.1,51669.0,1.424,31.7,35,8.6,14.5,24.0,1,0,0.986,50.02,1.13,36685.0
2026-04-07 10:00:00,IN-DC-022,Pune,36278.0,13370.6,1827.4,320.4,51796.4,1.428,33.7,42,8.7,14.5,24.5,1,0,0.98,49.94,1.17,36775.0
2026-04-07 11:00:00,IN-DC-022,Pune,36278.0,13596.1,1827.4,342.4,52043.8,1.435,33.7,22,9.0,14.9,24.0,1,0,0.968,49.93,1.12,36951.0
2026-04-07 12:00:00,IN-DC-022,Pune,36278.0,14291.2,1827.4,279.3,52675.8,1.452,36.2,31,8.9,14.8,24.1,1,0,0.963,49.99,1.33,37400.0
2026-04-07 13:00:00,IN-DC-022,Pune,36278.0,14494.1,1827.4,356.5,52956.0,1.46,37.2,24,8.8,14.6,24.5,1,0,0.973,50.02,1.26,37599.0
2026-04-07 14:00:00,IN-DC-022,Pune,36278.0,15094.8,1827.4,316.1,53516.2,1.475,39.0,29,8.8,14.6,25.0,1,0,0.982,49.95,1.44,37997.0
2026-04-07 15:00:00,IN-DC-022,Pune,36278.0,14795.8,1827.4,254.5,53155.7,1.465,38.5,26,9.1,15.0,24.1,1,0,0.978,49.95,1.41,37741.0
2026-04-07 16:00:00,IN-DC-022,Pune,36278.0,14535.1,1827.4,357.4,52997.9,1.461,38.0,29,9.0,14.9,24.6,1,0,0.971,49.99,1.32,37629.0
2026-04-07 17:00:00,IN-DC-022,Pune,36278.0,14344.3,1827.4,293.2,52742.8,1.454,37.0,22,8.7,14.7,24.6,1,0,0.96,49.99,1.46,37447.0
2026-04-07 18:00:00,IN-DC-022,Pune,36278.0,14734.6,1827.4,306.8,53146.8,1.465,37.4,21,8.8,15.1,23.8,1,0,0.984,50.04,1.45,37734.0
2026-04-07 19:00:00,IN-DC-022,Pune,36278.0,13723.4,1827.4,251.8,52080.5,1.436,34.6,25,8.9,15.2,23.9,1,0,0.977,50.02,1.26,36977.0
2026-04-07 20:00:00,IN-DC-022,Pune,36278.0,13599.2,1827.4,286.4,51991.0,1.433,33.3,32,8.5,14.9,24.2,1,0,0.967,49.95,1.01,36914.0
2026-04-07 21:00:00,IN-DC-022,Pune,36278.0,13183.2,1827.4,316.4,51604.9,1.422,32.0,33,8.5,14.6,23.9,1,0,0.975,49.98,1.02,36639.0
2026-04-07 22:00:00,IN-DC-022,Pune,36278.0,12155.9,1827.4,311.9,50573.2,1.394,30.1,42,8.1,14.0,24.3,1,0,0.985,50.02,1.0,35907.0
2026-04-07 23:00:00,IN-DC-022,Pune,36278.0,12093.6,1827.4,299.8,50498.8,1.392,28.8,43,8.5,14.5,24.1,1,0,0.98,49.89,0.96,35854.0
2026-04-08 00:00:00,IN-DC-022,Pune,36278.0,11879.5,1827.4,301.5,50286.4,1.386,27.4,40,8.6,14.4,24.6,1,0,0.963,50.02,0.94,35703.0
2026-04-08 01:00:00,IN-DC-022,Pune,36278.0,11634.0,1827.4,298.7,50038.1,1.379,26.4,44,8.4,14.4,24.1,1,0,0.964,50.02,0.73,35527.0
2026-04-08 02:00:00,IN-DC-022,Pune,36278.0,11671.3,1827.4,302.0,50078.7,1.38,26.0,38,8.8,14.7,24.2,1,0,0.963,50.03,0.95,35556.0
2026-04-08 03:00:00,IN-DC-022,Pune,36278.0,11551.9,1827.4,296.3,49953.5,1.377,26.1,48,8.6,14.8,24.2,1,0,0.971,50.05,0.95,35467.0
2026-04-08 04:00:00,IN-DC-022,Pune,36278.0,11571.2,1827.4,307.8,49984.3,1.378,25.6,47,8.4,14.0,23.6,1,0,0.982,49.95,0.96,35489.0
2026-04-08 05:00:00,IN-DC-022,Pune,36278.0,11177.8,1827.4,296.2,49579.4,1.367,25.2,46,8.4,14.5,24.2,1,0,0.978,50.06,0.94,35201.0
2026-04-08 06:00:00,IN-DC-022,Pune,36278.0,11776.2,1827.4,273.7,50155.3,1.383,27.1,38,8.8,14.5,23.6,1,0,0.995,49.93,0.84,35610.0
2026-04-08 07:00:00,IN-DC-022,Pune,36278.0,12439.4,1827.4,311.0,50855.8,1.402,29.2,36,9.1,15.4,23.6,1,0,0.974,50.07,0.99,36108.0
2026-04-08 08:00:00,IN-DC-022,Pune,36278.0,12634.4,1827.4,291.6,51031.4,1.407,30.2,43,8.5,14.4,23.3,1,0,0.978,50.07,0.89,36232.0
2026-04-08 09:00:00,IN-DC-022,Pune,36278.0,13176.3,1827.4,268.3,51550.0,1.421,32.0,35,8.3,14.3,24.8,1,0,0.988,50.08,1.1,36600.0
2026-04-08 10:00:00,IN-DC-022,Pune,36278.0,13458.9,1827.4,345.2,51909.5,1.431,33.9,33,8.7,14.9,24.7,1,0,0.969,49.99,1.18,36856.0
2026-04-08 11:00:00,IN-DC-022,Pune,36278.0,14180.0,1827.4,278.1,52563.6,1.449,35.9,35,8.6,14.6,24.3,1,0,0.988,50.02,1.14,37320.0
2026-04-08 12:00:00,IN-DC-022,Pune,36278.0,14332.1,1827.4,293.0,52730.5,1.454,36.5,28,8.6,15.0,23.9,1,0,0.967,49.99,1.36,37439.0
2026-04-08 13:00:00,IN-DC-022,Pune,36278.0,14700.2,1827.4,289.3,53094.8,1.464,37.7,22,8.8,14.8,24.7,1,0,0.983,50.05,1.34,37697.0
2026-04-08 14:00:00,IN-DC-022,Pune,36278.0,14708.7,1827.4,287.9,53101.9,1.464,38.4,21,8.9,14.8,24.3,1,0,0.982,49.95,1.4,37702.0
2026-04-08 15:00:00,IN-DC-022,Pune,36278.0,15160.0,1827.4,309.8,53575.2,1.477,38.9,19,8.3,14.1,24.2,1,0,0.965,50.03,1.4,38038.0
2026-04-08 16:00:00,IN-DC-022,Pune,36278.0,15068.3,1827.4,329.9,53503.6,1.475,39.0,23,8.6,14.5,25.0,1,0,0.969,49.97,1.47,37988.0
2026-04-08 17:00:00,IN-DC-022,Pune,36278.0,14783.6,1827.4,288.9,53177.9,1.466,38.7,26,8.9,14.9,24.4,1,0,0.969,49.93,1.47,37756.0
2026-04-08 18:00:00,IN-DC-022,Pune,36278.0,14544.0,1827.4,272.6,52921.9,1.459,36.9,39,9.1,15.1,24.2,1,0,0.97,50.0,1.45,37575.0
2026-04-08 19:00:00,IN-DC-022,Pune,36278.0,13919.4,1827.4,271.1,52295.9,1.442,35.0,27,9.0,15.0,23.6,1,0,0.992,49.94,1.09,37130.0
2026-04-08 20:00:00,IN-DC-022,Pune,36278.0,13773.3,1827.4,269.7,52148.4,1.437,34.1,29,8.8,15.0,24.3,1,0,0.974,49.96,1.17,37025.0
2026-04-08 21:00:00,IN-DC-022,Pune,36278.0,12932.2,1827.4,270.6,51308.1,1.414,30.9,29,8.7,14.8,24.2,1,0,0.979,50.03,1.04,36429.0
2026-04-08 22:00:00,IN-DC-022,Pune,36278.0,12224.0,1827.4,354.8,50684.2,1.397,29.3,37,8.9,15.2,24.4,1,0,0.963,50.1,0.97,35986.0
2026-04-08 23:00:00,IN-DC-022,Pune,36278.0,12087.9,1827.4,307.3,50500.5,1.392,28.5,38,8.6,14.4,24.0,1,0,0.956,50.07,1.1,35855.0
2026-04-09 00:00:00,IN-DC-022,Pune,36278.0,11788.2,1827.4,259.9,50153.5,1.382,27.6,45,8.4,14.1,23.8,1,0,0.98,50.07,0.84,35609.0
2026-04-09 01:00:00,IN-DC-022,Pune,36278.0,11705.2,1827.4,331.0,50141.6,1.382,26.2,47,8.9,14.8,23.2,1,0,0.993,50.03,0.91,35601.0
2026-04-09 02:00:00,IN-DC-022,Pune,36278.0,11656.6,1827.4,301.2,50063.2,1.38,26.6,42,8.7,14.3,24.0,1,0,0.978,50.09,0.9,35545.0
2026-04-09 03:00:00,IN-DC-022,Pune,36278.0,11693.0,1827.4,343.6,50142.0,1.382,26.6,43,8.3,14.7,24.9,1,0,0.978,49.97,0.98,35601.0
2026-04-09 04:00:00,IN-DC-022,Pune,36278.0,11646.6,1827.4,325.7,50077.6,1.38,26.4,46,8.4,14.8,23.9,1,0,0.975,49.99,0.96,35555.0
2026-04-09 05:00:00,IN-DC-022,Pune,36278.0,11521.9,1827.4,308.1,49935.4,1.376,26.5,50,8.4,14.5,23.4,1,0,0.979,49.97,0.76,35454.0
2026-04-09 06:00:00,IN-DC-022,Pune,36278.0,11818.0,1827.4,273.1,50196.5,1.384,27.4,35,8.3,14.5,24.0,1,0,0.971,49.99,1.03,35640.0
2026-04-09 07:00:00,IN-DC-022,Pune,36278.0,12321.4,1827.4,349.7,50776.4,1.4,29.1,44,8.3,14.0,23.9,1,0,0.976,50.01,0.83,36051.0
2026-04-09 08:00:00,IN-DC-022,Pune,36278.0,12891.8,1827.4,291.4,51288.6,1.414,31.4,33,8.4,14.5,24.2,1,0,0.959,50.01,1.06,36415.0
2026-04-09 09:00:00,IN-DC-022,Pune,36278.0,12904.9,1827.4,277.7,51288.0,1.414,31.6,33,8.4,14.6,24.5,1,0,0.978,49.93,1.08,36414.0
2026-04-09 10:00:00,IN-DC-022,Pune,36278.0,13496.8,1827.4,237.1,51839.4,1.429,33.8,25,9.0,14.8,24.5,1,0,0.967,49.96,1.24,36806.0
2026-04-09 11:00:00,IN-DC-022,Pune,36278.0,13938.1,1827.4,285.0,52328.5,1.442,35.7,33,9.0,14.9,23.9,1,0,0.974,49.96,1.3,37153.0
2026-04-09 12:00:00,IN-DC-022,Pune,36278.0,14354.9,1827.4,268.7,52728.9,1.453,37.1,32,8.9,14.8,24.3,1,0,0.974,49.98,1.27,37438.0
2026-04-09 13:00:00,IN-DC-022,Pune,36278.0,14557.8,1827.4,306.7,52969.9,1.46,37.4,24,8.6,14.7,25.1,1,0,0.971,50.04,1.39,37609.0
2026-04-09 14:00:00,IN-DC-022,Pune,36278.0,14610.2,1827.4,247.9,52963.5,1.46,38.4,31,8.7,15.0,25.1,1,0,0.981,49.98,1.33,37604.0
2026-04-09 15:00:00,IN-DC-022,Pune,36278.0,15006.0,1827.4,320.5,53431.8,1.473,38.8,24,8.9,14.7,24.5,1,0,0.979,50.12,1.6,37937.0
2026-04-09 16:00:00,IN-DC-022,Pune,36278.0,14867.9,1827.4,300.7,53274.0,1.468,38.2,24,8.4,14.6,25.0,1,0,0.967,49.98,1.46,37825.0
2026-04-09 17:00:00,IN-DC-022,Pune,36278.0,14626.8,1827.4,268.5,53000.6,1.461,38.2,22,8.6,14.5,23.9,1,0,0.983,49.97,1.26,37630.0
2026-04-09 18:00:00,IN-DC-022,Pune,36278.0,14354.5,1827.4,300.2,52760.0,1.454,36.7,24,9.2,15.3,24.2,1,0,0.963,49.94,1.36,37460.0
2026-04-09 19:00:00,IN-DC-022,Pune,36278.0,14273.5,1827.4,257.7,52636.6,1.451,36.1,26,9.0,15.2,23.9,1,0,0.979,50.0,1.12,37372.0
2026-04-09 20:00:00,IN-DC-022,Pune,36278.0,13417.6,1827.4,299.0,51822.0,1.428,33.9,32,8.6,14.6,24.2,1,0,0.979,50.08,1.16,36794.0
2026-04-09 21:00:00,IN-DC-022,Pune,36278.0,13661.3,1827.4,273.7,52040.4,1.434,32.7,39,8.7,14.6,24.0,1,0,0.98,49.9,1.21,36949.0
2026-04-09 22:00:00,IN-DC-022,Pune,36278.0,12679.0,1827.4,335.1,51119.5,1.409,30.2,38,8.5,15.0,23.9,1,0,0.967,49.95,0.95,36295.0
2026-04-09 23:00:00,IN-DC-022,Pune,36278.0,12393.0,1827.4,269.1,50767.5,1.399,29.1,38,8.6,15.0,24.4,1,0,0.984,50.06,0.78,36045.0
2026-04-10 00:00:00,IN-DC-022,Pune,36278.0,11816.0,1827.4,318.8,50240.1,1.385,26.5,48,8.3,14.7,23.6,1,0,0.98,49.99,0.89,35670.0
2026-04-10 01:00:00,IN-DC-022,Pune,36278.0,11712.3,1827.4,244.5,50062.1,1.38,26.3,48,8.5,14.5,23.5,1,0,0.982,49.93,0.78,35544.0
2026-04-10 02:00:00,IN-DC-022,Pune,36278.0,11401.4,1827.4,255.7,49762.4,1.372,25.4,55,8.3,14.6,24.1,1,0,0.972,50.01,0.91,35331.0
2026-04-10 03:00:00,IN-DC-022,Pune,36278.0,11644.2,1827.4,206.1,49955.7,1.377,26.3,45,8.6,14.3,23.6,1,0,0.965,50.09,0.92,35469.0
2026-04-10 04:00:00,IN-DC-022,Pune,36278.0,11649.5,1827.4,336.8,50091.7,1.381,26.2,50,8.2,14.0,23.8,1,0,0.964,50.1,0.87,35565.0
2026-04-10 05:00:00,IN-DC-022,Pune,36278.0,11597.5,1827.4,280.1,49982.9,1.378,26.8,51,8.4,14.5,23.7,1,0,0.982,50.0,0.81,35488.0
2026-04-10 06:00:00,IN-DC-022,Pune,36278.0,11733.0,1827.4,288.0,50126.4,1.382,27.0,43,8.5,14.4,24.7,1,0,0.974,49.95,0.9,35590.0
2026-04-10 07:00:00,IN-DC-022,Pune,36278.0,12258.4,1827.4,277.1,50640.8,1.396,29.2,40,8.5,14.5,24.6,1,0,0.983,49.97,0.87,35955.0
2026-04-10 08:00:00,IN-DC-022,Pune,36278.0,12689.1,1827.4,280.6,51075.1,1.408,30.7,39,8.4,14.8,24.5,1,0,0.991,50.0,0.97,36263.0
2026-04-10 09:00:00,IN-DC-022,Pune,36278.0,13112.0,1827.4,287.2,51504.5,1.42,31.9,34,8.7,14.9,24.4,1,0,0.979,49.97,1.06,36568.0
2026-04-10 10:00:00,IN-DC-022,Pune,36278.0,13479.3,1827.4,323.9,51908.6,1.431,34.3,36,8.6,14.3,23.8,1,0,0.974,50.01,1.17,36855.0
2026-04-10 11:00:00,IN-DC-022,Pune,36278.0,14276.8,1827.4,290.2,52672.4,1.452,36.3,33,8.7,14.8,24.2,1,0,0.99,49.98,1.23,37397.0
2026-04-10 12:00:00,IN-DC-022,Pune,36278.0,14481.6,1827.4,331.9,52918.8,1.459,36.9,30,9.1,15.1,23.8,1,0,0.974,50.09,1.3,37572.0
2026-04-10 13:00:00,IN-DC-022,Pune,36278.0,14882.9,1827.4,318.1,53306.4,1.469,38.5,24,8.7,14.5,24.4,1,0,0.966,49.99,1.48,37848.0
2026-04-10 14:00:00,IN-DC-022,Pune,36278.0,14736.5,1827.4,321.9,53163.7,1.465,38.8,24,8.9,15.2,24.5,1,0,0.984,49.94,1.36,37746.0
2026-04-10 15:00:00,IN-DC-022,Pune,36278.0,14994.1,1827.4,304.0,53403.5,1.472,38.9,25,8.8,14.8,24.0,1,0,0.986,49.91,1.49,37916.0
2026-04-10 16:00:00,IN-DC-022,Pune,36278.0,14998.3,1827.4,268.2,53371.8,1.471,38.4,24,8.8,15.0,24.0,1,0,0.973,50.02,1.49,37894.0
2026-04-10 17:00:00,IN-DC-022,Pune,36278.0,15029.9,1827.4,319.9,53455.1,1.473,38.5,27,8.4,14.2,24.2,1,0,0.984,49.94,1.4,37953.0
2026-04-10 18:00:00,IN-DC-022,Pune,36278.0,14284.4,1827.4,289.4,52679.2,1.452,36.3,25,9.0,14.7,24.2,1,0,0.958,50.02,1.36,37402.0
2026-04-10 19:00:00,IN-DC-022,Pune,36278.0,13981.7,1827.4,278.4,52365.5,1.443,36.0,29,8.7,15.0,24.0,1,0,0.98,50.0,1.3,37179.0
2026-04-10 20:00:00,IN-DC-022,Pune,36278.0,13595.9,1827.4,321.2,52022.5,1.434,33.9,32,8.8,14.5,24.5,1,0,0.978,50.0,1.09,36936.0
2026-04-10 21:00:00,IN-DC-022,Pune,36278.0,12911.2,1827.4,320.9,51337.5,1.415,32.1,34,8.6,14.6,23.8,1,0,0.982,50.0,1.05,36450.0
2026-04-10 22:00:00,IN-DC-022,Pune,36278.0,12718.9,1827.4,346.1,51170.4,1.411,30.5,43,8.4,14.5,23.9,1,0,0.977,50.04,1.12,36331.0
2026-04-10 23:00:00,IN-DC-022,Pune,36278.0,12068.5,1827.4,276.5,50450.3,1.391,28.6,48,8.5,14.7,24.1,1,0,0.989,50.04,0.87,35820.0
2026-04-11 00:00:00,IN-DC-022,Pune,36278.0,12171.0,1827.4,301.0,50577.4,1.394,28.5,50,8.2,14.2,23.7,1,0,0.967,49.91,0.88,35910.0
2026-04-11 01:00:00,IN-DC-022,Pune,36278.0,11404.2,1827.4,291.3,49800.9,1.373,26.3,46,8.3,14.3,23.8,1,0,0.963,50.01,0.96,35359.0
2026-04-11 02:00:00,IN-DC-022,Pune,36278.0,11798.6,1827.4,247.7,50151.6,1.382,27.1,42,8.7,14.5,24.9,1,0,0.989,50.03,0.86,35608.0
2026-04-11 03:00:00,IN-DC-022,Pune,36278.0,11380.3,1827.4,335.4,49821.1,1.373,25.7,43,8.6,14.5,23.8,1,0,0.975,50.02,0.95,35373.0
2026-04-11 04:00:00,IN-DC-022,Pune,36278.0,11126.2,1827.4,288.6,49520.2,1.365,25.3,47,8.4,14.2,23.6,1,0,0.97,50.0,0.77,35159.0
2026-04-11 05:00:00,IN-DC-022,Pune,36278.0,11691.9,1827.4,327.7,50124.9,1.382,26.2,45,8.7,14.6,23.9,1,0,0.966,49.97,1.03,35589.0
2026-04-11 06:00:00,IN-DC-022,Pune,36278.0,11691.8,1827.4,280.3,50077.5,1.38,27.3,41,8.3,14.3,24.3,1,0,0.959,50.05,0.99,35555.0
2026-04-11 07:00:00,IN-DC-022,Pune,36278.0,12278.6,1827.4,360.0,50744.0,1.399,28.5,48,8.5,14.6,23.2,1,0,0.974,50.02,0.84,36028.0
2026-04-11 08:00:00,IN-DC-022,Pune,36278.0,12234.7,1827.4,291.2,50631.3,1.396,29.5,35,8.4,14.3,24.1,1,0,0.974,49.97,1.12,35948.0
2026-04-11 09:00:00,IN-DC-022,Pune,36278.0,12808.4,1827.4,310.3,51224.1,1.412,31.8,29,8.8,15.2,23.6,1,0,0.976,50.01,1.1,36369.0
2026-04-11 10:00:00,IN-DC-022,Pune,36278.0,13787.6,1827.4,254.6,52147.6,1.437,34.8,37,8.9,14.9,23.9,1,0,0.975,49.92,1.3,37025.0
2026-04-11 11:00:00,IN-DC-022,Pune,36278.0,13890.9,1827.4,327.1,52323.4,1.442,34.5,28,8.4,14.5,23.5,1,0,0.973,49.95,1.14,37150.0
2026-04-11 12:00:00,IN-DC-022,Pune,36278.0,14237.0,1827.4,317.2,52659.6,1.452,36.6,29,8.5,15.0,24.7,1,0,0.985,49.95,1.22,37388.0
2026-04-11 13:00:00,IN-DC-022,Pune,36278.0,14766.6,1827.4,274.0,53146.0,1.465,37.9,24,8.5,14.3,24.0,1,0,0.958,49.97,1.5,37734.0
2026-04-11 14:00:00,IN-DC-022,Pune,36278.0,14698.7,1827.4,280.3,53084.4,1.463,38.4,26,9.2,15.0,24.5,1,0,0.973,49.98,1.46,37690.0
2026-04-11 15:00:00,IN-DC-022,Pune,36278.0,15065.6,1827.4,317.8,53488.8,1.474,39.0,16,8.8,14.8,24.9,1,0,0.969,50.09,1.34,37977.0
2026-04-11 16:00:00,IN-DC-022,Pune,36278.0,14888.8,1827.4,218.9,53213.1,1.467,37.9,23,8.9,15.2,23.6,1,0,0.98,50.03,1.42,37781.0
2026-04-11 17:00:00,IN-DC-022,Pune,36278.0,14759.1,1827.4,288.9,53153.3,1.465,37.8,25,8.8,14.3,24.3,1,0,0.992,50.02,1.24,37739.0
2026-04-11 18:00:00,IN-DC-022,Pune,36278.0,14207.7,1827.4,336.8,52649.9,1.451,36.7,29,8.8,14.7,24.3,1,0,0.975,49.99,1.21,37381.0
2026-04-11 19:00:00,IN-DC-022,Pune,36278.0,13952.5,1827.4,273.6,52331.5,1.443,35.3,27,8.7,14.4,23.4,1,0,0.961,50.0,1.2,37155.0
2026-04-11 20:00:00,IN-DC-022,Pune,36278.0,13294.2,1827.4,209.2,51608.8,1.423,32.8,35,8.9,14.7,23.8,1,0,0.978,50.03,1.01,36642.0
2026-04-11 21:00:00,IN-DC-022,Pune,36278.0,12943.1,1827.4,316.1,51364.5,1.416,32.1,40,8.9,15.3,24.2,1,0,0.978,49.98,1.12,36469.0
2026-04-11 22:00:00,IN-DC-022,Pune,36278.0,12563.9,1827.4,318.1,50987.3,1.405,31.1,40,8.5,14.6,24.4,1,0,0.984,50.01,1.2,36201.0
2026-04-11 23:00:00,IN-DC-022,Pune,36278.0,12183.2,1827.4,303.4,50591.9,1.395,28.8,45,8.9,14.8,23.6,1,0,0.976,49.97,0.83,35920.0
2026-04-12 00:00:00,IN-DC-022,Pune,36278.0,11618.5,1827.4,323.2,50047.0,1.38,26.7,39,8.5,14.2,24.0,1,0,0.977,50.03,1.02,35533.0
2026-04-12 01:00:00,IN-DC-022,Pune,36278.0,11787.5,1827.4,286.3,50179.2,1.383,27.4,44,8.9,15.1,24.0,1,0,0.967,49.99,1.04,35627.0
2026-04-12 02:00:00,IN-DC-022,Pune,36278.0,11587.7,1827.4,343.1,50036.1,1.379,25.8,52,8.2,14.0,23.9,1,0,0.96,49.96,1.04,35526.0
2026-04-12 03:00:00,IN-DC-022,Pune,36278.0,11535.3,1827.4,362.9,50003.6,1.378,25.7,50,8.4,14.1,24.4,1,0,0.966,50.05,0.86,35503.0
2026-04-12 04:00:00,IN-DC-022,Pune,36278.0,11561.5,1827.4,332.6,49999.5,1.378,25.6,40,8.5,14.5,23.9,1,0,0.971,50.02,1.11,35500.0
2026-04-12 05:00:00,IN-DC-022,Pune,36278.0,11289.2,1827.4,280.3,49674.9,1.369,24.9,43,8.4,14.6,24.1,0,1,0.976,49.92,0.9,35269.0
2026-04-12 06:00:00,IN-DC-022,Pune,36278.0,11653.4,1827.4,331.5,50090.3,1.381,27.4,50,8.4,14.5,24.1,1,0,0.965,49.92,0.82,35564.0
2026-04-12 07:00:00,IN-DC-022,Pune,36278.0,11944.4,1827.4,267.7,50317.4,1.387,28.9,37,8.5,14.2,24.0,1,0,0.979,49.89,1.01,35725.0
2026-04-12 08:00:00,IN-DC-022,Pune,36278.0,12875.1,1827.4,294.8,51275.3,1.413,31.3,38,8.6,14.4,24.4,1,0,0.979,50.06,1.12,36405.0
2026-04-12 09:00:00,IN-DC-022,Pune,36278.0,13414.2,1827.4,309.4,51828.9,1.429,32.6,29,8.7,15.0,24.2,1,0,0.972,50.02,1.14,36799.0
2026-04-12 10:00:00,IN-DC-022,Pune,36278.0,13777.5,1827.4,317.1,52200.0,1.439,34.1,34,8.9,14.9,24.5,1,0,0.992,50.07,1.21,37062.0
2026-04-12 11:00:00,IN-DC-022,Pune,36278.0,13825.3,1827.4,340.0,52270.7,1.441,34.8,32,8.7,14.6,24.6,1,0,0.965,49.99,1.37,37112.0
2026-04-12 12:00:00,IN-DC-022,Pune,36278.0,14380.5,1827.4,286.3,52772.2,1.455,36.5,32,8.9,14.7,24.3,1,0,0.985,50.04,1.27,37468.0
2026-04-12 13:00:00,IN-DC-022,Pune,36278.0,14377.5,1827.4,306.7,52789.6,1.455,37.2,28,8.7,14.6,24.0,1,0,0.968,49.99,1.39,37481.0
2026-04-12 14:00:00,IN-DC-022,Pune,36278.0,14758.2,1827.4,309.7,53173.3,1.466,37.8,18,8.7,14.5,24.4,1,0,0.972,50.04,1.35,37753.0
2026-04-12 15:00:00,IN-DC-022,Pune,36278.0,15101.7,1827.4,331.2,53538.2,1.476,38.7,19,9.1,14.7,24.7,1,0,0.978,49.86,1.38,38012.0
2026-04-12 16:00:00,IN-DC-022,Pune,36278.0,14995.7,1827.4,254.8,53355.9,1.471,38.7,24,9.0,15.2,24.8,1,0,0.959,50.0,1.42,37883.0
2026-04-12 17:00:00,IN-DC-022,Pune,36278.0,14694.4,1827.4,250.2,53049.9,1.462,37.5,24,8.7,14.9,24.6,1,0,0.976,50.06,1.29,37665.0
2026-04-12 18:00:00,IN-DC-022,Pune,36278.0,14063.3,1827.4,334.5,52503.2,1.447,35.9,26,8.6,14.8,24.3,1,0,0.973,49.98,1.39,37277.0
2026-04-12 19:00:00,IN-DC-022,Pune,36278.0,14040.2,1827.4,298.2,52443.7,1.446,35.3,26,8.8,14.6,23.9,1,0,0.973,50.06,1.24,37235.0
2026-04-12 20:00:00,IN-DC-022,Pune,36278.0,13614.3,1827.4,293.0,52012.7,1.434,34.1,35,8.4,14.5,23.8,1,0,0.967,49.93,1.19,36929.0
2026-04-12 21:00:00,IN-DC-022,Pune,36278.0,13082.2,1827.4,286.4,51474.0,1.419,32.0,40,8.5,14.3,23.8,1,0,0.968,49.93,0.99,36547.0
2026-04-12 22:00:00,IN-DC-022,Pune,36278.0,12554.5,1827.4,326.3,50986.2,1.405,30.1,33,8.2,14.0,22.7,1,0,0.977,49.96,1.03,36200.0
2026-04-12 23:00:00,IN-DC-022,Pune,36278.0,12238.1,1827.4,286.0,50629.5,1.396,28.8,39,9.0,15.0,24.3,1,0,0.99,49.96,0.9,35947.0
2026-04-13 00:00:00,IN-DC-022,Pune,36278.0,12534.0,1827.4,339.1,50978.5,1.405,29.9,44,8.3,14.3,24.1,1,0,0.979,50.03,0.97,36195.0
2026-04-13 01:00:00,IN-DC-022,Pune,36278.0,12205.1,1827.4,310.3,50620.8,1.395,29.2,48,8.7,14.5,24.6,1,0,0.972,50.02,0.8,35941.0
2026-04-13 02:00:00,IN-DC-022,Pune,36278.0,11925.1,1827.4,273.6,50304.1,1.387,28.1,48,8.5,14.6,23.6,1,0,0.99,50.07,0.99,35716.0
2026-04-13 03:00:00,IN-DC-022,Pune,36278.0,12171.9,1827.4,306.6,50583.9,1.394,28.5,49,8.4,14.6,23.9,1,0,0.982,50.03,0.89,35915.0
2026-04-13 04:00:00,IN-DC-022,Pune,36278.0,12370.1,1827.4,326.9,50802.4,1.4,28.9,44,8.2,14.2,24.5,1,0,0.97,49.97,0.98,36070.0
2026-04-13 05:00:00,IN-DC-022,Pune,36278.0,12257.4,1827.4,298.7,50661.5,1.396,28.5,43,8.8,14.6,24.4,1,0,0.965,49.99,0.87,35970.0
2026-04-13 06:00:00,IN-DC-022,Pune,36278.0,12742.5,1827.4,282.2,51130.1,1.409,29.8,46,8.6,14.1,24.1,1,0,0.98,50.0,0.88,36302.0
2026-04-13 07:00:00,IN-DC-022,Pune,36278.0,12623.3,1827.4,341.1,51069.8,1.408,31.1,46,8.3,14.3,24.0,1,0,0.971,49.97,1.12,36260.0
2026-04-13 08:00:00,IN-DC-022,Pune,36278.0,13556.0,1827.4,341.9,52003.3,1.433,33.3,49,9.0,14.6,24.3,1,0,0.974,49.92,1.07,36922.0
2026-04-13 09:00:00,IN-DC-022,Pune,36278.0,13663.3,1827.4,226.0,51994.7,1.433,34.2,40,8.5,14.2,23.9,1,0,0.979,50.01,1.12,36916.0
2026-04-13 10:00:00,IN-DC-022,Pune,36278.0,14080.6,1827.4,254.0,52440.0,1.446,35.9,33,8.9,15.0,24.0,1,0,0.973,50.02,1.15,37232.0
2026-04-13 11:00:00,IN-DC-022,Pune,36278.0,14732.8,1827.4,323.3,53161.5,1.465,37.2,28,8.9,14.8,24.3,1,0,0.973,50.01,1.43,37745.0
2026-04-13 12:00:00,IN-DC-022,Pune,36278.0,14938.3,1827.4,336.9,53380.6,1.471,39.1,27,8.7,14.9,24.7,1,0,0.973,50.02,1.43,37900.0
2026-04-13 13:00:00,IN-DC-022,Pune,36278.0,15279.3,1827.4,229.1,53613.7,1.478,40.1,21,8.9,14.7,24.8,1,0,0.978,50.08,1.53,38066.0
2026-04-13 14:00:00,IN-DC-022,Pune,36278.0,15621.3,1827.4,256.8,53983.4,1.488,40.9,22,9.2,15.0,25.6,1,0,0.975,49.99,1.59,38328.0
2026-04-13 15:00:00,IN-DC-022,Pune,36278.0,15558.8,1827.4,291.8,53956.0,1.487,41.0,28,9.3,15.2,24.2,1,0,0.972,50.06,1.52,38309.0
2026-04-13 16:00:00,IN-DC-022,Pune,36278.0,15336.4,1827.4,278.4,53720.2,1.481,40.7,25,8.9,14.6,24.6,1,0,0.975,50.07,1.5,38141.0
2026-04-13 17:00:00,IN-DC-022,Pune,36278.0,15422.2,1827.4,304.9,53832.4,1.484,40.9,27,8.9,15.0,24.9,1,0,0.991,50.0,1.6,38221.0
2026-04-13 18:00:00,IN-DC-022,Pune,36278.0,15205.1,1827.4,319.3,53629.7,1.478,39.0,20,8.7,14.5,24.8,1,0,0.967,50.08,1.53,38077.0
2026-04-13 19:00:00,IN-DC-022,Pune,36278.0,14410.4,1827.4,261.1,52776.8,1.455,37.6,31,9.1,15.2,24.7,1,0,0.969,49.98,1.33,37472.0
2026-04-13 20:00:00,IN-DC-022,Pune,36278.0,14332.9,1827.4,248.7,52687.0,1.452,35.6,29,8.7,14.5,24.7,1,0,0.974,50.03,1.11,37408.0
2026-04-13 21:00:00,IN-DC-022,Pune,36278.0,13734.8,1827.4,287.7,52127.9,1.437,34.6,38,8.9,15.0,24.8,1,0,0.979,49.97,1.23,37011.0
2026-04-13 22:00:00,IN-DC-022,Pune,36278.0,13395.0,1827.4,242.8,51743.2,1.426,32.2,37,8.8,14.6,23.4,1,0,0.978,50.06,1.05,36738.0
2026-04-13 23:00:00,IN-DC-022,Pune,36278.0,12916.5,1827.4,329.8,51351.6,1.416,31.1,42,8.9,14.7,23.2,1,0,0.96,49.96,1.1,36460.0
2026-04-14 00:00:00,IN-DC-022,Pune,36278.0,12629.7,1827.4,315.6,51050.7,1.407,29.5,42,8.3,14.3,24.5,1,0,0.988,50.03,1.09,36246.0
2026-04-14 01:00:00,IN-DC-022,Pune,36278.0,12471.8,1827.4,307.3,50884.4,1.403,28.5,47,8.7,14.3,24.5,1,0,0.982,50.0,0.87,36128.0
2026-04-14 02:00:00,IN-DC-022,Pune,36278.0,12101.2,1827.4,302.0,50508.6,1.392,28.9,44,8.1,14.1,24.0,1,0,0.973,50.02,0.96,35861.0
2026-04-14 03:00:00,IN-DC-022,Pune,36278.0,11920.6,1827.4,310.1,50336.1,1.388,28.2,39,8.3,14.3,24.1,1,0,0.995,50.01,0.89,35739.0
2026-04-14 04:00:00,IN-DC-022,Pune,36278.0,12121.9,1827.4,303.3,50530.6,1.393,28.6,42,8.5,14.3,24.5,1,0,0.976,49.99,0.97,35877.0
2026-04-14 05:00:00,IN-DC-022,Pune,36278.0,12089.4,1827.4,248.3,50443.1,1.39,28.7,52,8.4,14.4,24.1,1,0,0.974,49.99,1.08,35815.0
2026-04-14 06:00:00,IN-DC-022,Pune,36278.0,12549.3,1827.4,278.1,50932.8,1.404,29.8,37,8.5,14.6,23.8,1,0,0.968,49.96,0.97,36162.0
2026-04-14 07:00:00,IN-DC-022,Pune,36278.0,12772.3,1827.4,337.4,51215.1,1.412,31.2,43,8.5,14.7,24.4,1,0,0.965,49.97,1.03,36363.0
2026-04-14 08:00:00,IN-DC-022,Pune,36278.0,13392.2,1827.4,357.6,51855.2,1.429,31.9,44,8.8,14.7,24.2,1,0,0.975,50.04,1.12,36817.0
2026-04-14 09:00:00,IN-DC-022,Pune,36278.0,13767.8,1827.4,299.0,52172.1,1.438,34.4,35,8.5,14.7,24.4,1,0,0.977,49.94,1.23,37042.0
2026-04-14 10:00:00,IN-DC-022,Pune,36278.0,14235.4,1827.4,326.0,52666.8,1.452,35.8,33,8.6,14.7,24.1,1,0,0.978,50.04,1.34,37393.0
2026-04-14 11:00:00,IN-DC-022,Pune,36278.0,15314.5,1827.4,356.3,53776.2,1.482,38.8,24,8.7,14.6,24.1,1,0,0.98,50.07,1.37,38181.0
2026-04-14 12:00:00,IN-DC-022,Pune,36278.0,15110.1,1827.4,310.2,53525.7,1.475,39.1,26,9.4,15.7,24.3,1,0,0.969,50.02,1.34,38003.0
2026-04-14 13:00:00,IN-DC-022,Pune,36278.0,15447.6,1827.4,338.7,53891.6,1.486,40.9,23,8.5,14.4,25.2,1,0,0.964,49.94,1.57,38263.0
2026-04-14 14:00:00,IN-DC-022,Pune,36278.0,15461.9,1827.4,292.9,53860.1,1.485,41.5,27,9.2,15.1,24.5,1,0,0.979,50.01,1.28,38241.0
2026-04-14 15:00:00,IN-DC-022,Pune,36278.0,15606.0,1827.4,306.2,54017.6,1.489,41.1,22,8.5,14.6,24.8,1,0,0.97,50.04,1.45,38353.0
2026-04-14 16:00:00,IN-DC-022,Pune,36278.0,15292.6,1827.4,229.6,53627.6,1.478,40.9,19,8.9,14.8,25.7,1,0,0.99,49.99,1.53,38076.0
2026-04-14 17:00:00,IN-DC-022,Pune,36278.0,15196.8,1827.4,323.6,53625.8,1.478,40.0,26,9.2,15.4,25.1,1,0,0.971,49.99,1.61,38074.0
2026-04-14 18:00:00,IN-DC-022,Pune,36278.0,15121.7,1827.4,266.5,53493.6,1.475,39.5,27,9.1,15.0,24.9,1,0,0.98,50.07,1.47,37980.0
2026-04-14 19:00:00,IN-DC-022,Pune,36278.0,14821.0,1827.4,330.6,53257.0,1.468,38.6,33,9.0,14.8,24.5,1,0,0.965,50.02,1.38,37812.0
2026-04-14 20:00:00,IN-DC-022,Pune,36278.0,14390.6,1827.4,305.9,52801.9,1.455,36.3,35,9.0,15.1,24.4,1,0,0.982,49.98,1.38,37489.0
2026-04-14 21:00:00,IN-DC-022,Pune,36278.0,13737.8,1827.4,308.9,52152.1,1.438,34.4,37,8.4,14.1,23.7,1,0,0.983,49.93,1.36,37028.0
2026-04-14 22:00:00,IN-DC-022,Pune,36278.0,13591.4,1827.4,356.4,52053.2,1.435,34.0,39,8.3,14.2,24.3,1,0,0.985,49.96,1.22,36958.0
2026-04-14 23:00:00,IN-DC-022,Pune,36278.0,12368.2,1827.4,219.0,50692.5,1.397,30.5,48,8.8,14.6,24.2,1,0,0.974,49.98,0.94,35992.0
2026-04-15 00:00:00,IN-DC-022,Pune,36278.0,12757.7,1827.4,319.6,51182.7,1.411,30.7,41,8.7,14.7,24.3,1,0,0.963,49.93,1.1,36340.0
2026-04-15 01:00:00,IN-DC-022,Pune,36278.0,12337.5,1827.4,306.1,50749.0,1.399,29.9,49,8.4,14.7,23.5,1,0,0.975,50.03,1.0,36032.0
2026-04-15 02:00:00,IN-DC-022,Pune,36278.0,12239.3,1827.4,337.6,50682.3,1.397,28.4,48,9.1,15.1,24.3,1,0,0.967,50.02,0.83,35984.0
2026-04-15 03:00:00,IN-DC-022,Pune,36278.0,11915.8,1827.4,284.9,50306.0,1.387,27.4,47,8.5,14.5,24.1,1,0,0.964,49.94,0.81,35717.0
2026-04-15 04:00:00,IN-DC-022,Pune,36278.0,12054.4,1827.4,290.4,50450.2,1.391,28.3,47,8.7,14.8,23.3,1,0,0.971,49.96,0.8,35820.0
2026-04-15 05:00:00,IN-DC-022,Pune,36278.0,12620.1,1827.4,286.3,51011.8,1.406,29.6,44,8.2,14.3,24.1,1,0,0.971,49.97,1.03,36218.0
2026-04-15 06:00:00,IN-DC-022,Pune,36278.0,12937.1,1827.4,333.6,51376.0,1.416,31.0,38,8.7,14.6,23.3,1,0,0.97,49.95,1.05,36477.0
2026-04-15 07:00:00,IN-DC-022,Pune,36278.0,13162.8,1827.4,329.2,51597.4,1.422,31.9,41,8.5,14.1,24.0,1,0,0.975,49.95,1.28,36634.0
2026-04-15 08:00:00,IN-DC-022,Pune,36278.0,13358.1,1827.4,294.6,51758.0,1.427,33.3,37,8.6,14.5,24.1,1,0,0.974,49.98,1.36,36748.0
2026-04-15 09:00:00,IN-DC-022,Pune,36278.0,13954.1,1827.4,303.0,52362.4,1.443,34.4,33,8.5,14.5,23.4,1,0,0.974,50.07,1.19,37177.0
2026-04-15 10:00:00,IN-DC-022,Pune,36278.0,14200.4,1827.4,345.6,52651.3,1.451,36.0,34,8.7,14.7,24.0,1,0,0.966,50.0,1.31,37382.0
2026-04-15 11:00:00,IN-DC-022,Pune,36278.0,14733.1,1827.4,370.5,53209.0,1.467,38.2,30,8.9,14.8,25.0,1,0,0.987,49.96,1.47,37778.0
2026-04-15 12:00:00,IN-DC-022,Pune,36278.0,15092.8,1827.4,282.7,53480.8,1.474,40.0,29,9.0,15.4,24.8,1,0,0.971,50.0,1.47,37971.0
2026-04-15 13:00:00,IN-DC-022,Pune,36278.0,14943.2,1827.4,275.2,53323.7,1.47,40.0,22,8.9,14.9,24.9,1,0,0.975,49.96,1.48,37860.0
2026-04-15 14:00:00,IN-DC-022,Pune,36278.0,15384.3,1827.4,269.6,53759.2,1.482,40.9,19,8.9,15.3,25.1,1,0,0.97,49.93,1.58,38169.0
2026-04-15 15:00:00,IN-DC-022,Pune,36278.0,15660.2,1827.4,327.5,54093.0,1.491,41.7,15,9.2,15.1,24.9,1,0,0.984,49.95,1.48,38406.0
2026-04-15 16:00:00,IN-DC-022,Pune,36278.0,15569.9,1827.4,219.6,53894.9,1.486,41.0,18,9.2,15.0,24.6,1,0,0.971,50.1,1.47,38265.0
2026-04-15 17:00:00,IN-DC-022,Pune,36278.0,15628.4,1827.4,250.1,53983.9,1.488,41.2,27,9.2,15.2,24.6,1,0,0.982,50.01,1.59,38329.0
2026-04-15 18:00:00,IN-DC-022,Pune,36278.0,15107.7,1827.4,293.8,53506.9,1.475,39.9,21,8.6,14.5,24.6,1,0,0.974,50.02,1.57,37990.0
2026-04-15 19:00:00,IN-DC-022,Pune,36278.0,14615.2,1827.4,312.9,53033.4,1.462,37.4,34,8.8,14.1,23.9,1,0,0.974,50.03,1.36,37654.0
2026-04-15 20:00:00,IN-DC-022,Pune,36278.0,14483.1,1827.4,316.5,52905.0,1.458,36.7,35,8.8,14.8,24.4,1,0,0.974,50.04,1.33,37563.0
2026-04-15 21:00:00,IN-DC-022,Pune,36278.0,13849.3,1827.4,356.7,52311.3,1.442,35.4,34,8.6,14.6,24.2,1,0,0.978,50.01,1.21,37141.0
2026-04-15 22:00:00,IN-DC-022,Pune,36278.0,13579.6,1827.4,342.5,52027.4,1.434,33.7,36,8.6,14.5,23.5,1,0,0.98,50.0,1.24,36939.0
2026-04-15 23:00:00,IN-DC-022,Pune,36278.0,12965.3,1827.4,291.1,51361.7,1.416,31.9,39,8.7,14.8,24.3,1,0,0.973,50.03,1.06,36467.0
2026-04-16 00:00:00,IN-DC-022,Pune,36278.0,11671.9,1827.4,353.3,50130.5,1.382,27.0,43,8.4,14.4,23.7,1,0,0.974,50.01,0.82,35593.0
2026-04-16 01:00:00,IN-DC-022,Pune,36278.0,11161.3,1827.4,262.6,49529.2,1.365,25.6,48,8.4,14.8,23.6,1,0,0.972,50.1,0.96,35166.0
2026-04-16 02:00:00,IN-DC-022,Pune,36278.0,11307.6,1827.4,225.1,49638.0,1.368,26.5,53,8.4,14.2,23.5,1,0,0.986,49.97,0.84,35243.0
2026-04-16 03:00:00,IN-DC-022,Pune,36278.0,11406.4,1827.4,264.9,49776.7,1.372,26.7,46,8.9,14.5,24.1,1,0,0.99,49.98,0.88,35341.0
2026-04-16 04:00:00,IN-DC-022,Pune,36278.0,11640.2,1827.4,328.3,50073.9,1.38,26.2,46,8.3,14.2,24.3,1,0,0.973,50.0,0.71,35552.0
2026-04-16 05:00:00,IN-DC-022,Pune,36278.0,11233.5,1827.4,320.7,49659.5,1.369,26.1,47,8.7,14.4,24.1,1,0,0.972,49.99,1.0,35258.0
2026-04-16 06:00:00,IN-DC-022,Pune,36278.0,11908.8,1827.4,304.7,50318.8,1.387,27.6,47,8.6,14.6,23.6,1,0,0.968,50.06,0.93,35726.0
2026-04-16 07:00:00,IN-DC-022,Pune,36278.0,12211.2,1827.4,404.9,50721.5,1.398,28.3,46,8.5,14.6,23.1,1,0,0.973,50.13,1.01,36012.0
2026-04-16 08:00:00,IN-DC-022,Pune,36278.0,12718.4,1827.4,312.3,51136.1,1.41,30.0,35,8.5,14.9,24.0,1,0,0.968,50.0,1.11,36307.0
2026-04-16 09:00:00,IN-DC-022,Pune,36278.0,13307.0,1827.4,270.6,51683.0,1.425,32.8,35,8.9,15.3,23.8,1,0,0.968,50.04,1.11,36695.0
2026-04-16 10:00:00,IN-DC-022,Pune,36278.0,13165.2,1827.4,352.7,51623.3,1.423,32.6,31,8.9,15.0,24.5,1,0,0.986,49.97,1.02,36653.0
2026-04-16 11:00:00,IN-DC-022,Pune,36278.0,14646.3,1827.4,299.6,53051.3,1.462,35.6,35,8.8,14.4,25.1,1,0,0.97,49.96,1.23,37666.0
2026-04-16 12:00:00,IN-DC-022,Pune,36278.0,14599.7,1827.4,264.8,52969.9,1.46,37.5,29,8.3,14.2,24.3,1,0,0.984,49.98,1.4,37609.0
2026-04-16 13:00:00,IN-DC-022,Pune,36278.0,14109.6,1827.4,282.6,52497.6,1.447,36.9,27,8.6,14.3,24.5,1,0,0.971,50.09,1.29,37273.0
2026-04-16 14:00:00,IN-DC-022,Pune,36278.0,15286.6,1827.4,304.2,53696.1,1.48,39.1,20,9.0,14.8,24.4,1,0,0.974,50.05,1.41,38124.0
2026-04-16 15:00:00,IN-DC-022,Pune,36278.0,14805.9,1827.4,311.6,53222.9,1.467,38.2,18,9.1,15.3,24.9,1,0,0.981,50.06,1.44,37788.0
2026-04-16 16:00:00,IN-DC-022,Pune,36278.0,14370.3,1827.4,281.1,52756.8,1.454,37.5,21,8.5,14.3,24.4,1,0,0.973,50.05,1.45,37457.0
2026-04-16 17:00:00,IN-DC-022,Pune,36278.0,14667.4,1827.4,293.8,53066.6,1.463,38.6,22,8.8,14.5,24.9,1,0,0.978,49.99,1.44,37677.0
2026-04-16 18:00:00,IN-DC-022,Pune,36278.0,14151.8,1827.4,237.9,52495.0,1.447,36.2,33,9.2,15.2,24.1,1,0,0.964,49.97,1.17,37271.0
2026-04-16 19:00:00,IN-DC-022,Pune,36278.0,14367.0,1827.4,240.9,52713.2,1.453,35.4,28,8.3,14.8,24.5,1,0,0.968,49.96,1.24,37426.0
2026-04-16 20:00:00,IN-DC-022,Pune,36278.0,13615.8,1827.4,328.7,52049.9,1.435,33.6,33,8.8,14.6,24.6,1,0,0.973,50.05,1.15,36955.0
2026-04-16 21:00:00,IN-DC-022,Pune,36278.0,12848.1,1827.4,269.6,51223.1,1.412,31.8,34,8.6,14.5,24.3,1,0,0.978,49.97,1.1,36368.0
2026-04-16 22:00:00,IN-DC-022,Pune,36278.0,12520.9,1827.4,326.3,50952.5,1.405,30.7,39,8.0,14.0,24.2,1,0,0.976,50.03,1.03,36176.0
2026-04-16 23:00:00,IN-DC-022,Pune,36278.0,12291.5,1827.4,309.0,50705.9,1.398,28.7,43,8.7,14.8,24.1,1,0,0.972,50.02,0.84,36001.0
2026-04-17 00:00:00,IN-DC-022,Pune,36278.0,11844.8,1827.4,276.3,50226.5,1.384,28.4,44,8.8,14.5,24.1,1,0,0.985,50.09,0.98,35661.0
2026-04-17 01:00:00,IN-DC-022,Pune,36278.0,11435.4,1827.4,283.8,49824.6,1.373,25.8,39,8.4,14.3,24.1,1,0,0.981,50.04,0.7,35375.0
2026-04-17 02:00:00,IN-DC-022,Pune,36278.0,11219.8,1827.4,239.2,49564.4,1.366,25.3,53,8.3,14.2,24.0,1,0,0.982,49.97,1.02,35191.0
2026-04-17 03:00:00,IN-DC-022,Pune,36278.0,11174.3,1827.4,335.1,49614.9,1.368,24.9,49,8.3,14.4,23.8,1,0,0.97,50.0,0.95,35227.0
2026-04-17 04:00:00,IN-DC-022,Pune,36278.0,11422.9,1827.4,307.1,49835.3,1.374,25.3,44,8.4,14.5,24.1,1,0,0.97,50.01,1.04,35383.0
2026-04-17 05:00:00,IN-DC-022,Pune,36278.0,11405.0,1827.4,296.3,49806.6,1.373,25.6,41,8.3,14.5,24.1,1,0,0.974,49.95,0.91,35363.0
2026-04-17 06:00:00,IN-DC-022,Pune,36278.0,11760.2,1827.4,261.0,50126.5,1.382,27.4,43,8.4,14.2,23.8,1,0,0.989,49.91,1.01,35590.0
2026-04-17 07:00:00,IN-DC-022,Pune,36278.0,12076.6,1827.4,304.4,50486.3,1.392,28.5,41,8.6,14.3,24.7,1,0,0.976,50.01,0.94,35845.0
2026-04-17 08:00:00,IN-DC-022,Pune,36278.0,12459.8,1827.4,337.0,50902.1,1.403,30.4,44,8.6,14.6,23.7,1,0,0.974,49.96,1.07,36141.0
2026-04-17 09:00:00,IN-DC-022,Pune,36278.0,13271.7,1827.4,320.0,51697.1,1.425,32.0,40,8.6,15.0,23.5,1,0,0.966,49.97,0.96,36705.0
2026-04-17 10:00:00,IN-DC-022,Pune,36278.0,13407.1,1827.4,339.7,51852.2,1.429,32.9,33,8.3,14.4,24.3,1,0,0.978,49.96,1.01,36815.0
2026-04-17 11:00:00,IN-DC-022,Pune,36278.0,14178.8,1827.4,322.3,52606.5,1.45,35.2,34,8.5,14.5,23.8,1,0,0.973,49.97,1.21,37351.0
2026-04-17 12:00:00,IN-DC-022,Pune,36278.0,13897.3,1827.4,303.1,52305.8,1.442,35.9,23,8.5,14.6,23.8,1,0,0.973,50.01,1.28,37137.0
2026-04-17 13:00:00,IN-DC-022,Pune,36278.0,14489.2,1827.4,290.9,52885.5,1.458,37.0,20,8.6,14.9,24.7,1,0,0.984,50.01,1.29,37549.0
2026-04-17 14:00:00,IN-DC-022,Pune,36278.0,14500.6,1827.4,241.7,52847.7,1.457,37.8,25,9.2,15.3,24.6,1,0,0.964,49.95,1.45,37522.0
2026-04-17 15:00:00,IN-DC-022,Pune,36278.0,14570.5,1827.4,265.7,52941.6,1.459,38.1,24,8.7,14.7,24.3,1,0,0.97,50.05,1.33,37589.0
2026-04-17 16:00:00,IN-DC-022,Pune,36278.0,14756.5,1827.4,320.5,53182.4,1.466,38.2,14,8.7,14.8,23.7,1,0,0.978,50.0,1.51,37760.0
2026-04-17 17:00:00,IN-DC-022,Pune,36278.0,14517.7,1827.4,328.5,52951.6,1.46,37.4,34,8.7,14.4,24.0,1,0,0.965,49.97,1.34,37596.0
2026-04-17 18:00:00,IN-DC-022,Pune,36278.0,14304.1,1827.4,279.7,52689.2,1.452,36.3,30,8.5,14.7,23.8,1,0,0.985,49.99,1.2,37409.0
2026-04-17 19:00:00,IN-DC-022,Pune,36278.0,14008.9,1827.4,289.7,52403.9,1.445,35.2,27,8.5,14.8,23.4,1,0,0.983,50.04,1.18,37207.0
2026-04-17 20:00:00,IN-DC-022,Pune,36278.0,13749.5,1827.4,312.6,52167.5,1.438,33.7,38,8.7,14.6,24.6,1,0,0.987,49.95,1.22,37039.0
2026-04-17 21:00:00,IN-DC-022,Pune,36278.0,13160.8,1827.4,306.8,51573.0,1.422,32.1,37,8.7,14.7,24.0,1,0,0.991,49.94,1.13,36617.0
2026-04-17 22:00:00,IN-DC-022,Pune,36278.0,12744.0,1827.4,286.2,51135.6,1.41,29.9,39,8.5,14.5,23.8,1,0,0.977,49.92,1.08,36306.0
2026-04-17 23:00:00,IN-DC-022,Pune,36278.0,11975.9,1827.4,287.5,50368.8,1.388,27.6,43,8.7,14.9,24.1,1,0,0.974,50.05,0.88,35762.0
2026-04-18 00:00:00,IN-DC-022,Pune,36278.0,11538.4,1827.4,319.8,49963.5,1.377,26.4,38,8.4,14.0,24.0,1,0,0.977,50.02,0.93,35474.0
2026-04-18 01:00:00,IN-DC-022,Pune,36278.0,11642.7,1827.4,316.0,50064.0,1.38,26.3,49,8.4,14.1,24.0,1,0,0.973,49.96,0.78,35545.0
2026-04-18 02:00:00,IN-DC-022,Pune,36278.0,10942.2,1827.4,295.9,49343.4,1.36,25.1,46,8.5,14.5,23.9,1,0,0.985,49.98,1.02,35034.0
2026-04-18 03:00:00,IN-DC-022,Pune,36278.0,11066.8,1827.4,339.9,49512.1,1.365,25.4,46,9.0,14.9,23.6,1,0,0.972,50.04,0.8,35154.0
2026-04-18 04:00:00,IN-DC-022,Pune,36278.0,11186.0,1827.4,206.7,49498.1,1.364,26.2,45,8.6,14.5,24.1,1,0,0.974,49.97,0.77,35144.0
2026-04-18 05:00:00,IN-DC-022,Pune,36278.0,11346.5,1827.4,341.8,49793.7,1.373,26.3,49,8.5,14.6,24.2,1,0,0.967,49.98,0.9,35354.0
2026-04-18 06:00:00,IN-DC-022,Pune,36278.0,11579.2,1827.4,244.4,49928.9,1.376,26.6,35,8.5,14.7,24.4,1,0,0.994,50.01,0.8,35450.0
2026-04-18 07:00:00,IN-DC-022,Pune,36278.0,12184.8,1827.4,292.4,50582.6,1.394,28.3,38,8.6,14.5,23.9,1,0,0.991,49.96,0.98,35914.0
2026-04-18 08:00:00,IN-DC-022,Pune,36278.0,12467.7,1827.4,281.2,50854.3,1.402,29.9,44,8.4,14.3,23.3,1,0,0.984,50.05,1.04,36107.0
2026-04-18 09:00:00,IN-DC-022,Pune,36278.0,13041.6,1827.4,288.4,51435.3,1.418,31.8,35,8.6,14.5,24.1,1,0,0.976,49.98,1.15,36519.0
2026-04-18 10:00:00,IN-DC-022,Pune,36278.0,13239.0,1827.4,257.4,51601.7,1.422,32.5,33,8.8,15.2,24.2,1,0,0.969,50.02,1.11,36637.0
2026-04-18 11:00:00,IN-DC-022,Pune,36278.0,14188.2,1827.4,277.2,52570.8,1.449,35.3,36,8.7,15.0,24.0,1,0,0.966,49.97,1.22,37325.0
2026-04-18 12:00:00,IN-DC-022,Pune,36278.0,14057.0,1827.4,269.9,52432.2,1.445,35.8,30,8.9,15.2,24.2,1,0,0.983,49.97,1.26,37227.0
2026-04-18 13:00:00,IN-DC-022,Pune,36278.0,14621.3,1827.4,328.8,53055.4,1.462,37.4,24,8.8,14.7,24.9,1,0,0.969,50.06,1.33,37669.0
2026-04-18 14:00:00,IN-DC-022,Pune,36278.0,14636.7,1827.4,245.1,52987.2,1.461,38.0,24,8.6,14.7,24.8,1,0,0.972,50.03,1.39,37621.0
2026-04-18 15:00:00,IN-DC-022,Pune,36278.0,14683.8,1827.4,326.8,53115.9,1.464,38.1,23,8.9,14.9,24.5,1,0,0.974,50.03,1.34,37712.0
2026-04-18 16:00:00,IN-DC-022,Pune,36278.0,14891.2,1827.4,274.8,53271.4,1.468,39.0,25,9.1,15.3,24.1,1,0,0.981,50.02,1.54,37823.0
2026-04-18 17:00:00,IN-DC-022,Pune,36278.0,14635.8,1827.4,293.3,53034.4,1.462,36.9,26,8.5,14.4,24.6,1,0,0.988,49.96,1.34,37654.0
2026-04-18 18:00:00,IN-DC-022,Pune,36278.0,14038.5,1827.4,331.7,52475.5,1.446,36.6,28,8.6,14.6,23.8,1,0,0.978,50.02,1.38,37258.0
2026-04-18 19:00:00,IN-DC-022,Pune,36278.0,13922.3,1827.4,360.0,52387.6,1.444,35.0,24,8.8,14.8,23.7,1,0,0.972,50.0,1.2,37195.0
2026-04-18 20:00:00,IN-DC-022,Pune,36278.0,13912.1,1827.4,278.8,52296.2,1.442,34.1,36,8.6,14.7,24.0,1,0,0.98,50.0,1.2,37130.0
2026-04-18 21:00:00,IN-DC-022,Pune,36278.0,12862.1,1827.4,223.7,51191.1,1.411,31.3,41,8.3,14.2,23.2,1,0,0.979,50.0,1.04,36346.0
2026-04-18 22:00:00,IN-DC-022,Pune,36278.0,13041.9,1827.4,333.2,51480.5,1.419,30.5,39,8.6,14.8,24.3,1,0,0.976,50.0,0.76,36551.0
2026-04-18 23:00:00,IN-DC-022,Pune,36278.0,11995.2,1827.4,279.9,50380.5,1.389,28.1,38,8.4,14.7,24.4,1,0,0.963,49.96,0.81,35770.0
2026-04-19 00:00:00,IN-DC-022,Pune,36278.0,11358.3,1827.4,340.7,49804.4,1.373,26.0,45,8.7,14.6,24.1,1,0,0.972,50.02,0.73,35361.0
2026-04-19 01:00:00,IN-DC-022,Pune,36278.0,10860.1,1827.4,340.9,49306.3,1.359,24.8,43,8.7,14.6,24.2,1,0,0.978,49.98,0.78,35008.0
2026-04-19 02:00:00,IN-DC-022,Pune,36278.0,11319.0,1827.4,330.9,49755.2,1.371,25.7,52,8.6,14.9,23.2,1,0,0.982,49.98,0.86,35326.0
2026-04-19 03:00:00,IN-DC-022,Pune,36278.0,11191.6,1827.4,317.7,49614.7,1.368,24.6,48,8.7,14.6,24.6,1,0,0.973,50.02,1.04,35226.0
2026-04-19 04:00:00,IN-DC-022,Pune,36278.0,11765.8,1827.4,281.4,50152.5,1.382,25.7,52,8.3,14.5,23.6,1,0,0.972,50.01,0.91,35608.0
2026-04-19 05:00:00,IN-DC-022,Pune,36278.0,11551.5,1827.4,286.1,49942.9,1.377,26.6,44,8.5,14.6,24.3,1,0,0.971,49.99,0.77,35459.0
2026-04-19 06:00:00,IN-DC-022,Pune,36278.0,11744.6,1827.4,311.6,50161.6,1.383,27.6,51,8.3,14.7,23.6,1,0,0.97,50.04,0.9,35615.0
2026-04-19 07:00:00,IN-DC-022,Pune,36278.0,12530.7,1827.4,207.0,50843.0,1.401,29.8,39,8.4,14.3,23.6,1,0,0.974,50.0,0.98,36099.0
2026-04-19 08:00:00,IN-DC-022,Pune,36278.0,12558.1,1827.4,332.2,50995.6,1.406,29.9,40,8.6,15.0,24.2,1,0,0.971,49.99,0.96,36207.0
2026-04-19 09:00:00,IN-DC-022,Pune,36278.0,13257.7,1827.4,277.0,51640.0,1.423,32.7,40,8.8,14.7,24.4,1,0,0.973,50.0,1.09,36664.0
2026-04-19 10:00:00,IN-DC-022,Pune,36278.0,13596.3,1827.4,324.8,52026.4,1.434,33.5,34,8.7,14.5,23.8,1,0,0.974,50.01,1.1,36939.0
2026-04-19 11:00:00,IN-DC-022,Pune,36278.0,13855.9,1827.4,259.7,52220.9,1.439,34.6,36,8.6,14.5,24.6,1,0,0.973,50.03,1.33,37077.0
2026-04-19 12:00:00,IN-DC-022,Pune,36278.0,13658.5,1827.4,270.7,52034.5,1.434,36.0,23,8.7,14.9,24.1,1,0,0.985,50.08,1.32,36945.0
2026-04-19 13:00:00,IN-DC-022,Pune,36278.0,14713.7,1827.4,276.9,53096.0,1.464,37.2,25,8.5,14.5,24.4,1,0,0.992,50.05,1.24,37698.0
2026-04-19 14:00:00,IN-DC-022,Pune,36278.0,14673.9,1827.4,290.4,53069.6,1.463,37.7,25,8.7,14.6,24.6,1,0,0.975,50.05,1.48,37679.0
2026-04-19 15:00:00,IN-DC-022,Pune,36278.0,14844.0,1827.4,352.4,53301.8,1.469,38.5,22,8.6,14.4,25.0,1,0,0.967,49.98,1.36,37844.0
2026-04-19 16:00:00,IN-DC-022,Pune,36278.0,14703.9,1827.4,269.9,53079.2,1.463,38.2,27,8.9,14.9,23.4,1,0,0.968,49.9,1.35,37686.0
2026-04-19 17:00:00,IN-DC-022,Pune,36278.0,14225.3,1827.4,367.9,52698.6,1.453,36.6,19,8.8,14.6,23.8,1,0,0.977,49.99,1.25,37416.0
2026-04-19 18:00:00,IN-DC-022,Pune,36278.0,14128.1,1827.4,381.9,52615.3,1.45,36.2,23,8.7,14.7,24.1,1,0,0.979,50.01,1.36,37357.0
2026-04-19 19:00:00,IN-DC-022,Pune,36278.0,13894.4,1827.4,273.2,52273.0,1.441,34.4,32,8.8,15.1,24.2,1,0,0.979,50.02,1.17,37114.0
2026-04-19 20:00:00,IN-DC-022,Pune,36278.0,13270.1,1827.4,322.4,51698.0,1.425,33.5,31,8.8,14.7,23.9,1,0,0.969,50.01,1.09,36706.0
2026-04-19 21:00:00,IN-DC-022,Pune,36278.0,13240.9,1827.4,269.9,51616.2,1.423,32.0,28,8.4,14.3,23.7,1,0,0.984,49.97,1.28,36648.0
2026-04-19 22:00:00,IN-DC-022,Pune,36278.0,12739.2,1827.4,289.3,51133.9,1.41,30.8,40,8.6,14.9,23.1,1,0,0.973,50.08,0.98,36305.0
2026-04-19 23:00:00,IN-DC-022,Pune,36278.0,12031.2,1827.4,255.2,50391.7,1.389,28.8,34,8.2,14.3,24.0,1,0,0.995,49.97,0.79,35778.0
2026-04-20 00:00:00,IN-DC-022,Pune,36278.0,12075.0,1827.4,307.4,50487.8,1.392,28.0,36,8.5,14.4,24.4,1,0,0.966,49.93,1.01,35846.0
2026-04-20 01:00:00,IN-DC-022,Pune,36278.0,11315.5,1827.4,313.7,49734.5,1.371,26.1,45,9.0,14.7,23.5,1,0,0.967,49.95,0.94,35312.0
2026-04-20 02:00:00,IN-DC-022,Pune,36278.0,11313.0,1827.4,307.6,49726.0,1.371,24.9,47,8.5,14.3,23.8,1,0,0.964,50.03,0.87,35305.0
2026-04-20 03:00:00,IN-DC-022,Pune,36278.0,11621.2,1827.4,318.7,50045.3,1.379,25.7,49,8.2,14.2,23.6,1,0,0.958,50.07,0.97,35532.0
2026-04-20 04:00:00,IN-DC-022,Pune,36278.0,11621.7,1827.4,280.7,50007.8,1.378,25.9,49,8.6,14.8,24.0,1,0,0.969,49.96,0.98,35506.0
2026-04-20 05:00:00,IN-DC-022,Pune,36278.0,11478.3,1827.4,252.2,49835.8,1.374,26.2,47,8.6,14.5,24.4,1,0,0.981,50.06,0.88,35383.0
2026-04-20 06:00:00,IN-DC-022,Pune,36278.0,11946.7,1827.4,318.7,50370.7,1.388,28.4,48,8.4,14.5,24.2,1,0,0.977,49.99,0.93,35763.0
2026-04-20 07:00:00,IN-DC-022,Pune,36278.0,11963.2,1827.4,252.6,50321.2,1.387,28.3,42,8.6,14.6,23.5,1,0,0.972,50.03,0.76,35728.0
2026-04-20 08:00:00,IN-DC-022,Pune,36278.0,12403.2,1827.4,296.6,50805.1,1.4,30.4,35,8.8,14.7,24.7,1,0,0.965,50.04,1.09,36072.0
2026-04-20 09:00:00,IN-DC-022,Pune,36278.0,12980.7,1827.4,337.0,51423.1,1.417,31.6,36,8.4,14.5,24.1,1,0,0.971,50.08,1.13,36510.0
2026-04-20 10:00:00,IN-DC-022,Pune,36278.0,13212.8,1827.4,338.3,51656.5,1.424,33.1,28,8.7,14.9,23.0,1,0,0.988,49.99,1.13,36676.0
2026-04-20 11:00:00,IN-DC-022,Pune,36278.0,13889.1,1827.4,322.8,52317.3,1.442,35.2,19,8.8,14.8,24.1,1,0,0.974,49.97,1.28,37145.0
2026-04-20 12:00:00,IN-DC-022,Pune,36278.0,14274.5,1827.4,334.5,52714.4,1.453,36.1,24,8.5,14.5,24.1,1,0,0.978,49.94,1.19,37427.0
2026-04-20 13:00:00,IN-DC-022,Pune,36278.0,14661.1,1827.4,239.7,53006.2,1.461,38.4,31,8.7,14.5,23.9,1,0,0.954,49.92,1.49,37634.0
2026-04-20 14:00:00,IN-DC-022,Pune,36278.0,14502.4,1827.4,321.8,52929.5,1.459,38.0,20,8.8,14.6,24.4,1,0,0.966,50.07,1.32,37580.0
2026-04-20 15:00:00,IN-DC-022,Pune,36278.0,15041.6,1827.4,305.8,53452.8,1.473,38.6,21,9.1,15.3,24.4,1,0,0.974,50.0,1.52,37951.0
2026-04-20 16:00:00,IN-DC-022,Pune,36278.0,14746.2,1827.4,315.5,53167.0,1.466,38.6,23,8.9,14.9,24.5,1,0,0.99,49.95,1.38,37749.0
2026-04-20 17:00:00,IN-DC-022,Pune,36278.0,14697.1,1827.4,277.1,53079.5,1.463,37.6,27,8.9,15.0,24.2,1,0,0.964,49.93,1.35,37686.0
2026-04-20 18:00:00,IN-DC-022,Pune,36278.0,14524.0,1827.4,303.5,52932.9,1.459,37.5,31,8.8,15.2,24.1,1,0,0.968,49.91,1.44,37582.0
2026-04-20 19:00:00,IN-DC-022,Pune,36278.0,13938.8,1827.4,267.0,52311.1,1.442,35.5,35,8.9,15.0,23.4,1,0,0.985,49.98,1.24,37141.0
2026-04-20 20:00:00,IN-DC-022,Pune,36278.0,13240.9,1827.4,264.2,51610.5,1.423,33.1,35,8.9,14.4,24.1,1,0,0.975,50.02,1.21,36643.0
2026-04-20 21:00:00,IN-DC-022,Pune,36278.0,13293.5,1827.4,246.5,51645.4,1.424,32.5,31,8.7,14.8,23.2,1,0,0.975,49.94,1.12,36668.0
2026-04-20 22:00:00,IN-DC-022,Pune,36278.0,12668.0,1827.4,275.7,51049.1,1.407,30.0,40,8.6,14.5,23.6,1,0,0.975,50.01,1.04,36245.0
2026-04-20 23:00:00,IN-DC-022,Pune,36278.0,12005.8,1827.4,259.5,50370.7,1.388,28.2,45,8.5,14.6,24.5,1,0,0.977,49.95,0.87,35763.0
2026-04-21 00:00:00,IN-DC-022,Pune,36278.0,11719.5,1827.4,251.2,50076.1,1.38,27.5,51,8.6,14.5,24.4,1,0,0.968,49.92,0.82,35554.0
2026-04-21 01:00:00,IN-DC-022,Pune,36278.0,11530.8,1827.4,328.6,49964.8,1.377,25.9,56,8.4,14.5,23.9,1,0,0.987,49.99,0.82,35475.0
2026-04-21 02:00:00,IN-DC-022,Pune,36278.0,11335.2,1827.4,317.5,49758.1,1.372,25.7,47,8.5,14.2,24.0,1,0,0.978,50.04,0.93,35328.0
2026-04-21 03:00:00,IN-DC-022,Pune,36278.0,11003.8,1827.4,260.5,49369.7,1.361,24.7,50,8.1,14.0,24.9,1,0,0.976,49.94,0.81,35052.0
2026-04-21 04:00:00,IN-DC-022,Pune,36278.0,11782.3,1827.4,311.7,50199.4,1.384,26.7,47,8.6,14.5,23.7,1,0,0.973,50.01,0.96,35642.0
2026-04-21 05:00:00,IN-DC-022,Pune,36278.0,11605.7,1827.4,272.2,49983.2,1.378,26.6,49,8.5,14.5,24.1,1,0,0.966,49.94,0.76,35488.0
2026-04-21 06:00:00,IN-DC-022,Pune,36278.0,11929.6,1827.4,295.8,50330.8,1.387,27.4,44,8.5,14.7,24.0,1,0,0.972,49.94,0.99,35735.0
2026-04-21 07:00:00,IN-DC-022,Pune,36278.0,12300.9,1827.4,311.1,50717.3,1.398,29.1,42,8.5,14.9,23.4,1,0,0.968,49.99,0.97,36009.0
2026-04-21 08:00:00,IN-DC-022,Pune,36278.0,13012.9,1827.4,304.9,51423.1,1.417,31.2,33,9.0,15.2,23.6,1,0,0.973,49.98,1.06,36510.0
2026-04-21 09:00:00,IN-DC-022,Pune,36278.0,13000.2,1827.4,268.1,51373.7,1.416,31.7,34,8.8,15.0,24.2,1,0,0.973,49.91,0.95,36475.0
2026-04-21 10:00:00,IN-DC-022,Pune,36278.0,13682.6,1827.4,330.6,52118.6,1.437,34.1,33,8.7,14.8,23.8,1,0,0.978,50.02,1.15,37004.0
2026-04-21 11:00:00,IN-DC-022,Pune,36278.0,14235.6,1827.4,296.6,52637.5,1.451,36.3,24,8.7,14.8,23.9,1,0,0.984,50.01,1.28,37373.0
2026-04-21 12:00:00,IN-DC-022,Pune,36278.0,14247.0,1827.4,280.0,52632.4,1.451,35.3,18,8.6,14.6,24.3,1,0,0.975,49.96,1.3,37369.0
2026-04-21 13:00:00,IN-DC-022,Pune,36278.0,14772.0,1827.4,224.3,53101.7,1.464,38.1,24,8.5,14.4,24.5,1,0,0.973,49.99,1.34,37702.0
2026-04-21 14:00:00,IN-DC-022,Pune,36278.0,14750.0,1827.4,268.7,53124.1,1.464,38.2,24,8.6,14.5,24.1,1,0,0.989,50.09,1.32,37718.0
2026-04-21 15:00:00,IN-DC-022,Pune,36278.0,14927.3,1827.4,320.5,53353.1,1.471,38.5,25,8.9,15.2,24.3,1,0,0.984,50.0,1.48,37881.0
2026-04-21 16:00:00,IN-DC-022,Pune,36278.0,14386.2,1827.4,314.1,52805.6,1.456,37.7,27,9.2,15.3,24.2,1,0,0.979,49.94,1.4,37492.0
2026-04-21 17:00:00,IN-DC-022,Pune,36278.0,14726.9,1827.4,334.2,53166.5,1.466,38.0,30,8.7,14.5,24.2,1,0,0.98,49.95,1.34,37748.0
2026-04-21 18:00:00,IN-DC-022,Pune,36278.0,14543.2,1827.4,254.6,52903.2,1.458,37.0,19,8.9,14.7,24.2,1,0,0.97,49.98,1.22,37561.0
2026-04-21 19:00:00,IN-DC-022,Pune,36278.0,14279.6,1827.4,299.0,52684.0,1.452,36.1,31,8.5,14.6,23.6,1,0,0.975,50.06,1.36,37406.0
2026-04-21 20:00:00,IN-DC-022,Pune,36278.0,13780.3,1827.4,330.8,52216.5,1.439,34.1,31,8.4,14.5,23.3,1,0,0.97,50.1,1.08,37074.0
2026-04-21 21:00:00,IN-DC-022,Pune,36278.0,13278.0,1827.4,280.8,51664.1,1.424,31.9,34,8.4,14.5,23.5,1,0,0.973,50.06,1.15,36682.0
2026-04-21 22:00:00,IN-DC-022,Pune,36278.0,12408.0,1827.4,309.2,50822.5,1.401,30.1,40,8.4,14.3,23.6,1,0,0.968,50.07,1.05,36084.0
2026-04-21 23:00:00,IN-DC-022,Pune,36278.0,12363.2,1827.4,254.3,50722.8,1.398,28.9,36,8.5,14.5,24.0,1,0,0.985,50.09,1.02,36013.0
2026-04-22 00:00:00,IN-DC-022,Pune,36278.0,12033.0,1827.4,279.8,50418.2,1.39,26.7,46,8.7,14.8,24.1,1,0,0.971,50.01,0.96,35797.0
2026-04-22 01:00:00,IN-DC-022,Pune,36278.0,11333.0,1827.4,320.5,49758.8,1.372,25.6,51,8.8,14.8,24.2,1,0,0.986,50.04,0.9,35329.0
2026-04-22 02:00:00,IN-DC-022,Pune,36278.0,11407.6,1827.4,320.2,49833.1,1.374,26.2,46,8.5,14.7,24.8,1,0,0.974,49.94,0.87,35382.0
2026-04-22 03:00:00,IN-DC-022,Pune,36278.0,11296.8,1827.4,328.6,49730.8,1.371,25.2,55,8.3,14.1,24.0,1,0,0.971,49.94,0.87,35309.0
2026-04-22 04:00:00,IN-DC-022,Pune,36278.0,11542.8,1827.4,382.7,50030.9,1.379,25.1,41,8.5,14.7,23.9,1,0,0.963,49.98,0.91,35522.0
2026-04-22 05:00:00,IN-DC-022,Pune,36278.0,11293.6,1827.4,297.9,49696.9,1.37,26.6,43,8.2,14.4,24.1,1,0,0.968,50.04,0.86,35285.0
2026-04-22 06:00:00,IN-DC-022,Pune,36278.0,11825.7,1827.4,292.7,50223.8,1.384,26.9,47,8.4,14.3,23.9,1,0,0.987,49.9,0.87,35659.0
2026-04-22 07:00:00,IN-DC-022,Pune,36278.0,11976.1,1827.4,387.9,50469.4,1.391,28.7,43,8.7,14.5,24.0,1,0,0.981,49.97,1.01,35833.0
2026-04-22 08:00:00,IN-DC-022,Pune,36278.0,12390.9,1827.4,323.9,50820.2,1.401,29.8,35,8.8,14.8,23.5,1,0,0.971,50.0,1.19,36082.0
2026-04-22 09:00:00,IN-DC-022,Pune,36278.0,12930.5,1827.4,280.0,51315.8,1.415,31.5,33,8.6,14.7,23.8,1,0,0.976,49.92,1.07,36434.0
2026-04-22 10:00:00,IN-DC-022,Pune,36278.0,13260.9,1827.4,314.9,51681.2,1.425,33.3,36,8.7,14.6,24.6,1,0,0.988,50.04,1.18,36694.0
2026-04-22 11:00:00,IN-DC-022,Pune,36278.0,13870.6,1827.4,308.3,52284.3,1.441,34.6,21,8.5,14.4,24.9,1,0,0.975,50.03,1.2,37122.0
2026-04-22 12:00:00,IN-DC-022,Pune,36278.0,13954.2,1827.4,319.7,52379.2,1.444,35.9,28,8.3,14.6,24.1,1,0,0.969,49.97,1.3,37189.0
2026-04-22 13:00:00,IN-DC-022,Pune,36278.0,14514.9,1827.4,308.7,52929.0,1.459,37.9,28,8.6,14.6,24.4,1,0,0.975,49.95,1.31,37580.0
2026-04-22 14:00:00,IN-DC-022,Pune,36278.0,15106.2,1827.4,305.1,53516.7,1.475,38.9,14,8.6,14.3,25.0,1,0,0.977,50.0,1.41,37997.0
2026-04-22 15:00:00,IN-DC-022,Pune,36278.0,15007.3,1827.4,322.7,53435.3,1.473,38.2,24,9.1,14.8,23.8,1,0,0.98,49.99,1.52,37939.0
2026-04-22 16:00:00,IN-DC-022,Pune,36278.0,14861.5,1827.4,329.5,53296.4,1.469,38.0,27,9.1,15.3,24.5,1,0,0.972,49.98,1.37,37840.0
2026-04-22 17:00:00,IN-DC-022,Pune,36278.0,14613.3,1827.4,284.0,53002.6,1.461,37.4,20,9.0,14.8,24.7,1,0,0.979,50.0,1.37,37632.0
2026-04-22 18:00:00,IN-DC-022,Pune,36278.0,14134.7,1827.4,268.4,52508.5,1.447,35.8,25,9.1,14.9,23.9,1,0,0.978,49.96,1.36,37281.0
2026-04-22 19:00:00,IN-DC-022,Pune,36278.0,14277.6,1827.4,344.9,52727.9,1.453,36.1,23,8.8,14.9,24.0,1,0,0.961,49.95,1.28,37437.0
2026-04-22 20:00:00,IN-DC-022,Pune,36278.0,13450.7,1827.4,260.7,51816.8,1.428,33.3,26,8.6,14.5,24.2,1,0,0.973,49.9,1.06,36790.0
2026-04-22 21:00:00,IN-DC-022,Pune,36278.0,12867.6,1827.4,323.1,51296.1,1.414,31.0,35,8.7,14.4,24.5,1,0,0.974,50.01,1.07,36420.0
2026-04-22 22:00:00,IN-DC-022,Pune,36278.0,12635.2,1827.4,292.6,51033.1,1.407,29.8,39,8.7,14.6,24.5,1,0,0.97,49.95,0.94,36233.0
2026-04-22 23:00:00,IN-DC-022,Pune,36278.0,12396.7,1827.4,334.9,50837.0,1.401,28.8,36,8.3,14.3,24.1,1,0,0.977,49.97,0.98,36094.0
2026-04-23 00:00:00,IN-DC-022,Pune,36278.0,11479.4,1827.4,322.3,49907.0,1.376,26.8,39,8.3,14.1,23.7,1,0,0.972,50.02,0.92,35434.0
2026-04-23 01:00:00,IN-DC-022,Pune,36278.0,11527.7,1827.4,292.3,49925.3,1.376,26.9,46,8.4,14.6,24.0,1,0,0.978,50.01,0.85,35447.0
2026-04-23 02:00:00,IN-DC-022,Pune,36278.0,10909.5,1827.4,293.1,49308.0,1.359,25.2,50,8.8,14.6,24.4,1,0,0.974,50.02,0.89,35009.0
2026-04-23 03:00:00,IN-DC-022,Pune,36278.0,11812.4,1827.4,241.9,50159.7,1.383,26.7,38,8.2,14.5,24.8,1,0,0.972,50.0,0.82,35613.0
2026-04-23 04:00:00,IN-DC-022,Pune,36278.0,11429.8,1827.4,364.9,49900.0,1.375,25.9,48,8.3,14.4,24.5,1,0,0.974,50.0,0.78,35429.0
2026-04-23 05:00:00,IN-DC-022,Pune,36278.0,11467.1,1827.4,323.6,49896.0,1.375,26.3,45,8.3,14.6,23.6,1,0,0.972,50.0,0.79,35426.0
2026-04-23 06:00:00,IN-DC-022,Pune,36278.0,11880.2,1827.4,265.5,50251.1,1.385,27.8,44,8.8,14.8,24.5,1,0,0.986,50.05,0.83,35678.0
2026-04-23 07:00:00,IN-DC-022,Pune,36278.0,12163.3,1827.4,342.8,50611.4,1.395,28.8,42,8.3,14.1,23.6,1,0,0.964,50.07,0.97,35934.0
2026-04-23 08:00:00,IN-DC-022,Pune,36278.0,12827.1,1827.4,316.9,51249.3,1.413,30.6,42,8.4,14.5,24.0,1,0,0.967,50.03,1.13,36387.0
2026-04-23 09:00:00,IN-DC-022,Pune,36278.0,13008.6,1827.4,326.6,51440.5,1.418,31.9,39,8.3,13.9,23.3,1,0,0.97,49.97,1.06,36523.0
2026-04-23 10:00:00,IN-DC-022,Pune,36278.0,13992.4,1827.4,348.8,52446.6,1.446,34.3,36,8.7,14.7,23.7,1,0,0.978,50.03,1.26,37237.0
2026-04-23 11:00:00,IN-DC-022,Pune,36278.0,14310.3,1827.4,395.5,52811.2,1.456,35.6,29,8.6,14.6,24.0,1,0,0.979,50.04,1.21,37496.0
2026-04-23 12:00:00,IN-DC-022,Pune,36278.0,14573.6,1827.4,297.3,52976.3,1.46,37.1,23,8.8,15.0,24.9,1,0,0.97,49.92,1.36,37613.0
2026-04-23 13:00:00,IN-DC-022,Pune,36278.0,14499.1,1827.4,287.4,52891.8,1.458,37.5,20,8.8,15.0,24.1,1,0,0.991,50.02,1.41,37553.0
2026-04-23 14:00:00,IN-DC-022,Pune,36278.0,14810.1,1827.4,262.6,53178.0,1.466,38.3,26,9.1,15.3,24.4,1,0,0.981,49.92,1.53,37756.0
2026-04-23 15:00:00,IN-DC-022,Pune,36278.0,14630.0,1827.4,375.2,53110.5,1.464,37.4,26,9.1,15.3,24.2,1,0,0.985,50.08,1.53,37708.0
2026-04-23 16:00:00,IN-DC-022,Pune,36278.0,14944.9,1827.4,264.8,53315.1,1.47,38.5,30,9.1,14.9,23.8,1,0,0.968,49.96,1.35,37854.0
2026-04-23 17:00:00,IN-DC-022,Pune,36278.0,14606.3,1827.4,323.0,53034.7,1.462,37.3,23,8.7,14.5,24.0,1,0,0.968,49.98,1.51,37655.0
2026-04-23 18:00:00,IN-DC-022,Pune,36278.0,14532.6,1827.4,270.2,52908.2,1.458,37.1,28,8.9,14.6,24.4,1,0,0.97,50.05,1.31,37565.0
2026-04-23 19:00:00,IN-DC-022,Pune,36278.0,14108.5,1827.4,283.9,52497.7,1.447,35.5,23,8.7,14.8,23.8,1,0,0.985,49.96,1.22,37273.0
2026-04-23 20:00:00,IN-DC-022,Pune,36278.0,13665.3,1827.4,330.4,52101.1,1.436,33.5,36,8.5,14.5,23.6,1,0,0.99,50.01,1.19,36992.0
2026-04-23 21:00:00,IN-DC-022,Pune,36278.0,13095.5,1827.4,264.2,51465.0,1.419,32.2,38,8.8,14.8,23.9,1,0,0.982,49.99,1.08,36540.0
2026-04-23 22:00:00,IN-DC-022,Pune,36278.0,12742.1,1827.4,341.3,51188.8,1.411,31.0,35,8.7,14.4,23.1,1,0,0.962,50.01,0.93,36344.0
2026-04-23 23:00:00,IN-DC-022,Pune,36278.0,12498.9,1827.4,247.9,50852.1,1.402,29.7,43,8.3,14.3,24.0,1,0,0.986,50.08,1.02,36105.0
2026-04-24 00:00:00,IN-DC-022,Pune,36278.0,11708.3,1827.4,350.4,50164.1,1.383,27.2,48,8.4,14.3,24.4,1,0,0.98,49.94,0.86,35617.0
2026-04-24 01:00:00,IN-DC-022,Pune,36278.0,11612.9,1827.4,324.2,50042.4,1.379,26.9,52,8.5,14.2,23.8,1,0,0.968,50.03,0.83,35530.0
2026-04-24 02:00:00,IN-DC-022,Pune,36278.0,11364.9,1827.4,359.9,49830.1,1.374,25.7,46,8.5,14.9,23.3,1,0,0.964,50.04,0.81,35379.0
2026-04-24 03:00:00,IN-DC-022,Pune,36278.0,11241.8,1827.4,271.4,49618.5,1.368,25.4,45,8.5,14.7,24.2,1,0,0.974,49.98,0.89,35229.0
2026-04-24 04:00:00,IN-DC-022,Pune,36278.0,11481.0,1827.4,281.2,49867.5,1.375,25.9,47,8.5,14.4,24.4,1,0,0.976,50.05,0.89,35406.0
2026-04-24 05:00:00,IN-DC-022,Pune,36278.0,11892.6,1827.4,258.4,50256.4,1.385,27.4,45,8.6,14.8,23.5,1,0,0.975,50.05,0.9,35682.0
2026-04-24 06:00:00,IN-DC-022,Pune,36278.0,11707.8,1827.4,303.7,50116.9,1.381,26.9,55,8.7,14.6,24.8,1,0,0.98,50.04,0.98,35583.0
2026-04-24 07:00:00,IN-DC-022,Pune,36278.0,12218.8,1827.4,262.6,50586.7,1.394,28.7,42,8.4,14.4,24.1,1,0,0.967,50.04,0.97,35917.0
2026-04-24 08:00:00,IN-DC-022,Pune,36278.0,12700.0,1827.4,301.1,51106.5,1.409,30.5,37,8.5,14.7,23.8,1,0,0.973,50.0,1.09,36286.0
2026-04-24 09:00:00,IN-DC-022,Pune,36278.0,12936.5,1827.4,306.0,51347.9,1.415,31.4,37,8.8,15.0,24.0,1,0,0.97,50.07,1.05,36457.0
2026-04-24 10:00:00,IN-DC-022,Pune,36278.0,13452.1,1827.4,235.2,51792.7,1.428,33.5,29,8.7,14.6,23.3,1,0,0.966,50.03,1.19,36773.0
2026-04-24 11:00:00,IN-DC-022,Pune,36278.0,13734.9,1827.4,265.9,52106.1,1.436,34.6,34,8.8,14.7,23.7,1,0,0.974,50.06,1.1,36995.0
2026-04-24 12:00:00,IN-DC-022,Pune,36278.0,14284.1,1827.4,269.8,52659.3,1.452,36.8,25,8.9,14.9,24.5,1,0,0.986,50.04,1.41,37388.0
2026-04-24 13:00:00,IN-DC-022,Pune,36278.0,14567.5,1827.4,250.6,52923.5,1.459,37.6,26,8.6,15.0,24.1,1,0,0.967,49.99,1.43,37576.0
2026-04-24 14:00:00,IN-DC-022,Pune,36278.0,15023.6,1827.4,257.4,53386.4,1.472,39.0,20,8.6,14.9,24.5,1,0,0.98,49.98,1.41,37904.0
2026-04-24 15:00:00,IN-DC-022,Pune,36278.0,14967.3,1827.4,386.1,53458.8,1.474,39.0,19,8.9,15.1,24.5,1,0,0.98,50.01,1.57,37956.0
2026-04-24 16:00:00,IN-DC-022,Pune,36278.0,14699.2,1827.4,286.0,53090.6,1.463,38.0,28,8.4,14.7,24.9,1,0,0.97,49.96,1.48,37694.0
2026-04-24 17:00:00,IN-DC-022,Pune,36278.0,14522.3,1827.4,264.7,52892.3,1.458,37.5,27,9.1,15.1,23.4,1,0,0.969,49.98,1.48,37554.0
2026-04-24 18:00:00,IN-DC-022,Pune,36278.0,14248.6,1827.4,211.2,52565.1,1.449,36.4,30,9.0,14.9,25.1,1,0,0.976,49.95,1.18,37321.0
2026-04-24 19:00:00,IN-DC-022,Pune,36278.0,13969.1,1827.4,271.6,52346.1,1.443,35.3,23,8.9,14.9,23.8,1,0,0.973,50.03,1.22,37166.0
2026-04-24 20:00:00,IN-DC-022,Pune,36278.0,13485.6,1827.4,325.4,51916.4,1.431,33.7,26,8.6,15.1,24.3,1,0,0.967,50.04,1.33,36861.0
2026-04-24 21:00:00,IN-DC-022,Pune,36278.0,12990.5,1827.4,275.6,51371.5,1.416,32.3,40,8.5,14.4,24.2,1,0,0.967,50.02,1.12,36474.0
2026-04-24 22:00:00,IN-DC-022,Pune,36278.0,12644.4,1827.4,254.8,51004.6,1.406,31.0,41,8.4,14.7,24.4,1,0,0.975,49.94,0.95,36213.0
2026-04-24 23:00:00,IN-DC-022,Pune,36278.0,12138.8,1827.4,321.6,50565.8,1.394,29.1,46,8.3,14.5,24.4,1,0,0.973,49.98,0.9,35902.0
2026-04-25 00:00:00,IN-DC-022,Pune,36278.0,12121.6,1827.4,308.2,50535.2,1.393,27.9,41,8.5,14.3,24.0,1,0,0.976,49.95,0.76,35880.0
2026-04-25 01:00:00,IN-DC-022,Pune,36278.0,11944.9,1827.4,245.2,50295.5,1.386,27.2,39,8.4,14.5,23.4,1,0,0.967,49.85,0.9,35710.0
2026-04-25 02:00:00,IN-DC-022,Pune,36278.0,11635.0,1827.4,261.8,50002.2,1.378,26.9,49,8.7,14.6,23.2,1,0,0.97,50.11,0.85,35502.0
2026-04-25 03:00:00,IN-DC-022,Pune,36278.0,11442.0,1827.4,342.9,49890.2,1.375,26.8,46,8.5,14.3,23.9,1,0,0.97,50.05,0.78,35422.0
2026-04-25 04:00:00,IN-DC-022,Pune,36278.0,11272.1,1827.4,261.7,49639.2,1.368,25.4,46,8.5,14.6,24.1,1,0,0.969,49.97,0.82,35244.0
2026-04-25 05:00:00,IN-DC-022,Pune,36278.0,11424.3,1827.4,356.9,49886.5,1.375,26.4,43,8.5,14.4,23.7,1,0,0.977,49.97,0.92,35419.0
2026-04-25 06:00:00,IN-DC-022,Pune,36278.0,11820.5,1827.4,317.7,50243.5,1.385,28.1,41,8.9,14.8,23.9,1,0,0.984,49.99,0.98,35673.0
2026-04-25 07:00:00,IN-DC-022,Pune,36278.0,12087.5,1827.4,273.7,50466.6,1.391,29.3,48,8.4,14.4,23.7,1,0,0.971,50.0,1.0,35831.0
2026-04-25 08:00:00,IN-DC-022,Pune,36278.0,12923.2,1827.4,310.1,51338.6,1.415,31.1,37,8.5,14.2,24.3,1,0,0.97,50.07,1.09,36450.0
2026-04-25 09:00:00,IN-DC-022,Pune,36278.0,12939.0,1827.4,289.9,51334.2,1.415,31.7,30,9.0,15.1,23.7,1,0,0.98,50.05,1.06,36447.0
2026-04-25 10:00:00,IN-DC-022,Pune,36278.0,13571.4,1827.4,304.6,51981.3,1.433,33.8,33,8.7,14.7,23.7,1,0,0.975,49.96,1.15,36907.0
2026-04-25 11:00:00,IN-DC-022,Pune,36278.0,14145.8,1827.4,336.5,52587.6,1.45,35.0,32,8.9,14.7,24.2,1,0,0.965,50.0,1.25,37337.0
2026-04-25 12:00:00,IN-DC-022,Pune,36278.0,14127.0,1827.4,309.9,52542.3,1.448,36.7,28,8.9,15.0,24.8,1,0,0.985,50.02,1.37,37305.0
2026-04-25 13:00:00,IN-DC-022,Pune,36278.0,14633.9,1827.4,286.4,53025.6,1.462,38.0,32,8.5,14.4,24.9,1,0,0.957,50.0,1.49,37648.0
2026-04-25 14:00:00,IN-DC-022,Pune,36278.0,14716.4,1827.4,279.4,53101.1,1.464,37.7,31,8.6,14.4,24.2,1,0,0.971,50.02,1.4,37702.0
2026-04-25 15:00:00,IN-DC-022,Pune,36278.0,15072.2,1827.4,373.9,53551.4,1.476,39.0,28,8.7,15.0,24.4,1,0,0.985,50.0,1.44,38022.0
2026-04-25 16:00:00,IN-DC-022,Pune,36278.0,15231.6,1827.4,290.0,53627.0,1.478,39.5,27,9.0,14.7,24.6,1,0,0.974,49.96,1.42,38075.0
2026-04-25 17:00:00,IN-DC-022,Pune,36278.0,14649.6,1827.4,242.8,52997.7,1.461,38.4,26,9.0,15.1,24.8,1,0,0.984,50.07,1.4,37628.0
2026-04-25 18:00:00,IN-DC-022,Pune,36278.0,14723.6,1827.4,317.4,53146.3,1.465,37.1,17,8.8,14.7,24.1,1,0,0.988,50.0,1.32,37734.0
2026-04-25 19:00:00,IN-DC-022,Pune,36278.0,13573.4,1827.4,292.4,51971.1,1.433,35.1,24,8.6,14.6,24.1,1,0,0.976,49.91,1.24,36899.0
2026-04-25 20:00:00,IN-DC-022,Pune,36278.0,13421.7,1827.4,267.7,51794.7,1.428,33.2,33,8.6,14.5,23.9,1,0,0.982,49.99,1.09,36774.0
2026-04-25 21:00:00,IN-DC-022,Pune,36278.0,13426.7,1827.4,282.3,51814.3,1.428,33.1,33,8.7,14.3,23.6,1,0,0.971,49.93,1.11,36788.0
2026-04-25 22:00:00,IN-DC-022,Pune,36278.0,12845.3,1827.4,230.0,51180.7,1.411,29.6,38,8.6,14.6,24.3,1,0,0.971,50.03,0.97,36338.0
2026-04-25 23:00:00,IN-DC-022,Pune,36278.0,12432.4,1827.4,309.5,50847.2,1.402,29.7,38,8.3,14.5,23.9,1,0,0.972,50.04,0.97,36102.0
2026-04-26 00:00:00,IN-DC-022,Pune,36278.0,12019.7,1827.4,322.8,50447.9,1.391,27.5,35,8.4,14.3,24.0,1,0,0.974,49.95,0.88,35818.0
2026-04-26 01:00:00,IN-DC-022,Pune,36278.0,11507.7,1827.4,241.8,49854.9,1.374,25.7,43,8.4,14.2,24.1,1,0,0.969,50.0,1.03,35397.0
2026-04-26 02:00:00,IN-DC-022,Pune,36278.0,11463.4,1827.4,320.1,49888.9,1.375,26.1,41,8.7,14.7,24.8,1,0,0.965,49.98,0.86,35421.0
2026-04-26 03:00:00,IN-DC-022,Pune,36278.0,11935.4,1827.4,345.0,50385.8,1.389,27.7,46,8.3,14.6,23.5,1,0,0.983,50.07,0.95,35774.0
2026-04-26 04:00:00,IN-DC-022,Pune,36278.0,11494.3,1827.4,269.2,49868.9,1.375,26.4,45,8.5,14.4,23.4,1,0,0.975,50.01,0.94,35407.0
2026-04-26 05:00:00,IN-DC-022,Pune,36278.0,11689.3,1827.4,305.7,50100.3,1.381,26.6,49,8.5,14.8,23.8,1,0,0.985,50.04,0.98,35571.0
2026-04-26 06:00:00,IN-DC-022,Pune,36278.0,11716.9,1827.4,352.8,50175.1,1.383,27.1,40,8.7,14.9,24.8,1,0,0.981,50.02,0.9,35624.0
2026-04-26 07:00:00,IN-DC-022,Pune,36278.0,12339.2,1827.4,312.7,50757.3,1.399,29.6,39,8.6,14.6,24.4,1,0,0.977,50.03,0.87,36038.0
2026-04-26 08:00:00,IN-DC-022,Pune,36278.0,12812.7,1827.4,359.5,51277.6,1.413,30.6,35,9.0,14.8,24.0,1,0,0.981,49.97,1.11,36407.0
2026-04-26 09:00:00,IN-DC-022,Pune,36278.0,13312.9,1827.4,271.9,51690.2,1.425,33.0,38,8.3,14.3,23.7,1,0,0.967,50.01,1.21,36700.0
2026-04-26 10:00:00,IN-DC-022,Pune,36278.0,13309.8,1827.4,315.9,51731.0,1.426,33.9,35,8.7,14.6,24.1,1,0,0.98,50.05,1.46,36729.0
2026-04-26 11:00:00,IN-DC-022,Pune,36278.0,13916.8,1827.4,352.8,52375.0,1.444,36.0,30,8.8,14.5,23.8,1,0,0.966,49.94,1.36,37186.0
2026-04-26 12:00:00,IN-DC-022,Pune,36278.0,13949.7,1827.4,340.4,52395.4,1.444,35.6,21,8.8,14.7,23.6,1,0,0.961,49.95,1.4,37201.0
2026-04-26 13:00:00,IN-DC-022,Pune,36278.0,14608.5,1827.4,281.5,52995.3,1.461,36.6,28,8.6,14.7,24.2,1,0,0.968,50.0,1.24,37627.0
2026-04-26 14:00:00,IN-DC-022,Pune,36278.0,14721.1,1827.4,337.2,53163.7,1.465,37.6,14,8.5,14.6,24.0,1,0,0.964,50.07,1.28,37746.0
2026-04-26 15:00:00,IN-DC-022,Pune,36278.0,14830.6,1827.4,281.6,53217.6,1.467,38.9,18,8.9,15.4,24.4,1,0,0.974,49.95,1.57,37784.0
2026-04-26 16:00:00,IN-DC-022,Pune,36278.0,15017.3,1827.4,328.9,53451.5,1.473,39.3,17,8.7,14.7,24.3,1,0,0.973,49.99,1.51,37951.0
2026-04-26 17:00:00,IN-DC-022,Pune,36278.0,14233.2,1827.4,281.3,52619.9,1.45,35.7,20,8.7,14.8,23.4,1,0,0.977,49.9,1.32,37360.0
2026-04-26 18:00:00,IN-DC-022,Pune,36278.0,14549.6,1827.4,342.4,52997.4,1.461,37.6,23,8.9,15.3,24.6,1,0,0.98,50.05,1.32,37628.0
2026-04-26 19:00:00,IN-DC-022,Pune,36278.0,14365.3,1827.4,277.4,52748.1,1.454,35.9,31,8.3,14.4,24.0,1,0,0.974,50.07,1.22,37451.0
2026-04-26 20:00:00,IN-DC-022,Pune,36278.0,13678.7,1827.4,344.4,52128.4,1.437,33.3,35,8.0,14.1,23.5,1,0,0.989,50.02,1.11,37011.0
2026-04-26 21:00:00,IN-DC-022,Pune,36278.0,12837.2,1827.4,296.6,51239.2,1.412,32.2,36,8.6,14.7,24.0,1,0,0.971,49.98,1.09,36380.0
2026-04-26 22:00:00,IN-DC-022,Pune,36278.0,13009.7,1827.4,339.2,51454.2,1.418,31.5,35,8.5,14.1,24.1,1,0,0.969,50.04,1.06,36532.0
2026-04-26 23:00:00,IN-DC-022,Pune,36278.0,11979.2,1827.4,272.2,50356.7,1.388,28.2,42,8.4,14.6,24.2,1,0,0.963,50.01,0.8,35753.0
2026-04-27 00:00:00,IN-DC-022,Pune,36278.0,11641.9,1827.4,330.9,50078.2,1.38,26.5,47,8.5,14.4,23.8,1,0,0.973,49.95,0.87,35556.0
2026-04-27 01:00:00,IN-DC-022,Pune,36278.0,11437.2,1827.4,310.1,49852.7,1.374,26.5,47,8.4,14.3,23.8,1,0,0.975,49.93,0.89,35395.0
2026-04-27 02:00:00,IN-DC-022,Pune,36278.0,11547.4,1827.4,215.1,49867.8,1.375,25.9,41,8.5,14.3,24.0,1,0,0.985,49.94,0.95,35406.0
2026-04-27 03:00:00,IN-DC-022,Pune,36278.0,11092.6,1827.4,233.0,49431.0,1.363,25.1,44,8.2,14.1,24.0,1,0,0.979,49.93,0.93,35096.0
2026-04-27 04:00:00,IN-DC-022,Pune,36278.0,11681.9,1827.4,321.3,50108.6,1.381,26.5,44,8.5,14.7,23.6,1,0,0.975,50.02,0.84,35577.0
2026-04-27 05:00:00,IN-DC-022,Pune,36278.0,11377.0,1827.4,269.8,49752.2,1.371,25.3,48,8.3,14.3,23.6,1,0,0.973,50.05,0.93,35324.0
2026-04-27 06:00:00,IN-DC-022,Pune,36278.0,11878.3,1827.4,309.0,50292.6,1.386,27.4,42,8.3,14.1,24.7,1,0,0.968,49.93,0.75,35708.0
2026-04-27 07:00:00,IN-DC-022,Pune,36278.0,12544.0,1827.4,291.5,50941.0,1.404,29.3,37,8.7,14.4,24.0,1,0,0.974,50.04,0.95,36168.0
2026-04-27 08:00:00,IN-DC-022,Pune,36278.0,12525.2,1827.4,255.6,50886.2,1.403,30.2,32,8.5,14.4,23.6,1,0,0.973,49.98,1.17,36129.0
2026-04-27 09:00:00,IN-DC-022,Pune,36278.0,13491.8,1827.4,383.0,51980.2,1.433,32.6,40,8.6,14.7,23.7,1,0,0.979,49.96,1.0,36906.0
2026-04-27 10:00:00,IN-DC-022,Pune,36278.0,13394.4,1827.4,330.4,51830.2,1.429,33.8,36,8.6,14.6,23.7,1,0,0.989,49.97,1.25,36799.0
2026-04-27 11:00:00,IN-DC-022,Pune,36278.0,13896.3,1827.4,314.6,52316.2,1.442,35.4,29,8.5,14.6,23.8,1,0,0.969,50.04,1.27,37144.0
2026-04-27 12:00:00,IN-DC-022,Pune,36278.0,14775.6,1827.4,240.8,53121.7,1.464,37.3,32,9.0,15.0,23.7,1,0,0.977,49.99,1.39,37716.0
2026-04-27 13:00:00,IN-DC-022,Pune,36278.0,14669.6,1827.4,355.8,53130.7,1.465,37.3,13,8.6,14.5,24.8,1,0,0.983,50.02,1.4,37723.0
2026-04-27 14:00:00,IN-DC-022,Pune,36278.0,14803.7,1827.4,340.8,53249.9,1.468,38.9,27,8.9,14.6,25.1,1,0,0.961,49.97,1.39,37807.0
2026-04-27 15:00:00,IN-DC-022,Pune,36278.0,14869.0,1827.4,322.2,53296.5,1.469,38.4,24,8.7,14.8,24.5,1,0,0.973,49.96,1.49,37841.0
2026-04-27 16:00:00,IN-DC-022,Pune,36278.0,14861.1,1827.4,323.3,53289.7,1.469,38.3,19,9.1,14.7,24.6,1,0,0.966,49.94,1.41,37836.0
2026-04-27 17:00:00,IN-DC-022,Pune,36278.0,14801.3,1827.4,340.3,53246.9,1.468,38.0,25,8.7,14.6,24.0,1,0,0.985,49.97,1.4,37805.0
2026-04-27 18:00:00,IN-DC-022,Pune,36278.0,14154.1,1827.4,225.4,52484.9,1.447,36.8,26,9.2,14.9,24.4,1,0,0.984,49.93,1.45,37264.0
2026-04-27 19:00:00,IN-DC-022,Pune,36278.0,13691.5,1827.4,328.8,52125.7,1.437,34.8,27,9.0,14.9,24.6,1,0,0.975,50.03,1.38,37009.0
2026-04-27 20:00:00,IN-DC-022,Pune,36278.0,13467.6,1827.4,271.0,51843.9,1.429,33.4,34,8.4,14.1,24.1,1,0,0.968,50.01,1.29,36809.0
2026-04-27 21:00:00,IN-DC-022,Pune,36278.0,13282.2,1827.4,275.8,51663.4,1.424,32.5,43,8.8,15.2,23.6,1,0,0.982,49.98,1.11,36681.0
2026-04-27 22:00:00,IN-DC-022,Pune,36278.0,12672.6,1827.4,330.5,51108.5,1.409,30.6,38,8.9,15.2,24.3,1,0,0.99,49.96,1.22,36287.0
2026-04-27 23:00:00,IN-DC-022,Pune,36278.0,12463.6,1827.4,297.8,50866.8,1.402,29.6,46,8.7,14.9,23.0,1,0,0.971,49.9,0.99,36115.0
2026-04-28 00:00:00,IN-DC-022,Pune,36278.0,11919.9,1827.4,318.8,50344.1,1.388,27.9,40,8.3,14.3,24.1,1,0,0.975,49.97,0.8,35744.0
2026-04-28 01:00:00,IN-DC-022,Pune,36278.0,11688.7,1827.4,269.0,50063.1,1.38,26.6,45,8.4,14.3,24.0,1,0,0.964,49.92,0.89,35545.0
2026-04-28 02:00:00,IN-DC-022,Pune,36278.0,11151.4,1827.4,276.6,49533.4,1.365,25.6,44,8.4,14.6,24.6,1,0,0.983,50.02,0.87,35169.0
2026-04-28 03:00:00,IN-DC-022,Pune,36278.0,11068.2,1827.4,316.2,49489.8,1.364,24.5,52,8.4,14.2,24.3,1,0,0.972,50.01,0.94,35138.0
2026-04-28 04:00:00,IN-DC-022,Pune,36278.0,11584.4,1827.4,301.0,49990.7,1.378,26.2,50,8.4,14.0,24.9,1,0,0.969,50.01,0.88,35493.0
2026-04-28 05:00:00,IN-DC-022,Pune,36278.0,11672.3,1827.4,277.5,50055.2,1.38,26.4,48,8.4,14.4,24.0,1,0,0.98,49.9,0.94,35539.0
2026-04-28 06:00:00,IN-DC-022,Pune,36278.0,12031.7,1827.4,324.0,50461.0,1.391,28.1,39,8.7,14.4,24.4,1,0,0.967,50.03,0.97,35827.0
2026-04-28 07:00:00,IN-DC-022,Pune,36278.0,12314.1,1827.4,252.1,50671.5,1.397,29.3,32,8.1,14.5,23.5,1,0,0.966,49.97,0.81,35977.0
2026-04-28 08:00:00,IN-DC-022,Pune,36278.0,12569.2,1827.4,406.6,51081.2,1.408,30.7,37,9.0,14.8,23.6,1,0,0.97,50.04,1.06,36268.0
2026-04-28 09:00:00,IN-DC-022,Pune,36278.0,13304.5,1827.4,319.9,51729.7,1.426,32.2,39,8.6,14.5,23.7,1,0,0.958,49.93,1.17,36728.0
2026-04-28 10:00:00,IN-DC-022,Pune,36278.0,13758.3,1827.4,236.0,52099.6,1.436,34.1,31,9.0,15.1,24.0,1,0,0.966,50.01,1.27,36991.0
2026-04-28 11:00:00,IN-DC-022,Pune,36278.0,14006.0,1827.4,327.1,52438.5,1.445,35.8,34,8.8,15.2,23.5,1,0,0.989,50.01,1.35,37231.0
2026-04-28 12:00:00,IN-DC-022,Pune,36278.0,14036.6,1827.4,301.1,52443.1,1.446,35.1,25,8.7,14.9,24.2,1,0,0.971,50.03,1.19,37235.0
2026-04-28 13:00:00,IN-DC-022,Pune,36278.0,14745.3,1827.4,233.8,53084.5,1.463,37.7,24,8.8,15.2,24.4,1,0,0.978,49.97,1.38,37690.0
2026-04-28 14:00:00,IN-DC-022,Pune,36278.0,14666.4,1827.4,264.7,53036.4,1.462,38.5,21,8.7,14.7,24.3,1,0,0.973,49.98,1.52,37656.0
2026-04-28 15:00:00,IN-DC-022,Pune,36278.0,14753.1,1827.4,300.5,53159.0,1.465,38.6,23,8.9,14.7,24.2,1,0,0.984,49.91,1.34,37743.0
2026-04-28 16:00:00,IN-DC-022,Pune,36278.0,14979.5,1827.4,319.6,53404.4,1.472,39.1,19,9.0,15.1,24.5,1,0,0.973,49.88,1.47,37917.0
2026-04-28 17:00:00,IN-DC-022,Pune,36278.0,14747.6,1827.4,326.8,53179.8,1.466,37.6,28,8.9,14.8,24.5,1,0,0.98,49.91,1.55,37758.0
2026-04-28 18:00:00,IN-DC-022,Pune,36278.0,14732.7,1827.4,334.3,53172.4,1.466,36.9,24,9.1,15.0,23.9,1,0,0.989,50.06,1.43,37752.0
2026-04-28 19:00:00,IN-DC-022,Pune,36278.0,14184.1,1827.4,322.7,52612.1,1.45,35.3,26,8.5,14.8,23.6,1,0,0.974,49.99,1.23,37355.0
2026-04-28 20:00:00,IN-DC-022,Pune,36278.0,13734.8,1827.4,302.0,52142.1,1.437,34.1,28,8.8,14.9,24.8,1,0,0.963,49.97,1.19,37021.0
2026-04-28 21:00:00,IN-DC-022,Pune,36278.0,13075.7,1827.4,309.3,51490.4,1.419,32.1,32,8.4,14.4,24.1,1,0,0.971,49.96,1.07,36558.0
2026-04-28 22:00:00,IN-DC-022,Pune,36278.0,12508.6,1827.4,252.2,50866.2,1.402,30.1,43,8.5,14.0,24.0,1,0,0.982,49.88,1.14,36115.0
2026-04-28 23:00:00,IN-DC-022,Pune,36278.0,12172.2,1827.4,299.7,50577.3,1.394,29.1,49,8.4,14.3,23.8,1,0,0.978,49.98,0.91,35910.0
2026-04-29 00:00:00,IN-DC-022,Pune,36278.0,11457.5,1827.4,261.9,49824.7,1.373,26.3,47,8.7,14.8,23.7,1,0,0.985,50.03,0.94,35376.0
2026-04-29 01:00:00,IN-DC-022,Pune,36278.0,11400.0,1827.4,245.8,49751.1,1.371,26.2,47,8.4,14.2,24.3,1,0,0.966,49.92,0.8,35323.0
2026-04-29 02:00:00,IN-DC-022,Pune,36278.0,11654.1,1827.4,339.8,50099.3,1.381,26.2,45,8.5,14.1,23.9,1,0,0.967,50.04,0.91,35570.0
2026-04-29 03:00:00,IN-DC-022,Pune,36278.0,11367.7,1827.4,310.7,49783.8,1.372,25.0,45,8.7,14.9,23.6,1,0,0.971,50.07,0.97,35346.0
2026-04-29 04:00:00,IN-DC-022,Pune,36278.0,11619.2,1827.4,290.0,50014.6,1.379,26.0,59,8.5,14.4,23.2,1,0,0.972,49.99,0.87,35510.0
2026-04-29 05:00:00,IN-DC-022,Pune,36278.0,11803.8,1827.4,286.4,50195.5,1.384,26.2,46,8.7,14.8,23.9,1,0,0.983,50.02,0.83,35639.0
2026-04-29 06:00:00,IN-DC-022,Pune,36278.0,11902.2,1827.4,367.4,50375.0,1.389,27.4,49,8.4,14.6,24.6,1,0,0.988,49.99,0.84,35766.0
2026-04-29 07:00:00,IN-DC-022,Pune,36278.0,12531.8,1827.4,353.6,50990.7,1.406,28.9,43,8.8,14.5,23.9,1,0,0.976,50.07,1.04,36203.0
2026-04-29 08:00:00,IN-DC-022,Pune,36278.0,12660.2,1827.4,308.1,51073.6,1.408,30.0,31,8.6,14.9,23.8,1,0,0.978,50.02,1.02,36262.0
2026-04-29 09:00:00,IN-DC-022,Pune,36278.0,12981.3,1827.4,372.3,51459.0,1.418,31.3,32,8.4,14.4,24.4,1,0,0.971,49.97,0.96,36536.0
2026-04-29 10:00:00,IN-DC-022,Pune,36278.0,13741.1,1827.4,238.8,52085.3,1.436,34.5,34,8.8,15.0,24.2,1,0,0.972,50.05,1.25,36981.0
2026-04-29 11:00:00,IN-DC-022,Pune,36278.0,14192.9,1827.4,277.6,52575.9,1.449,35.9,27,8.9,15.0,23.8,1,0,0.963,49.96,1.42,37329.0
2026-04-29 12:00:00,IN-DC-022,Pune,36278.0,14339.9,1827.4,327.0,52772.2,1.455,37.1,25,8.8,14.9,24.7,1,0,0.975,49.97,1.56,37468.0
2026-04-29 13:00:00,IN-DC-022,Pune,36278.0,14699.2,1827.4,238.4,53043.0,1.462,37.9,20,8.6,14.6,24.3,1,0,0.983,49.91,1.47,37661.0
2026-04-29 14:00:00,IN-DC-022,Pune,36278.0,14829.2,1827.4,277.7,53212.3,1.467,38.6,26,9.0,15.2,23.9,1,0,0.968,49.94,1.5,37781.0
2026-04-29 15:00:00,IN-DC-022,Pune,36278.0,14906.9,1827.4,272.7,53284.9,1.469,38.5,24,9.0,14.6,24.4,1,0,0.973,49.99,1.45,37832.0
2026-04-29 16:00:00,IN-DC-022,Pune,36278.0,14910.9,1827.4,307.1,53323.4,1.47,38.3,20,8.6,14.5,23.9,1,0,0.983,49.9,1.52,37860.0
2026-04-29 17:00:00,IN-DC-022,Pune,36278.0,14947.4,1827.4,320.4,53373.1,1.471,38.5,23,8.9,14.9,24.4,1,0,0.991,49.98,1.5,37895.0
2026-04-29 18:00:00,IN-DC-022,Pune,36278.0,14547.6,1827.4,294.5,52947.5,1.459,37.1,26,8.9,14.9,24.4,1,0,0.969,49.99,1.37,37593.0
2026-04-29 19:00:00,IN-DC-022,Pune,36278.0,13877.9,1827.4,307.2,52290.5,1.441,35.0,28,8.6,14.8,24.1,1,0,0.966,49.98,1.17,37126.0
2026-04-29 20:00:00,IN-DC-022,Pune,36278.0,13009.8,1827.4,297.4,51412.5,1.417,33.4,27,8.8,14.7,24.1,1,0,0.98,49.93,1.21,36503.0
2026-04-29 21:00:00,IN-DC-022,Pune,36278.0,13217.8,1827.4,302.3,51625.4,1.423,31.8,31,8.4,14.4,24.1,1,0,0.964,50.04,1.1,36654.0
2026-04-29 22:00:00,IN-DC-022,Pune,36278.0,12649.7,1827.4,263.0,51018.1,1.406,31.2,38,8.8,14.9,23.6,1,0,0.978,49.98,1.03,36223.0
2026-04-29 23:00:00,IN-DC-022,Pune,36278.0,12666.3,1827.4,265.8,51037.5,1.407,30.0,40,8.6,14.3,24.2,1,0,0.966,50.0,1.01,36237.0
2026-04-30 00:00:00,IN-DC-022,Pune,36278.0,11831.0,1827.4,230.9,50167.3,1.383,27.2,42,8.5,14.4,23.9,1,0,0.978,50.0,0.94,35619.0
2026-04-30 01:00:00,IN-DC-022,Pune,36278.0,11803.3,1827.4,315.5,50224.2,1.384,27.1,39,8.2,14.3,23.9,1,0,0.97,49.91,0.96,35659.0
2026-04-30 02:00:00,IN-DC-022,Pune,36278.0,11356.4,1827.4,255.7,49717.5,1.37,25.5,50,8.6,14.4,24.6,1,0,0.97,49.91,0.91,35299.0
2026-04-30 03:00:00,IN-DC-022,Pune,36278.0,11417.2,1827.4,317.0,49839.5,1.374,25.5,48,8.5,14.5,23.9,1,0,0.979,50.0,0.88,35386.0
2026-04-30 04:00:00,IN-DC-022,Pune,36278.0,11494.4,1827.4,292.4,49892.1,1.375,25.6,48,8.6,14.7,24.9,1,0,0.976,50.09,0.78,35423.0
2026-04-30 05:00:00,IN-DC-022,Pune,36278.0,12205.7,1827.4,280.0,50591.1,1.395,27.9,50,8.5,14.6,24.2,1,0,0.971,50.01,0.92,35920.0
2026-04-30 06:00:00,IN-DC-022,Pune,36278.0,12088.4,1827.4,264.2,50457.9,1.391,28.7,41,8.9,14.8,24.1,1,0,0.97,50.07,0.9,35825.0
2026-04-30 07:00:00,IN-DC-022,Pune,36278.0,12387.5,1827.4,254.2,50747.1,1.399,29.0,45,8.5,14.1,24.3,1,0,0.962,49.93,1.03,36030.0
2026-04-30 08:00:00,IN-DC-022,Pune,36278.0,12474.7,1827.4,308.5,50888.6,1.403,30.4,36,8.4,14.4,24.3,1,0,0.977,50.03,1.17,36131.0
2026-04-30 09:00:00,IN-DC-022,Pune,36278.0,13271.6,1827.4,253.2,51630.1,1.423,31.9,31,8.4,14.3,23.7,1,0,0.98,50.04,1.11,36657.0
2026-04-30 10:00:00,IN-DC-022,Pune,36278.0,13817.8,1827.4,234.2,52157.4,1.438,34.1,33,8.7,14.8,24.2,1,0,0.987,49.93,1.12,37032.0
2026-04-30 11:00:00,IN-DC-022,Pune,36278.0,13826.2,1827.4,368.0,52299.6,1.442,35.7,32,8.7,15.0,24.0,1,0,0.97,50.04,1.25,37133.0
2026-04-30 12:00:00,IN-DC-022,Pune,36278.0,14771.8,1827.4,330.2,53207.3,1.467,37.5,25,8.6,14.7,23.5,1,0,0.983,50.03,1.39,37777.0
2026-04-30 13:00:00,IN-DC-022,Pune,36278.0,14826.2,1827.4,239.3,53170.9,1.466,38.1,24,8.7,14.8,23.7,1,0,0.972,49.93,1.55,37751.0
2026-04-30 14:00:00,IN-DC-022,Pune,36278.0,14641.4,1827.4,312.5,53059.3,1.463,38.4,22,8.9,14.9,24.3,1,0,0.971,50.02,1.3,37672.0
2026-04-30 15:00:00,IN-DC-022,Pune,36278.0,14906.1,1827.4,329.9,53341.4,1.47,39.2,28,8.5,14.7,24.5,1,0,0.98,50.08,1.39,37872.0
2026-04-30 16:00:00,IN-DC-022,Pune,36278.0,14762.4,1827.4,290.5,53158.2,1.465,38.5,31,9.1,15.0,24.5,1,0,0.987,49.99,1.35,37742.0
2026-04-30 17:00:00,IN-DC-022,Pune,36278.0,14983.0,1827.4,297.0,53385.4,1.472,37.6,27,8.6,14.7,24.6,1,0,0.976,49.93,1.37,37904.0
2026-04-30 18:00:00,IN-DC-022,Pune,36278.0,14169.4,1827.4,299.6,52574.3,1.449,36.6,28,9.1,15.1,24.5,1,0,0.961,49.94,1.38,37328.0
2026-04-30 19:00:00,IN-DC-022,Pune,36278.0,13912.4,1827.4,267.4,52285.2,1.441,36.4,20,8.9,15.0,24.5,1,0,0.961,50.01,1.3,37122.0
2026-04-30 20:00:00,IN-DC-022,Pune,36278.0,13653.2,1827.4,294.7,52053.3,1.435,33.9,35,8.5,14.6,24.7,1,0,0.994,49.97,1.19,36958.0
2026-04-30 21:00:00,IN-DC-022,Pune,36278.0,12803.4,1827.4,282.5,51191.3,1.411,32.2,26,8.6,14.5,23.5,1,0,0.977,49.97,1.18,36346.0
2026-04-30 22:00:00,IN-DC-022,Pune,36278.0,12316.8,1827.4,248.6,50670.8,1.397,29.6,34,8.8,14.7,24.1,1,0,0.995,49.92,0.89,35976.0
2026-04-30 23:00:00,IN-DC-022,Pune,36278.0,12288.2,1827.4,236.1,50629.7,1.396,29.2,37,8.5,14.8,23.7,1,0,0.985,50.06,0.93,35947.0
2026-04-01 00:00:00,IN-DC-025,Chennai,42108.5,15909.3,2345.3,304.7,60667.7,1.441,31.6,78,8.4,14.0,23.8,1,0,0.963,49.96,1.05,43074.0
2026-04-01 01:00:00,IN-DC-025,Chennai,41775.9,15399.9,2332.7,355.8,59864.3,1.433,29.4,79,8.6,13.8,24.2,1,0,0.967,49.96,0.84,42504.0
2026-04-01 02:00:00,IN-DC-025,Chennai,41750.9,15871.2,2331.7,413.5,60367.3,1.446,30.7,83,9.1,14.6,24.6,1,0,0.983,50.04,0.93,42861.0
2026-04-01 03:00:00,IN-DC-025,Chennai,41180.3,15109.3,2310.1,579.8,59179.5,1.437,29.4,82,8.4,13.9,23.6,1,0,0.97,49.98,0.82,42017.0
2026-04-01 04:00:00,IN-DC-025,Chennai,40929.2,15561.5,2300.5,384.9,59176.1,1.446,30.4,84,8.8,13.9,24.1,1,0,0.982,49.93,0.98,42015.0
2026-04-01 05:00:00,IN-DC-025,Chennai,40954.9,15641.4,2301.5,498.6,59396.4,1.45,30.5,81,8.4,14.0,24.5,1,0,0.99,50.11,1.17,42171.0
2026-04-01 06:00:00,IN-DC-025,Chennai,40854.0,15195.4,2297.7,544.5,58891.7,1.442,31.1,79,8.6,14.1,23.5,1,0,0.981,49.93,0.94,41813.0
2026-04-01 07:00:00,IN-DC-025,Chennai,40914.4,15808.6,2299.9,504.4,59527.3,1.455,32.3,80,8.4,13.6,23.9,1,0,0.986,50.04,1.13,42264.0
2026-04-01 08:00:00,IN-DC-025,Chennai,41068.9,15232.5,2305.8,404.8,59011.9,1.437,33.3,68,8.6,14.2,24.1,1,0,0.984,50.01,1.14,41898.0
2026-04-01 09:00:00,IN-DC-025,Chennai,41283.1,15791.9,2314.0,495.0,59884.0,1.451,34.2,67,8.7,13.9,23.7,1,0,0.967,50.0,1.19,42518.0
2026-04-01 10:00:00,IN-DC-025,Chennai,40545.5,15258.6,2285.9,359.8,58449.9,1.442,34.9,66,8.7,13.5,24.1,1,0,0.964,50.0,1.28,41499.0
2026-04-01 11:00:00,IN-DC-025,Chennai,40413.0,16027.8,2280.9,435.3,59157.0,1.464,35.5,69,8.8,14.1,24.3,1,0,0.986,49.97,1.24,42001.0
2026-04-01 12:00:00,IN-DC-025,Chennai,41484.3,15617.7,2321.6,431.8,59855.5,1.443,37.1,58,8.9,14.5,24.2,1,0,0.978,50.02,1.17,42497.0
2026-04-01 13:00:00,IN-DC-025,Chennai,41701.1,16034.1,2329.8,514.0,60579.0,1.453,37.4,61,8.8,14.1,24.9,1,0,0.982,50.11,1.38,43011.0
2026-04-01 14:00:00,IN-DC-025,Chennai,41866.9,16740.6,2336.1,609.0,61552.6,1.47,37.4,59,8.9,14.5,23.9,1,0,0.974,50.05,1.33,43702.0
2026-04-01 15:00:00,IN-DC-025,Chennai,42675.0,16920.8,2366.9,493.1,62455.7,1.464,38.7,57,8.8,14.3,24.1,1,0,0.977,50.11,1.5,44344.0
2026-04-01 16:00:00,IN-DC-025,Chennai,43005.3,16779.6,2379.4,562.8,62727.1,1.459,38.0,53,8.8,14.3,24.5,1,0,0.976,49.99,1.24,44536.0
2026-04-01 17:00:00,IN-DC-025,Chennai,43612.5,17364.5,2402.5,451.2,63830.6,1.464,37.7,57,8.7,14.1,23.6,1,0,0.978,50.12,1.23,45320.0
2026-04-01 18:00:00,IN-DC-025,Chennai,43916.5,17301.6,2414.0,475.2,64107.2,1.46,37.0,57,8.8,14.8,24.0,1,0,0.967,50.0,1.38,45516.0
2026-04-01 19:00:00,IN-DC-025,Chennai,44126.1,17117.6,2422.0,656.7,64322.4,1.458,35.9,66,9.0,14.8,23.9,1,0,0.971,49.98,1.38,45669.0
2026-04-01 20:00:00,IN-DC-025,Chennai,44476.8,16940.5,2435.3,425.7,64278.4,1.445,34.7,72,8.7,14.5,23.5,1,0,0.978,50.0,1.24,45638.0
2026-04-01 21:00:00,IN-DC-025,Chennai,44594.3,16853.2,2439.8,535.2,64422.4,1.445,34.3,69,8.4,14.0,24.9,1,0,0.984,50.01,1.19,45740.0
2026-04-01 22:00:00,IN-DC-025,Chennai,44558.3,16658.7,2438.4,549.2,64204.6,1.441,33.7,73,8.7,14.1,23.2,1,0,0.98,50.08,1.12,45585.0
2026-04-01 23:00:00,IN-DC-025,Chennai,44491.5,16700.6,2435.9,564.2,64192.2,1.443,32.3,74,8.7,14.7,24.1,1,0,0.975,50.01,1.07,45576.0
2026-04-02 00:00:00,IN-DC-025,Chennai,43806.9,16277.4,2409.9,562.9,63057.1,1.439,31.5,75,8.5,14.3,24.4,1,0,0.983,49.96,1.12,44771.0
2026-04-02 01:00:00,IN-DC-025,Chennai,43628.7,16599.0,2403.1,546.5,63177.3,1.448,30.5,84,8.3,14.0,23.9,1,0,0.976,50.03,0.98,44856.0
2026-04-02 02:00:00,IN-DC-025,Chennai,43623.9,16591.0,2402.9,496.6,63114.4,1.447,30.4,86,8.4,13.9,24.0,1,0,0.978,49.91,1.0,44811.0
2026-04-02 03:00:00,IN-DC-025,Chennai,43117.5,16122.3,2383.7,550.7,62174.0,1.442,30.2,82,8.9,14.6,23.7,1,0,0.963,50.0,1.09,44144.0
2026-04-02 04:00:00,IN-DC-025,Chennai,42557.8,15863.0,2362.4,492.6,61275.9,1.44,30.0,80,8.5,14.1,24.1,1,0,0.989,49.95,1.07,43506.0
2026-04-02 05:00:00,IN-DC-025,Chennai,42640.2,15981.7,2365.5,403.1,61390.6,1.44,31.8,73,8.5,14.1,24.2,1,0,0.968,50.05,1.02,43587.0
2026-04-02 06:00:00,IN-DC-025,Chennai,42526.4,16252.7,2361.2,441.9,61582.1,1.448,31.5,80,8.7,14.0,23.8,1,0,0.964,49.99,0.93,43723.0
2026-04-02 07:00:00,IN-DC-025,Chennai,42479.2,15496.6,2359.4,530.6,60865.8,1.433,31.9,73,8.7,14.4,23.9,1,0,0.971,49.98,0.94,43215.0
2026-04-02 08:00:00,IN-DC-025,Chennai,42544.8,16670.1,2361.9,387.0,61963.8,1.456,32.7,81,8.8,14.6,24.1,1,0,0.972,49.99,1.05,43994.0
2026-04-02 09:00:00,IN-DC-025,Chennai,42182.8,15776.8,2348.1,404.5,60712.3,1.439,33.8,73,8.8,14.3,23.9,1,0,0.968,49.91,1.02,43106.0
2026-04-02 10:00:00,IN-DC-025,Chennai,42267.7,15971.2,2351.4,347.2,60937.4,1.442,34.5,61,8.5,14.1,24.2,1,0,0.981,50.11,1.14,43266.0
2026-04-02 11:00:00,IN-DC-025,Chennai,41687.7,16737.8,2329.3,495.8,61250.6,1.469,35.6,68,9.0,14.5,24.4,1,0,0.979,50.05,1.39,43488.0
2026-04-02 12:00:00,IN-DC-025,Chennai,43396.8,16753.9,2394.3,488.2,63033.1,1.452,37.0,57,8.8,14.7,24.3,1,0,0.978,50.05,1.39,44754.0
2026-04-02 13:00:00,IN-DC-025,Chennai,43713.5,17056.3,2406.3,461.4,63637.5,1.456,36.8,59,8.7,14.3,24.9,1,0,0.975,49.96,1.31,45183.0
2026-04-02 14:00:00,IN-DC-025,Chennai,44220.9,17232.7,2425.6,522.5,64401.6,1.456,38.0,52,8.8,14.7,24.6,1,0,0.97,49.96,1.45,45725.0
2026-04-02 15:00:00,IN-DC-025,Chennai,44954.1,17467.0,2453.5,513.6,65388.1,1.455,37.1,61,8.8,15.1,24.4,1,0,0.98,49.93,1.4,46426.0
2026-04-02 16:00:00,IN-DC-025,Chennai,45052.5,17681.5,2457.2,420.0,65611.2,1.456,37.0,65,8.9,15.0,24.5,1,0,0.963,49.98,1.45,46584.0
2026-04-02 17:00:00,IN-DC-025,Chennai,44986.0,17332.4,2454.7,546.6,65319.7,1.452,37.9,59,9.0,14.7,24.1,1,0,0.979,49.99,1.3,46377.0
2026-04-02 18:00:00,IN-DC-025,Chennai,46101.2,17790.0,2497.0,500.2,66888.4,1.451,37.2,69,8.2,13.9,24.3,1,0,0.974,49.99,1.28,47491.0
2026-04-02 19:00:00,IN-DC-025,Chennai,45950.0,17836.5,2491.3,514.4,66792.2,1.454,36.4,61,8.6,14.7,24.1,1,0,0.963,50.03,1.34,47422.0
2026-04-02 20:00:00,IN-DC-025,Chennai,46307.3,17786.5,2504.9,501.2,67099.8,1.449,35.1,67,8.6,14.8,24.6,1,0,0.975,49.98,1.15,47641.0
2026-04-02 21:00:00,IN-DC-025,Chennai,46318.9,16995.5,2505.3,426.0,66245.8,1.43,33.7,65,8.6,14.5,24.2,1,0,0.989,49.98,1.19,47035.0
2026-04-02 22:00:00,IN-DC-025,Chennai,46229.3,17582.2,2501.9,509.5,66822.9,1.445,32.8,70,8.7,14.3,24.4,1,0,0.964,49.97,1.12,47444.0
2026-04-02 23:00:00,IN-DC-025,Chennai,45795.9,17409.1,2485.4,486.3,66176.7,1.445,32.8,79,9.0,14.8,23.9,1,0,0.977,50.0,1.08,46985.0
2026-04-03 00:00:00,IN-DC-025,Chennai,45792.2,16571.7,2485.3,537.4,65386.7,1.428,31.2,83,8.5,14.2,24.3,1,0,0.977,50.01,0.93,46425.0
2026-04-03 01:00:00,IN-DC-025,Chennai,45116.8,16981.0,2459.6,520.2,65077.7,1.442,31.0,78,8.3,13.9,24.1,1,0,0.974,50.01,1.11,46205.0
2026-04-03 02:00:00,IN-DC-025,Chennai,44990.9,16072.9,2454.9,523.5,64042.2,1.423,29.9,73,8.5,14.5,23.7,1,0,0.971,49.98,0.85,45470.0
2026-04-03 03:00:00,IN-DC-025,Chennai,43963.3,16360.1,2415.8,587.8,63326.9,1.44,29.6,89,8.5,14.3,23.0,1,0,0.985,50.01,1.03,44962.0
2026-04-03 04:00:00,IN-DC-025,Chennai,44247.9,16077.8,2426.6,580.5,63332.8,1.431,29.6,84,8.0,13.7,24.0,1,0,0.982,49.94,0.93,44966.0
2026-04-03 05:00:00,IN-DC-025,Chennai,44078.9,16484.8,2420.2,458.8,63442.6,1.439,30.4,84,8.3,14.0,24.4,1,0,0.978,50.03,1.02,45044.0
2026-04-03 06:00:00,IN-DC-025,Chennai,43635.5,16542.0,2403.3,507.0,63087.8,1.446,32.1,79,8.7,14.1,23.4,1,0,0.985,49.91,1.1,44792.0
2026-04-03 07:00:00,IN-DC-025,Chennai,42832.3,16213.1,2372.8,346.4,61764.6,1.442,32.4,79,8.7,15.0,23.8,1,0,0.97,50.05,0.96,43853.0
2026-04-03 08:00:00,IN-DC-025,Chennai,43363.5,16175.8,2393.0,460.7,62393.0,1.439,33.3,74,8.6,14.2,24.7,1,0,0.969,49.98,1.05,44299.0
2026-04-03 09:00:00,IN-DC-025,Chennai,43245.7,16983.7,2388.5,524.9,63142.9,1.46,34.6,72,8.6,14.0,24.6,1,0,0.98,49.97,1.24,44831.0
2026-04-03 10:00:00,IN-DC-025,Chennai,44218.8,16253.5,2425.5,437.1,63335.0,1.432,34.8,67,8.4,14.2,23.6,1,0,0.968,50.03,1.16,44968.0
2026-04-03 11:00:00,IN-DC-025,Chennai,44223.8,16921.8,2425.7,484.1,64055.4,1.448,35.5,63,8.8,14.4,23.6,1,0,0.975,50.03,1.18,45479.0
2026-04-03 12:00:00,IN-DC-025,Chennai,44362.6,17074.1,2431.0,493.2,64360.9,1.451,36.4,60,8.6,14.6,24.0,1,0,0.963,50.05,1.4,45696.0
2026-04-03 13:00:00,IN-DC-025,Chennai,44964.0,17621.2,2453.8,490.1,65529.3,1.457,37.3,65,8.6,14.4,24.2,1,0,0.986,49.97,1.32,46526.0
2026-04-03 14:00:00,IN-DC-025,Chennai,45164.5,17165.7,2461.5,585.5,65377.1,1.448,37.3,61,8.6,14.5,24.0,1,0,0.966,49.96,1.41,46418.0
2026-04-03 15:00:00,IN-DC-025,Chennai,45416.1,17599.2,2471.0,455.0,65941.3,1.452,37.8,60,8.7,15.0,24.8,1,0,0.981,49.94,1.46,46818.0
2026-04-03 16:00:00,IN-DC-025,Chennai,45997.0,18125.7,2493.1,388.4,67004.2,1.457,37.7,54,8.8,14.9,24.0,1,0,0.981,49.98,1.42,47573.0
2026-04-03 17:00:00,IN-DC-025,Chennai,47005.9,18369.1,2531.4,392.5,68298.9,1.453,38.4,56,9.1,15.1,24.5,1,0,0.97,50.01,1.5,48492.0
2026-04-03 18:00:00,IN-DC-025,Chennai,46878.6,18295.0,2526.6,596.7,68296.9,1.457,37.7,64,9.1,15.3,24.2,1,0,0.969,49.94,1.35,48491.0
2026-04-03 19:00:00,IN-DC-025,Chennai,47456.7,17970.3,2548.6,510.0,68485.6,1.443,35.5,61,8.2,14.3,24.1,1,0,0.967,50.02,1.2,48625.0
2026-04-03 20:00:00,IN-DC-025,Chennai,47342.2,17799.6,2544.2,435.4,68121.5,1.439,35.3,64,8.8,14.9,23.6,1,0,0.969,50.01,1.2,48366.0
2026-04-03 21:00:00,IN-DC-025,Chennai,47216.2,17640.0,2539.4,516.6,67912.2,1.438,34.5,67,8.6,14.5,23.2,1,0,0.971,50.04,1.28,48218.0
2026-04-03 22:00:00,IN-DC-025,Chennai,46871.7,17365.4,2526.3,484.9,67248.3,1.435,32.9,80,8.6,14.7,24.0,1,0,0.974,50.01,1.09,47746.0
2026-04-03 23:00:00,IN-DC-025,Chennai,47582.6,17731.1,2553.3,458.0,68325.0,1.436,32.4,75,8.8,14.9,23.7,1,0,0.975,49.96,0.95,48511.0
2026-04-04 00:00:00,IN-DC-025,Chennai,45301.6,17058.7,2466.7,485.3,65312.2,1.442,31.5,82,8.4,14.3,24.5,1,0,0.965,49.95,1.08,46372.0
2026-04-04 01:00:00,IN-DC-025,Chennai,45324.2,16468.0,2467.5,452.1,64711.8,1.428,30.8,77,8.7,14.2,24.2,1,0,0.97,50.03,1.01,45945.0
2026-04-04 02:00:00,IN-DC-025,Chennai,45698.0,17393.1,2481.7,385.3,65958.1,1.443,30.6,91,8.7,14.8,23.5,1,0,0.968,49.94,1.0,46830.0
2026-04-04 03:00:00,IN-DC-025,Chennai,44753.8,15772.2,2445.8,589.9,63561.7,1.42,29.9,82,8.5,14.2,23.5,1,0,0.972,49.99,1.09,45129.0
2026-04-04 04:00:00,IN-DC-025,Chennai,44543.6,16578.2,2437.9,492.0,64051.6,1.438,30.7,83,8.6,14.3,24.3,1,0,0.974,49.99,1.0,45477.0
2026-04-04 05:00:00,IN-DC-025,Chennai,44171.4,16412.1,2423.7,512.4,63519.7,1.438,30.1,83,8.5,14.6,23.8,1,0,0.971,49.96,1.0,45099.0
2026-04-04 06:00:00,IN-DC-025,Chennai,44065.3,16223.6,2419.7,416.6,63125.2,1.433,31.5,80,8.3,14.1,23.5,1,0,0.98,49.98,1.08,44819.0
2026-04-04 07:00:00,IN-DC-025,Chennai,44098.8,16657.8,2421.0,489.8,63667.3,1.444,32.2,75,8.8,14.5,24.5,1,0,0.977,50.04,1.2,45204.0
2026-04-04 08:00:00,IN-DC-025,Chennai,43810.8,16906.0,2410.0,458.3,63585.1,1.451,32.2,70,8.5,13.9,24.6,1,0,0.969,50.05,1.1,45145.0
2026-04-04 09:00:00,IN-DC-025,Chennai,44263.0,17475.1,2427.2,430.2,64595.5,1.459,34.6,69,8.8,14.1,24.3,1,0,0.967,50.1,1.13,45863.0
2026-04-04 10:00:00,IN-DC-025,Chennai,43509.7,16542.1,2398.6,607.6,63058.0,1.449,34.0,70,8.3,14.0,24.6,1,0,0.975,50.01,1.24,44771.0
2026-04-04 11:00:00,IN-DC-025,Chennai,44368.9,16970.5,2431.2,456.8,64227.4,1.448,36.3,66,8.6,14.6,24.5,1,0,0.967,50.02,1.3,45601.0
2026-04-04 12:00:00,IN-DC-025,Chennai,44695.7,17665.1,2443.6,559.4,65363.9,1.462,37.4,61,8.9,14.9,24.0,1,0,0.977,50.0,1.35,46408.0
2026-04-04 13:00:00,IN-DC-025,Chennai,45281.0,17177.7,2465.9,553.0,65477.5,1.446,37.0,60,9.1,15.0,25.2,1,0,0.981,49.88,1.35,46489.0
2026-04-04 14:00:00,IN-DC-025,Chennai,45683.4,17409.2,2481.2,536.6,66110.3,1.447,36.9,61,8.7,14.6,24.8,1,0,0.976,49.96,1.3,46938.0
2026-04-04 15:00:00,IN-DC-025,Chennai,46003.8,17577.5,2493.3,368.8,66443.4,1.444,37.4,58,8.7,14.7,24.9,1,0,0.965,49.92,1.42,47175.0
2026-04-04 16:00:00,IN-DC-025,Chennai,46640.3,18105.0,2517.5,408.1,67671.0,1.451,39.1,54,8.8,15.0,24.8,1,0,0.982,50.08,1.39,48046.0
2026-04-04 17:00:00,IN-DC-025,Chennai,46953.4,18480.1,2529.4,578.5,68541.4,1.46,37.6,63,9.0,15.0,23.5,1,0,0.966,49.97,1.37,48664.0
2026-04-04 18:00:00,IN-DC-025,Chennai,47736.5,18377.9,2559.2,498.8,69172.4,1.449,37.4,64,8.5,14.4,24.5,1,0,0.988,49.98,1.32,49112.0
2026-04-04 19:00:00,IN-DC-025,Chennai,47948.8,18320.4,2567.3,489.9,69326.3,1.446,36.3,60,8.7,15.1,25.3,1,0,0.972,50.04,1.25,49222.0
2026-04-04 20:00:00,IN-DC-025,Chennai,47708.5,18494.9,2558.1,481.6,69243.1,1.451,35.2,66,8.7,15.1,24.4,1,0,0.979,49.97,1.28,49163.0
2026-04-04 21:00:00,IN-DC-025,Chennai,47629.9,17442.1,2555.1,575.1,68202.3,1.432,34.3,67,8.5,14.9,24.2,1,0,0.974,50.04,1.16,48424.0
2026-04-04 22:00:00,IN-DC-025,Chennai,47779.2,17667.3,2560.8,477.2,68484.4,1.433,33.3,67,8.5,14.5,23.5,1,0,0.969,49.98,1.07,48624.0
2026-04-04 23:00:00,IN-DC-025,Chennai,47837.4,17763.7,2563.0,403.7,68567.9,1.433,32.4,74,9.0,14.9,24.2,1,0,0.968,50.02,0.98,48683.0
2026-04-05 00:00:00,IN-DC-025,Chennai,47331.1,17669.8,2543.8,397.5,67942.2,1.435,31.2,79,8.3,14.3,24.2,1,0,0.969,50.01,1.14,48239.0
2026-04-05 01:00:00,IN-DC-025,Chennai,46791.9,17442.8,2523.3,441.1,67199.1,1.436,30.8,80,8.9,15.1,24.1,1,0,0.963,50.02,0.98,47711.0
2026-04-05 02:00:00,IN-DC-025,Chennai,46630.2,17496.6,2517.1,567.7,67211.6,1.441,30.7,88,8.4,14.4,23.8,1,0,0.972,50.0,0.99,47720.0
2026-04-05 03:00:00,IN-DC-025,Chennai,45849.9,17133.5,2487.5,605.0,66075.9,1.441,29.9,82,8.2,13.9,23.4,1,0,0.962,49.97,1.02,46914.0
2026-04-05 04:00:00,IN-DC-025,Chennai,46200.7,17037.3,2500.8,433.0,66171.8,1.432,29.4,81,8.4,14.5,23.8,1,0,0.968,49.99,0.95,46982.0
2026-04-05 05:00:00,IN-DC-025,Chennai,45280.3,17057.0,2465.9,459.9,65263.1,1.441,30.8,80,8.6,14.8,23.8,1,0,0.974,49.88,0.92,46337.0
2026-04-05 06:00:00,IN-DC-025,Chennai,45680.6,16461.5,2481.1,504.2,65127.4,1.426,30.4,79,8.3,14.1,24.3,1,0,0.983,50.02,0.99,46240.0
2026-04-05 07:00:00,IN-DC-025,Chennai,45439.9,16365.8,2471.9,574.2,64851.8,1.427,32.5,77,8.7,14.7,23.7,1,0,0.982,50.0,0.94,46045.0
2026-04-05 08:00:00,IN-DC-025,Chennai,45387.8,17298.4,2469.9,453.0,65609.1,1.446,32.9,75,9.2,14.5,24.7,1,0,0.962,49.98,1.12,46582.0
2026-04-05 09:00:00,IN-DC-025,Chennai,45615.3,17138.1,2478.6,480.0,65712.0,1.441,34.0,65,8.6,14.4,24.2,1,0,0.969,50.04,1.13,46656.0
2026-04-05 10:00:00,IN-DC-025,Chennai,45148.2,17484.3,2460.8,522.6,65616.0,1.453,35.4,65,8.7,14.3,24.6,1,0,0.995,50.05,1.38,46587.0
2026-04-05 11:00:00,IN-DC-025,Chennai,46358.3,17908.2,2506.8,530.3,67303.6,1.452,35.8,60,8.5,14.3,24.3,1,0,0.968,50.05,1.25,47786.0
2026-04-05 12:00:00,IN-DC-025,Chennai,46650.7,17762.0,2517.9,454.6,67385.2,1.444,36.0,62,8.7,14.6,24.1,1,0,0.986,50.05,1.15,47844.0
2026-04-05 13:00:00,IN-DC-025,Chennai,47642.1,18390.6,2555.6,478.8,69067.1,1.45,37.7,54,8.6,14.5,24.6,1,0,0.98,50.01,1.34,49038.0
2026-04-05 14:00:00,IN-DC-025,Chennai,47046.9,18526.2,2533.0,453.4,68559.5,1.457,38.6,53,9.0,14.7,24.3,1,0,0.98,50.04,1.44,48677.0
2026-04-05 15:00:00,IN-DC-025,Chennai,47871.1,19412.1,2564.3,436.3,70283.8,1.468,38.8,55,8.7,14.5,24.3,1,0,0.986,49.99,1.39,49901.0
2026-04-05 16:00:00,IN-DC-025,Chennai,48537.4,18825.9,2589.6,473.0,70426.0,1.451,37.9,60,8.8,14.7,24.7,1,0,0.977,50.02,1.44,50002.0
2026-04-05 17:00:00,IN-DC-025,Chennai,48415.0,18938.5,2585.0,463.4,70401.8,1.454,37.1,59,8.8,14.8,24.7,1,0,0.978,50.07,1.33,49985.0
2026-04-05 18:00:00,IN-DC-025,Chennai,48824.3,19671.4,2600.5,476.2,71572.4,1.466,37.1,69,8.5,14.9,25.1,1,0,0.964,49.97,1.43,50816.0
2026-04-05 19:00:00,IN-DC-025,Chennai,49418.8,18776.5,2623.1,437.3,71255.7,1.442,35.1,72,8.8,15.4,24.6,1,0,0.979,50.03,1.17,50592.0
2026-04-05 20:00:00,IN-DC-025,Chennai,49829.5,19358.0,2638.7,543.0,72369.2,1.452,35.8,70,8.7,14.8,24.0,1,0,0.975,49.98,1.15,51382.0
2026-04-05 21:00:00,IN-DC-025,Chennai,49468.8,18383.3,2625.0,605.0,71082.2,1.437,33.3,71,8.9,15.3,23.6,1,0,0.968,50.11,1.19,50468.0
2026-04-05 22:00:00,IN-DC-025,Chennai,50128.1,18101.0,2650.1,493.9,71373.0,1.424,32.5,70,8.7,15.0,23.8,1,0,0.97,49.97,1.09,50675.0
2026-04-05 23:00:00,IN-DC-025,Chennai,49245.8,18791.1,2616.5,626.5,71279.9,1.447,32.4,77,8.6,14.9,24.0,1,0,0.995,49.97,1.24,50609.0
2026-04-06 00:00:00,IN-DC-025,Chennai,49933.3,18391.7,2642.7,436.6,71404.2,1.43,30.7,80,8.7,15.3,23.6,1,0,0.986,50.02,0.95,50697.0
2026-04-06 01:00:00,IN-DC-025,Chennai,48931.1,17640.9,2604.6,463.7,69640.3,1.423,30.8,70,8.3,14.5,23.6,1,0,0.982,49.88,1.15,49445.0
2026-04-06 02:00:00,IN-DC-025,Chennai,49290.8,17403.0,2618.3,547.6,69859.6,1.417,30.0,77,8.3,14.7,23.8,1,0,0.971,50.03,1.0,49600.0
2026-04-06 03:00:00,IN-DC-025,Chennai,48410.0,16789.4,2584.8,396.8,68181.0,1.408,29.1,72,8.9,15.4,23.9,1,0,0.961,49.95,0.99,48408.0
2026-04-06 04:00:00,IN-DC-025,Chennai,48872.3,17952.9,2602.3,468.0,69895.5,1.43,29.6,81,8.6,14.9,24.4,1,0,0.972,50.03,0.98,49626.0
2026-04-06 05:00:00,IN-DC-025,Chennai,48820.9,18269.6,2600.4,525.1,70216.0,1.438,29.7,85,8.5,14.9,23.6,1,0,0.972,50.02,1.06,49853.0
2026-04-06 06:00:00,IN-DC-025,Chennai,48209.7,18545.6,2577.2,599.9,69932.3,1.451,31.2,87,8.3,14.6,24.0,1,0,0.973,49.98,0.91,49652.0
2026-04-06 07:00:00,IN-DC-025,Chennai,47849.7,17838.3,2563.5,376.9,68628.4,1.434,32.9,67,8.4,14.3,23.7,1,0,0.973,49.97,1.24,48726.0
2026-04-06 08:00:00,IN-DC-025,Chennai,47611.2,18305.5,2554.4,465.7,68936.8,1.448,33.5,74,8.5,14.2,24.1,1,0,0.977,50.03,1.16,48945.0
2026-04-06 09:00:00,IN-DC-025,Chennai,48181.8,18355.3,2576.1,481.6,69594.8,1.444,34.0,72,8.8,15.3,24.1,1,0,0.978,50.02,1.26,49412.0
2026-04-06 10:00:00,IN-DC-025,Chennai,48389.5,17961.9,2584.0,464.6,69400.0,1.434,35.1,60,8.7,15.1,23.9,1,0,0.976,50.02,1.27,49274.0
2026-04-06 11:00:00,IN-DC-025,Chennai,48873.1,18340.1,2602.4,461.0,70276.6,1.438,35.7,60,8.4,14.9,24.1,1,0,0.961,49.97,1.42,49896.0
2026-04-06 12:00:00,IN-DC-025,Chennai,48937.1,18859.6,2604.8,578.6,70980.1,1.45,36.8,52,8.4,14.4,24.0,1,0,0.98,49.95,1.39,50396.0
2026-04-06 13:00:00,IN-DC-025,Chennai,48713.9,18634.7,2596.3,486.0,70430.9,1.446,37.1,59,9.1,15.1,24.6,1,0,0.978,49.96,1.42,50006.0
2026-04-06 14:00:00,IN-DC-025,Chennai,49805.1,18957.1,2637.8,508.0,71908.0,1.444,37.7,56,8.7,15.0,24.7,1,0,0.976,50.04,1.45,51055.0
2026-04-06 15:00:00,IN-DC-025,Chennai,50794.5,19771.6,2675.4,495.1,73736.7,1.452,37.8,59,8.7,15.1,24.4,1,0,0.976,50.01,1.41,52353.0
2026-04-06 16:00:00,IN-DC-025,Chennai,51213.7,19797.3,2691.3,506.2,74208.6,1.449,37.7,59,8.9,15.7,24.7,1,0,0.981,50.04,1.51,52688.0
2026-04-06 17:00:00,IN-DC-025,Chennai,50909.4,19107.3,2679.8,522.7,73219.2,1.438,38.0,60,9.1,15.6,24.2,1,0,0.97,50.03,1.36,51986.0
2026-04-06 18:00:00,IN-DC-025,Chennai,52454.9,19542.6,2738.5,537.4,75273.4,1.435,36.6,58,8.3,14.9,24.0,1,0,0.971,49.98,1.39,53444.0
2026-04-06 19:00:00,IN-DC-025,Chennai,52282.1,20183.9,2731.9,422.3,75620.3,1.446,36.4,66,8.7,14.9,23.6,1,0,0.986,50.01,1.36,53690.0
2026-04-06 20:00:00,IN-DC-025,Chennai,51789.0,19577.0,2713.2,569.9,74649.2,1.441,34.9,72,8.9,15.6,23.7,1,0,0.979,50.01,1.3,53001.0
2026-04-06 21:00:00,IN-DC-025,Chennai,52256.1,20076.0,2730.9,458.7,75521.6,1.445,33.7,77,8.9,15.5,23.7,1,0,0.99,50.03,1.18,53620.0
2026-04-06 22:00:00,IN-DC-025,Chennai,51782.9,19318.2,2713.0,466.2,74280.2,1.434,32.8,71,8.8,15.3,23.9,1,0,0.971,49.97,1.05,52739.0
2026-04-06 23:00:00,IN-DC-025,Chennai,52036.9,19391.1,2722.6,502.4,74653.0,1.435,32.5,76,8.3,14.8,23.9,1,0,0.982,50.05,1.05,53004.0
2026-04-07 00:00:00,IN-DC-025,Chennai,52212.9,19489.8,2729.3,494.7,74926.7,1.435,31.2,79,8.5,14.8,24.0,1,0,0.977,50.0,1.09,53198.0
2026-04-07 01:00:00,IN-DC-025,Chennai,51672.5,19069.3,2708.8,475.4,73925.9,1.431,30.3,85,8.6,15.1,24.3,1,0,0.985,50.06,0.99,52487.0
2026-04-07 02:00:00,IN-DC-025,Chennai,51068.3,18903.2,2685.8,559.2,73216.6,1.434,30.2,83,8.6,15.2,24.4,1,0,0.983,50.03,1.03,51984.0
2026-04-07 03:00:00,IN-DC-025,Chennai,50594.4,18557.1,2667.8,451.0,72270.3,1.428,30.1,81,8.6,15.2,24.2,1,0,0.952,50.01,0.82,51312.0
2026-04-07 04:00:00,IN-DC-025,Chennai,50490.7,18699.8,2663.8,473.9,72328.2,1.433,29.5,87,8.3,14.6,23.9,1,0,0.965,50.03,0.89,51353.0
2026-04-07 05:00:00,IN-DC-025,Chennai,49656.3,18274.2,2632.1,594.0,71156.7,1.433,29.9,86,8.5,15.0,23.8,1,0,0.983,50.15,0.94,50521.0
2026-04-07 06:00:00,IN-DC-025,Chennai,49312.3,17546.0,2619.1,481.8,69959.1,1.419,30.9,73,8.7,15.2,23.9,1,0,0.962,50.09,1.07,49671.0
2026-04-07 07:00:00,IN-DC-025,Chennai,49303.8,18527.4,2618.7,479.4,70929.4,1.439,31.5,79,8.7,15.2,24.2,1,0,0.975,50.04,1.12,50360.0
2026-04-07 08:00:00,IN-DC-025,Chennai,49113.8,18253.5,2611.5,420.7,70399.6,1.433,32.2,70,8.3,14.6,23.3,1,0,0.972,49.98,0.95,49984.0
2026-04-07 09:00:00,IN-DC-025,Chennai,49513.3,18359.2,2626.7,502.6,71001.7,1.434,33.8,69,8.8,15.5,23.3,1,0,0.972,49.99,1.15,50411.0
2026-04-07 10:00:00,IN-DC-025,Chennai,49422.7,17890.9,2623.3,467.8,70404.6,1.425,34.1,64,8.8,15.4,24.5,1,0,0.981,50.0,1.22,49987.0
2026-04-07 11:00:00,IN-DC-025,Chennai,49861.8,18685.5,2639.9,602.7,71789.9,1.44,36.0,63,8.7,15.4,24.7,1,0,0.979,50.02,1.31,50971.0
2026-04-07 12:00:00,IN-DC-025,Chennai,50704.5,19454.7,2672.0,474.9,73306.1,1.446,37.1,64,8.9,15.2,24.4,1,0,0.965,49.92,1.35,52047.0
2026-04-07 13:00:00,IN-DC-025,Chennai,51245.9,19539.4,2692.5,462.3,73940.2,1.443,37.0,56,8.8,15.3,24.1,1,0,0.979,50.01,1.14,52498.0
2026-04-07 14:00:00,IN-DC-025,Chennai,51306.1,20046.1,2694.8,541.8,74588.9,1.454,38.4,53,9.0,15.4,25.2,1,0,0.97,50.02,1.44,52958.0
2026-04-07 15:00:00,IN-DC-025,Chennai,51942.6,20458.1,2719.0,565.6,75685.3,1.457,38.4,53,8.5,14.7,23.9,1,0,0.985,49.99,1.43,53737.0
2026-04-07 16:00:00,IN-DC-025,Chennai,52878.1,20425.3,2754.6,523.8,76581.7,1.448,37.9,59,9.0,15.9,24.5,1,0,0.973,50.06,1.43,54373.0
2026-04-07 17:00:00,IN-DC-025,Chennai,53135.7,20478.2,2764.4,585.3,76963.6,1.448,37.3,61,9.1,15.9,24.6,1,0,0.962,49.96,1.33,54644.0
2026-04-07 18:00:00,IN-DC-025,Chennai,52746.3,20551.9,2749.6,486.8,76534.5,1.451,37.5,57,9.0,15.5,24.3,1,0,0.974,49.91,1.31,54339.0
2026-04-07 19:00:00,IN-DC-025,Chennai,53120.7,20661.4,2763.8,393.9,76939.8,1.448,36.9,65,8.7,15.1,23.9,1,0,0.973,50.02,1.53,54627.0
2026-04-07 20:00:00,IN-DC-025,Chennai,53433.3,19924.4,2775.7,477.0,76610.4,1.434,36.0,61,8.8,15.6,23.5,1,0,0.977,49.97,1.29,54393.0
2026-04-07 21:00:00,IN-DC-025,Chennai,53268.2,19923.0,2769.4,465.9,76426.5,1.435,34.3,69,8.7,15.6,24.4,1,0,0.98,50.11,1.06,54263.0
2026-04-07 22:00:00,IN-DC-025,Chennai,53648.9,19113.6,2783.9,477.3,76023.6,1.417,31.9,68,8.5,15.5,24.5,1,0,0.978,50.01,1.14,53977.0
2026-04-07 23:00:00,IN-DC-025,Chennai,54093.5,19173.0,2800.8,493.7,76561.0,1.415,31.2,73,8.9,15.8,23.8,1,0,0.982,49.98,1.03,54358.0
2026-04-08 00:00:00,IN-DC-025,Chennai,52564.6,19600.0,2742.7,422.5,75329.7,1.433,31.5,81,8.4,15.2,23.6,1,0,0.966,50.06,1.04,53484.0
2026-04-08 01:00:00,IN-DC-025,Chennai,52899.2,19910.6,2755.4,587.3,76152.5,1.44,30.5,84,8.6,15.3,23.8,1,0,0.984,49.99,1.05,54068.0
2026-04-08 02:00:00,IN-DC-025,Chennai,52101.4,18728.3,2725.1,549.0,74103.7,1.422,29.7,81,8.6,15.2,24.1,1,0,0.972,50.01,0.97,52614.0
2026-04-08 03:00:00,IN-DC-025,Chennai,52280.0,18579.6,2731.8,517.7,74109.2,1.418,30.7,79,8.9,15.7,24.0,1,0,0.973,49.95,1.01,52618.0
2026-04-08 04:00:00,IN-DC-025,Chennai,50959.9,18477.5,2681.7,432.9,72551.9,1.424,29.7,87,8.5,15.0,24.1,1,0,0.978,49.95,0.96,51512.0
2026-04-08 05:00:00,IN-DC-025,Chennai,50848.9,18461.8,2677.5,357.5,72345.6,1.423,31.3,74,8.5,14.7,24.6,1,0,0.968,50.0,1.05,51365.0
2026-04-08 06:00:00,IN-DC-025,Chennai,50914.7,18387.9,2680.0,513.7,72496.3,1.424,30.7,73,8.6,15.1,23.6,1,0,0.986,50.02,1.11,51472.0
2026-04-08 07:00:00,IN-DC-025,Chennai,51046.8,18303.3,2685.0,518.2,72553.2,1.421,31.7,71,8.3,15.2,23.5,1,0,0.976,50.01,1.09,51513.0
2026-04-08 08:00:00,IN-DC-025,Chennai,50659.4,18864.1,2670.3,491.1,72684.8,1.435,32.6,78,8.9,15.2,24.5,1,0,0.969,50.0,1.17,51606.0
2026-04-08 09:00:00,IN-DC-025,Chennai,50760.6,18766.0,2674.1,517.3,72718.0,1.433,34.2,69,8.5,15.0,23.6,1,0,0.974,50.03,1.15,51630.0
2026-04-08 10:00:00,IN-DC-025,Chennai,51428.6,19041.5,2699.5,490.9,73660.5,1.432,35.8,64,8.6,15.1,24.4,1,0,0.986,49.99,1.33,52299.0
2026-04-08 11:00:00,IN-DC-025,Chennai,50898.2,19645.4,2679.3,450.1,73673.1,1.447,36.1,64,8.7,15.2,23.9,1,0,0.977,50.01,1.37,52308.0
2026-04-08 12:00:00,IN-DC-025,Chennai,51764.4,19497.2,2712.2,531.0,74504.9,1.439,36.8,64,8.6,15.1,24.4,1,0,0.98,49.98,1.29,52898.0
2026-04-08 13:00:00,IN-DC-025,Chennai,52551.3,20129.3,2742.2,488.4,75911.2,1.445,37.6,59,8.7,15.3,23.9,1,0,0.983,50.05,1.32,53897.0
2026-04-08 14:00:00,IN-DC-025,Chennai,53037.2,20997.1,2760.6,570.3,77365.2,1.459,38.0,62,8.8,15.9,24.3,1,0,0.977,50.06,1.35,54929.0
2026-04-08 15:00:00,IN-DC-025,Chennai,53531.4,20824.8,2779.4,515.2,77650.7,1.451,38.7,60,8.6,15.3,25.1,1,0,0.975,49.98,1.4,55132.0
2026-04-08 16:00:00,IN-DC-025,Chennai,54078.4,20364.3,2800.2,463.3,77706.2,1.437,38.1,55,8.9,15.7,24.7,1,0,0.975,50.01,1.41,55171.0
2026-04-08 17:00:00,IN-DC-025,Chennai,54652.1,20546.2,2822.0,433.8,78454.1,1.436,37.2,58,8.7,15.6,23.6,1,0,0.982,49.95,1.4,55702.0
2026-04-08 18:00:00,IN-DC-025,Chennai,54353.1,20672.2,2810.6,377.4,78213.3,1.439,36.3,63,8.8,15.9,23.9,1,0,0.97,49.97,1.21,55531.0
2026-04-08 19:00:00,IN-DC-025,Chennai,54541.4,21000.9,2817.8,573.2,78933.3,1.447,35.9,66,8.7,16.0,24.1,1,0,0.972,49.98,1.24,56043.0
2026-04-08 20:00:00,IN-DC-025,Chennai,55196.7,20333.0,2842.7,424.6,78797.0,1.428,35.5,60,8.8,16.1,23.7,1,0,0.981,50.03,1.27,55946.0
2026-04-08 21:00:00,IN-DC-025,Chennai,54794.9,20208.4,2827.4,539.3,78370.0,1.43,34.8,64,8.8,15.6,23.9,1,0,0.985,49.95,1.22,55643.0
2026-04-08 22:00:00,IN-DC-025,Chennai,55226.9,20460.5,2843.8,479.4,79010.6,1.431,32.8,77,8.7,15.9,23.8,1,0,0.977,50.14,1.14,56098.0
2026-04-08 23:00:00,IN-DC-025,Chennai,54616.5,20017.4,2820.6,516.8,77971.3,1.428,32.4,72,8.6,15.7,23.9,1,0,0.955,49.99,1.27,55360.0
2026-04-09 00:00:00,IN-DC-025,Chennai,53910.2,20015.8,2793.8,498.6,77218.4,1.432,32.1,78,8.7,15.7,24.0,1,0,0.969,49.97,1.12,54825.0
2026-04-09 01:00:00,IN-DC-025,Chennai,53994.8,20357.4,2797.0,455.9,77605.1,1.437,30.9,87,8.2,15.1,24.2,1,0,0.984,50.0,1.13,55100.0
2026-04-09 02:00:00,IN-DC-025,Chennai,53580.6,19064.9,2781.3,592.7,76019.5,1.419,29.1,79,8.6,15.2,24.3,1,0,0.986,49.99,0.8,53974.0
2026-04-09 03:00:00,IN-DC-025,Chennai,53204.1,19660.7,2767.0,491.1,76122.8,1.431,29.6,84,8.6,15.1,23.9,1,0,0.974,49.97,0.85,54047.0
2026-04-09 04:00:00,IN-DC-025,Chennai,53437.0,20094.9,2775.8,550.4,76858.1,1.438,29.6,89,8.2,14.9,23.8,1,0,0.958,49.98,1.04,54569.0
2026-04-09 05:00:00,IN-DC-025,Chennai,52193.2,19222.5,2728.5,507.1,74651.4,1.43,30.4,83,8.5,15.3,24.2,1,0,0.971,49.98,1.14,53002.0
2026-04-09 06:00:00,IN-DC-025,Chennai,52375.4,19665.3,2735.5,533.9,75310.1,1.438,31.3,81,8.9,15.8,24.2,1,0,0.976,50.06,1.05,53470.0
2026-04-09 07:00:00,IN-DC-025,Chennai,51941.8,18499.8,2719.0,429.2,73589.7,1.417,31.8,73,8.5,15.0,23.6,1,0,0.96,50.04,0.97,52249.0
2026-04-09 08:00:00,IN-DC-025,Chennai,52239.7,19655.3,2730.3,478.0,75103.3,1.438,32.7,80,8.8,15.2,24.1,1,0,0.965,50.04,1.15,53323.0
2026-04-09 09:00:00,IN-DC-025,Chennai,52832.1,19790.0,2752.8,337.9,75712.8,1.433,34.5,70,8.5,15.0,24.2,1,0,0.975,49.95,1.18,53756.0
2026-04-09 10:00:00,IN-DC-025,Chennai,53454.0,19885.0,2776.5,568.2,76683.6,1.435,35.2,67,8.5,14.9,24.0,1,0,0.976,50.05,1.2,54445.0
2026-04-09 11:00:00,IN-DC-025,Chennai,52712.6,19971.7,2748.3,457.2,75889.8,1.44,35.4,60,8.5,14.9,24.2,1,0,0.976,49.97,1.14,53882.0
2026-04-09 12:00:00,IN-DC-025,Chennai,53417.7,19806.8,2775.1,529.5,76529.1,1.433,36.4,59,9.0,15.6,24.5,1,0,0.991,49.92,1.46,54336.0
2026-04-09 13:00:00,IN-DC-025,Chennai,53975.3,20820.4,2796.3,528.0,78119.9,1.447,36.6,59,8.9,15.8,24.6,1,0,0.981,49.99,1.36,55465.0
2026-04-09 14:00:00,IN-DC-025,Chennai,54335.1,21385.5,2809.9,509.0,79039.5,1.455,38.8,61,8.8,15.7,24.2,1,0,0.985,50.06,1.44,56118.0
2026-04-09 15:00:00,IN-DC-025,Chennai,54864.4,21514.7,2830.0,590.3,79799.5,1.454,39.0,62,8.6,15.0,24.7,1,0,0.962,50.0,1.48,56658.0
2026-04-09 16:00:00,IN-DC-025,Chennai,54556.7,20847.6,2818.4,355.6,78578.2,1.44,38.1,62,8.9,15.6,24.1,1,0,0.974,49.97,1.24,55791.0
2026-04-09 17:00:00,IN-DC-025,Chennai,55948.3,21079.9,2871.2,491.6,80391.0,1.437,37.1,55,9.0,15.6,23.9,1,0,0.972,50.03,1.28,57078.0
2026-04-09 18:00:00,IN-DC-025,Chennai,56942.4,21268.4,2909.0,501.9,81621.6,1.433,36.6,61,9.1,16.1,24.2,1,0,0.962,50.01,1.38,57951.0
2026-04-09 19:00:00,IN-DC-025,Chennai,56365.6,20745.7,2887.1,547.4,80545.7,1.429,36.5,62,8.4,15.2,25.0,1,0,0.973,50.02,1.3,57187.0
2026-04-09 20:00:00,IN-DC-025,Chennai,56819.5,22041.0,2904.3,477.6,82242.5,1.447,35.5,75,8.7,15.8,24.0,1,0,0.974,50.05,1.3,58392.0
2026-04-09 21:00:00,IN-DC-025,Chennai,56129.3,20813.0,2878.1,618.4,80438.8,1.433,32.7,73,8.3,15.1,23.7,1,0,0.989,49.96,1.05,57112.0
2026-04-09 22:00:00,IN-DC-025,Chennai,56689.0,21050.3,2899.4,502.9,81141.5,1.431,33.7,71,8.6,15.4,23.8,1,0,0.988,49.99,1.21,57610.0
2026-04-09 23:00:00,IN-DC-025,Chennai,56808.3,20604.7,2903.9,535.3,80852.2,1.423,31.8,73,8.7,16.1,23.3,1,0,0.972,50.08,1.08,57405.0
2026-04-10 00:00:00,IN-DC-025,Chennai,56310.1,20568.9,2885.0,428.3,80192.2,1.424,31.6,74,8.4,15.3,24.1,1,0,0.986,50.05,1.12,56936.0
2026-04-10 01:00:00,IN-DC-025,Chennai,55552.0,20079.4,2856.2,625.4,79113.0,1.424,30.2,82,8.4,15.2,24.1,1,0,0.984,50.0,1.02,56170.0
2026-04-10 02:00:00,IN-DC-025,Chennai,54802.9,19419.8,2827.7,484.0,77534.4,1.415,29.3,80,8.6,15.1,24.2,1,0,0.971,49.93,1.05,55049.0
2026-04-10 03:00:00,IN-DC-025,Chennai,54828.8,18718.4,2828.7,542.6,76918.4,1.403,29.4,71,8.1,15.2,24.0,1,0,0.991,50.05,0.95,54612.0
2026-04-10 04:00:00,IN-DC-025,Chennai,54626.1,19495.3,2821.0,515.9,77458.3,1.418,29.9,80,8.4,15.0,23.7,1,0,0.979,50.02,0.98,54995.0
2026-04-10 05:00:00,IN-DC-025,Chennai,53866.2,19666.8,2792.1,437.5,76762.6,1.425,30.1,84,8.7,15.2,23.9,1,0,0.97,49.91,0.99,54501.0
2026-04-10 06:00:00,IN-DC-025,Chennai,53627.0,19777.7,2783.0,506.7,76694.4,1.43,31.0,77,8.8,15.4,23.4,1,0,0.987,50.05,1.12,54453.0
2026-04-10 07:00:00,IN-DC-025,Chennai,54170.2,20610.5,2803.7,562.1,78146.6,1.443,31.2,89,8.5,15.2,23.9,1,0,0.99,49.94,0.99,55484.0
2026-04-10 08:00:00,IN-DC-025,Chennai,54090.0,20093.7,2800.6,452.6,77436.9,1.432,33.0,73,8.5,15.1,24.0,1,0,0.973,49.98,1.05,54980.0
2026-04-10 09:00:00,IN-DC-025,Chennai,53695.4,19866.8,2785.6,537.8,76885.7,1.432,34.0,74,9.0,15.8,24.2,1,0,0.978,50.07,1.17,54589.0
2026-04-10 10:00:00,IN-DC-025,Chennai,54307.5,20856.3,2808.9,624.4,78597.1,1.447,35.6,69,8.5,15.6,24.1,1,0,0.988,49.99,1.26,55804.0
2026-04-10 11:00:00,IN-DC-025,Chennai,54045.8,20063.2,2798.9,573.0,77480.8,1.434,35.4,65,8.7,15.6,24.0,1,0,0.976,50.0,1.27,55011.0
2026-04-10 12:00:00,IN-DC-025,Chennai,55495.1,20914.3,2854.0,600.1,79863.5,1.439,36.4,58,8.3,15.3,24.3,1,0,0.988,50.01,1.28,56703.0
2026-04-10 13:00:00,IN-DC-025,Chennai,55078.3,21206.7,2838.2,556.6,79679.7,1.447,37.6,58,8.8,15.5,24.8,1,0,0.977,50.05,1.34,56573.0
2026-04-10 14:00:00,IN-DC-025,Chennai,55372.3,21472.3,2849.3,435.1,80129.1,1.447,37.9,60,8.6,15.7,24.7,1,0,0.985,50.02,1.46,56892.0
2026-04-10 15:00:00,IN-DC-025,Chennai,56721.7,22146.7,2900.6,470.0,82239.0,1.45,38.0,59,8.7,16.3,24.1,1,0,0.976,50.04,1.46,58390.0
2026-04-10 16:00:00,IN-DC-025,Chennai,56338.3,21761.0,2886.1,617.7,81603.1,1.448,37.8,49,8.6,15.5,24.5,1,0,0.99,50.09,1.23,57938.0
2026-04-10 17:00:00,IN-DC-025,Chennai,58039.9,22364.6,2950.7,479.4,83834.6,1.444,37.9,61,9.1,16.1,24.7,1,0,0.981,50.0,1.5,59523.0
2026-04-10 18:00:00,IN-DC-025,Chennai,58328.5,22541.6,2961.7,451.4,84283.2,1.445,37.5,64,9.0,16.4,24.3,1,0,0.976,50.06,1.28,59841.0
2026-04-10 19:00:00,IN-DC-025,Chennai,57971.4,21285.5,2948.1,436.0,82641.0,1.426,35.8,60,8.6,15.9,23.7,1,0,0.972,49.98,1.29,58675.0
2026-04-10 20:00:00,IN-DC-025,Chennai,58264.7,21665.3,2959.3,587.2,83476.5,1.433,35.2,67,8.9,16.1,23.6,1,0,0.979,49.99,1.37,59268.0
2026-04-10 21:00:00,IN-DC-025,Chennai,58653.7,22198.4,2974.0,521.2,84347.3,1.438,34.3,75,8.4,15.7,24.3,1,0,0.968,49.99,1.28,59887.0
2026-04-10 22:00:00,IN-DC-025,Chennai,58674.1,21175.8,2974.8,387.5,83212.3,1.418,32.0,69,8.8,16.3,24.2,1,0,0.968,49.92,1.11,59081.0
2026-04-10 23:00:00,IN-DC-025,Chennai,58283.4,21438.4,2960.0,567.7,83249.5,1.428,31.8,76,8.4,15.4,24.6,1,0,0.961,50.1,1.16,59107.0
2026-04-11 00:00:00,IN-DC-025,Chennai,56369.6,20031.4,2887.2,457.8,79746.0,1.415,30.0,79,8.6,15.7,23.7,1,0,0.976,49.99,0.9,56620.0
2026-04-11 01:00:00,IN-DC-025,Chennai,55075.6,20175.5,2838.1,483.9,78573.1,1.427,31.1,79,8.7,15.8,24.1,1,0,0.979,49.98,1.09,55787.0
2026-04-11 02:00:00,IN-DC-025,Chennai,55484.4,20456.1,2853.6,534.3,79328.4,1.43,30.4,81,8.4,15.6,23.9,1,0,0.968,50.03,1.05,56323.0
2026-04-11 03:00:00,IN-DC-025,Chennai,54843.0,20411.6,2829.2,450.2,78534.0,1.432,30.1,83,8.2,15.5,24.0,1,0,0.985,50.04,1.1,55759.0
2026-04-11 04:00:00,IN-DC-025,Chennai,54187.1,20573.4,2804.3,416.9,77981.8,1.439,29.8,88,8.4,15.0,24.8,1,0,0.987,49.99,0.99,55367.0
2026-04-11 05:00:00,IN-DC-025,Chennai,54668.3,19235.4,2822.6,451.6,77177.9,1.412,29.3,81,8.6,15.5,24.4,1,0,0.979,49.99,0.91,54796.0
2026-04-11 06:00:00,IN-DC-025,Chennai,53654.5,19777.8,2784.1,399.4,76615.8,1.428,31.4,77,8.5,15.3,24.0,1,0,0.978,50.01,1.23,54397.0
2026-04-11 07:00:00,IN-DC-025,Chennai,53577.7,19514.0,2781.2,416.5,76289.3,1.424,32.7,73,8.5,15.3,24.2,1,0,0.971,50.04,1.19,54165.0
2026-04-11 08:00:00,IN-DC-025,Chennai,53871.8,20206.6,2792.3,569.7,77440.3,1.437,33.1,74,8.8,15.9,24.5,1,0,0.969,49.95,1.17,54983.0
2026-04-11 09:00:00,IN-DC-025,Chennai,53677.1,19340.8,2784.9,588.2,76391.0,1.423,33.2,66,9.0,16.2,24.5,1,0,0.966,49.98,1.17,54238.0
2026-04-11 10:00:00,IN-DC-025,Chennai,53954.2,20530.4,2795.5,609.0,77889.0,1.444,35.4,69,9.0,15.5,23.9,1,0,0.98,49.93,1.31,55301.0
2026-04-11 11:00:00,IN-DC-025,Chennai,54714.7,20387.6,2824.4,493.3,78420.0,1.433,35.6,62,8.2,15.2,24.0,1,0,0.985,50.04,1.28,55678.0
2026-04-11 12:00:00,IN-DC-025,Chennai,54806.2,21100.7,2827.8,476.0,79210.7,1.445,36.7,63,8.9,15.8,24.2,1,0,0.976,50.0,1.37,56240.0
2026-04-11 13:00:00,IN-DC-025,Chennai,55936.1,21335.9,2870.8,375.7,80518.4,1.439,37.6,59,8.6,15.5,24.5,1,0,0.985,50.0,1.32,57168.0
2026-04-11 14:00:00,IN-DC-025,Chennai,56473.9,21553.9,2891.2,524.7,81443.7,1.442,38.1,59,9.1,16.4,24.3,1,0,0.966,50.02,1.38,57825.0
2026-04-11 15:00:00,IN-DC-025,Chennai,55826.4,21528.0,2866.6,414.7,80635.7,1.444,37.6,56,8.7,15.5,24.6,1,0,0.963,49.92,1.54,57251.0
2026-04-11 16:00:00,IN-DC-025,Chennai,57359.7,21611.1,2924.9,554.2,82449.9,1.437,37.5,57,8.7,16.2,24.5,1,0,0.978,50.0,1.24,58539.0
2026-04-11 17:00:00,IN-DC-025,Chennai,57269.0,22413.5,2921.4,596.9,83200.8,1.453,37.9,64,9.0,15.9,24.5,1,0,0.979,49.95,1.39,59073.0
2026-04-11 18:00:00,IN-DC-025,Chennai,58123.0,21746.4,2953.9,518.1,83341.3,1.434,36.6,60,8.5,15.7,24.6,1,0,0.992,50.06,1.21,59172.0
2026-04-11 19:00:00,IN-DC-025,Chennai,58210.5,21873.6,2957.2,382.2,83423.4,1.433,35.6,63,8.7,16.2,24.0,1,0,0.974,50.13,1.33,59231.0
2026-04-11 20:00:00,IN-DC-025,Chennai,58770.3,21837.7,2978.5,447.4,84033.9,1.43,34.7,68,8.9,15.9,24.0,1,0,0.976,49.97,1.35,59664.0
2026-04-11 21:00:00,IN-DC-025,Chennai,58676.1,21509.3,2974.9,599.8,83760.1,1.427,34.1,66,8.9,16.0,24.2,1,0,0.968,50.06,1.13,59470.0
2026-04-11 22:00:00,IN-DC-025,Chennai,57917.0,21233.0,2946.0,511.8,82607.9,1.426,33.1,72,8.5,15.7,24.0,1,0,0.97,49.96,1.12,58652.0
2026-04-11 23:00:00,IN-DC-025,Chennai,57485.6,21214.8,2929.7,427.7,82057.6,1.427,32.5,76,8.5,15.7,24.3,1,0,0.977,50.08,1.1,58261.0
2026-04-12 00:00:00,IN-DC-025,Chennai,57634.7,20659.0,2935.3,316.0,81545.0,1.415,31.5,71,8.9,15.9,25.3,1,0,0.958,50.08,1.12,57897.0
2026-04-12 01:00:00,IN-DC-025,Chennai,57896.1,21008.1,2945.3,535.8,82385.4,1.423,30.3,82,8.8,15.9,23.5,1,0,0.97,49.97,1.1,58494.0
2026-04-12 02:00:00,IN-DC-025,Chennai,56970.5,20215.5,2910.1,461.9,80558.0,1.414,30.0,79,8.6,15.7,24.0,1,0,0.97,50.05,0.96,57196.0
2026-04-12 03:00:00,IN-DC-025,Chennai,55950.0,19584.7,2871.3,590.8,78996.7,1.412,29.2,78,8.6,15.8,24.1,1,0,0.966,49.93,1.0,56088.0
2026-04-12 04:00:00,IN-DC-025,Chennai,55482.5,19902.7,2853.5,457.3,78696.1,1.418,29.6,83,8.6,15.2,24.0,1,0,0.965,49.97,0.99,55874.0
2026-04-12 05:00:00,IN-DC-025,Chennai,56086.7,20335.3,2876.5,476.4,79774.8,1.422,31.4,79,8.4,15.0,24.5,1,0,0.971,49.97,1.04,56640.0
2026-04-12 06:00:00,IN-DC-025,Chennai,54464.7,20256.6,2814.9,545.4,78081.5,1.434,30.9,83,8.7,15.7,24.2,1,0,0.97,50.06,0.99,55438.0
2026-04-12 07:00:00,IN-DC-025,Chennai,54623.6,18820.1,2820.9,463.0,76727.6,1.405,30.8,74,8.7,15.5,24.2,1,0,0.993,50.04,1.15,54477.0
2026-04-12 08:00:00,IN-DC-025,Chennai,55260.8,20786.5,2845.1,400.3,79292.7,1.435,32.8,75,8.5,15.3,23.6,1,0,0.976,49.99,1.25,56298.0
2026-04-12 09:00:00,IN-DC-025,Chennai,54765.6,20225.8,2826.3,452.0,78269.8,1.429,33.7,69,8.4,15.3,23.7,1,0,0.984,49.94,1.23,55572.0
2026-04-12 10:00:00,IN-DC-025,Chennai,55412.6,20778.4,2850.9,496.3,79538.2,1.435,34.8,64,8.6,15.6,23.6,1,0,0.978,50.01,1.26,56472.0
2026-04-12 11:00:00,IN-DC-025,Chennai,55374.9,21324.3,2849.4,397.4,79946.0,1.444,36.4,65,9.0,16.1,23.9,1,0,0.974,49.97,1.14,56762.0
2026-04-12 12:00:00,IN-DC-025,Chennai,56817.2,21284.8,2904.3,496.7,81503.0,1.434,35.6,61,8.6,15.7,24.0,1,0,0.968,50.02,1.32,57867.0
2026-04-12 13:00:00,IN-DC-025,Chennai,57541.4,21981.4,2931.8,533.9,82988.5,1.442,37.7,53,8.8,15.9,24.5,1,0,0.969,49.99,1.44,58922.0
2026-04-12 14:00:00,IN-DC-025,Chennai,56997.2,21901.2,2911.1,350.8,82160.3,1.441,38.0,58,8.8,16.2,24.2,1,0,0.973,49.98,1.3,58334.0
2026-04-12 15:00:00,IN-DC-025,Chennai,57435.7,22599.7,2927.8,574.6,83537.7,1.454,37.5,64,8.7,16.0,24.6,1,0,0.975,49.98,1.35,59312.0
2026-04-12 16:00:00,IN-DC-025,Chennai,58514.4,22796.8,2968.7,451.2,84731.1,1.448,37.4,66,8.6,16.0,24.1,1,0,0.982,49.99,1.53,60159.0
2026-04-12 17:00:00,IN-DC-025,Chennai,58737.0,22390.2,2977.2,536.9,84641.3,1.441,37.0,61,8.3,15.8,23.7,1,0,0.973,49.92,1.39,60095.0
2026-04-12 18:00:00,IN-DC-025,Chennai,59444.4,22348.5,3004.1,416.9,85213.9,1.434,36.3,64,8.9,16.1,24.1,1,0,0.98,50.03,1.27,60502.0
2026-04-12 19:00:00,IN-DC-025,Chennai,60036.8,22513.0,3026.6,455.7,86032.1,1.433,36.0,65,8.7,15.9,25.0,1,0,0.965,50.02,1.39,61083.0
2026-04-12 20:00:00,IN-DC-025,Chennai,60058.1,22347.7,3027.4,505.1,85938.3,1.431,34.9,62,9.2,16.8,23.9,1,0,0.972,50.09,1.23,61016.0
2026-04-12 21:00:00,IN-DC-025,Chennai,60237.0,21067.5,3034.2,624.8,84963.5,1.41,32.9,59,8.8,16.4,23.7,1,0,0.964,49.98,1.23,60324.0
2026-04-12 22:00:00,IN-DC-025,Chennai,60237.0,22366.3,3034.2,483.4,86120.9,1.43,32.4,78,8.6,15.9,24.1,1,0,0.979,50.02,1.17,61146.0
2026-04-12 23:00:00,IN-DC-025,Chennai,60237.0,21529.3,3034.2,451.0,85251.5,1.415,31.3,75,8.6,16.2,24.0,1,0,0.975,49.98,1.06,60529.0
2026-04-13 00:00:00,IN-DC-025,Chennai,60237.0,21923.8,3034.2,547.0,85742.0,1.423,30.6,81,8.5,15.7,23.4,1,0,0.974,49.96,1.0,60877.0
2026-04-13 01:00:00,IN-DC-025,Chennai,60237.0,21769.7,3034.2,403.8,85444.7,1.418,30.5,79,8.5,15.7,23.9,1,0,0.978,50.04,1.0,60666.0
2026-04-13 02:00:00,IN-DC-025,Chennai,59774.3,21387.3,3016.6,545.8,84724.1,1.417,30.1,78,8.6,16.0,24.3,1,0,0.977,49.96,0.98,60154.0
2026-04-13 03:00:00,IN-DC-025,Chennai,59673.8,22090.6,3012.8,451.1,85228.3,1.428,29.2,88,8.5,15.5,23.8,1,0,0.969,50.11,0.93,60512.0
2026-04-13 04:00:00,IN-DC-025,Chennai,58440.2,20620.0,2965.9,449.0,82475.1,1.411,29.5,74,8.5,15.8,23.8,1,0,0.962,49.98,0.92,58557.0
2026-04-13 05:00:00,IN-DC-025,Chennai,58659.5,21147.2,2974.3,428.6,83209.5,1.419,29.5,82,8.3,15.3,24.1,1,0,0.966,49.98,1.03,59079.0
2026-04-13 06:00:00,IN-DC-025,Chennai,58809.9,21281.6,2980.0,564.5,83635.9,1.422,30.0,83,8.0,15.8,23.6,1,0,0.971,50.01,0.9,59381.0
2026-04-13 07:00:00,IN-DC-025,Chennai,58659.1,21542.8,2974.2,526.9,83703.1,1.427,31.3,79,8.8,16.1,23.8,1,0,0.972,50.0,1.23,59429.0
2026-04-13 08:00:00,IN-DC-025,Chennai,57466.8,20629.5,2928.9,554.2,81579.5,1.42,31.9,68,8.5,15.4,23.8,1,0,0.98,50.12,1.05,57921.0
2026-04-13 09:00:00,IN-DC-025,Chennai,57735.6,20967.3,2939.2,416.6,82058.6,1.421,33.5,68,8.6,15.5,24.2,1,0,0.984,49.93,1.1,58262.0
2026-04-13 10:00:00,IN-DC-025,Chennai,57186.4,21293.3,2918.3,410.5,81808.4,1.431,34.9,68,9.0,15.9,24.2,1,0,0.975,50.02,1.16,58084.0
2026-04-13 11:00:00,IN-DC-025,Chennai,58960.2,21439.9,2985.7,510.1,83895.9,1.423,35.1,63,8.5,15.9,24.3,1,0,0.975,49.95,1.39,59566.0
2026-04-13 12:00:00,IN-DC-025,Chennai,59805.3,22810.1,3017.8,514.5,86147.7,1.44,37.0,65,8.9,16.0,24.3,1,0,0.981,49.93,1.36,61165.0
2026-04-13 13:00:00,IN-DC-025,Chennai,59230.2,22519.2,2995.9,487.0,85232.4,1.439,36.8,63,8.6,15.8,24.2,1,0,0.979,50.13,1.37,60515.0
2026-04-13 14:00:00,IN-DC-025,Chennai,60237.0,22991.3,3034.2,374.1,86636.6,1.438,37.5,63,9.0,16.5,24.2,1,0,0.961,50.01,1.42,61512.0
2026-04-13 15:00:00,IN-DC-025,Chennai,60237.0,22814.7,3034.2,391.2,86477.1,1.436,38.2,61,8.8,16.5,24.9,1,0,0.96,50.06,1.42,61399.0
2026-04-13 16:00:00,IN-DC-025,Chennai,60237.0,23040.0,3034.2,566.7,86877.9,1.442,38.1,55,8.9,16.1,24.2,1,0,0.97,50.1,1.44,61683.0
2026-04-13 17:00:00,IN-DC-025,Chennai,60237.0,22602.5,3034.2,524.8,86398.5,1.434,36.7,55,8.6,16.3,24.9,1,0,0.968,49.95,1.34,61343.0
2026-04-13 18:00:00,IN-DC-025,Chennai,60237.0,22321.2,3034.2,543.4,86135.8,1.43,36.1,62,8.7,15.7,24.2,1,0,0.957,49.99,1.38,61156.0
2026-04-13 19:00:00,IN-DC-025,Chennai,60237.0,22514.5,3034.2,497.4,86283.1,1.432,35.2,62,8.2,15.9,24.8,1,0,0.968,50.06,1.14,61261.0
2026-04-13 20:00:00,IN-DC-025,Chennai,60237.0,22743.6,3034.2,479.6,86494.4,1.436,35.6,72,8.6,16.0,24.8,1,0,0.975,49.96,1.31,61411.0
2026-04-13 21:00:00,IN-DC-025,Chennai,60237.0,21890.2,3034.2,516.9,85678.3,1.422,33.3,72,8.5,15.7,24.2,1,0,0.977,50.02,1.16,60832.0
2026-04-13 22:00:00,IN-DC-025,Chennai,60237.0,22440.2,3034.2,468.6,86180.1,1.431,33.1,80,9.1,16.1,23.7,1,0,0.978,49.99,1.17,61188.0
2026-04-13 23:00:00,IN-DC-025,Chennai,60237.0,21704.1,3034.2,495.6,85470.9,1.419,31.3,78,8.7,16.1,24.2,1,0,0.992,49.87,1.05,60684.0
2026-04-14 00:00:00,IN-DC-025,Chennai,60237.0,21533.5,3034.2,544.8,85349.5,1.417,30.6,79,8.5,15.9,24.3,1,0,0.974,50.1,0.94,60598.0
2026-04-14 01:00:00,IN-DC-025,Chennai,60237.0,21972.8,3034.2,403.1,85647.1,1.422,29.7,85,8.7,15.8,24.1,1,0,0.978,50.01,0.97,60809.0
2026-04-14 02:00:00,IN-DC-025,Chennai,60237.0,21251.3,3034.2,526.1,85048.6,1.412,29.2,79,8.4,15.9,23.8,1,0,0.966,49.99,1.07,60384.0
2026-04-14 03:00:00,IN-DC-025,Chennai,60237.0,21228.1,3034.2,532.4,85031.7,1.412,28.7,82,8.3,15.4,24.3,1,0,0.988,50.04,0.98,60372.0
2026-04-14 04:00:00,IN-DC-025,Chennai,59485.3,21501.2,3005.6,475.2,84467.4,1.42,30.3,78,8.6,15.6,23.4,1,0,0.984,50.03,1.03,59972.0
2026-04-14 05:00:00,IN-DC-025,Chennai,59765.3,21245.9,3016.3,470.2,84497.7,1.414,29.8,85,8.7,16.2,24.6,1,0,0.975,50.0,0.87,59993.0
2026-04-14 06:00:00,IN-DC-025,Chennai,58861.1,21636.7,2981.9,505.3,83985.1,1.427,31.4,77,8.7,16.1,24.1,1,0,0.974,50.07,1.07,59629.0
2026-04-14 07:00:00,IN-DC-025,Chennai,58699.2,21365.4,2975.8,526.2,83566.5,1.424,31.1,76,8.7,16.0,24.6,1,0,0.975,50.12,1.07,59332.0
2026-04-14 08:00:00,IN-DC-025,Chennai,59790.7,21368.3,3017.2,556.6,84732.8,1.417,32.4,71,8.5,16.2,24.4,1,0,0.977,49.98,1.23,60160.0
2026-04-14 09:00:00,IN-DC-025,Chennai,60157.4,21174.0,3031.2,571.7,84934.3,1.412,32.8,62,8.5,16.4,24.1,1,0,0.972,49.94,1.17,60303.0
2026-04-14 10:00:00,IN-DC-025,Chennai,59299.0,22019.7,2998.6,486.2,84803.4,1.43,34.5,67,8.5,15.8,23.4,1,0,0.971,50.03,1.21,60210.0
2026-04-14 11:00:00,IN-DC-025,Chennai,60237.0,22279.6,3034.2,537.8,86088.6,1.429,35.9,61,9.0,16.4,24.2,1,0,0.981,49.93,1.44,61123.0
2026-04-14 12:00:00,IN-DC-025,Chennai,60187.5,23339.3,3032.3,533.6,87092.7,1.447,36.7,66,8.7,16.2,24.0,1,0,0.985,50.01,1.32,61836.0
2026-04-14 13:00:00,IN-DC-025,Chennai,60237.0,23002.5,3034.2,560.1,86833.9,1.442,37.0,66,8.8,16.3,24.0,1,0,0.969,49.99,1.35,61652.0
2026-04-14 14:00:00,IN-DC-025,Chennai,60237.0,22781.7,3034.2,518.7,86571.6,1.437,37.5,61,8.6,16.1,24.7,1,0,0.983,49.98,1.26,61466.0
2026-04-14 15:00:00,IN-DC-025,Chennai,60237.0,22623.2,3034.2,539.5,86433.8,1.435,36.9,53,9.2,16.3,24.2,1,0,0.98,50.0,1.42,61368.0
2026-04-14 16:00:00,IN-DC-025,Chennai,60237.0,22717.0,3034.2,437.2,86425.4,1.435,37.3,61,8.6,16.0,24.6,1,0,0.973,49.94,1.29,61362.0
2026-04-14 17:00:00,IN-DC-025,Chennai,60237.0,22761.8,3034.2,380.3,86413.3,1.435,37.2,55,8.8,16.2,24.3,1,0,0.98,49.9,1.26,61353.0
2026-04-14 18:00:00,IN-DC-025,Chennai,60237.0,23135.2,3034.2,534.9,86941.4,1.443,37.0,60,8.9,15.8,24.1,1,0,0.979,50.03,1.24,61728.0
2026-04-14 19:00:00,IN-DC-025,Chennai,60237.0,22568.5,3034.2,571.4,86411.1,1.435,35.9,67,8.4,15.8,23.5,1,0,0.964,49.97,1.36,61352.0
2026-04-14 20:00:00,IN-DC-025,Chennai,60237.0,21858.1,3034.2,495.2,85624.5,1.421,33.9,57,8.7,16.0,23.8,1,0,0.973,50.03,1.14,60793.0
2026-04-14 21:00:00,IN-DC-025,Chennai,60237.0,22633.8,3034.2,440.2,86345.2,1.433,33.6,74,9.1,16.5,23.9,1,0,0.975,50.07,1.19,61305.0
2026-04-14 22:00:00,IN-DC-025,Chennai,60237.0,21397.0,3034.2,546.3,85214.6,1.415,31.6,74,8.4,15.3,24.3,1,0,0.97,50.08,1.09,60502.0
2026-04-14 23:00:00,IN-DC-025,Chennai,60237.0,21956.8,3034.2,569.7,85797.7,1.424,31.7,74,8.5,15.5,24.0,1,0,0.984,50.11,1.11,60916.0
2026-04-15 00:00:00,IN-DC-025,Chennai,60237.0,21603.5,3034.2,478.9,85353.6,1.417,30.7,77,8.3,15.5,24.3,1,0,0.968,50.0,0.96,60601.0
2026-04-15 01:00:00,IN-DC-025,Chennai,60237.0,20626.2,3034.2,581.8,84479.2,1.402,29.8,69,8.3,15.6,24.5,1,0,0.968,49.99,0.92,59980.0
2026-04-15 02:00:00,IN-DC-025,Chennai,60237.0,20919.7,3034.2,472.2,84663.1,1.405,28.9,80,8.7,16.3,24.1,1,0,0.984,50.0,0.88,60111.0
2026-04-15 03:00:00,IN-DC-025,Chennai,60237.0,21885.3,3034.2,442.1,85598.5,1.421,29.7,80,8.4,15.6,24.1,1,0,0.982,49.93,1.01,60775.0
2026-04-15 04:00:00,IN-DC-025,Chennai,60237.0,21117.8,3034.2,467.8,84856.8,1.409,28.9,76,8.4,16.0,23.5,1,0,0.968,49.98,0.95,60248.0
2026-04-15 05:00:00,IN-DC-025,Chennai,60237.0,21771.7,3034.2,554.2,85597.1,1.421,30.4,78,8.4,15.4,24.0,1,0,0.973,50.0,1.12,60774.0
2026-04-15 06:00:00,IN-DC-025,Chennai,60237.0,21243.1,3034.2,470.2,84984.5,1.411,30.7,76,8.6,16.3,24.1,1,0,0.976,50.03,1.09,60339.0
2026-04-15 07:00:00,IN-DC-025,Chennai,60237.0,21385.4,3034.2,583.6,85240.1,1.415,31.0,76,8.4,15.8,23.7,1,0,0.962,49.97,1.08,60521.0
2026-04-15 08:00:00,IN-DC-025,Chennai,60196.5,21146.2,3032.7,484.1,84859.5,1.41,31.2,72,8.4,15.9,23.9,1,0,0.972,49.92,0.95,60250.0
2026-04-15 09:00:00,IN-DC-025,Chennai,60237.0,22418.1,3034.2,372.1,86061.4,1.429,33.7,72,8.8,16.4,24.6,1,0,0.976,49.97,1.02,61104.0
2026-04-15 10:00:00,IN-DC-025,Chennai,60237.0,21919.2,3034.2,549.1,85739.5,1.423,34.3,63,8.7,16.0,23.7,1,0,0.967,49.98,1.44,60875.0
2026-04-15 11:00:00,IN-DC-025,Chennai,60237.0,22128.7,3034.2,512.8,85912.7,1.426,35.1,57,8.3,15.8,24.2,1,0,0.984,49.92,1.3,60998.0
2026-04-15 12:00:00,IN-DC-025,Chennai,60237.0,22914.5,3034.2,484.0,86669.6,1.439,36.6,61,9.1,16.6,24.3,1,0,0.976,50.01,1.28,61535.0
2026-04-15 13:00:00,IN-DC-025,Chennai,60237.0,22583.4,3034.2,416.0,86270.6,1.432,36.4,53,9.2,16.5,24.3,1,0,0.985,49.97,1.23,61252.0
2026-04-15 14:00:00,IN-DC-025,Chennai,60237.0,22968.7,3034.2,445.3,86685.3,1.439,37.3,56,8.8,16.1,24.7,1,0,0.971,50.04,1.38,61547.0
2026-04-15 15:00:00,IN-DC-025,Chennai,60237.0,23002.9,3034.2,545.6,86819.7,1.441,38.5,57,8.9,16.1,25.2,1,0,0.981,49.98,1.43,61642.0
2026-04-15 16:00:00,IN-DC-025,Chennai,60237.0,23066.7,3034.2,437.0,86774.9,1.441,37.1,69,8.8,16.2,24.2,1,0,0.971,49.95,1.35,61610.0
2026-04-15 17:00:00,IN-DC-025,Chennai,60237.0,23019.0,3034.2,439.2,86729.5,1.44,37.6,58,9.1,16.6,24.5,1,0,0.97,50.01,1.14,61578.0
2026-04-15 18:00:00,IN-DC-025,Chennai,60237.0,22065.5,3034.2,547.3,85884.0,1.426,36.1,54,8.6,16.0,24.5,1,0,0.981,49.91,1.36,60978.0
2026-04-15 19:00:00,IN-DC-025,Chennai,60237.0,21751.4,3034.2,492.2,85514.8,1.42,35.7,58,8.5,15.9,23.7,1,0,0.965,49.97,1.24,60716.0
2026-04-15 20:00:00,IN-DC-025,Chennai,60237.0,22286.6,3034.2,435.1,85992.9,1.428,33.9,69,8.7,16.1,23.6,1,0,0.975,50.02,1.2,61055.0
2026-04-15 21:00:00,IN-DC-025,Chennai,60237.0,22846.1,3034.2,453.8,86571.1,1.437,34.0,73,8.6,15.9,23.8,1,0,0.967,49.95,1.09,61465.0
2026-04-15 22:00:00,IN-DC-025,Chennai,60237.0,22053.1,3034.2,523.6,85847.9,1.425,31.6,75,8.7,15.9,24.1,1,0,0.979,50.07,0.98,60952.0
2026-04-15 23:00:00,IN-DC-025,Chennai,60237.0,22138.8,3034.2,512.2,85922.2,1.426,32.5,74,8.4,15.9,24.6,1,0,0.964,49.93,1.08,61005.0
2026-04-16 00:00:00,IN-DC-025,Chennai,60237.0,22027.7,3034.2,482.4,85781.3,1.424,30.9,82,8.7,15.9,24.1,1,0,0.977,50.02,1.15,60905.0
2026-04-16 01:00:00,IN-DC-025,Chennai,60237.0,21271.1,3034.2,595.7,85138.0,1.413,30.0,78,8.5,16.0,24.2,1,0,0.975,50.07,0.9,60448.0
2026-04-16 02:00:00,IN-DC-025,Chennai,60237.0,21404.4,3034.2,459.8,85135.4,1.413,29.4,84,8.6,15.8,24.3,1,0,0.973,50.03,0.88,60446.0
2026-04-16 03:00:00,IN-DC-025,Chennai,60237.0,21235.2,3034.2,537.9,85044.3,1.412,28.7,85,8.5,16.4,23.7,1,0,0.988,50.01,0.87,60381.0
2026-04-16 04:00:00,IN-DC-025,Chennai,60237.0,21363.2,3034.2,474.6,85109.1,1.413,30.0,76,8.2,15.7,24.3,1,0,0.958,49.96,1.07,60427.0
2026-04-16 05:00:00,IN-DC-025,Chennai,60237.0,22064.2,3034.2,493.4,85828.8,1.425,29.8,84,8.5,15.7,23.9,1,0,0.967,49.92,0.99,60938.0
2026-04-16 06:00:00,IN-DC-025,Chennai,60237.0,21518.1,3034.2,521.3,85310.6,1.416,30.4,79,8.5,16.1,23.8,1,0,0.971,49.96,1.01,60571.0
2026-04-16 07:00:00,IN-DC-025,Chennai,60237.0,21783.6,3034.2,466.0,85520.8,1.42,30.8,76,8.2,15.5,24.5,1,0,0.981,49.98,0.93,60720.0
2026-04-16 08:00:00,IN-DC-025,Chennai,60237.0,22503.5,3034.2,528.9,86303.7,1.433,32.9,74,8.6,16.0,24.5,1,0,0.981,50.01,1.17,61276.0
2026-04-16 09:00:00,IN-DC-025,Chennai,60237.0,21368.8,3034.2,599.5,85239.6,1.415,32.4,68,8.5,16.2,24.2,1,0,0.982,49.89,1.16,60520.0
2026-04-16 10:00:00,IN-DC-025,Chennai,60237.0,22055.7,3034.2,433.7,85760.5,1.424,33.7,70,8.8,16.2,24.0,1,0,0.97,49.98,1.12,60890.0
2026-04-16 11:00:00,IN-DC-025,Chennai,60237.0,22355.7,3034.2,524.2,86151.1,1.43,36.1,68,8.8,16.2,24.5,1,0,0.975,50.01,1.26,61167.0
2026-04-16 12:00:00,IN-DC-025,Chennai,60237.0,22132.5,3034.2,558.9,85962.6,1.427,34.5,66,8.8,16.2,24.0,1,0,0.968,50.13,1.27,61033.0
2026-04-16 13:00:00,IN-DC-025,Chennai,60237.0,22324.1,3034.2,535.8,86131.1,1.43,36.4,57,8.6,15.9,24.5,1,0,0.964,50.07,1.46,61153.0
2026-04-16 14:00:00,IN-DC-025,Chennai,60237.0,22990.3,3034.2,503.2,86764.7,1.44,37.5,58,8.5,15.9,24.2,1,0,0.994,49.99,1.41,61603.0
2026-04-16 15:00:00,IN-DC-025,Chennai,60237.0,23085.4,3034.2,424.9,86781.5,1.441,37.6,59,8.8,15.7,24.5,1,0,0.98,49.94,1.38,61615.0
2026-04-16 16:00:00,IN-DC-025,Chennai,60237.0,22380.5,3034.2,535.0,86186.6,1.431,36.1,57,8.8,16.0,24.1,1,0,0.977,50.03,1.33,61193.0
2026-04-16 17:00:00,IN-DC-025,Chennai,60237.0,22490.6,3034.2,495.1,86256.8,1.432,36.9,59,9.0,16.3,24.3,1,0,0.975,50.05,1.39,61242.0
2026-04-16 18:00:00,IN-DC-025,Chennai,60237.0,22642.8,3034.2,321.4,86235.4,1.432,36.1,57,8.7,16.0,23.7,1,0,0.967,50.0,1.32,61227.0
2026-04-16 19:00:00,IN-DC-025,Chennai,60237.0,22693.1,3034.2,492.1,86456.4,1.435,35.6,65,9.1,16.3,24.4,1,0,0.962,50.07,1.5,61384.0
2026-04-16 20:00:00,IN-DC-025,Chennai,60237.0,23252.7,3034.2,464.0,86988.0,1.444,35.1,71,8.8,16.0,24.2,1,0,0.965,49.98,1.23,61761.0
2026-04-16 21:00:00,IN-DC-025,Chennai,60237.0,22374.0,3034.2,430.7,86075.9,1.429,32.9,71,8.6,16.0,24.2,1,0,0.987,49.88,1.2,61114.0
2026-04-16 22:00:00,IN-DC-025,Chennai,60237.0,22134.5,3034.2,598.6,86004.3,1.428,32.4,76,8.9,16.1,24.4,1,0,0.964,50.02,1.17,61063.0
2026-04-16 23:00:00,IN-DC-025,Chennai,60237.0,21810.6,3034.2,568.1,85649.9,1.422,32.2,76,8.5,16.0,23.9,1,0,0.98,49.95,1.08,60811.0
2026-04-17 00:00:00,IN-DC-025,Chennai,60237.0,21045.2,3034.2,551.9,84868.3,1.409,30.0,82,8.3,16.0,24.0,1,0,0.97,50.08,1.06,60257.0
2026-04-17 01:00:00,IN-DC-025,Chennai,60237.0,21641.8,3034.2,441.1,85354.1,1.417,30.3,81,8.4,16.0,24.5,1,0,0.971,49.99,0.99,60601.0
2026-04-17 02:00:00,IN-DC-025,Chennai,60237.0,22125.9,3034.2,606.0,86003.1,1.428,30.2,85,8.4,16.0,23.8,1,0,0.971,49.99,1.01,61062.0
2026-04-17 03:00:00,IN-DC-025,Chennai,60237.0,20827.7,3034.2,612.2,84711.1,1.406,28.9,81,7.8,15.4,23.9,1,0,0.979,50.02,0.93,60145.0
2026-04-17 04:00:00,IN-DC-025,Chennai,60237.0,21673.6,3034.2,529.6,85474.4,1.419,29.6,83,8.8,16.3,23.8,1,0,0.979,50.02,0.86,60687.0
2026-04-17 05:00:00,IN-DC-025,Chennai,60237.0,22045.4,3034.2,487.1,85803.7,1.424,29.6,85,8.5,15.7,24.1,1,0,0.972,50.02,1.04,60921.0
2026-04-17 06:00:00,IN-DC-025,Chennai,60237.0,21963.4,3034.2,390.7,85625.3,1.421,30.3,80,8.8,16.1,24.8,1,0,0.969,49.88,0.91,60794.0
2026-04-17 07:00:00,IN-DC-025,Chennai,60237.0,21673.2,3034.2,491.4,85435.8,1.418,32.3,70,8.6,15.9,23.8,1,0,0.99,50.02,1.11,60659.0
2026-04-17 08:00:00,IN-DC-025,Chennai,60237.0,21770.9,3034.2,435.2,85477.4,1.419,32.3,67,8.8,15.9,23.7,1,0,0.98,50.03,1.08,60689.0
2026-04-17 09:00:00,IN-DC-025,Chennai,60237.0,21649.5,3034.2,439.7,85360.4,1.417,32.8,61,8.6,15.9,23.9,1,0,0.96,49.98,1.2,60606.0
2026-04-17 10:00:00,IN-DC-025,Chennai,60237.0,22404.7,3034.2,504.7,86180.6,1.431,34.6,71,8.8,15.9,24.1,1,0,0.989,49.99,1.17,61188.0
2026-04-17 11:00:00,IN-DC-025,Chennai,60237.0,22621.2,3034.2,500.3,86392.7,1.434,35.2,64,8.7,16.1,24.4,1,0,0.984,49.96,1.26,61339.0
2026-04-17 12:00:00,IN-DC-025,Chennai,60237.0,22693.1,3034.2,547.4,86511.8,1.436,37.1,62,9.0,16.6,24.4,1,0,0.979,49.96,1.35,61423.0
2026-04-17 13:00:00,IN-DC-025,Chennai,60237.0,22704.0,3034.2,463.5,86438.7,1.435,36.8,47,8.9,16.1,24.1,1,0,0.977,49.97,1.3,61372.0
2026-04-17 14:00:00,IN-DC-025,Chennai,60237.0,22832.6,3034.2,435.1,86538.9,1.437,36.8,59,8.9,16.1,24.2,1,0,0.953,49.96,1.28,61443.0
2026-04-17 15:00:00,IN-DC-025,Chennai,60237.0,22756.6,3034.2,555.8,86583.7,1.437,36.6,65,8.6,16.1,24.4,1,0,0.98,49.96,1.2,61474.0
2026-04-17 16:00:00,IN-DC-025,Chennai,60237.0,22818.1,3034.2,520.8,86610.1,1.438,36.3,63,8.8,16.2,23.7,1,0,0.976,50.08,1.27,61493.0
2026-04-17 17:00:00,IN-DC-025,Chennai,60237.0,22511.6,3034.2,489.9,86272.7,1.432,35.7,60,8.5,16.2,24.3,1,0,0.977,50.04,1.34,61254.0
2026-04-17 18:00:00,IN-DC-025,Chennai,60237.0,22751.5,3034.2,411.7,86434.4,1.435,36.0,60,8.7,16.1,23.7,1,0,0.971,50.01,1.49,61368.0
2026-04-17 19:00:00,IN-DC-025,Chennai,60237.0,22675.5,3034.2,611.9,86558.6,1.437,35.1,70,8.2,15.7,24.2,1,0,0.971,49.98,1.19,61457.0
2026-04-17 20:00:00,IN-DC-025,Chennai,60237.0,21927.5,3034.2,416.6,85615.2,1.421,33.9,66,8.7,16.0,23.8,1,0,0.968,50.0,1.37,60787.0
2026-04-17 21:00:00,IN-DC-025,Chennai,60237.0,21929.7,3034.2,540.7,85741.6,1.423,32.9,71,8.5,16.2,23.5,1,0,0.968,50.01,1.23,60877.0
2026-04-17 22:00:00,IN-DC-025,Chennai,60237.0,22278.7,3034.2,516.0,86065.9,1.429,32.4,74,8.7,16.1,24.1,1,0,0.981,50.09,1.22,61107.0
2026-04-17 23:00:00,IN-DC-025,Chennai,60237.0,22043.0,3034.2,610.6,85924.8,1.426,31.5,80,8.8,16.3,24.8,1,0,0.964,50.0,1.11,61007.0
2026-04-18 00:00:00,IN-DC-025,Chennai,60237.0,21914.0,3034.2,495.5,85680.7,1.422,30.4,81,8.5,16.1,23.5,1,0,0.98,49.97,0.99,60833.0
2026-04-18 01:00:00,IN-DC-025,Chennai,60237.0,21677.4,3034.2,404.6,85353.2,1.417,29.7,83,8.6,15.8,24.4,1,0,0.964,50.01,1.07,60601.0
2026-04-18 02:00:00,IN-DC-025,Chennai,60237.0,21679.2,3034.2,458.0,85408.4,1.418,29.2,82,8.1,15.5,24.3,1,0,0.974,50.04,1.01,60640.0
2026-04-18 03:00:00,IN-DC-025,Chennai,60237.0,21101.0,3034.2,421.7,84793.9,1.408,28.3,84,8.9,16.1,23.8,1,0,0.977,49.97,0.96,60204.0
2026-04-18 04:00:00,IN-DC-025,Chennai,60237.0,21330.3,3034.2,499.5,85100.9,1.413,29.2,81,8.5,16.0,24.5,1,0,0.986,50.05,0.94,60422.0
2026-04-18 05:00:00,IN-DC-025,Chennai,60237.0,21026.5,3034.2,427.4,84725.2,1.407,28.9,81,8.4,15.8,24.0,1,0,0.988,50.06,1.03,60155.0
2026-04-18 06:00:00,IN-DC-025,Chennai,60237.0,21160.0,3034.2,584.9,85016.1,1.411,30.2,76,8.5,15.9,23.8,1,0,0.972,49.95,0.98,60361.0
2026-04-18 07:00:00,IN-DC-025,Chennai,60237.0,21479.5,3034.2,556.4,85307.0,1.416,30.5,76,8.2,15.6,23.8,1,0,0.959,49.97,1.0,60568.0
2026-04-18 08:00:00,IN-DC-025,Chennai,60237.0,21052.1,3034.2,580.7,84904.0,1.409,31.9,70,8.5,15.8,23.8,1,0,0.976,50.0,1.16,60282.0
2026-04-18 09:00:00,IN-DC-025,Chennai,60237.0,21559.4,3034.2,515.9,85346.5,1.417,32.8,64,8.8,16.3,24.1,1,0,0.98,49.94,1.11,60596.0
2026-04-18 10:00:00,IN-DC-025,Chennai,60237.0,21727.8,3034.2,451.2,85450.3,1.419,33.1,70,8.6,16.0,24.8,1,0,0.971,49.99,1.15,60670.0
2026-04-18 11:00:00,IN-DC-025,Chennai,60237.0,22210.4,3034.2,407.0,85888.6,1.426,35.3,58,9.0,16.5,23.8,1,0,0.975,49.94,1.07,60981.0
2026-04-18 12:00:00,IN-DC-025,Chennai,60237.0,22539.5,3034.2,491.8,86302.5,1.433,36.3,60,8.8,16.2,24.2,1,0,0.969,49.98,1.39,61275.0
2026-04-18 13:00:00,IN-DC-025,Chennai,60237.0,23099.1,3034.2,487.4,86857.7,1.442,36.6,67,8.9,16.4,24.6,1,0,0.978,49.99,1.28,61669.0
2026-04-18 14:00:00,IN-DC-025,Chennai,60237.0,22464.2,3034.2,539.1,86274.5,1.432,36.7,61,8.7,15.7,24.5,1,0,0.967,49.95,1.44,61255.0
2026-04-18 15:00:00,IN-DC-025,Chennai,60237.0,22984.2,3034.2,431.8,86687.1,1.439,36.7,62,8.7,16.2,24.5,1,0,0.967,50.02,1.47,61548.0
2026-04-18 16:00:00,IN-DC-025,Chennai,60237.0,22545.8,3034.2,426.0,86243.0,1.432,36.7,53,8.7,16.0,24.4,1,0,0.973,49.98,1.33,61233.0
2026-04-18 17:00:00,IN-DC-025,Chennai,60237.0,23041.6,3034.2,520.7,86833.6,1.442,36.9,58,8.8,16.2,23.7,1,0,0.971,50.01,1.43,61652.0
2026-04-18 18:00:00,IN-DC-025,Chennai,60237.0,22296.7,3034.2,494.9,86062.8,1.429,35.7,58,8.9,16.6,24.1,1,0,0.976,49.94,1.29,61105.0
2026-04-18 19:00:00,IN-DC-025,Chennai,60237.0,22125.6,3034.2,427.6,85824.4,1.425,35.4,63,8.6,16.3,24.3,1,0,0.987,49.92,1.26,60935.0
2026-04-18 20:00:00,IN-DC-025,Chennai,60237.0,21301.4,3034.2,448.2,85020.8,1.411,33.7,64,8.4,15.7,24.3,1,0,0.964,50.04,1.27,60365.0
2026-04-18 21:00:00,IN-DC-025,Chennai,60237.0,22560.8,3034.2,542.8,86374.7,1.434,33.4,72,8.6,16.1,23.8,1,0,0.98,50.03,1.1,61326.0
2026-04-18 22:00:00,IN-DC-025,Chennai,60237.0,21828.1,3034.2,494.1,85593.4,1.421,32.4,73,8.4,15.8,23.3,1,0,0.964,49.95,1.07,60771.0
2026-04-18 23:00:00,IN-DC-025,Chennai,60237.0,21756.2,3034.2,530.9,85558.3,1.42,31.6,73,8.4,15.9,24.2,1,0,0.961,49.98,1.01,60746.0
2026-04-19 00:00:00,IN-DC-025,Chennai,60237.0,22504.1,3034.2,523.5,86298.8,1.433,31.3,83,8.1,15.3,23.4,1,0,0.974,50.0,1.03,61272.0
2026-04-19 01:00:00,IN-DC-025,Chennai,60237.0,21241.1,3034.2,470.8,84983.1,1.411,29.8,77,8.7,16.0,23.8,1,0,0.971,50.03,1.02,60338.0
2026-04-19 02:00:00,IN-DC-025,Chennai,60237.0,22940.5,3034.2,558.6,86770.3,1.44,30.7,89,8.1,15.3,24.2,1,0,0.962,50.1,1.03,61607.0
2026-04-19 03:00:00,IN-DC-025,Chennai,60237.0,20862.1,3034.2,506.4,84639.7,1.405,28.5,81,8.1,15.5,23.2,0,1,0.983,50.01,0.89,60094.0
2026-04-19 04:00:00,IN-DC-025,Chennai,60237.0,20846.7,3034.2,450.3,84568.2,1.404,28.3,80,8.6,16.1,24.2,0,1,0.977,50.01,1.0,60043.0
2026-04-19 05:00:00,IN-DC-025,Chennai,60237.0,21801.7,3034.2,416.5,85489.4,1.419,29.8,86,8.6,15.7,24.3,1,0,0.982,50.01,1.04,60697.0
2026-04-19 06:00:00,IN-DC-025,Chennai,60237.0,21430.9,3034.2,470.7,85172.9,1.414,31.0,76,8.3,15.3,23.2,1,0,0.978,49.99,1.12,60473.0
2026-04-19 07:00:00,IN-DC-025,Chennai,60237.0,21568.2,3034.2,507.3,85346.7,1.417,31.3,80,8.4,15.6,23.8,1,0,0.995,50.01,1.11,60596.0
2026-04-19 08:00:00,IN-DC-025,Chennai,60237.0,22031.8,3034.2,436.5,85739.5,1.423,33.4,71,8.6,16.2,23.9,1,0,0.984,49.87,1.15,60875.0
2026-04-19 09:00:00,IN-DC-025,Chennai,60237.0,22014.8,3034.2,443.9,85729.9,1.423,33.8,70,9.2,16.8,24.3,1,0,0.974,49.94,1.18,60868.0
2026-04-19 10:00:00,IN-DC-025,Chennai,60237.0,21746.0,3034.2,478.3,85495.5,1.419,34.0,59,8.8,16.6,23.8,1,0,0.965,49.92,1.3,60702.0
2026-04-19 11:00:00,IN-DC-025,Chennai,60237.0,22431.4,3034.2,601.8,86304.4,1.433,34.8,69,8.9,16.4,23.7,1,0,0.971,50.09,1.22,61276.0
2026-04-19 12:00:00,IN-DC-025,Chennai,60237.0,22586.0,3034.2,404.2,86261.4,1.432,36.8,62,8.6,16.0,24.4,1,0,0.964,49.99,1.35,61246.0
2026-04-19 13:00:00,IN-DC-025,Chennai,60237.0,22810.5,3034.2,489.7,86571.5,1.437,36.7,68,8.9,16.1,24.3,1,0,0.967,50.06,1.36,61466.0
2026-04-19 14:00:00,IN-DC-025,Chennai,60237.0,22664.8,3034.2,605.9,86541.9,1.437,36.6,53,8.9,16.1,23.5,1,0,0.975,49.97,1.31,61445.0
2026-04-19 15:00:00,IN-DC-025,Chennai,60237.0,22138.6,3034.2,492.1,85902.0,1.426,36.8,56,8.6,15.8,24.5,1,0,0.972,49.93,1.31,60990.0
2026-04-19 16:00:00,IN-DC-025,Chennai,60237.0,22399.5,3034.2,508.0,86178.6,1.431,36.5,52,8.9,16.4,24.1,1,0,0.966,50.02,1.36,61187.0
2026-04-19 17:00:00,IN-DC-025,Chennai,60237.0,22482.1,3034.2,494.0,86247.4,1.432,35.9,55,9.1,16.4,24.4,1,0,0.967,49.96,1.45,61236.0
2026-04-19 18:00:00,IN-DC-025,Chennai,60237.0,23000.7,3034.2,558.6,86830.6,1.441,36.6,66,8.7,16.2,24.2,1,0,0.974,50.0,1.39,61650.0
2026-04-19 19:00:00,IN-DC-025,Chennai,60237.0,21930.4,3034.2,430.6,85632.2,1.422,35.4,62,8.5,15.6,23.3,1,0,0.982,49.95,1.36,60799.0
2026-04-19 20:00:00,IN-DC-025,Chennai,60237.0,22541.3,3034.2,490.7,86303.2,1.433,34.8,66,8.4,15.5,24.2,1,0,0.982,49.99,1.3,61275.0
2026-04-19 21:00:00,IN-DC-025,Chennai,60237.0,21926.3,3034.2,565.8,85763.3,1.424,33.3,68,8.6,15.9,24.5,1,0,0.974,50.0,1.13,60892.0
2026-04-19 22:00:00,IN-DC-025,Chennai,60237.0,22023.9,3034.2,533.6,85828.7,1.425,32.7,74,8.7,16.1,23.7,1,0,0.976,50.0,1.11,60938.0
2026-04-19 23:00:00,IN-DC-025,Chennai,60237.0,21402.1,3034.2,424.4,85097.7,1.413,30.7,73,8.2,15.8,24.4,1,0,0.964,49.98,1.05,60419.0
2026-04-20 00:00:00,IN-DC-025,Chennai,60237.0,20948.6,3034.2,530.0,84749.8,1.407,30.7,70,8.3,15.5,24.1,1,0,0.977,50.08,0.97,60172.0
2026-04-20 01:00:00,IN-DC-025,Chennai,60237.0,21575.6,3034.2,512.6,85359.4,1.417,29.6,81,8.3,15.6,23.9,1,0,0.983,49.98,0.94,60605.0
2026-04-20 02:00:00,IN-DC-025,Chennai,60237.0,21474.2,3034.2,512.1,85257.6,1.415,28.7,82,8.4,16.1,24.7,1,0,0.966,50.01,1.09,60533.0
2026-04-20 03:00:00,IN-DC-025,Chennai,60237.0,21762.2,3034.2,462.8,85496.2,1.419,29.0,85,8.5,15.8,23.4,1,0,0.979,49.95,0.84,60702.0
2026-04-20 04:00:00,IN-DC-025,Chennai,60237.0,21391.9,3034.2,525.8,85188.9,1.414,29.2,87,8.6,16.1,23.9,1,0,0.979,50.02,0.98,60484.0
2026-04-20 05:00:00,IN-DC-025,Chennai,60237.0,20819.1,3034.2,559.6,84650.0,1.405,28.5,76,8.4,15.9,23.7,1,0,0.968,50.01,0.95,60101.0
2026-04-20 06:00:00,IN-DC-025,Chennai,60237.0,21314.8,3034.2,495.7,85081.7,1.412,31.1,76,8.2,15.9,24.6,1,0,0.963,50.02,1.01,60408.0
2026-04-20 07:00:00,IN-DC-025,Chennai,60237.0,21985.5,3034.2,347.9,85604.7,1.421,31.7,76,8.6,15.7,24.3,1,0,0.987,50.0,1.24,60779.0
2026-04-20 08:00:00,IN-DC-025,Chennai,60237.0,22325.0,3034.2,494.5,86090.7,1.429,32.0,78,8.3,15.9,23.6,1,0,0.985,50.06,1.16,61124.0
2026-04-20 09:00:00,IN-DC-025,Chennai,60237.0,21828.2,3034.2,519.7,85619.1,1.421,32.8,69,8.5,15.8,23.6,1,0,0.964,50.04,1.1,60790.0
2026-04-20 10:00:00,IN-DC-025,Chennai,60237.0,22428.0,3034.2,590.5,86289.7,1.433,34.7,66,8.7,16.3,23.8,1,0,0.963,50.14,1.26,61266.0
2026-04-20 11:00:00,IN-DC-025,Chennai,60237.0,22464.1,3034.2,528.6,86263.8,1.432,35.7,64,8.9,16.2,24.8,1,0,0.984,49.93,1.38,61247.0
2026-04-20 12:00:00,IN-DC-025,Chennai,60237.0,22279.4,3034.2,487.8,86038.5,1.428,35.5,65,8.4,15.8,24.2,1,0,0.986,50.02,1.32,61087.0
2026-04-20 13:00:00,IN-DC-025,Chennai,60237.0,22392.8,3034.2,534.5,86198.5,1.431,35.9,54,9.1,16.4,23.3,1,0,0.991,50.01,1.31,61201.0
2026-04-20 14:00:00,IN-DC-025,Chennai,60237.0,23266.3,3034.2,498.2,87035.7,1.445,37.7,62,8.6,16.2,23.3,1,0,0.988,49.95,1.43,61795.0
2026-04-20 15:00:00,IN-DC-025,Chennai,60237.0,22857.2,3034.2,514.0,86642.4,1.438,37.5,59,8.6,16.0,23.7,1,0,0.979,50.05,1.4,61516.0
2026-04-20 16:00:00,IN-DC-025,Chennai,60237.0,22783.9,3034.2,473.1,86528.2,1.436,37.4,62,8.6,15.9,24.3,1,0,0.974,49.97,1.38,61435.0
2026-04-20 17:00:00,IN-DC-025,Chennai,60237.0,22360.5,3034.2,442.1,86073.9,1.429,36.0,62,9.1,16.6,23.8,1,0,0.988,50.04,1.24,61112.0
2026-04-20 18:00:00,IN-DC-025,Chennai,60237.0,22116.1,3034.2,464.8,85852.1,1.425,35.9,52,8.9,16.3,24.4,1,0,0.977,49.98,1.14,60955.0
2026-04-20 19:00:00,IN-DC-025,Chennai,60237.0,22957.3,3034.2,452.7,86681.3,1.439,36.0,68,8.6,15.8,24.0,1,0,0.985,49.96,1.31,61544.0
2026-04-20 20:00:00,IN-DC-025,Chennai,60237.0,22463.2,3034.2,485.2,86219.5,1.431,34.3,71,8.6,15.8,24.1,1,0,0.974,50.02,1.19,61216.0
2026-04-20 21:00:00,IN-DC-025,Chennai,60237.0,22253.7,3034.2,414.2,85939.1,1.427,32.9,74,9.0,16.3,23.8,1,0,0.973,50.07,1.18,61017.0
2026-04-20 22:00:00,IN-DC-025,Chennai,60237.0,21204.6,3034.2,479.7,84955.5,1.41,32.2,66,9.0,16.3,24.7,1,0,0.969,49.91,1.16,60318.0
2026-04-20 23:00:00,IN-DC-025,Chennai,60237.0,21582.4,3034.2,590.2,85443.8,1.418,31.0,73,8.6,15.9,23.2,1,0,0.967,49.98,1.15,60665.0
2026-04-21 00:00:00,IN-DC-025,Chennai,60237.0,21838.9,3034.2,488.3,85598.5,1.421,30.9,82,8.6,16.0,24.2,1,0,0.978,50.06,0.97,60775.0
2026-04-21 01:00:00,IN-DC-025,Chennai,60237.0,20233.3,3034.2,531.7,84036.1,1.395,28.1,77,8.6,16.4,24.5,1,0,0.971,49.96,0.9,59666.0
2026-04-21 02:00:00,IN-DC-025,Chennai,60237.0,20428.9,3034.2,511.9,84212.1,1.398,29.8,66,8.5,15.6,24.5,1,0,0.964,50.05,0.99,59791.0
2026-04-21 03:00:00,IN-DC-025,Chennai,60237.0,21550.5,3034.2,574.9,85396.6,1.418,29.7,81,8.8,16.1,24.3,1,0,0.989,49.94,1.14,60632.0
2026-04-21 04:00:00,IN-DC-025,Chennai,60237.0,20902.7,3034.2,487.7,84661.5,1.405,29.2,78,8.5,16.0,24.1,1,0,0.981,49.87,1.1,60110.0
2026-04-21 05:00:00,IN-DC-025,Chennai,60237.0,21098.0,3034.2,488.8,84858.0,1.409,29.5,76,8.4,16.1,23.9,1,0,0.964,49.96,1.14,60249.0
2026-04-21 06:00:00,IN-DC-025,Chennai,60237.0,21678.7,3034.2,373.5,85323.4,1.416,31.1,76,8.6,16.2,24.5,1,0,0.983,50.01,1.12,60580.0
2026-04-21 07:00:00,IN-DC-025,Chennai,60237.0,21161.7,3034.2,466.1,84899.0,1.409,31.4,69,8.9,16.6,24.6,1,0,0.975,49.98,1.03,60278.0
2026-04-21 08:00:00,IN-DC-025,Chennai,60237.0,21800.4,3034.2,455.4,85527.0,1.42,32.3,75,8.8,16.0,24.3,1,0,0.971,49.99,1.08,60724.0
2026-04-21 09:00:00,IN-DC-025,Chennai,60237.0,21572.5,3034.2,646.1,85489.8,1.419,32.9,66,8.6,16.1,24.2,1,0,0.97,49.97,1.03,60698.0
2026-04-21 10:00:00,IN-DC-025,Chennai,60237.0,22135.6,3034.2,445.2,85852.0,1.425,33.0,72,8.8,16.2,24.0,1,0,0.981,50.08,1.17,60955.0
2026-04-21 11:00:00,IN-DC-025,Chennai,60237.0,22145.5,3034.2,396.0,85812.7,1.425,34.5,65,8.8,16.2,24.0,1,0,0.982,50.06,1.16,60927.0
2026-04-21 12:00:00,IN-DC-025,Chennai,60237.0,22309.2,3034.2,618.8,86199.2,1.431,35.5,60,8.7,15.6,24.3,1,0,0.98,49.98,1.28,61201.0
2026-04-21 13:00:00,IN-DC-025,Chennai,60237.0,23474.1,3034.2,554.7,87300.0,1.449,36.6,69,8.7,16.6,24.3,1,0,0.987,50.03,1.46,61983.0
2026-04-21 14:00:00,IN-DC-025,Chennai,60237.0,23049.7,3034.2,422.5,86743.4,1.44,37.1,63,8.8,15.7,24.0,1,0,0.973,50.01,1.34,61588.0
2026-04-21 15:00:00,IN-DC-025,Chennai,60237.0,22947.0,3034.2,478.8,86697.1,1.439,36.6,64,8.9,15.9,24.5,1,0,0.963,49.98,1.42,61555.0
2026-04-21 16:00:00,IN-DC-025,Chennai,60237.0,22283.0,3034.2,436.4,85990.6,1.428,37.1,62,8.8,16.3,23.7,1,0,0.972,49.95,1.38,61053.0
2026-04-21 17:00:00,IN-DC-025,Chennai,60237.0,23198.6,3034.2,524.4,86994.2,1.444,37.3,60,8.9,16.2,24.3,1,0,0.978,49.95,1.38,61766.0
2026-04-21 18:00:00,IN-DC-025,Chennai,60237.0,22844.0,3034.2,434.8,86549.9,1.437,36.2,65,8.8,16.3,24.1,1,0,0.974,49.96,1.24,61450.0
2026-04-21 19:00:00,IN-DC-025,Chennai,60237.0,22525.0,3034.2,464.5,86260.7,1.432,35.6,68,8.4,16.0,24.3,1,0,0.973,50.0,1.26,61245.0
2026-04-21 20:00:00,IN-DC-025,Chennai,60237.0,22072.2,3034.2,466.2,85809.6,1.425,35.0,65,8.5,15.7,24.3,1,0,0.99,50.13,1.17,60925.0
2026-04-21 21:00:00,IN-DC-025,Chennai,60237.0,22316.6,3034.2,492.2,86080.0,1.429,34.0,68,8.6,16.0,23.4,1,0,0.971,49.98,1.13,61117.0
2026-04-21 22:00:00,IN-DC-025,Chennai,60237.0,21506.4,3034.2,536.6,85314.2,1.416,32.6,69,8.6,16.2,24.7,1,0,0.976,50.02,1.09,60573.0
2026-04-21 23:00:00,IN-DC-025,Chennai,60237.0,21287.2,3034.2,478.0,85036.4,1.412,30.7,68,8.4,15.6,24.1,1,0,0.966,49.94,0.97,60376.0
2026-04-22 00:00:00,IN-DC-025,Chennai,60237.0,21637.1,3034.2,496.4,85404.7,1.418,31.2,82,8.4,15.6,23.7,1,0,0.98,50.0,1.05,60637.0
2026-04-22 01:00:00,IN-DC-025,Chennai,60237.0,21814.5,3034.2,524.9,85610.6,1.421,30.1,82,8.6,15.8,24.1,1,0,0.978,49.98,0.9,60784.0
2026-04-22 02:00:00,IN-DC-025,Chennai,60237.0,20920.0,3034.2,584.9,84776.1,1.407,29.3,80,8.5,16.0,24.1,1,0,0.981,50.0,1.03,60191.0
2026-04-22 03:00:00,IN-DC-025,Chennai,60237.0,21267.8,3034.2,598.1,85137.1,1.413,29.5,81,8.5,15.7,24.3,1,0,0.973,50.01,0.95,60447.0
2026-04-22 04:00:00,IN-DC-025,Chennai,60237.0,21006.9,3034.2,564.6,84842.7,1.408,29.8,77,8.6,16.1,24.1,1,0,0.994,50.03,0.99,60238.0
2026-04-22 05:00:00,IN-DC-025,Chennai,60237.0,21753.6,3034.2,506.8,85531.5,1.42,30.1,82,8.6,16.5,24.0,1,0,0.986,49.96,0.96,60727.0
2026-04-22 06:00:00,IN-DC-025,Chennai,60237.0,22378.6,3034.2,568.6,86218.5,1.431,30.6,90,8.2,15.6,24.1,1,0,0.968,49.95,1.05,61215.0
2026-04-22 07:00:00,IN-DC-025,Chennai,60237.0,21719.8,3034.2,517.5,85508.5,1.42,31.2,73,8.8,16.0,24.1,1,0,0.972,50.06,1.1,60711.0
2026-04-22 08:00:00,IN-DC-025,Chennai,60237.0,21645.1,3034.2,349.5,85265.8,1.416,31.9,74,8.7,16.2,24.4,1,0,0.977,49.93,1.0,60539.0
2026-04-22 09:00:00,IN-DC-025,Chennai,60237.0,22455.6,3034.2,490.2,86217.0,1.431,34.2,69,8.8,16.1,24.7,1,0,0.965,49.98,1.28,61214.0
2026-04-22 10:00:00,IN-DC-025,Chennai,60237.0,22924.7,3034.2,395.1,86591.0,1.438,35.1,71,9.0,16.5,24.2,1,0,0.973,49.86,1.31,61480.0
2026-04-22 11:00:00,IN-DC-025,Chennai,60237.0,22717.4,3034.2,522.0,86510.6,1.436,35.9,68,8.7,16.1,24.0,1,0,0.981,50.05,1.43,61423.0
2026-04-22 12:00:00,IN-DC-025,Chennai,60237.0,22827.1,3034.2,559.5,86657.8,1.439,36.6,66,8.8,16.2,24.5,1,0,0.992,50.05,1.27,61527.0
2026-04-22 13:00:00,IN-DC-025,Chennai,60237.0,22395.4,3034.2,552.3,86218.9,1.431,37.0,56,8.8,16.2,24.1,1,0,0.977,50.02,1.32,61215.0
2026-04-22 14:00:00,IN-DC-025,Chennai,60237.0,22644.8,3034.2,571.7,86487.7,1.436,37.6,61,8.6,15.9,24.9,1,0,0.966,49.96,1.33,61406.0
2026-04-22 15:00:00,IN-DC-025,Chennai,60237.0,22636.6,3034.2,502.7,86410.5,1.435,37.3,62,8.9,16.5,24.1,1,0,0.973,50.08,1.52,61351.0
2026-04-22 16:00:00,IN-DC-025,Chennai,60237.0,22504.5,3034.2,525.7,86301.4,1.433,37.1,52,8.5,15.6,23.9,1,0,0.973,49.98,1.35,61274.0
2026-04-22 17:00:00,IN-DC-025,Chennai,60237.0,23529.3,3034.2,467.1,87267.5,1.449,36.9,67,8.8,16.2,23.2,1,0,0.971,50.04,1.35,61960.0
2026-04-22 18:00:00,IN-DC-025,Chennai,60237.0,22721.6,3034.2,501.8,86494.6,1.436,37.1,61,8.6,15.9,24.3,1,0,0.981,50.05,1.46,61411.0
2026-04-22 19:00:00,IN-DC-025,Chennai,60237.0,22597.9,3034.2,465.7,86334.8,1.433,35.5,63,8.6,16.2,23.4,1,0,0.985,49.99,1.31,61298.0
2026-04-22 20:00:00,IN-DC-025,Chennai,60237.0,22579.5,3034.2,426.3,86277.0,1.432,34.0,73,8.5,15.8,23.8,1,0,0.984,50.09,1.2,61257.0
2026-04-22 21:00:00,IN-DC-025,Chennai,60237.0,21689.8,3034.2,446.2,85407.2,1.418,33.5,66,8.5,15.9,23.9,1,0,0.977,49.98,1.28,60639.0
2026-04-22 22:00:00,IN-DC-025,Chennai,60237.0,21331.0,3034.2,589.6,85191.8,1.414,31.5,75,8.7,16.3,23.9,1,0,0.971,50.04,1.09,60486.0
2026-04-22 23:00:00,IN-DC-025,Chennai,60237.0,22127.6,3034.2,502.9,85901.7,1.426,31.6,77,8.5,15.8,23.7,1,0,0.971,49.97,1.19,60990.0
2026-04-23 00:00:00,IN-DC-025,Chennai,60237.0,21179.5,3034.2,458.0,84908.8,1.41,30.1,74,8.1,15.7,23.7,1,0,0.977,50.03,1.04,60285.0
2026-04-23 01:00:00,IN-DC-025,Chennai,60237.0,21900.3,3034.2,552.7,85724.3,1.423,29.6,80,8.4,15.8,23.6,1,0,0.972,49.95,0.89,60864.0
2026-04-23 02:00:00,IN-DC-025,Chennai,60237.0,21184.4,3034.2,574.5,85030.1,1.412,29.0,74,8.2,15.5,24.2,1,0,0.974,50.04,0.98,60371.0
2026-04-23 03:00:00,IN-DC-025,Chennai,60237.0,21214.8,3034.2,530.6,85016.5,1.411,28.6,84,8.6,15.9,25.0,1,0,0.984,50.03,1.03,60362.0
2026-04-23 04:00:00,IN-DC-025,Chennai,60237.0,21775.0,3034.2,512.2,85558.4,1.42,29.7,88,8.4,15.7,23.7,1,0,0.964,50.03,0.98,60746.0
2026-04-23 05:00:00,IN-DC-025,Chennai,60237.0,21505.0,3034.2,499.9,85276.2,1.416,29.7,82,8.7,16.6,24.1,1,0,0.992,49.93,1.05,60546.0
2026-04-23 06:00:00,IN-DC-025,Chennai,60237.0,22134.4,3034.2,535.5,85941.1,1.427,31.1,80,8.9,16.2,23.5,1,0,0.98,49.97,1.09,61018.0
2026-04-23 07:00:00,IN-DC-025,Chennai,60237.0,21189.3,3034.2,413.5,84873.9,1.409,30.6,76,8.9,16.2,23.8,1,0,0.987,50.07,1.06,60260.0
2026-04-23 08:00:00,IN-DC-025,Chennai,60237.0,21646.3,3034.2,535.5,85453.0,1.419,32.3,67,8.8,16.2,24.5,1,0,0.966,50.01,1.04,60672.0
2026-04-23 09:00:00,IN-DC-025,Chennai,60237.0,21619.6,3034.2,486.4,85377.2,1.417,33.2,69,8.5,15.9,23.4,1,0,0.977,50.0,1.28,60618.0
2026-04-23 10:00:00,IN-DC-025,Chennai,60237.0,22372.4,3034.2,443.9,86087.6,1.429,34.5,72,8.7,15.8,23.8,1,0,0.97,49.99,1.22,61122.0
2026-04-23 11:00:00,IN-DC-025,Chennai,60237.0,21757.6,3034.2,489.3,85518.2,1.42,35.2,63,8.7,15.8,24.0,1,0,0.976,50.06,1.18,60718.0
2026-04-23 12:00:00,IN-DC-025,Chennai,60237.0,22847.0,3034.2,359.1,86477.3,1.436,36.8,58,8.8,16.2,24.8,1,0,0.975,49.97,1.23,61399.0
2026-04-23 13:00:00,IN-DC-025,Chennai,60237.0,22634.5,3034.2,488.3,86394.1,1.434,36.4,47,8.9,16.3,24.5,1,0,0.968,49.96,1.33,61340.0
2026-04-23 14:00:00,IN-DC-025,Chennai,60237.0,22251.6,3034.2,463.4,85986.3,1.427,36.2,55,8.7,16.2,24.2,1,0,0.968,50.06,1.34,61050.0
2026-04-23 15:00:00,IN-DC-025,Chennai,60237.0,23273.1,3034.2,606.4,87150.7,1.447,37.7,66,9.1,16.7,24.8,1,0,0.967,50.02,1.4,61877.0
2026-04-23 16:00:00,IN-DC-025,Chennai,60237.0,23112.0,3034.2,476.7,86860.0,1.442,37.6,59,8.8,16.2,24.1,1,0,0.973,49.94,1.3,61671.0
2026-04-23 17:00:00,IN-DC-025,Chennai,60237.0,22284.0,3034.2,443.0,85998.2,1.428,36.7,58,9.1,16.2,24.6,1,0,0.984,49.95,1.43,61059.0
2026-04-23 18:00:00,IN-DC-025,Chennai,60237.0,21971.0,3034.2,434.7,85676.9,1.422,35.3,63,8.8,16.5,23.8,1,0,0.979,50.0,1.15,60831.0
2026-04-23 19:00:00,IN-DC-025,Chennai,60237.0,22444.6,3034.2,490.0,86205.8,1.431,36.0,67,8.9,16.5,24.1,1,0,0.986,49.95,1.23,61206.0
2026-04-23 20:00:00,IN-DC-025,Chennai,60237.0,22375.2,3034.2,443.3,86089.7,1.429,33.5,75,8.7,16.2,24.1,1,0,0.98,49.95,1.12,61124.0
2026-04-23 21:00:00,IN-DC-025,Chennai,60237.0,22266.6,3034.2,504.0,86041.8,1.428,33.4,70,8.5,15.7,23.7,1,0,0.972,49.95,1.26,61090.0
2026-04-23 22:00:00,IN-DC-025,Chennai,60237.0,22219.6,3034.2,439.2,85930.1,1.427,32.6,78,8.7,16.5,24.3,0,1,0.981,49.89,1.1,61010.0
2026-04-23 23:00:00,IN-DC-025,Chennai,60237.0,22044.9,3034.2,541.0,85857.2,1.425,31.4,77,8.8,16.2,24.0,0,1,0.975,50.02,0.99,60959.0
2026-04-24 00:00:00,IN-DC-025,Chennai,60237.0,21368.1,3034.2,478.3,85117.5,1.413,30.9,75,8.3,15.9,24.0,1,0,0.981,50.08,1.02,60433.0
2026-04-24 01:00:00,IN-DC-025,Chennai,60237.0,21443.3,3034.2,362.6,85077.1,1.412,29.9,84,8.7,16.2,23.7,1,0,0.981,49.99,0.87,60405.0
2026-04-24 02:00:00,IN-DC-025,Chennai,60237.0,21881.6,3034.2,492.7,85645.6,1.422,29.8,83,8.5,15.5,23.5,1,0,0.98,50.11,0.94,60808.0
2026-04-24 03:00:00,IN-DC-025,Chennai,60237.0,20854.3,3034.2,509.2,84634.7,1.405,29.3,77,8.3,15.9,24.6,1,0,0.964,49.95,0.85,60091.0
2026-04-24 04:00:00,IN-DC-025,Chennai,60237.0,22040.8,3034.2,456.6,85768.6,1.424,29.7,88,8.5,15.8,24.8,1,0,0.97,50.06,1.06,60896.0
2026-04-24 05:00:00,IN-DC-025,Chennai,60237.0,21120.4,3034.2,517.8,84909.4,1.41,28.5,82,8.6,16.0,24.1,1,0,0.964,49.97,0.93,60286.0
2026-04-24 06:00:00,IN-DC-025,Chennai,60237.0,20982.9,3034.2,480.0,84734.1,1.407,29.9,74,8.6,15.5,23.9,1,0,0.981,49.94,0.87,60161.0
2026-04-24 07:00:00,IN-DC-025,Chennai,60237.0,21889.5,3034.2,531.9,85692.7,1.423,31.5,77,8.5,16.2,24.2,1,0,0.975,50.0,1.12,60842.0
2026-04-24 08:00:00,IN-DC-025,Chennai,60237.0,21978.5,3034.2,582.3,85832.0,1.425,32.8,71,8.7,15.9,24.1,1,0,0.978,50.08,1.24,60941.0
2026-04-24 09:00:00,IN-DC-025,Chennai,60237.0,21795.5,3034.2,508.5,85575.2,1.421,33.3,64,8.4,16.2,23.9,1,0,0.973,49.97,1.26,60758.0
2026-04-24 10:00:00,IN-DC-025,Chennai,60237.0,22502.5,3034.2,413.5,86187.1,1.431,34.7,64,8.6,16.0,23.9,1,0,0.978,49.94,1.25,61193.0
2026-04-24 11:00:00,IN-DC-025,Chennai,60237.0,21941.3,3034.2,441.9,85654.4,1.422,35.7,54,8.9,16.3,24.0,1,0,0.976,49.93,1.41,60815.0
2026-04-24 12:00:00,IN-DC-025,Chennai,60237.0,22928.0,3034.2,530.0,86729.2,1.44,36.0,63,8.8,16.3,24.1,1,0,0.991,50.12,1.35,61578.0
2026-04-24 13:00:00,IN-DC-025,Chennai,60237.0,22822.8,3034.2,570.5,86664.5,1.439,37.5,62,9.1,16.7,24.1,1,0,0.977,50.02,1.54,61532.0
2026-04-24 14:00:00,IN-DC-025,Chennai,60237.0,23058.3,3034.2,532.7,86862.2,1.442,37.5,63,8.9,15.9,24.5,1,0,0.975,49.97,1.41,61672.0
2026-04-24 15:00:00,IN-DC-025,Chennai,60237.0,22640.9,3034.2,458.9,86371.1,1.434,37.0,61,8.6,16.2,24.3,1,0,0.959,50.06,1.34,61323.0
2026-04-24 16:00:00,IN-DC-025,Chennai,60237.0,22735.3,3034.2,544.8,86551.3,1.437,36.8,57,8.6,15.7,24.1,1,0,0.965,50.04,1.19,61451.0
2026-04-24 17:00:00,IN-DC-025,Chennai,60237.0,23076.6,3034.2,494.7,86842.4,1.442,36.1,68,8.8,16.0,23.9,1,0,0.968,49.98,1.3,61658.0
2026-04-24 18:00:00,IN-DC-025,Chennai,60237.0,22048.4,3034.2,625.7,85945.3,1.427,36.1,61,8.8,16.0,24.2,1,0,0.978,49.93,1.38,61021.0
2026-04-24 19:00:00,IN-DC-025,Chennai,60237.0,22847.9,3034.2,620.3,86739.4,1.44,35.1,70,8.6,16.3,23.5,1,0,0.973,50.05,1.31,61585.0
2026-04-24 20:00:00,IN-DC-025,Chennai,60237.0,22020.6,3034.2,483.1,85774.8,1.424,34.5,67,8.5,15.8,23.3,1,0,0.976,50.05,1.22,60900.0
2026-04-24 21:00:00,IN-DC-025,Chennai,60237.0,22092.3,3034.2,453.2,85816.8,1.425,34.2,63,8.5,16.0,24.4,1,0,0.982,49.93,1.17,60930.0
2026-04-24 22:00:00,IN-DC-025,Chennai,60237.0,21841.8,3034.2,411.2,85524.2,1.42,31.4,78,8.9,16.3,24.3,1,0,0.991,50.0,1.17,60722.0
2026-04-24 23:00:00,IN-DC-025,Chennai,60237.0,21509.6,3034.2,577.8,85358.6,1.417,31.2,76,8.4,15.6,23.3,1,0,0.977,50.1,0.97,60605.0
2026-04-25 00:00:00,IN-DC-025,Chennai,60237.0,21100.6,3034.2,617.4,84989.1,1.411,29.9,76,8.4,16.0,24.4,1,0,0.978,50.02,1.04,60342.0
2026-04-25 01:00:00,IN-DC-025,Chennai,60237.0,21183.5,3034.2,312.8,84767.5,1.407,29.3,79,8.8,16.3,24.2,1,0,0.983,50.08,0.92,60185.0
2026-04-25 02:00:00,IN-DC-025,Chennai,60237.0,21107.0,3034.2,484.6,84862.8,1.409,29.2,75,8.4,15.7,23.6,1,0,0.987,50.01,0.93,60253.0
2026-04-25 03:00:00,IN-DC-025,Chennai,60237.0,21916.6,3034.2,512.6,85700.4,1.423,29.5,83,8.6,15.5,24.2,1,0,0.975,50.06,1.02,60847.0
2026-04-25 04:00:00,IN-DC-025,Chennai,60237.0,21681.4,3034.2,458.9,85411.6,1.418,30.1,82,8.9,16.1,23.8,1,0,0.973,49.98,1.06,60642.0
2026-04-25 05:00:00,IN-DC-025,Chennai,60237.0,21328.9,3034.2,483.1,85083.2,1.412,29.8,79,8.3,15.7,23.5,1,0,0.977,50.04,1.13,60409.0
2026-04-25 06:00:00,IN-DC-025,Chennai,60237.0,21759.9,3034.2,439.2,85470.3,1.419,30.4,85,8.4,16.3,24.0,1,0,0.985,49.94,0.92,60684.0
2026-04-25 07:00:00,IN-DC-025,Chennai,60237.0,20849.9,3034.2,512.3,84633.4,1.405,31.3,70,8.3,15.7,23.7,1,0,0.975,50.0,1.12,60090.0
2026-04-25 08:00:00,IN-DC-025,Chennai,60237.0,22509.0,3034.2,504.6,86284.8,1.432,31.7,82,8.7,15.9,24.2,1,0,0.965,50.05,1.18,61262.0
2026-04-25 09:00:00,IN-DC-025,Chennai,60237.0,22510.4,3034.2,503.8,86285.5,1.432,33.3,74,8.5,16.4,23.9,1,0,0.982,50.09,1.15,61263.0
2026-04-25 10:00:00,IN-DC-025,Chennai,60237.0,22106.9,3034.2,523.4,85901.5,1.426,34.6,69,8.7,16.2,23.5,1,0,0.957,50.07,1.22,60990.0
2026-04-25 11:00:00,IN-DC-025,Chennai,60237.0,21538.5,3034.2,621.8,85431.5,1.418,35.2,62,8.6,16.2,24.5,1,0,0.985,49.98,1.36,60656.0
2026-04-25 12:00:00,IN-DC-025,Chennai,60237.0,21988.5,3034.2,345.2,85604.9,1.421,35.8,60,8.7,16.1,23.9,1,0,0.984,50.08,1.22,60779.0
2026-04-25 13:00:00,IN-DC-025,Chennai,60237.0,22063.5,3034.2,517.0,85851.7,1.425,36.5,59,8.7,16.2,24.2,1,0,0.969,49.96,1.44,60955.0
2026-04-25 14:00:00,IN-DC-025,Chennai,60237.0,22387.0,3034.2,534.2,86192.4,1.431,37.1,61,9.2,16.8,24.2,1,0,0.992,50.01,1.28,61197.0
2026-04-25 15:00:00,IN-DC-025,Chennai,60237.0,22369.9,3034.2,511.7,86152.8,1.43,36.6,56,8.9,16.1,24.4,1,0,0.994,50.01,1.29,61168.0
2026-04-25 16:00:00,IN-DC-025,Chennai,60237.0,22750.3,3034.2,578.0,86599.5,1.438,36.6,56,8.9,16.3,24.7,1,0,0.967,50.02,1.3,61486.0
2026-04-25 17:00:00,IN-DC-025,Chennai,60237.0,22921.0,3034.2,414.7,86606.9,1.438,36.2,69,8.9,16.4,23.6,1,0,0.959,49.98,1.28,61491.0
2026-04-25 18:00:00,IN-DC-025,Chennai,60237.0,22637.5,3034.2,528.4,86437.1,1.435,35.6,66,8.3,15.8,24.3,1,0,0.974,50.03,1.32,61370.0
2026-04-25 19:00:00,IN-DC-025,Chennai,60237.0,22596.9,3034.2,509.8,86377.9,1.434,35.2,69,8.3,15.8,24.0,1,0,0.974,49.99,1.3,61328.0
2026-04-25 20:00:00,IN-DC-025,Chennai,60237.0,21755.5,3034.2,462.3,85489.0,1.419,34.5,63,8.7,15.9,24.3,1,0,0.973,49.97,1.29,60697.0
2026-04-25 21:00:00,IN-DC-025,Chennai,60237.0,21464.8,3034.2,439.8,85175.8,1.414,33.4,62,8.4,15.7,23.7,1,0,0.983,49.99,1.2,60475.0
2026-04-25 22:00:00,IN-DC-025,Chennai,60237.0,21975.6,3034.2,523.1,85769.9,1.424,32.0,75,8.6,16.0,23.5,1,0,0.974,50.03,1.13,60897.0
2026-04-25 23:00:00,IN-DC-025,Chennai,60237.0,21403.4,3034.2,397.8,85072.4,1.412,31.0,73,8.2,15.4,24.0,1,0,0.971,49.98,1.05,60401.0
2026-04-26 00:00:00,IN-DC-025,Chennai,60237.0,22046.6,3034.2,429.9,85747.7,1.424,29.9,85,8.4,15.8,24.0,1,0,0.971,49.93,1.07,60881.0
2026-04-26 01:00:00,IN-DC-025,Chennai,60237.0,21858.8,3034.2,550.6,85680.7,1.422,30.3,78,8.3,15.5,24.8,1,0,0.97,50.02,1.01,60833.0
2026-04-26 02:00:00,IN-DC-025,Chennai,60237.0,21347.1,3034.2,482.3,85100.6,1.413,29.1,85,8.1,15.7,23.6,1,0,0.967,50.05,0.89,60421.0
2026-04-26 03:00:00,IN-DC-025,Chennai,60237.0,21544.2,3034.2,458.4,85273.8,1.416,28.6,82,8.2,15.8,23.0,1,0,0.972,50.06,1.01,60544.0
2026-04-26 04:00:00,IN-DC-025,Chennai,60237.0,21754.7,3034.2,527.8,85553.7,1.42,30.8,83,8.8,16.2,23.4,1,0,0.968,49.96,1.21,60743.0
2026-04-26 05:00:00,IN-DC-025,Chennai,60237.0,21381.1,3034.2,577.0,85229.3,1.415,29.6,77,8.2,15.8,24.4,1,0,0.978,49.99,1.09,60513.0
2026-04-26 06:00:00,IN-DC-025,Chennai,60237.0,21020.8,3034.2,436.0,84728.0,1.407,30.7,72,8.3,15.5,23.6,1,0,0.966,50.01,0.98,60157.0
2026-04-26 07:00:00,IN-DC-025,Chennai,60237.0,22387.6,3034.2,414.9,86073.7,1.429,30.9,85,8.9,16.3,23.2,1,0,0.966,50.11,1.0,61112.0
2026-04-26 08:00:00,IN-DC-025,Chennai,60237.0,22001.4,3034.2,467.2,85739.8,1.423,32.4,71,8.5,15.9,23.9,1,0,0.968,49.91,1.08,60875.0
2026-04-26 09:00:00,IN-DC-025,Chennai,60237.0,21729.7,3034.2,473.2,85474.1,1.419,33.4,68,8.8,16.3,24.3,1,0,0.971,49.95,1.15,60687.0
2026-04-26 10:00:00,IN-DC-025,Chennai,60237.0,22395.2,3034.2,570.5,86236.9,1.432,34.2,73,8.8,16.2,24.8,1,0,0.975,50.07,1.18,61228.0
2026-04-26 11:00:00,IN-DC-025,Chennai,60237.0,21981.4,3034.2,592.3,85844.9,1.425,34.4,67,8.9,16.2,24.4,1,0,0.982,49.99,1.3,60950.0
2026-04-26 12:00:00,IN-DC-025,Chennai,60237.0,22392.1,3034.2,500.5,86163.8,1.43,36.0,62,8.5,16.2,24.1,1,0,0.978,50.06,1.29,61176.0
2026-04-26 13:00:00,IN-DC-025,Chennai,60237.0,22123.6,3034.2,546.4,85941.2,1.427,36.7,58,8.5,15.9,24.7,1,0,0.977,50.02,1.33,61018.0
2026-04-26 14:00:00,IN-DC-025,Chennai,60237.0,22631.8,3034.2,475.4,86378.5,1.434,37.1,61,8.9,16.1,24.7,1,0,0.986,50.02,1.37,61329.0
2026-04-26 15:00:00,IN-DC-025,Chennai,60237.0,22866.2,3034.2,636.4,86773.8,1.441,36.8,59,8.9,16.5,24.6,1,0,0.972,49.92,1.27,61609.0
2026-04-26 16:00:00,IN-DC-025,Chennai,60237.0,22352.9,3034.2,482.0,86106.1,1.429,37.3,57,8.8,16.3,25.3,1,0,0.984,49.96,1.48,61135.0
2026-04-26 17:00:00,IN-DC-025,Chennai,60237.0,22392.1,3034.2,479.0,86142.3,1.43,36.7,60,8.9,16.2,24.9,1,0,0.98,50.06,1.39,61161.0
2026-04-26 18:00:00,IN-DC-025,Chennai,60237.0,22054.6,3034.2,481.3,85807.0,1.424,35.8,64,9.2,16.7,24.5,1,0,0.975,49.99,1.28,60923.0
2026-04-26 19:00:00,IN-DC-025,Chennai,60237.0,22859.5,3034.2,394.8,86525.5,1.436,36.1,66,8.7,16.0,23.7,1,0,0.97,49.98,1.26,61433.0
2026-04-26 20:00:00,IN-DC-025,Chennai,60237.0,22015.4,3034.2,511.8,85798.4,1.424,34.4,68,8.7,15.8,23.5,1,0,0.962,49.93,1.16,60917.0
2026-04-26 21:00:00,IN-DC-025,Chennai,60237.0,22367.3,3034.2,520.7,86159.3,1.43,33.3,70,8.9,16.2,24.0,1,0,0.978,49.94,1.07,61173.0
2026-04-26 22:00:00,IN-DC-025,Chennai,60237.0,21724.7,3034.2,506.9,85502.8,1.419,31.5,78,8.7,16.2,23.8,1,0,0.975,49.98,1.09,60707.0
2026-04-26 23:00:00,IN-DC-025,Chennai,60237.0,21692.7,3034.2,541.0,85504.9,1.419,31.8,74,8.5,16.2,23.9,1,0,0.969,50.02,1.16,60708.0
2026-04-27 00:00:00,IN-DC-025,Chennai,60237.0,21912.9,3034.2,488.0,85672.1,1.422,30.2,82,8.9,16.5,24.3,1,0,0.983,49.95,1.04,60827.0
2026-04-27 01:00:00,IN-DC-025,Chennai,60237.0,21073.4,3034.2,511.8,84856.4,1.409,29.2,78,8.5,15.9,23.4,1,0,0.971,50.01,1.04,60248.0
2026-04-27 02:00:00,IN-DC-025,Chennai,60237.0,22034.2,3034.2,487.0,85792.4,1.424,29.5,87,8.6,16.0,24.1,1,0,0.984,50.01,0.97,60913.0
2026-04-27 03:00:00,IN-DC-025,Chennai,60237.0,21459.6,3034.2,537.6,85268.4,1.416,28.5,87,8.6,16.0,24.3,1,0,0.984,50.04,0.82,60541.0
2026-04-27 04:00:00,IN-DC-025,Chennai,60237.0,21291.1,3034.2,304.3,84866.6,1.409,28.7,80,8.7,16.0,25.1,1,0,0.989,49.98,0.97,60255.0
2026-04-27 05:00:00,IN-DC-025,Chennai,60237.0,21710.2,3034.2,505.3,85486.7,1.419,29.4,83,8.5,16.0,23.7,1,0,0.97,49.99,1.02,60696.0
2026-04-27 06:00:00,IN-DC-025,Chennai,60237.0,21617.0,3034.2,538.8,85427.0,1.418,30.8,76,8.5,15.6,24.4,1,0,0.995,50.04,0.9,60653.0
2026-04-27 07:00:00,IN-DC-025,Chennai,60237.0,21304.4,3034.2,561.0,85136.6,1.413,30.8,76,8.5,15.6,24.5,1,0,0.97,50.04,0.94,60447.0
2026-04-27 08:00:00,IN-DC-025,Chennai,60237.0,21272.7,3034.2,504.8,85048.7,1.412,32.3,69,8.3,15.7,24.2,1,0,0.974,50.09,1.14,60385.0
2026-04-27 09:00:00,IN-DC-025,Chennai,60237.0,22441.4,3034.2,542.0,86254.7,1.432,33.4,73,8.6,16.2,23.4,1,0,0.974,50.08,1.08,61241.0
2026-04-27 10:00:00,IN-DC-025,Chennai,60237.0,22229.9,3034.2,547.2,86048.3,1.428,32.9,74,8.6,16.1,24.7,1,0,0.97,49.98,1.13,61094.0
2026-04-27 11:00:00,IN-DC-025,Chennai,60237.0,21634.3,3034.2,555.5,85461.0,1.419,34.7,61,8.6,15.9,24.1,1,0,0.975,50.04,1.2,60677.0
2026-04-27 12:00:00,IN-DC-025,Chennai,60237.0,22582.5,3034.2,506.2,86359.9,1.434,35.6,60,8.9,16.1,23.5,1,0,0.974,50.0,1.26,61316.0
2026-04-27 13:00:00,IN-DC-025,Chennai,60237.0,22581.2,3034.2,432.2,86284.6,1.432,36.7,59,8.8,16.2,24.2,1,0,0.974,49.93,1.44,61262.0
2026-04-27 14:00:00,IN-DC-025,Chennai,60237.0,22301.8,3034.2,459.7,86032.6,1.428,36.5,55,9.0,16.4,24.6,1,0,0.969,49.98,1.31,61083.0
2026-04-27 15:00:00,IN-DC-025,Chennai,60237.0,23034.8,3034.2,549.6,86855.6,1.442,37.2,56,9.0,16.4,25.1,1,0,0.965,50.02,1.44,61667.0
2026-04-27 16:00:00,IN-DC-025,Chennai,60237.0,22753.7,3034.2,436.8,86461.7,1.435,37.0,61,9.1,17.0,24.1,1,0,0.979,49.98,1.31,61388.0
2026-04-27 17:00:00,IN-DC-025,Chennai,60237.0,23157.5,3034.2,633.7,87062.3,1.445,36.3,66,8.8,15.9,23.8,1,0,0.979,50.03,1.2,61814.0
2026-04-27 18:00:00,IN-DC-025,Chennai,60237.0,22225.2,3034.2,489.5,85986.0,1.427,36.0,53,8.7,15.8,24.4,1,0,0.981,50.03,1.32,61050.0
2026-04-27 19:00:00,IN-DC-025,Chennai,60237.0,22112.8,3034.2,508.1,85892.1,1.426,35.1,58,8.8,16.3,24.2,1,0,0.974,49.94,1.48,60983.0
2026-04-27 20:00:00,IN-DC-025,Chennai,60237.0,22258.1,3034.2,490.9,86020.2,1.428,34.1,65,9.0,16.4,23.6,1,0,0.978,49.96,1.17,61074.0
2026-04-27 21:00:00,IN-DC-025,Chennai,60237.0,22017.1,3034.2,373.7,85662.0,1.422,34.1,65,8.8,16.2,23.7,1,0,0.978,50.01,1.04,60820.0
2026-04-27 22:00:00,IN-DC-025,Chennai,60237.0,22002.0,3034.2,483.5,85756.8,1.424,32.8,73,8.5,15.8,23.8,1,0,0.963,49.98,1.12,60887.0
2026-04-27 23:00:00,IN-DC-025,Chennai,60237.0,21986.1,3034.2,506.8,85764.1,1.424,30.8,78,8.5,16.1,24.1,1,0,0.974,50.04,1.06,60893.0
2026-04-28 00:00:00,IN-DC-025,Chennai,60237.0,21216.0,3034.2,489.2,84976.3,1.411,30.5,73,8.8,16.2,24.1,1,0,0.974,49.98,1.12,60333.0
2026-04-28 01:00:00,IN-DC-025,Chennai,60237.0,21549.1,3034.2,423.5,85243.8,1.415,29.9,83,8.4,16.0,24.4,1,0,0.975,49.92,0.89,60523.0
2026-04-28 02:00:00,IN-DC-025,Chennai,60237.0,21436.9,3034.2,462.5,85170.5,1.414,29.2,82,8.6,15.9,24.3,1,0,0.971,49.99,0.99,60471.0
2026-04-28 03:00:00,IN-DC-025,Chennai,60237.0,21017.8,3034.2,529.1,84818.1,1.408,28.7,83,8.3,15.8,23.2,1,0,0.982,49.98,0.96,60221.0
2026-04-28 04:00:00,IN-DC-025,Chennai,60237.0,20859.4,3034.2,401.4,84532.1,1.403,27.6,79,8.8,16.0,23.3,1,0,0.972,49.99,1.04,60018.0
2026-04-28 05:00:00,IN-DC-025,Chennai,60237.0,21159.8,3034.2,565.1,84996.1,1.411,29.7,74,8.7,16.0,24.1,1,0,0.97,50.01,1.01,60347.0
2026-04-28 06:00:00,IN-DC-025,Chennai,60237.0,21647.2,3034.2,510.1,85428.4,1.418,30.0,84,8.1,15.3,24.4,1,0,0.974,49.98,1.05,60654.0
2026-04-28 07:00:00,IN-DC-025,Chennai,60237.0,21608.8,3034.2,464.7,85344.7,1.417,31.1,76,8.5,16.2,24.0,1,0,0.973,50.02,1.16,60595.0
2026-04-28 08:00:00,IN-DC-025,Chennai,60237.0,22170.2,3034.2,458.7,85900.1,1.426,32.1,78,8.5,16.0,23.9,1,0,0.989,50.08,1.12,60989.0
2026-04-28 09:00:00,IN-DC-025,Chennai,60237.0,22168.4,3034.2,371.8,85811.4,1.425,33.1,72,8.4,15.8,23.4,1,0,0.974,49.96,1.19,60926.0
2026-04-28 10:00:00,IN-DC-025,Chennai,60237.0,22272.0,3034.2,462.2,86005.4,1.428,34.2,71,9.0,16.5,23.7,1,0,0.978,50.03,1.09,61064.0
2026-04-28 11:00:00,IN-DC-025,Chennai,60237.0,22436.2,3034.2,558.2,86265.6,1.432,34.8,63,8.5,16.0,24.3,1,0,0.958,49.96,1.15,61249.0
2026-04-28 12:00:00,IN-DC-025,Chennai,60237.0,21832.7,3034.2,399.5,85503.5,1.419,35.5,61,8.8,16.1,24.1,1,0,0.965,50.02,1.33,60707.0
2026-04-28 13:00:00,IN-DC-025,Chennai,60237.0,23209.6,3034.2,541.9,87022.7,1.445,37.0,66,8.6,15.8,24.7,1,0,0.988,50.06,1.31,61786.0
2026-04-28 14:00:00,IN-DC-025,Chennai,60237.0,22496.1,3034.2,349.9,86117.3,1.43,37.6,59,8.9,16.5,24.6,1,0,0.964,50.04,1.5,61143.0
2026-04-28 15:00:00,IN-DC-025,Chennai,60237.0,22943.0,3034.2,475.6,86689.8,1.439,37.1,59,9.1,16.2,24.1,1,0,0.972,50.09,1.39,61550.0
2026-04-28 16:00:00,IN-DC-025,Chennai,60237.0,22303.8,3034.2,475.4,86050.4,1.429,36.6,60,8.9,16.3,24.2,1,0,0.964,49.96,1.31,61096.0
2026-04-28 17:00:00,IN-DC-025,Chennai,60237.0,22670.6,3034.2,453.4,86395.3,1.434,36.3,63,8.8,16.1,23.8,1,0,0.99,50.0,1.16,61341.0
2026-04-28 18:00:00,IN-DC-025,Chennai,60237.0,22362.7,3034.2,514.6,86148.6,1.43,35.7,62,8.7,16.0,24.1,1,0,0.975,49.99,1.26,61165.0
2026-04-28 19:00:00,IN-DC-025,Chennai,60237.0,21739.8,3034.2,434.3,85445.3,1.418,34.1,62,8.3,15.9,24.8,1,0,0.976,49.96,1.11,60666.0
2026-04-28 20:00:00,IN-DC-025,Chennai,60237.0,21881.6,3034.2,489.1,85641.9,1.422,34.1,62,8.7,16.0,24.4,1,0,0.965,49.97,1.11,60806.0
2026-04-28 21:00:00,IN-DC-025,Chennai,60237.0,22052.7,3034.2,504.2,85828.2,1.425,32.2,80,8.3,15.8,23.9,1,0,0.965,50.01,0.97,60938.0
2026-04-28 22:00:00,IN-DC-025,Chennai,60237.0,21845.5,3034.2,476.1,85592.9,1.421,32.3,71,8.6,16.3,23.8,1,0,0.968,49.98,1.09,60771.0
2026-04-28 23:00:00,IN-DC-025,Chennai,60237.0,21672.9,3034.2,518.1,85462.2,1.419,31.2,77,8.7,16.0,23.6,1,0,0.984,49.98,1.04,60678.0
2026-04-29 00:00:00,IN-DC-025,Chennai,60237.0,21412.6,3034.2,478.8,85162.6,1.414,30.2,79,8.6,16.1,23.6,1,0,0.988,49.99,1.0,60465.0
2026-04-29 01:00:00,IN-DC-025,Chennai,60237.0,21537.2,3034.2,558.4,85366.8,1.417,29.7,82,8.5,15.8,23.9,1,0,0.975,50.11,0.89,60610.0
2026-04-29 02:00:00,IN-DC-025,Chennai,60237.0,21100.7,3034.2,483.8,84855.7,1.409,29.3,82,8.6,16.0,24.1,1,0,0.968,50.04,1.05,60248.0
2026-04-29 03:00:00,IN-DC-025,Chennai,60237.0,21355.0,3034.2,469.2,85095.4,1.413,28.9,76,8.6,16.0,24.3,1,0,0.971,50.01,0.94,60418.0
2026-04-29 04:00:00,IN-DC-025,Chennai,60237.0,21809.4,3034.2,475.4,85556.0,1.42,30.2,80,8.3,16.0,23.9,1,0,0.983,49.97,0.96,60745.0
2026-04-29 05:00:00,IN-DC-025,Chennai,60237.0,20959.8,3034.2,498.4,84729.4,1.407,29.1,79,8.5,15.9,23.9,1,0,0.98,49.98,0.94,60158.0
2026-04-29 06:00:00,IN-DC-025,Chennai,60237.0,22029.2,3034.2,509.5,85809.8,1.425,30.5,85,8.3,15.8,24.2,1,0,0.96,50.08,1.02,60925.0
2026-04-29 07:00:00,IN-DC-025,Chennai,60237.0,21877.2,3034.2,447.3,85595.6,1.421,31.9,76,8.9,16.2,23.0,1,0,0.982,50.08,1.05,60773.0
2026-04-29 08:00:00,IN-DC-025,Chennai,60237.0,22226.2,3034.2,649.0,86146.4,1.43,32.0,76,8.3,15.9,24.3,1,0,0.969,50.05,1.09,61164.0
2026-04-29 09:00:00,IN-DC-025,Chennai,60237.0,22347.7,3034.2,563.6,86182.5,1.431,33.7,67,8.9,16.1,23.8,1,0,0.975,50.08,1.21,61190.0
2026-04-29 10:00:00,IN-DC-025,Chennai,60237.0,21817.3,3034.2,537.1,85625.6,1.421,34.0,69,8.9,16.2,24.1,1,0,0.984,50.0,1.42,60794.0
2026-04-29 11:00:00,IN-DC-025,Chennai,60237.0,23020.0,3034.2,567.6,86858.7,1.442,34.8,65,9.0,16.3,23.9,1,0,0.977,49.95,1.33,61670.0
2026-04-29 12:00:00,IN-DC-025,Chennai,60237.0,22133.2,3034.2,517.0,85921.4,1.426,35.9,58,8.5,15.8,24.3,1,0,0.974,49.92,1.19,61004.0
2026-04-29 13:00:00,IN-DC-025,Chennai,60237.0,22677.2,3034.2,486.7,86435.1,1.435,36.4,64,9.1,16.4,24.5,1,0,0.975,50.06,1.3,61369.0
2026-04-29 14:00:00,IN-DC-025,Chennai,60237.0,22198.6,3034.2,544.1,86013.9,1.428,36.8,51,9.0,16.5,23.7,1,0,0.988,49.95,1.43,61070.0
2026-04-29 15:00:00,IN-DC-025,Chennai,60237.0,22717.3,3034.2,549.5,86538.0,1.437,37.1,49,8.5,16.2,24.8,1,0,0.977,50.0,1.47,61442.0
2026-04-29 16:00:00,IN-DC-025,Chennai,60237.0,22373.8,3034.2,584.2,86229.2,1.431,36.7,58,8.6,16.1,23.7,1,0,0.986,50.03,1.34,61223.0
2026-04-29 17:00:00,IN-DC-025,Chennai,60237.0,21944.9,3034.2,490.1,85706.2,1.423,36.0,58,8.1,15.6,24.7,1,0,0.981,50.02,1.17,60851.0
2026-04-29 18:00:00,IN-DC-025,Chennai,60237.0,22815.4,3034.2,536.4,86623.0,1.438,35.5,65,8.7,15.8,24.3,1,0,0.969,49.91,1.29,61502.0
2026-04-29 19:00:00,IN-DC-025,Chennai,60237.0,21979.4,3034.2,470.6,85721.2,1.423,35.0,64,8.6,16.4,24.5,1,0,0.977,49.94,1.22,60862.0
2026-04-29 20:00:00,IN-DC-025,Chennai,60237.0,21766.5,3034.2,541.7,85579.4,1.421,32.8,62,8.7,15.7,23.9,1,0,0.978,50.02,1.18,60761.0
2026-04-29 21:00:00,IN-DC-025,Chennai,60237.0,21655.7,3034.2,493.6,85420.5,1.418,32.2,71,8.5,15.9,24.2,1,0,0.969,50.06,1.0,60649.0
2026-04-29 22:00:00,IN-DC-025,Chennai,60237.0,21830.7,3034.2,550.2,85652.2,1.422,31.7,76,8.9,16.2,23.3,1,0,0.98,50.06,1.23,60813.0
2026-04-29 23:00:00,IN-DC-025,Chennai,60237.0,21117.2,3034.2,371.6,84760.0,1.407,31.0,78,8.7,16.0,23.9,1,0,0.975,49.93,1.06,60180.0
2026-04-30 00:00:00,IN-DC-025,Chennai,60237.0,21619.2,3034.2,348.0,85238.4,1.415,30.0,80,8.2,15.7,23.6,1,0,0.969,49.97,0.99,60519.0
2026-04-30 01:00:00,IN-DC-025,Chennai,60237.0,20777.7,3034.2,569.9,84618.9,1.405,28.3,78,8.7,15.7,24.1,1,0,0.975,49.97,0.96,60079.0
2026-04-30 02:00:00,IN-DC-025,Chennai,60237.0,20754.0,3034.2,511.0,84536.2,1.403,28.8,78,8.4,15.9,23.3,1,0,0.962,49.98,0.81,60021.0
2026-04-30 03:00:00,IN-DC-025,Chennai,60237.0,21544.7,3034.2,577.2,85393.2,1.418,29.5,84,8.4,16.1,23.7,1,0,0.969,49.96,1.05,60629.0
2026-04-30 04:00:00,IN-DC-025,Chennai,60237.0,21518.4,3034.2,559.9,85349.4,1.417,29.6,82,8.5,15.9,23.9,1,0,0.98,49.96,0.93,60598.0
2026-04-30 05:00:00,IN-DC-025,Chennai,60237.0,21920.6,3034.2,556.1,85747.9,1.424,29.2,83,8.5,16.4,24.1,1,0,0.96,49.99,0.89,60881.0
2026-04-30 06:00:00,IN-DC-025,Chennai,60237.0,21373.7,3034.2,530.4,85175.3,1.414,29.9,80,8.6,16.4,24.2,1,0,0.958,49.98,1.08,60474.0
2026-04-30 07:00:00,IN-DC-025,Chennai,60237.0,22177.5,3034.2,638.5,86087.2,1.429,30.4,78,8.7,16.1,24.3,1,0,0.98,50.0,0.94,61122.0
2026-04-30 08:00:00,IN-DC-025,Chennai,60237.0,21938.6,3034.2,466.6,85676.4,1.422,31.9,77,8.0,15.3,24.0,1,0,0.986,49.9,1.07,60830.0
2026-04-30 09:00:00,IN-DC-025,Chennai,60237.0,21752.9,3034.2,441.0,85465.1,1.419,32.3,70,8.7,16.3,24.1,1,0,0.97,49.97,1.16,60680.0
2026-04-30 10:00:00,IN-DC-025,Chennai,60237.0,22054.8,3034.2,502.8,85828.8,1.425,33.2,71,8.7,16.2,24.3,1,0,0.978,50.07,1.13,60938.0
2026-04-30 11:00:00,IN-DC-025,Chennai,60237.0,22048.4,3034.2,634.9,85954.5,1.427,34.9,59,8.7,16.4,23.5,1,0,0.969,50.0,1.15,61028.0
2026-04-30 12:00:00,IN-DC-025,Chennai,60237.0,22268.7,3034.2,465.7,86005.6,1.428,34.8,65,8.7,16.3,23.7,1,0,0.966,50.01,1.34,61064.0
2026-04-30 13:00:00,IN-DC-025,Chennai,60237.0,22195.6,3034.2,553.0,86019.8,1.428,35.7,60,9.1,16.7,23.8,1,0,0.968,49.99,1.26,61074.0
2026-04-30 14:00:00,IN-DC-025,Chennai,60237.0,22357.0,3034.2,471.2,86099.4,1.429,36.5,56,8.8,16.3,24.2,1,0,0.983,50.04,1.3,61131.0
2026-04-30 15:00:00,IN-DC-025,Chennai,60237.0,22939.1,3034.2,524.1,86734.5,1.44,37.3,65,8.8,16.0,24.6,1,0,0.967,49.96,1.37,61581.0
2026-04-30 16:00:00,IN-DC-025,Chennai,60237.0,22860.8,3034.2,482.7,86614.7,1.438,37.1,60,8.6,16.1,25.0,1,0,0.972,50.07,1.39,61496.0
2026-04-30 17:00:00,IN-DC-025,Chennai,60237.0,22541.7,3034.2,443.0,86255.9,1.432,36.5,57,8.8,16.0,24.2,1,0,0.975,50.02,1.23,61242.0
2026-04-30 18:00:00,IN-DC-025,Chennai,60237.0,22727.4,3034.2,437.3,86436.0,1.435,36.2,62,8.5,15.9,23.4,1,0,0.982,50.02,1.2,61370.0
2026-04-30 19:00:00,IN-DC-025,Chennai,60237.0,22486.0,3034.2,496.9,86254.1,1.432,34.1,70,8.7,16.0,24.5,1,0,0.969,49.97,1.36,61240.0
2026-04-30 20:00:00,IN-DC-025,Chennai,60237.0,22723.1,3034.2,468.3,86462.7,1.435,34.5,72,8.4,15.5,23.2,1,0,0.982,50.03,1.17,61388.0
2026-04-30 21:00:00,IN-DC-025,Chennai,60237.0,21330.2,3034.2,553.0,85154.5,1.414,32.2,68,8.4,15.8,23.6,1,0,0.971,50.02,1.13,60460.0
2026-04-30 22:00:00,IN-DC-025,Chennai,60237.0,22368.1,3034.2,437.5,86076.9,1.429,32.4,74,8.2,15.8,24.7,1,0,0.976,49.91,1.08,61115.0
2026-04-30 23:00:00,IN-DC-025,Chennai,60237.0,21377.6,3034.2,558.4,85207.2,1.415,30.9,75,7.9,15.1,23.1,1,0,0.989,50.0,1.04,60497.0
2026-04-01 00:00:00,IN-DC-033,Hyderabad,34714.2,12880.9,2049.9,457.3,50102.3,1.443,30.3,53,8.2,13.8,23.9,1,0,0.978,50.03,1.08,35573.0
2026-04-01 01:00:00,IN-DC-033,Hyderabad,34771.1,12102.1,2052.1,378.2,49303.5,1.418,29.1,52,8.3,14.0,24.0,1,0,0.971,50.05,1.05,35005.0
2026-04-01 02:00:00,IN-DC-033,Hyderabad,33977.6,12270.2,2021.9,488.1,48757.9,1.435,28.4,56,8.9,14.4,24.5,1,0,0.966,50.07,0.98,34618.0
2026-04-01 03:00:00,IN-DC-033,Hyderabad,33912.1,11804.5,2019.5,487.2,48223.3,1.422,28.4,56,8.3,13.6,24.6,1,0,0.988,49.97,0.86,34239.0
2026-04-01 04:00:00,IN-DC-033,Hyderabad,33925.1,12305.2,2020.0,645.3,48895.4,1.441,29.8,48,8.8,14.3,23.7,1,0,0.969,50.02,1.01,34716.0
2026-04-01 05:00:00,IN-DC-033,Hyderabad,33578.8,12269.6,2006.8,516.4,48371.5,1.441,28.4,57,8.7,13.9,24.3,1,0,0.962,50.08,1.06,34344.0
2026-04-01 06:00:00,IN-DC-033,Hyderabad,33248.9,12247.7,1994.3,567.1,48058.0,1.445,30.8,46,8.5,13.6,23.9,1,0,0.976,50.04,1.06,34121.0
2026-04-01 07:00:00,IN-DC-033,Hyderabad,32786.0,12035.3,1976.7,439.3,47237.3,1.441,31.0,40,8.5,14.0,24.8,1,0,0.986,50.07,1.13,33538.0
2026-04-01 08:00:00,IN-DC-033,Hyderabad,33068.8,12714.8,1987.4,476.4,48247.4,1.459,33.0,38,8.6,14.2,24.4,1,0,0.977,50.03,1.15,34256.0
2026-04-01 09:00:00,IN-DC-033,Hyderabad,33733.2,13344.9,2012.7,505.7,49596.4,1.47,34.2,37,8.7,14.5,24.0,1,0,0.969,50.03,1.29,35213.0
2026-04-01 10:00:00,IN-DC-033,Hyderabad,33637.1,13484.0,2009.0,471.4,49601.5,1.475,34.6,44,8.6,14.3,23.9,1,0,0.978,50.0,1.25,35217.0
2026-04-01 11:00:00,IN-DC-033,Hyderabad,33884.5,14076.0,2018.4,501.9,50480.8,1.49,37.8,27,8.6,14.3,24.9,1,0,0.967,49.99,1.51,35841.0
2026-04-01 12:00:00,IN-DC-033,Hyderabad,34350.1,14563.9,2036.1,523.3,51473.4,1.498,38.9,31,8.8,14.4,24.0,1,0,0.969,50.12,1.31,36546.0
2026-04-01 13:00:00,IN-DC-033,Hyderabad,33966.7,14741.7,2021.5,526.5,51256.5,1.509,39.2,25,8.7,13.9,24.4,1,0,0.973,50.0,1.45,36392.0
2026-04-01 14:00:00,IN-DC-033,Hyderabad,34559.9,15116.0,2044.1,451.8,52171.8,1.51,40.1,22,9.2,14.3,25.5,1,0,0.982,49.93,1.49,37042.0
2026-04-01 15:00:00,IN-DC-033,Hyderabad,35474.6,15447.5,2078.8,555.7,53556.7,1.51,39.8,28,8.8,14.7,24.1,1,0,0.967,50.0,1.57,38025.0
2026-04-01 16:00:00,IN-DC-033,Hyderabad,35276.7,15731.5,2071.3,397.1,53476.6,1.516,40.4,29,9.0,14.8,25.2,1,0,0.981,49.94,1.53,37968.0
2026-04-01 17:00:00,IN-DC-033,Hyderabad,36105.1,15176.7,2102.8,462.2,53846.7,1.491,38.1,24,8.7,14.7,24.6,1,0,0.969,50.0,1.47,38231.0
2026-04-01 18:00:00,IN-DC-033,Hyderabad,36115.8,15197.5,2103.2,505.4,53921.9,1.493,38.3,32,9.4,15.1,24.7,1,0,0.97,50.09,1.31,38285.0
2026-04-01 19:00:00,IN-DC-033,Hyderabad,36401.6,15348.3,2114.1,485.6,54349.6,1.493,37.1,35,8.9,14.9,24.5,1,0,0.964,50.05,1.32,38588.0
2026-04-01 20:00:00,IN-DC-033,Hyderabad,37196.7,14749.3,2144.3,487.1,54577.4,1.467,35.6,38,9.1,14.9,25.5,1,0,0.966,49.92,1.23,38750.0
2026-04-01 21:00:00,IN-DC-033,Hyderabad,36750.3,14618.1,2127.3,498.5,53994.2,1.469,34.9,35,8.5,14.3,23.7,1,0,0.972,49.9,1.41,38336.0
2026-04-01 22:00:00,IN-DC-033,Hyderabad,36330.5,14401.8,2111.4,441.2,53284.8,1.467,33.2,45,8.8,14.7,23.7,1,0,0.962,49.99,1.07,37832.0
2026-04-01 23:00:00,IN-DC-033,Hyderabad,36314.8,13615.7,2110.8,471.3,52512.5,1.446,32.4,50,8.8,14.7,24.4,1,0,0.978,49.98,1.11,37284.0
2026-04-02 00:00:00,IN-DC-033,Hyderabad,35872.8,12860.7,2094.0,544.6,51372.1,1.432,30.8,43,8.4,14.2,23.3,1,0,0.977,49.9,0.99,36474.0
2026-04-02 01:00:00,IN-DC-033,Hyderabad,36149.8,12874.2,2104.5,460.1,51588.7,1.427,29.9,48,8.6,14.5,24.3,1,0,0.977,49.92,1.09,36628.0
2026-04-02 02:00:00,IN-DC-033,Hyderabad,35543.8,12932.8,2081.5,486.7,51044.7,1.436,29.1,50,8.3,13.7,24.6,1,0,0.975,49.92,1.01,36242.0
2026-04-02 03:00:00,IN-DC-033,Hyderabad,34974.0,12077.8,2059.8,548.8,49660.4,1.42,28.1,55,8.4,13.8,24.0,1,0,0.969,49.94,0.88,35259.0
2026-04-02 04:00:00,IN-DC-033,Hyderabad,34675.4,12459.8,2048.5,586.6,49770.3,1.435,28.7,50,8.4,14.1,24.1,1,0,0.961,50.05,0.89,35337.0
2026-04-02 05:00:00,IN-DC-033,Hyderabad,34745.5,12754.8,2051.1,489.0,50040.4,1.44,29.9,46,8.5,14.0,24.2,1,0,0.957,49.95,1.13,35529.0
2026-04-02 06:00:00,IN-DC-033,Hyderabad,34372.2,12700.1,2036.9,592.4,49701.7,1.446,30.1,42,8.6,14.2,23.5,1,0,0.965,49.96,0.97,35288.0
2026-04-02 07:00:00,IN-DC-033,Hyderabad,33921.3,12429.5,2019.8,567.3,48937.8,1.443,31.4,49,8.7,14.2,23.6,1,0,0.972,49.98,0.94,34746.0
2026-04-02 08:00:00,IN-DC-033,Hyderabad,34646.4,13076.2,2047.4,473.9,50244.0,1.45,32.2,41,8.6,14.4,24.1,1,0,0.969,49.97,1.01,35673.0
2026-04-02 09:00:00,IN-DC-033,Hyderabad,34564.1,13744.5,2044.2,513.6,50866.4,1.472,34.1,42,8.6,14.2,24.1,1,0,0.982,50.15,1.18,36115.0
2026-04-02 10:00:00,IN-DC-033,Hyderabad,34737.7,14175.1,2050.8,472.3,51435.9,1.481,36.0,37,9.0,14.6,23.9,1,0,0.983,49.98,1.33,36520.0
2026-04-02 11:00:00,IN-DC-033,Hyderabad,34529.2,14398.9,2042.9,384.7,51355.8,1.487,36.7,30,8.9,14.5,24.2,1,0,0.972,50.08,1.53,36463.0
2026-04-02 12:00:00,IN-DC-033,Hyderabad,35186.8,14617.5,2067.9,606.0,52478.1,1.491,38.5,25,8.7,14.3,24.5,1,0,0.988,50.08,1.47,37259.0
2026-04-02 13:00:00,IN-DC-033,Hyderabad,35779.9,15095.1,2090.4,555.3,53520.7,1.496,39.7,29,8.8,14.7,24.2,1,0,0.977,49.95,1.45,38000.0
2026-04-02 14:00:00,IN-DC-033,Hyderabad,35509.5,15050.4,2080.2,536.3,53176.4,1.498,38.6,25,8.9,14.7,24.1,1,0,0.971,50.02,1.52,37755.0
2026-04-02 15:00:00,IN-DC-033,Hyderabad,36930.3,16237.4,2134.2,480.2,55782.1,1.51,40.2,23,9.3,15.3,24.5,1,0,0.975,50.02,1.54,39605.0
2026-04-02 16:00:00,IN-DC-033,Hyderabad,36726.5,16181.7,2126.4,588.5,55623.2,1.515,39.8,26,8.9,14.3,25.1,1,0,0.972,50.02,1.45,39492.0
2026-04-02 17:00:00,IN-DC-033,Hyderabad,37465.5,16208.0,2154.5,579.9,56407.9,1.506,40.2,27,9.0,14.6,24.5,1,0,0.98,50.0,1.58,40050.0
2026-04-02 18:00:00,IN-DC-033,Hyderabad,37553.6,15948.9,2157.8,473.1,56133.5,1.495,39.1,30,8.9,14.9,23.9,1,0,0.963,49.96,1.54,39855.0
2026-04-02 19:00:00,IN-DC-033,Hyderabad,37461.4,16027.3,2154.3,454.8,56097.8,1.497,37.5,36,8.9,14.7,24.1,1,0,0.962,50.04,1.28,39829.0
2026-04-02 20:00:00,IN-DC-033,Hyderabad,37325.8,15509.4,2149.2,483.1,55467.4,1.486,36.4,37,8.7,15.0,24.5,1,0,0.976,50.13,1.29,39382.0
2026-04-02 21:00:00,IN-DC-033,Hyderabad,37582.7,14710.0,2158.9,481.9,54933.5,1.462,34.1,37,8.2,14.1,24.7,1,0,0.987,50.03,1.22,39003.0
2026-04-02 22:00:00,IN-DC-033,Hyderabad,37641.3,14372.1,2161.2,435.3,54609.8,1.451,32.2,46,8.8,14.9,24.8,1,0,0.975,49.96,1.0,38773.0
2026-04-02 23:00:00,IN-DC-033,Hyderabad,37563.0,13562.7,2158.2,505.3,53789.1,1.432,30.9,43,8.5,14.3,24.1,1,0,0.978,50.03,1.0,38190.0
2026-04-03 00:00:00,IN-DC-033,Hyderabad,37030.3,13231.3,2138.0,477.7,52877.2,1.428,29.6,47,8.7,14.3,24.6,1,0,0.975,49.95,1.01,37543.0
2026-04-03 01:00:00,IN-DC-033,Hyderabad,37120.4,13331.5,2141.4,521.3,53114.6,1.431,29.6,52,8.5,14.4,23.9,1,0,0.972,50.06,1.01,37711.0
2026-04-03 02:00:00,IN-DC-033,Hyderabad,36645.3,13166.6,2123.3,437.4,52372.6,1.429,29.0,53,8.5,14.2,23.9,1,0,0.987,49.94,1.05,37185.0
2026-04-03 03:00:00,IN-DC-033,Hyderabad,36604.4,12318.4,2121.8,425.9,51470.4,1.406,28.4,54,8.7,14.7,23.7,1,0,0.97,50.09,0.92,36544.0
2026-04-03 04:00:00,IN-DC-033,Hyderabad,35885.4,12998.0,2094.4,513.7,51491.6,1.435,29.1,45,8.2,14.1,24.5,1,0,0.961,49.97,0.89,36559.0
2026-04-03 05:00:00,IN-DC-033,Hyderabad,36056.1,12874.9,2100.9,548.9,51580.8,1.431,29.8,49,8.3,13.9,23.9,1,0,0.981,50.02,1.07,36622.0
2026-04-03 06:00:00,IN-DC-033,Hyderabad,35487.9,13142.0,2079.3,398.1,51107.3,1.44,30.3,48,8.5,14.4,23.5,1,0,0.984,50.08,0.95,36286.0
2026-04-03 07:00:00,IN-DC-033,Hyderabad,35833.0,13477.7,2092.5,551.3,51954.6,1.45,31.7,43,8.4,14.0,23.8,1,0,0.975,50.05,1.12,36888.0
2026-04-03 08:00:00,IN-DC-033,Hyderabad,35150.2,13759.5,2066.5,578.4,51554.6,1.467,33.6,43,8.3,14.0,23.9,1,0,0.976,49.97,1.12,36604.0
2026-04-03 09:00:00,IN-DC-033,Hyderabad,35645.0,14281.5,2085.3,507.7,52519.5,1.473,34.6,40,8.7,14.6,24.0,1,0,0.962,50.01,1.14,37289.0
2026-04-03 10:00:00,IN-DC-033,Hyderabad,36278.4,15118.1,2109.4,453.4,53959.2,1.487,36.4,37,8.5,14.5,24.2,1,0,0.976,50.04,1.27,38311.0
2026-04-03 11:00:00,IN-DC-033,Hyderabad,35911.7,15070.3,2095.4,492.2,53569.7,1.492,38.1,24,8.7,14.4,24.2,1,0,0.969,50.04,1.45,38034.0
2026-04-03 12:00:00,IN-DC-033,Hyderabad,36232.1,15791.8,2107.6,520.9,54652.4,1.508,38.7,29,8.9,14.7,24.6,1,0,0.977,49.91,1.56,38803.0
2026-04-03 13:00:00,IN-DC-033,Hyderabad,36516.4,15827.5,2118.4,432.8,54895.2,1.503,39.1,32,8.7,14.5,24.6,1,0,0.984,50.05,1.47,38976.0
2026-04-03 14:00:00,IN-DC-033,Hyderabad,37389.5,16241.3,2151.6,556.3,56338.7,1.507,40.0,37,9.2,15.1,24.5,1,0,0.963,50.07,1.38,40000.0
2026-04-03 15:00:00,IN-DC-033,Hyderabad,37403.7,16336.0,2152.1,564.2,56456.0,1.509,40.2,26,9.1,15.4,24.7,1,0,0.975,49.95,1.6,40084.0
2026-04-03 16:00:00,IN-DC-033,Hyderabad,37531.1,16522.1,2157.0,533.6,56743.8,1.512,39.3,23,9.0,14.6,24.9,1,0,0.971,50.03,1.44,40288.0
2026-04-03 17:00:00,IN-DC-033,Hyderabad,38228.4,17108.3,2183.5,542.2,58062.4,1.519,39.9,28,8.6,14.8,24.5,1,0,0.978,49.97,1.52,41224.0
2026-04-03 18:00:00,IN-DC-033,Hyderabad,38550.0,16587.4,2195.7,602.7,57935.8,1.503,39.3,30,8.6,14.8,24.5,1,0,0.975,49.99,1.42,41134.0
2026-04-03 19:00:00,IN-DC-033,Hyderabad,38393.1,15876.8,2189.7,432.1,56891.8,1.482,37.0,35,9.1,15.1,24.8,1,0,0.964,49.96,1.44,40393.0
2026-04-03 20:00:00,IN-DC-033,Hyderabad,38004.6,15226.7,2175.0,370.3,55776.6,1.468,35.5,28,8.7,14.3,25.0,1,0,0.97,50.06,1.21,39601.0
2026-04-03 21:00:00,IN-DC-033,Hyderabad,38963.1,14963.4,2211.4,506.4,56644.3,1.454,33.6,39,8.4,14.6,24.1,1,0,0.979,50.1,1.21,40217.0
2026-04-03 22:00:00,IN-DC-033,Hyderabad,39020.0,14342.6,2213.6,484.4,56060.6,1.437,32.2,45,8.3,14.6,23.8,1,0,0.955,49.98,0.97,39803.0
2026-04-03 23:00:00,IN-DC-033,Hyderabad,38978.2,14721.1,2212.0,500.6,56411.9,1.447,31.8,45,8.2,14.5,24.5,1,0,0.974,49.95,1.09,40052.0
2026-04-04 00:00:00,IN-DC-033,Hyderabad,37731.5,13493.8,2164.6,388.1,53777.9,1.425,29.8,46,8.4,14.3,23.5,1,0,0.967,50.03,1.09,38182.0
2026-04-04 01:00:00,IN-DC-033,Hyderabad,37356.8,13495.7,2150.4,518.0,53520.9,1.433,29.6,48,8.8,14.7,24.1,1,0,0.966,49.94,0.81,38000.0
2026-04-04 02:00:00,IN-DC-033,Hyderabad,37225.4,13190.3,2145.4,442.3,53003.3,1.424,29.7,55,8.3,14.0,24.1,1,0,0.973,50.01,1.18,37632.0
2026-04-04 03:00:00,IN-DC-033,Hyderabad,36979.6,12590.0,2136.0,490.9,52196.6,1.411,27.4,45,8.4,14.5,24.3,1,0,0.959,50.03,0.95,37060.0
2026-04-04 04:00:00,IN-DC-033,Hyderabad,36387.9,12808.0,2113.5,427.0,51736.4,1.422,28.9,55,8.6,14.5,24.3,1,0,0.982,49.9,0.96,36733.0
2026-04-04 05:00:00,IN-DC-033,Hyderabad,36272.5,12598.2,2109.2,476.4,51456.2,1.419,28.8,51,8.7,14.3,23.7,1,0,0.98,50.02,1.07,36534.0
2026-04-04 06:00:00,IN-DC-033,Hyderabad,35676.1,12904.9,2086.5,501.4,51168.9,1.434,29.2,43,8.3,14.0,23.3,1,0,0.968,50.03,1.04,36330.0
2026-04-04 07:00:00,IN-DC-033,Hyderabad,35864.5,13610.4,2093.7,570.8,52139.4,1.454,30.6,50,8.5,14.0,24.4,1,0,0.979,49.97,1.0,37019.0
2026-04-04 08:00:00,IN-DC-033,Hyderabad,36658.0,13722.5,2123.8,471.7,52976.0,1.445,31.8,39,8.8,14.5,23.3,1,0,0.966,50.03,1.2,37613.0
2026-04-04 09:00:00,IN-DC-033,Hyderabad,36090.3,14295.6,2102.2,560.1,53048.2,1.47,33.5,37,8.7,14.4,24.5,1,0,0.992,50.03,1.19,37664.0
2026-04-04 10:00:00,IN-DC-033,Hyderabad,36230.2,14675.7,2107.5,529.8,53543.3,1.478,35.7,44,8.5,14.5,24.4,1,0,0.96,50.03,1.33,38016.0
2026-04-04 11:00:00,IN-DC-033,Hyderabad,35831.7,14517.1,2092.4,461.6,52902.8,1.476,36.5,34,8.5,14.0,24.4,1,0,0.972,49.99,1.27,37561.0
2026-04-04 12:00:00,IN-DC-033,Hyderabad,37133.4,16320.7,2141.9,327.6,55923.6,1.506,38.9,31,8.7,14.5,24.5,1,0,0.982,50.05,1.61,39706.0
2026-04-04 13:00:00,IN-DC-033,Hyderabad,37563.0,16287.6,2158.2,453.3,56462.0,1.503,40.1,29,8.9,14.9,24.3,1,0,0.994,50.01,1.4,40088.0
2026-04-04 14:00:00,IN-DC-033,Hyderabad,37661.7,16024.4,2161.9,456.9,56305.0,1.495,39.9,26,8.8,14.8,24.6,1,0,0.979,49.98,1.46,39977.0
2026-04-04 15:00:00,IN-DC-033,Hyderabad,38244.1,16980.4,2184.1,530.1,57938.7,1.515,41.3,31,9.3,15.4,24.8,1,0,0.972,50.06,1.57,41137.0
2026-04-04 16:00:00,IN-DC-033,Hyderabad,39211.4,17315.8,2220.8,505.4,59253.4,1.511,40.6,27,8.9,15.0,24.5,1,0,0.958,49.98,1.47,42070.0
2026-04-04 17:00:00,IN-DC-033,Hyderabad,38741.0,17209.5,2203.0,469.8,58623.2,1.513,40.3,26,9.0,15.0,24.6,1,0,0.98,50.03,1.64,41622.0
2026-04-04 18:00:00,IN-DC-033,Hyderabad,38791.5,16784.4,2204.9,484.5,58265.3,1.502,39.0,31,8.9,14.8,23.7,1,0,0.992,49.94,1.52,41368.0
2026-04-04 19:00:00,IN-DC-033,Hyderabad,39339.8,16285.8,2225.7,425.2,58276.5,1.481,37.4,33,9.0,14.9,23.2,1,0,0.988,50.05,1.22,41376.0
2026-04-04 20:00:00,IN-DC-033,Hyderabad,38849.4,15688.1,2207.1,422.5,57167.1,1.472,36.0,34,8.8,14.7,25.0,1,0,0.979,50.08,1.21,40589.0
2026-04-04 21:00:00,IN-DC-033,Hyderabad,39385.9,15151.8,2227.5,613.9,57379.1,1.457,34.3,37,8.4,14.7,24.2,1,0,0.974,49.91,1.17,40739.0
2026-04-04 22:00:00,IN-DC-033,Hyderabad,38997.7,14504.9,2212.7,495.4,56210.8,1.441,33.2,43,9.3,15.6,24.4,1,0,0.974,50.04,1.12,39910.0
2026-04-04 23:00:00,IN-DC-033,Hyderabad,39437.6,14700.6,2229.4,474.3,56842.1,1.441,31.4,45,8.6,15.2,23.6,1,0,0.965,49.97,0.98,40358.0
2026-04-05 00:00:00,IN-DC-033,Hyderabad,38260.5,13804.8,2184.7,413.0,54663.0,1.429,30.4,53,8.9,14.9,23.6,1,0,0.971,50.0,1.0,38811.0
2026-04-05 01:00:00,IN-DC-033,Hyderabad,38607.0,14270.8,2197.9,347.6,55423.3,1.436,29.7,54,8.1,13.9,24.4,1,0,0.971,49.97,1.03,39351.0
2026-04-05 02:00:00,IN-DC-033,Hyderabad,38405.6,13573.2,2190.2,449.5,54618.5,1.422,28.3,55,8.6,14.5,24.4,1,0,0.972,50.03,0.9,38779.0
2026-04-05 03:00:00,IN-DC-033,Hyderabad,37424.2,12505.1,2152.9,501.8,52584.0,1.405,28.1,55,8.5,14.3,24.0,1,0,0.977,49.95,0.81,37335.0
2026-04-05 04:00:00,IN-DC-033,Hyderabad,37734.0,12843.3,2164.7,527.5,53269.6,1.412,28.3,50,8.3,14.3,24.8,1,0,0.978,49.98,0.95,37821.0
2026-04-05 05:00:00,IN-DC-033,Hyderabad,37635.6,13135.1,2161.0,527.8,53459.5,1.42,28.7,48,8.5,14.9,23.6,1,0,0.98,50.04,0.95,37956.0
2026-04-05 06:00:00,IN-DC-033,Hyderabad,37362.1,13665.3,2150.6,460.2,53638.2,1.436,30.8,50,8.5,14.4,23.9,1,0,0.991,50.01,1.11,38083.0
2026-04-05 07:00:00,IN-DC-033,Hyderabad,37029.9,13423.2,2137.9,538.8,53129.8,1.435,31.6,46,8.7,14.3,24.0,1,0,0.966,49.99,1.13,37722.0
2026-04-05 08:00:00,IN-DC-033,Hyderabad,37202.0,14280.4,2144.5,438.5,54065.4,1.453,33.1,43,8.6,14.6,24.1,1,0,0.977,50.06,1.24,38386.0
2026-04-05 09:00:00,IN-DC-033,Hyderabad,36874.6,14425.4,2132.0,500.3,53932.3,1.463,34.0,39,8.4,14.6,24.3,1,0,0.971,49.98,1.22,38292.0
2026-04-05 10:00:00,IN-DC-033,Hyderabad,37135.6,14983.6,2142.0,383.5,54644.7,1.471,36.6,35,8.7,14.7,24.7,1,0,0.96,50.08,1.27,38798.0
2026-04-05 11:00:00,IN-DC-033,Hyderabad,37672.6,15729.9,2162.4,485.9,56050.7,1.488,37.7,28,8.7,14.1,24.3,1,0,0.98,50.02,1.41,39796.0
2026-04-05 12:00:00,IN-DC-033,Hyderabad,37940.2,16102.2,2172.5,520.8,56735.7,1.495,38.6,32,8.9,14.9,24.3,1,0,0.974,49.96,1.45,40282.0
2026-04-05 13:00:00,IN-DC-033,Hyderabad,38804.6,17272.1,2205.4,429.6,58711.6,1.513,39.7,29,8.6,14.5,24.7,1,0,0.964,50.06,1.56,41685.0
2026-04-05 14:00:00,IN-DC-033,Hyderabad,39148.2,17254.4,2218.4,509.5,59130.6,1.51,41.4,29,9.1,15.1,25.0,1,0,0.97,50.04,1.48,41983.0
2026-04-05 15:00:00,IN-DC-033,Hyderabad,39285.8,17403.7,2223.7,596.6,59509.8,1.515,41.3,34,8.6,14.4,24.7,1,0,0.96,49.95,1.53,42252.0
2026-04-05 16:00:00,IN-DC-033,Hyderabad,39716.9,16822.8,2240.0,451.6,59231.4,1.491,39.1,29,8.8,15.2,24.5,1,0,0.978,49.99,1.41,42054.0
2026-04-05 17:00:00,IN-DC-033,Hyderabad,40350.6,17296.7,2264.1,384.3,60295.6,1.494,40.2,30,8.7,15.2,25.0,1,0,0.974,50.03,1.6,42810.0
2026-04-05 18:00:00,IN-DC-033,Hyderabad,40136.5,16868.1,2256.0,451.9,59712.5,1.488,39.5,35,9.0,15.0,24.3,1,0,0.966,50.03,1.44,42396.0
2026-04-05 19:00:00,IN-DC-033,Hyderabad,40394.6,16892.9,2265.8,574.4,60127.7,1.489,37.4,31,8.7,14.8,23.8,1,0,0.985,49.92,1.26,42691.0
2026-04-05 20:00:00,IN-DC-033,Hyderabad,40419.0,15897.0,2266.7,461.8,59044.5,1.461,34.6,39,8.6,15.2,23.8,1,0,0.971,49.97,1.35,41922.0
2026-04-05 21:00:00,IN-DC-033,Hyderabad,39915.3,15370.9,2247.6,533.2,58067.0,1.455,34.1,40,8.9,15.1,23.9,1,0,0.982,50.04,1.17,41228.0
2026-04-05 22:00:00,IN-DC-033,Hyderabad,40433.1,14698.8,2267.3,519.6,57918.7,1.432,31.8,42,8.5,14.6,23.8,1,0,0.979,50.0,0.97,41122.0
2026-04-05 23:00:00,IN-DC-033,Hyderabad,40161.3,15199.0,2256.9,399.6,58016.9,1.445,31.1,42,8.7,14.7,24.8,1,0,0.958,49.96,0.96,41192.0
2026-04-06 00:00:00,IN-DC-033,Hyderabad,40429.6,14692.0,2267.1,515.5,57904.3,1.432,30.0,49,8.6,14.6,23.2,1,0,0.976,50.0,1.15,41112.0
2026-04-06 01:00:00,IN-DC-033,Hyderabad,40941.2,14834.4,2286.6,468.4,58530.7,1.43,29.9,60,8.3,14.3,24.2,1,0,0.975,50.1,1.07,41557.0
2026-04-06 02:00:00,IN-DC-033,Hyderabad,40545.8,14066.0,2271.5,487.2,57370.6,1.415,28.3,51,8.5,15.1,24.9,1,0,0.98,49.96,0.96,40733.0
2026-04-06 03:00:00,IN-DC-033,Hyderabad,39998.5,13638.0,2250.7,557.3,56444.6,1.411,28.2,48,8.5,14.9,24.2,1,0,0.972,50.0,0.94,40076.0
2026-04-06 04:00:00,IN-DC-033,Hyderabad,39844.0,14087.9,2244.9,499.9,56676.7,1.422,28.9,56,8.4,14.8,24.0,1,0,0.971,50.1,0.82,40240.0
2026-04-06 05:00:00,IN-DC-033,Hyderabad,39808.3,13955.3,2243.5,406.7,56413.8,1.417,29.4,52,8.8,14.8,23.7,1,0,0.969,49.98,0.92,40054.0
2026-04-06 06:00:00,IN-DC-033,Hyderabad,39450.8,14081.4,2229.9,422.4,56184.5,1.424,29.6,47,8.4,14.1,24.0,1,0,0.976,50.02,0.95,39891.0
2026-04-06 07:00:00,IN-DC-033,Hyderabad,38964.7,14342.0,2211.5,510.0,56028.1,1.438,31.4,46,8.6,15.0,23.9,1,0,0.961,49.88,1.11,39780.0
2026-04-06 08:00:00,IN-DC-033,Hyderabad,39651.9,14862.6,2237.6,423.3,57175.5,1.442,33.1,43,8.5,14.7,23.7,1,0,0.969,50.13,1.06,40595.0
2026-04-06 09:00:00,IN-DC-033,Hyderabad,39326.0,15044.9,2225.2,386.0,56982.1,1.449,33.4,42,8.8,15.1,23.9,1,0,0.976,50.04,1.05,40457.0
2026-04-06 10:00:00,IN-DC-033,Hyderabad,39475.4,15791.3,2230.9,491.3,57988.9,1.469,35.4,37,8.3,14.4,24.4,1,0,0.97,49.95,1.23,41172.0
2026-04-06 11:00:00,IN-DC-033,Hyderabad,40252.0,16750.5,2260.4,541.3,59804.2,1.486,37.9,40,8.7,14.7,24.5,1,0,0.968,49.93,1.35,42461.0
2026-04-06 12:00:00,IN-DC-033,Hyderabad,40042.1,17003.0,2252.4,458.1,59755.6,1.492,39.3,27,8.6,14.7,24.8,1,0,0.981,50.07,1.36,42426.0
2026-04-06 13:00:00,IN-DC-033,Hyderabad,40659.1,17774.3,2275.8,415.0,61124.2,1.503,39.7,33,8.8,15.4,24.2,1,0,0.972,50.09,1.48,43398.0
2026-04-06 14:00:00,IN-DC-033,Hyderabad,40888.2,17569.9,2284.6,473.1,61215.7,1.497,39.9,31,8.9,15.3,24.9,1,0,0.973,50.02,1.58,43463.0
2026-04-06 15:00:00,IN-DC-033,Hyderabad,40905.7,17633.2,2285.2,587.6,61411.7,1.501,40.5,32,8.9,15.1,24.3,1,0,0.981,49.91,1.47,43602.0
2026-04-06 16:00:00,IN-DC-033,Hyderabad,42042.3,18476.9,2328.4,451.8,63299.4,1.506,39.8,33,8.5,15.1,24.6,1,0,0.972,50.05,1.46,44943.0
2026-04-06 17:00:00,IN-DC-033,Hyderabad,41938.4,17660.0,2324.5,525.5,62448.3,1.489,38.4,27,9.4,16.1,24.3,1,0,0.969,50.06,1.37,44338.0
2026-04-06 18:00:00,IN-DC-033,Hyderabad,42526.5,17399.1,2346.8,514.0,62786.4,1.476,37.9,34,9.0,15.8,25.2,1,0,0.982,49.98,1.24,44578.0
2026-04-06 19:00:00,IN-DC-033,Hyderabad,43145.1,17819.4,2370.3,499.2,63833.9,1.48,38.4,31,8.5,15.2,24.0,1,0,0.97,50.1,1.47,45322.0
2026-04-06 20:00:00,IN-DC-033,Hyderabad,42348.6,17101.4,2340.0,511.2,62301.3,1.471,35.6,33,8.7,15.2,24.6,1,0,0.975,50.0,1.41,44234.0
2026-04-06 21:00:00,IN-DC-033,Hyderabad,42816.7,16770.9,2357.8,545.3,62490.8,1.459,35.1,40,8.3,15.3,23.7,1,0,0.972,49.96,1.41,44368.0
2026-04-06 22:00:00,IN-DC-033,Hyderabad,42695.1,16057.7,2353.2,520.3,61626.4,1.443,32.7,42,8.5,15.3,24.5,1,0,0.977,49.92,1.0,43755.0
2026-04-06 23:00:00,IN-DC-033,Hyderabad,42359.7,15612.1,2340.5,544.4,60856.6,1.437,32.0,44,8.3,14.5,23.8,1,0,0.984,49.91,0.96,43208.0
2026-04-07 00:00:00,IN-DC-033,Hyderabad,41628.1,14667.5,2312.7,615.1,59223.5,1.423,30.4,50,8.5,15.0,23.7,1,0,0.973,50.02,0.9,42049.0
2026-04-07 01:00:00,IN-DC-033,Hyderabad,41476.4,14351.4,2306.9,458.8,58593.5,1.413,28.8,54,8.5,15.3,24.4,1,0,0.954,49.94,0.92,41601.0
2026-04-07 02:00:00,IN-DC-033,Hyderabad,41413.2,14354.1,2304.5,559.2,58631.1,1.416,28.9,52,8.4,15.1,24.7,1,0,0.983,50.03,0.73,41628.0
2026-04-07 03:00:00,IN-DC-033,Hyderabad,40462.1,14100.5,2268.4,497.1,57328.0,1.417,28.5,49,8.2,14.4,24.8,1,0,0.969,50.1,1.03,40703.0
2026-04-07 04:00:00,IN-DC-033,Hyderabad,40822.6,14115.5,2282.1,480.9,57701.2,1.413,28.5,55,8.2,14.8,23.9,1,0,0.978,49.98,0.98,40968.0
2026-04-07 05:00:00,IN-DC-033,Hyderabad,40706.5,14193.9,2277.6,502.4,57680.4,1.417,29.6,49,8.4,14.6,23.0,1,0,0.983,49.92,1.06,40953.0
2026-04-07 06:00:00,IN-DC-033,Hyderabad,39983.3,14281.1,2250.2,533.5,57048.1,1.427,29.8,43,8.6,15.0,24.0,1,0,0.975,50.07,0.98,40504.0
2026-04-07 07:00:00,IN-DC-033,Hyderabad,40103.2,14646.0,2254.7,543.5,57547.5,1.435,31.8,45,8.6,14.8,23.6,1,0,0.967,50.04,0.97,40859.0
2026-04-07 08:00:00,IN-DC-033,Hyderabad,40134.1,15561.4,2255.9,460.0,58411.4,1.455,32.8,44,8.2,14.8,24.3,1,0,0.981,50.07,1.1,41472.0
2026-04-07 09:00:00,IN-DC-033,Hyderabad,40603.4,15986.7,2273.7,493.6,59357.4,1.462,34.5,38,8.8,14.9,24.0,1,0,0.963,49.99,1.19,42144.0
2026-04-07 10:00:00,IN-DC-033,Hyderabad,40338.8,16325.4,2263.7,530.7,59458.6,1.474,35.4,39,8.6,15.1,23.9,1,0,0.977,49.97,1.45,42216.0
2026-04-07 11:00:00,IN-DC-033,Hyderabad,41094.9,17056.0,2292.4,599.2,61042.6,1.485,37.7,36,8.9,15.1,23.9,1,0,0.979,50.04,1.25,43340.0
2026-04-07 12:00:00,IN-DC-033,Hyderabad,41300.5,17449.7,2300.2,357.6,61408.0,1.487,38.6,29,8.7,14.8,24.6,1,0,0.967,50.12,1.43,43600.0
2026-04-07 13:00:00,IN-DC-033,Hyderabad,42040.6,17900.2,2328.3,542.2,62811.3,1.494,39.2,34,8.9,15.4,24.3,1,0,0.977,50.02,1.4,44596.0
2026-04-07 14:00:00,IN-DC-033,Hyderabad,42535.5,18814.3,2347.1,461.4,64158.3,1.508,40.4,31,8.9,15.3,24.7,1,0,0.975,49.94,1.71,45552.0
2026-04-07 15:00:00,IN-DC-033,Hyderabad,42456.7,18197.1,2344.2,494.5,63492.4,1.495,40.6,28,9.1,15.8,24.9,1,0,0.975,50.02,1.42,45080.0
2026-04-07 16:00:00,IN-DC-033,Hyderabad,42888.7,18686.3,2360.6,436.7,64372.3,1.501,40.2,29,8.9,15.4,24.5,1,0,0.961,49.99,1.44,45704.0
2026-04-07 17:00:00,IN-DC-033,Hyderabad,43518.8,17958.1,2384.5,581.3,64442.7,1.481,39.2,34,8.7,15.2,24.4,1,0,0.982,50.05,1.54,45754.0
2026-04-07 18:00:00,IN-DC-033,Hyderabad,43924.5,18514.8,2399.9,486.6,65325.9,1.487,38.7,37,8.9,15.4,24.9,1,0,0.972,49.97,1.35,46381.0
2026-04-07 19:00:00,IN-DC-033,Hyderabad,44078.7,18207.9,2405.8,516.4,65208.8,1.479,38.2,28,9.2,15.9,24.7,1,0,0.968,50.07,1.27,46298.0
2026-04-07 20:00:00,IN-DC-033,Hyderabad,43669.2,16942.0,2390.2,519.9,63521.4,1.455,35.3,35,8.9,15.4,24.7,1,0,0.979,49.89,1.26,45100.0
2026-04-07 21:00:00,IN-DC-033,Hyderabad,44157.1,17109.8,2408.8,490.8,64166.5,1.453,34.7,43,8.6,15.3,24.1,1,0,0.969,50.01,1.5,45558.0
2026-04-07 22:00:00,IN-DC-033,Hyderabad,44792.9,16716.0,2432.9,514.3,64456.1,1.439,32.7,41,8.6,15.6,23.0,1,0,0.971,49.95,1.15,45764.0
2026-04-07 23:00:00,IN-DC-033,Hyderabad,44108.6,15662.5,2406.9,477.1,62655.2,1.42,31.0,43,8.3,15.0,23.7,1,0,0.972,49.95,1.09,44485.0
2026-04-08 00:00:00,IN-DC-033,Hyderabad,43368.2,15633.2,2378.8,496.5,61876.6,1.427,29.6,50,8.3,15.0,23.5,1,0,0.962,50.02,0.96,43932.0
2026-04-08 01:00:00,IN-DC-033,Hyderabad,43751.0,14703.5,2393.3,420.6,61268.5,1.4,28.2,55,8.4,15.2,24.0,1,0,0.975,50.0,0.99,43501.0
2026-04-08 02:00:00,IN-DC-033,Hyderabad,42732.9,14925.9,2354.6,490.9,60504.3,1.416,28.8,56,8.6,15.1,24.0,1,0,0.982,49.96,1.0,42958.0
2026-04-08 03:00:00,IN-DC-033,Hyderabad,42480.7,14756.1,2345.1,567.3,60149.2,1.416,27.8,58,8.6,15.0,24.3,1,0,0.969,49.95,0.82,42706.0
2026-04-08 04:00:00,IN-DC-033,Hyderabad,41970.2,14778.0,2325.7,432.9,59506.7,1.418,28.4,51,8.8,15.0,24.1,1,0,0.982,49.96,0.84,42250.0
2026-04-08 05:00:00,IN-DC-033,Hyderabad,42394.9,14230.5,2341.8,572.7,59540.0,1.404,29.3,50,8.3,14.5,24.0,1,0,0.968,50.02,0.91,42273.0
2026-04-08 06:00:00,IN-DC-033,Hyderabad,41709.6,14775.7,2315.8,517.9,59318.9,1.422,30.2,43,8.7,14.9,24.4,1,0,0.974,49.92,0.99,42116.0
2026-04-08 07:00:00,IN-DC-033,Hyderabad,41645.3,14618.3,2313.3,428.0,59004.9,1.417,30.3,48,8.5,15.2,23.6,1,0,0.98,49.92,0.85,41893.0
2026-04-08 08:00:00,IN-DC-033,Hyderabad,41369.9,15848.2,2302.9,473.2,59994.1,1.45,33.2,45,8.5,15.0,24.3,1,0,0.98,50.05,1.13,42596.0
2026-04-08 09:00:00,IN-DC-033,Hyderabad,42130.9,16187.4,2331.8,397.2,61047.3,1.449,33.7,39,8.5,15.1,24.0,1,0,0.974,50.1,1.27,43344.0
2026-04-08 10:00:00,IN-DC-033,Hyderabad,41321.4,16571.1,2301.0,498.8,60692.3,1.469,34.6,29,8.7,15.1,23.9,1,0,0.976,49.96,1.27,43092.0
2026-04-08 11:00:00,IN-DC-033,Hyderabad,42903.1,18150.1,2361.1,474.9,63889.3,1.489,38.5,31,9.1,15.7,24.4,1,0,0.983,49.98,1.52,45361.0
2026-04-08 12:00:00,IN-DC-033,Hyderabad,42065.6,17575.5,2329.3,469.1,62439.5,1.484,38.3,31,9.1,15.8,24.4,1,0,0.967,49.91,1.33,44332.0
2026-04-08 13:00:00,IN-DC-033,Hyderabad,43779.9,18462.6,2394.4,570.9,65207.8,1.489,38.9,33,8.7,15.3,24.5,1,0,0.975,49.99,1.46,46298.0
2026-04-08 14:00:00,IN-DC-033,Hyderabad,44060.6,19110.7,2405.1,541.2,66117.6,1.501,40.5,31,9.0,15.8,24.2,1,0,0.98,49.98,1.7,46944.0
2026-04-08 15:00:00,IN-DC-033,Hyderabad,44097.8,19353.6,2406.5,493.1,66351.1,1.505,40.1,32,8.8,15.6,24.7,1,0,0.974,50.03,1.3,47109.0
2026-04-08 16:00:00,IN-DC-033,Hyderabad,43954.5,18631.8,2401.1,512.3,65499.8,1.49,39.1,24,8.8,15.6,24.4,1,0,0.981,49.97,1.46,46505.0
2026-04-08 17:00:00,IN-DC-033,Hyderabad,44742.2,18768.5,2431.0,419.9,66361.6,1.483,39.3,24,8.8,15.5,24.6,1,0,0.968,50.07,1.39,47117.0
2026-04-08 18:00:00,IN-DC-033,Hyderabad,45022.6,18640.2,2441.7,504.7,66609.1,1.479,38.2,30,9.1,16.0,24.3,1,0,0.977,49.95,1.42,47292.0
2026-04-08 19:00:00,IN-DC-033,Hyderabad,44888.9,17655.0,2436.6,503.3,65483.8,1.459,36.9,36,9.0,15.9,23.9,1,0,0.994,50.07,1.25,46493.0
2026-04-08 20:00:00,IN-DC-033,Hyderabad,44955.7,17704.4,2439.1,538.4,65637.6,1.46,34.6,41,8.5,15.4,23.6,1,0,0.968,49.97,1.31,46603.0
2026-04-08 21:00:00,IN-DC-033,Hyderabad,45360.0,17338.3,2454.5,464.8,65617.6,1.447,33.5,36,8.3,15.3,23.9,1,0,0.972,49.99,1.31,46589.0
2026-04-08 22:00:00,IN-DC-033,Hyderabad,44810.6,16552.7,2433.6,479.9,64276.8,1.434,32.3,44,8.3,15.6,23.8,1,0,0.966,50.0,1.09,45637.0
2026-04-08 23:00:00,IN-DC-033,Hyderabad,45280.9,16322.3,2451.5,514.7,64569.3,1.426,31.2,49,8.3,15.2,24.8,1,0,0.975,50.0,1.17,45844.0
2026-04-09 00:00:00,IN-DC-033,Hyderabad,44451.7,16776.9,2420.0,537.6,64186.1,1.444,34.1,53,8.4,15.1,23.6,1,0,0.977,50.06,1.1,45572.0
2026-04-09 01:00:00,IN-DC-033,Hyderabad,44051.3,16951.2,2404.7,421.3,63828.5,1.449,32.6,54,8.7,15.4,24.8,1,0,0.969,49.98,1.18,45318.0
2026-04-09 02:00:00,IN-DC-033,Hyderabad,44747.4,17253.7,2431.2,603.9,65036.2,1.453,33.3,42,8.6,15.4,24.1,1,0,0.967,50.05,1.1,46176.0
2026-04-09 03:00:00,IN-DC-033,Hyderabad,44319.9,16029.2,2415.0,518.0,63282.1,1.428,32.4,52,8.7,15.8,24.5,1,0,0.969,49.96,1.0,44930.0
2026-04-09 04:00:00,IN-DC-033,Hyderabad,43246.2,16427.2,2374.2,384.6,62432.2,1.444,32.3,42,8.7,15.3,23.3,1,0,0.976,50.04,0.99,44327.0
2026-04-09 05:00:00,IN-DC-033,Hyderabad,42984.6,16314.6,2364.2,527.3,62190.7,1.447,33.9,50,8.6,15.2,24.5,1,0,0.99,50.01,1.24,44155.0
2026-04-09 06:00:00,IN-DC-033,Hyderabad,42267.3,15827.8,2337.0,466.3,60898.4,1.441,33.0,50,8.6,14.6,24.3,1,0,0.963,49.86,1.25,43238.0
2026-04-09 07:00:00,IN-DC-033,Hyderabad,42219.2,16899.3,2335.1,396.1,61849.8,1.465,35.0,50,8.7,15.0,24.3,1,0,0.972,49.95,1.13,43913.0
2026-04-09 08:00:00,IN-DC-033,Hyderabad,43012.2,17838.4,2365.3,561.1,63777.0,1.483,37.2,41,8.8,15.7,24.8,1,0,0.979,50.06,1.38,45282.0
2026-04-09 09:00:00,IN-DC-033,Hyderabad,42961.0,18762.3,2363.3,461.5,64548.1,1.502,38.9,39,8.9,15.7,24.5,1,0,0.967,50.07,1.51,45829.0
2026-04-09 10:00:00,IN-DC-033,Hyderabad,42470.6,18624.4,2344.7,580.1,64019.8,1.507,40.3,34,8.5,15.2,24.4,1,0,0.965,49.94,1.49,45454.0
2026-04-09 11:00:00,IN-DC-033,Hyderabad,43127.3,19394.1,2369.6,488.6,65379.6,1.516,41.0,34,8.9,15.9,24.5,1,0,0.98,50.09,1.54,46420.0
2026-04-09 12:00:00,IN-DC-033,Hyderabad,43550.5,19651.0,2385.7,579.9,66167.1,1.519,42.6,28,9.1,15.9,25.0,1,0,0.978,50.01,1.67,46979.0
2026-04-09 13:00:00,IN-DC-033,Hyderabad,44440.4,20556.6,2419.5,541.2,67957.7,1.529,44.1,26,8.9,15.9,24.3,1,0,0.974,50.03,1.62,48250.0
2026-04-09 14:00:00,IN-DC-033,Hyderabad,44682.0,20344.4,2428.7,395.5,67850.6,1.519,44.3,24,8.7,15.5,25.0,1,0,0.974,49.96,1.78,48174.0
2026-04-09 15:00:00,IN-DC-033,Hyderabad,45867.7,20883.5,2473.8,508.6,69733.5,1.52,43.9,31,9.1,16.3,25.7,1,0,0.972,49.97,1.69,49511.0
2026-04-09 16:00:00,IN-DC-033,Hyderabad,45375.7,21471.6,2455.1,418.7,69721.1,1.537,44.4,28,9.1,15.9,24.9,1,0,0.969,49.97,1.65,49502.0
2026-04-09 17:00:00,IN-DC-033,Hyderabad,45635.2,20493.3,2464.9,525.3,69118.7,1.515,43.3,34,9.2,16.7,24.4,1,0,0.988,50.0,1.64,49074.0
2026-04-09 18:00:00,IN-DC-033,Hyderabad,46613.2,20600.5,2502.1,592.1,70307.8,1.508,41.8,32,9.1,16.3,25.1,1,0,0.96,49.98,1.56,49919.0
2026-04-09 19:00:00,IN-DC-033,Hyderabad,45841.5,20284.9,2472.8,562.8,69162.0,1.509,41.4,33,8.6,15.6,25.1,1,0,0.977,50.09,1.51,49105.0
2026-04-09 20:00:00,IN-DC-033,Hyderabad,45977.0,19701.8,2477.9,476.6,68633.4,1.493,39.8,33,8.7,15.8,24.3,1,0,0.978,49.98,1.51,48730.0
2026-04-09 21:00:00,IN-DC-033,Hyderabad,45867.9,18753.2,2473.8,412.6,67507.5,1.472,37.5,43,8.7,15.5,24.2,1,0,0.986,50.04,1.55,47930.0
2026-04-09 22:00:00,IN-DC-033,Hyderabad,46483.5,18594.7,2497.2,570.7,68146.0,1.466,37.0,40,9.1,16.1,23.7,1,0,0.955,50.05,1.5,48384.0
2026-04-09 23:00:00,IN-DC-033,Hyderabad,46900.7,18171.3,2513.0,522.9,68108.0,1.452,34.5,42,8.7,15.7,24.3,1,0,0.982,50.12,1.33,48357.0
2026-04-10 00:00:00,IN-DC-033,Hyderabad,45890.5,17342.4,2474.6,435.4,66142.9,1.441,33.8,52,8.5,15.5,23.9,1,0,0.964,49.95,1.41,46961.0
2026-04-10 01:00:00,IN-DC-033,Hyderabad,45452.6,17074.8,2458.0,467.7,65453.2,1.44,32.9,49,8.6,15.4,23.8,1,0,0.965,49.89,1.18,46472.0
2026-04-10 02:00:00,IN-DC-033,Hyderabad,44947.0,16252.5,2438.8,456.6,64094.9,1.426,32.1,51,8.9,15.5,24.6,1,0,0.982,49.94,1.07,45507.0
2026-04-10 03:00:00,IN-DC-033,Hyderabad,45098.5,16176.6,2444.5,556.4,64276.0,1.425,31.7,51,8.6,15.5,23.0,1,0,0.979,49.95,1.28,45636.0
2026-04-10 04:00:00,IN-DC-033,Hyderabad,44254.8,16318.3,2412.5,446.0,63431.5,1.433,32.4,50,8.8,15.1,23.8,1,0,0.969,50.04,1.01,45036.0
2026-04-10 05:00:00,IN-DC-033,Hyderabad,44287.9,16488.9,2413.7,469.9,63660.4,1.437,33.1,54,8.5,15.4,23.7,1,0,0.985,49.96,0.98,45199.0
2026-04-10 06:00:00,IN-DC-033,Hyderabad,43776.2,16956.3,2394.3,497.4,63624.3,1.453,34.0,55,8.5,15.2,23.7,1,0,0.974,50.01,1.19,45173.0
2026-04-10 07:00:00,IN-DC-033,Hyderabad,43939.2,16948.2,2400.5,591.2,63879.0,1.454,34.8,44,8.6,15.6,23.9,1,0,0.966,50.03,1.17,45354.0
2026-04-10 08:00:00,IN-DC-033,Hyderabad,44242.1,17656.6,2412.0,564.6,64875.3,1.466,36.3,42,8.7,15.4,24.7,1,0,0.984,50.07,1.36,46061.0
2026-04-10 09:00:00,IN-DC-033,Hyderabad,43967.0,18536.1,2401.5,466.8,65371.4,1.487,38.1,47,8.8,15.6,24.2,1,0,0.979,50.04,1.48,46414.0
2026-04-10 10:00:00,IN-DC-033,Hyderabad,43654.7,18489.7,2389.7,534.0,65068.1,1.491,39.6,36,9.1,15.8,24.4,1,0,0.969,50.02,1.51,46198.0
2026-04-10 11:00:00,IN-DC-033,Hyderabad,44008.3,19004.2,2403.1,457.7,65873.3,1.497,41.4,35,9.1,16.1,25.0,1,0,0.965,50.01,1.64,46770.0
2026-04-10 12:00:00,IN-DC-033,Hyderabad,44762.6,20195.2,2431.8,416.7,67806.4,1.515,43.0,31,9.2,16.2,25.2,1,0,0.968,49.91,1.54,48143.0
2026-04-10 13:00:00,IN-DC-033,Hyderabad,45770.0,21108.7,2470.1,611.0,69959.8,1.529,44.7,33,9.3,16.5,25.5,1,0,0.964,49.96,1.89,49671.0
2026-04-10 14:00:00,IN-DC-033,Hyderabad,45383.4,20747.3,2455.4,560.9,69146.9,1.524,44.2,21,9.2,15.8,25.6,1,0,0.96,49.97,1.74,49094.0
2026-04-10 15:00:00,IN-DC-033,Hyderabad,45872.5,20496.4,2474.0,495.6,69338.5,1.512,43.0,28,9.2,16.2,24.9,1,0,0.97,49.97,1.86,49230.0
2026-04-10 16:00:00,IN-DC-033,Hyderabad,46335.5,21534.0,2491.6,498.9,70860.1,1.529,44.2,30,8.9,15.9,25.5,1,0,0.988,50.02,1.71,50311.0
2026-04-10 17:00:00,IN-DC-033,Hyderabad,46819.2,21102.4,2509.9,550.4,70981.9,1.516,43.3,27,9.0,15.8,25.1,1,0,0.99,50.04,1.7,50397.0
2026-04-10 18:00:00,IN-DC-033,Hyderabad,47188.6,21264.3,2524.0,462.4,71439.3,1.514,42.5,31,9.0,16.1,24.7,1,0,0.981,49.97,1.57,50722.0
2026-04-10 19:00:00,IN-DC-033,Hyderabad,47587.4,21366.3,2539.1,451.1,71943.9,1.512,42.1,26,8.9,16.2,25.3,1,0,0.986,50.08,1.61,51080.0
2026-04-10 20:00:00,IN-DC-033,Hyderabad,47338.0,20130.7,2529.6,562.4,70560.8,1.491,39.5,39,9.5,16.5,24.1,1,0,0.983,50.02,1.39,50098.0
2026-04-10 21:00:00,IN-DC-033,Hyderabad,47526.1,20133.2,2536.8,388.4,70584.6,1.485,39.1,41,9.2,16.3,24.5,1,0,0.979,49.99,1.52,50115.0
2026-04-10 22:00:00,IN-DC-033,Hyderabad,47129.9,18902.2,2521.7,485.2,69039.1,1.465,36.5,42,8.8,15.9,23.7,1,0,0.971,50.05,1.33,49018.0
2026-04-10 23:00:00,IN-DC-033,Hyderabad,47384.2,18011.6,2531.4,561.4,68488.6,1.445,35.1,32,8.7,15.7,24.3,1,0,0.98,49.95,1.31,48627.0
2026-04-11 00:00:00,IN-DC-033,Hyderabad,45573.8,18136.5,2462.6,342.3,66515.3,1.46,34.3,40,8.7,15.8,23.9,1,0,0.983,50.06,1.28,47226.0
2026-04-11 01:00:00,IN-DC-033,Hyderabad,45669.5,17150.7,2466.2,534.7,65821.2,1.441,32.7,46,8.4,15.4,24.6,1,0,0.981,49.99,1.17,46733.0
2026-04-11 02:00:00,IN-DC-033,Hyderabad,45199.9,16023.1,2448.4,474.1,64145.6,1.419,31.1,51,8.6,15.7,23.8,1,0,0.975,50.03,0.9,45543.0
2026-04-11 03:00:00,IN-DC-033,Hyderabad,45561.4,17006.4,2462.1,449.3,65479.3,1.437,32.6,50,8.5,15.3,23.6,1,0,0.991,50.04,1.1,46490.0
2026-04-11 04:00:00,IN-DC-033,Hyderabad,44299.4,16732.9,2414.2,470.9,63917.3,1.443,32.9,62,8.4,14.7,23.8,1,0,0.969,49.95,1.21,45381.0
2026-04-11 05:00:00,IN-DC-033,Hyderabad,44248.2,16239.9,2412.2,512.6,63413.0,1.433,32.6,48,8.5,15.6,23.8,1,0,0.985,50.04,1.14,45023.0
2026-04-11 06:00:00,IN-DC-033,Hyderabad,44916.3,17725.0,2437.6,379.1,65458.0,1.457,34.4,55,8.4,15.5,23.4,1,0,0.967,49.98,1.2,46475.0
2026-04-11 07:00:00,IN-DC-033,Hyderabad,43806.8,17650.8,2395.5,501.1,64354.1,1.469,36.2,47,8.6,15.7,24.4,1,0,0.964,50.06,1.33,45691.0
2026-04-11 08:00:00,IN-DC-033,Hyderabad,44162.4,18082.2,2409.0,392.7,65046.3,1.473,36.8,45,8.6,15.3,24.0,1,0,0.974,50.02,1.22,46183.0
2026-04-11 09:00:00,IN-DC-033,Hyderabad,44416.9,18626.0,2418.6,442.2,65903.6,1.484,38.8,42,8.5,15.6,24.4,1,0,0.972,49.93,1.46,46792.0
2026-04-11 10:00:00,IN-DC-033,Hyderabad,43975.4,18881.1,2401.9,442.2,65700.6,1.494,39.9,40,9.4,15.8,24.6,1,0,0.985,50.05,1.39,46647.0
2026-04-11 11:00:00,IN-DC-033,Hyderabad,45008.8,19611.3,2441.1,530.0,67591.2,1.502,40.9,34,8.9,15.6,24.4,1,0,0.974,49.99,1.42,47990.0
2026-04-11 12:00:00,IN-DC-033,Hyderabad,45033.8,20050.5,2442.1,557.2,68083.6,1.512,42.5,28,9.6,16.3,24.8,1,0,0.969,50.03,1.6,48339.0
2026-04-11 13:00:00,IN-DC-033,Hyderabad,45413.5,20479.7,2456.5,501.8,68851.5,1.516,43.2,28,8.9,15.7,25.0,1,0,0.98,49.99,1.48,48885.0
2026-04-11 14:00:00,IN-DC-033,Hyderabad,46040.2,20909.5,2480.3,402.4,69832.4,1.517,44.1,29,9.3,16.4,25.2,1,0,0.975,49.97,1.63,49581.0
2026-04-11 15:00:00,IN-DC-033,Hyderabad,46563.7,21521.7,2500.2,583.6,71169.3,1.528,45.1,25,9.2,16.6,25.0,1,0,0.973,50.07,1.7,50530.0
2026-04-11 16:00:00,IN-DC-033,Hyderabad,47152.3,22121.2,2522.6,506.2,72302.3,1.533,44.8,22,9.0,16.1,25.5,1,0,0.969,49.96,1.64,51335.0
2026-04-11 17:00:00,IN-DC-033,Hyderabad,47526.1,21646.2,2536.8,563.6,72272.6,1.521,44.2,35,9.2,16.5,24.6,1,0,0.983,50.04,1.63,51314.0
2026-04-11 18:00:00,IN-DC-033,Hyderabad,47766.9,21397.6,2545.9,418.9,72129.3,1.51,42.4,32,8.5,15.6,24.9,1,0,0.975,49.92,1.53,51212.0
2026-04-11 19:00:00,IN-DC-033,Hyderabad,47752.4,20666.7,2545.4,482.2,71446.6,1.496,41.1,30,9.1,16.2,24.7,1,0,0.968,50.06,1.6,50727.0
2026-04-11 20:00:00,IN-DC-033,Hyderabad,48023.2,20375.5,2555.7,356.1,71310.5,1.485,40.1,36,9.1,16.4,24.3,1,0,0.97,49.92,1.42,50630.0
2026-04-11 21:00:00,IN-DC-033,Hyderabad,46896.0,19528.4,2512.8,547.9,69485.2,1.482,38.6,40,9.1,16.2,24.8,1,0,0.978,50.05,1.45,49334.0
2026-04-11 22:00:00,IN-DC-033,Hyderabad,47709.6,18579.0,2543.8,447.1,69279.5,1.452,36.4,44,8.9,16.1,24.5,1,0,0.961,50.05,1.41,49188.0
2026-04-11 23:00:00,IN-DC-033,Hyderabad,47876.5,18986.4,2550.1,571.3,69984.4,1.462,35.9,46,8.9,16.0,24.7,1,0,0.979,49.92,1.36,49689.0
2026-04-12 00:00:00,IN-DC-033,Hyderabad,46786.5,16482.7,2508.7,455.2,66233.1,1.416,29.3,46,8.5,15.7,23.8,1,0,0.964,50.0,0.9,47025.0
2026-04-12 01:00:00,IN-DC-033,Hyderabad,46779.5,15625.6,2508.4,393.6,65307.2,1.396,28.3,49,8.4,15.2,23.8,1,0,0.957,49.91,0.9,46368.0
2026-04-12 02:00:00,IN-DC-033,Hyderabad,46781.2,15695.6,2508.5,528.0,65513.2,1.4,27.9,47,8.8,16.1,24.0,1,0,0.979,50.03,0.9,46514.0
2026-04-12 03:00:00,IN-DC-033,Hyderabad,46159.7,15195.7,2484.9,548.3,64388.6,1.395,26.9,51,8.3,15.4,23.3,1,0,0.984,50.06,0.86,45716.0
2026-04-12 04:00:00,IN-DC-033,Hyderabad,45609.0,15876.9,2463.9,371.1,64321.0,1.41,29.4,42,8.4,15.4,23.7,1,0,0.964,50.05,0.8,45668.0
2026-04-12 05:00:00,IN-DC-033,Hyderabad,45547.4,15490.9,2461.6,427.0,63926.9,1.404,28.6,53,8.5,15.3,24.6,1,0,0.979,49.97,1.09,45388.0
2026-04-12 06:00:00,IN-DC-033,Hyderabad,45610.2,16138.5,2464.0,477.3,64689.9,1.418,30.1,49,8.7,15.7,23.8,1,0,0.976,49.92,0.99,45930.0
2026-04-12 07:00:00,IN-DC-033,Hyderabad,45445.1,16184.1,2457.7,485.7,64572.6,1.421,31.1,46,8.4,15.3,24.4,1,0,0.978,49.98,1.04,45847.0
2026-04-12 08:00:00,IN-DC-033,Hyderabad,45059.5,16725.5,2443.1,480.9,64709.0,1.436,31.9,41,8.8,16.0,23.6,1,0,0.978,50.02,1.22,45943.0
2026-04-12 09:00:00,IN-DC-033,Hyderabad,44700.7,17382.0,2429.4,483.6,64995.8,1.454,34.6,46,9.1,15.6,24.5,1,0,0.979,49.96,1.27,46147.0
2026-04-12 10:00:00,IN-DC-033,Hyderabad,45497.0,18262.1,2459.7,459.3,66678.1,1.466,36.1,40,8.7,15.6,24.3,1,0,0.99,50.04,1.34,47341.0
2026-04-12 11:00:00,IN-DC-033,Hyderabad,45510.2,18318.5,2460.2,506.7,66795.6,1.468,36.7,33,8.8,15.3,24.9,1,0,0.969,50.07,1.48,47425.0
2026-04-12 12:00:00,IN-DC-033,Hyderabad,46712.2,19636.2,2505.9,454.4,69308.6,1.484,38.5,34,8.9,15.9,24.5,1,0,0.977,50.11,1.28,49209.0
2026-04-12 13:00:00,IN-DC-033,Hyderabad,47048.9,19877.9,2518.7,516.8,69962.3,1.487,38.8,31,9.0,15.7,25.3,1,0,0.973,50.11,1.52,49673.0
2026-04-12 14:00:00,IN-DC-033,Hyderabad,47073.1,19838.5,2519.6,469.9,69901.2,1.485,39.1,23,8.9,15.8,25.1,1,0,0.969,50.01,1.5,49630.0
2026-04-12 15:00:00,IN-DC-033,Hyderabad,47454.8,19482.9,2534.1,603.0,70074.8,1.477,39.0,26,8.8,16.5,24.9,1,0,0.978,50.05,1.55,49753.0
2026-04-12 16:00:00,IN-DC-033,Hyderabad,47929.0,20548.8,2552.1,519.7,71549.6,1.493,40.1,24,9.1,16.4,24.0,1,0,0.983,50.02,1.49,50800.0
2026-04-12 17:00:00,IN-DC-033,Hyderabad,48377.7,20396.1,2569.2,444.6,71787.6,1.484,39.7,29,8.8,16.1,24.3,1,0,0.982,49.95,1.46,50969.0
2026-04-12 18:00:00,IN-DC-033,Hyderabad,48728.0,19553.9,2582.5,592.6,71457.0,1.466,37.1,33,8.7,15.9,24.5,1,0,0.969,49.93,1.36,50734.0
2026-04-12 19:00:00,IN-DC-033,Hyderabad,48566.1,19670.5,2576.3,479.7,71292.7,1.468,37.5,34,8.4,15.8,24.4,1,0,0.971,50.01,1.48,50618.0
2026-04-12 20:00:00,IN-DC-033,Hyderabad,48988.4,19238.2,2592.4,366.2,71185.2,1.453,36.1,36,8.9,16.2,24.6,1,0,0.979,49.9,1.37,50541.0
2026-04-12 21:00:00,IN-DC-033,Hyderabad,50124.8,18959.1,2635.5,499.2,72218.6,1.441,34.1,43,8.5,16.0,23.4,1,0,0.989,49.95,1.13,51275.0
2026-04-12 22:00:00,IN-DC-033,Hyderabad,49218.4,18651.7,2601.1,535.0,71006.1,1.443,32.3,43,8.5,15.9,24.3,1,0,0.986,49.99,1.26,50414.0
2026-04-12 23:00:00,IN-DC-033,Hyderabad,48718.1,17603.4,2582.1,540.9,69444.5,1.425,31.8,44,8.5,15.8,23.7,1,0,0.982,50.04,1.1,49306.0
2026-04-13 00:00:00,IN-DC-033,Hyderabad,49785.6,17572.5,2622.7,491.3,70472.0,1.416,30.1,53,8.8,16.6,23.8,1,0,0.991,49.93,1.04,50035.0
2026-04-13 01:00:00,IN-DC-033,Hyderabad,49444.1,16645.2,2609.7,461.9,69160.8,1.399,29.0,51,8.8,16.3,24.2,1,0,0.982,50.14,1.14,49104.0
2026-04-13 02:00:00,IN-DC-033,Hyderabad,48421.6,16293.0,2570.8,511.4,67796.8,1.4,28.7,51,8.5,15.7,24.3,1,0,0.969,50.02,0.95,48136.0
2026-04-13 03:00:00,IN-DC-033,Hyderabad,48604.6,16016.2,2577.8,504.0,67702.5,1.393,27.7,47,8.6,16.0,23.5,1,0,0.97,50.02,0.93,48069.0
2026-04-13 04:00:00,IN-DC-033,Hyderabad,48540.1,16553.9,2575.3,503.1,68172.4,1.404,28.7,54,8.5,15.8,23.7,1,0,0.971,49.96,1.03,48402.0
2026-04-13 05:00:00,IN-DC-033,Hyderabad,48207.3,16429.6,2562.7,399.7,67599.3,1.402,29.1,51,8.1,15.1,23.6,1,0,0.974,50.01,1.0,47996.0
2026-04-13 06:00:00,IN-DC-033,Hyderabad,47803.3,17042.3,2547.3,529.8,67922.7,1.421,30.4,48,8.7,15.4,23.4,1,0,0.957,49.95,1.12,48225.0
2026-04-13 07:00:00,IN-DC-033,Hyderabad,46881.6,16553.9,2512.3,383.0,66330.8,1.415,31.3,46,8.8,16.2,23.7,1,0,0.967,50.11,1.09,47095.0
2026-04-13 08:00:00,IN-DC-033,Hyderabad,47477.0,17928.7,2534.9,580.2,68520.8,1.443,33.2,48,8.6,16.0,24.0,1,0,0.981,50.04,1.19,48650.0
2026-04-13 09:00:00,IN-DC-033,Hyderabad,48011.8,18091.4,2555.2,466.6,69125.1,1.44,34.1,38,8.8,15.9,24.0,1,0,0.978,50.03,1.1,49079.0
2026-04-13 10:00:00,IN-DC-033,Hyderabad,47213.0,18864.1,2524.9,529.6,69131.6,1.464,36.4,40,8.4,15.7,23.9,1,0,0.971,49.97,1.37,49083.0
2026-04-13 11:00:00,IN-DC-033,Hyderabad,48347.4,19677.4,2568.0,378.7,70971.4,1.468,37.5,33,8.6,15.9,24.2,1,0,0.979,50.03,1.52,50390.0
2026-04-13 12:00:00,IN-DC-033,Hyderabad,48454.8,19950.8,2572.1,512.3,71490.0,1.475,38.1,32,8.5,15.7,23.6,1,0,0.968,50.01,1.38,50758.0
2026-04-13 13:00:00,IN-DC-033,Hyderabad,49646.3,20352.4,2617.4,496.7,73112.7,1.473,38.3,24,9.1,16.5,24.3,1,0,0.982,50.02,1.47,51910.0
2026-04-13 14:00:00,IN-DC-033,Hyderabad,49145.1,21005.6,2598.3,478.9,73227.9,1.49,40.2,24,9.1,16.5,24.7,1,0,0.969,49.95,1.51,51992.0
2026-04-13 15:00:00,IN-DC-033,Hyderabad,49917.1,21322.1,2627.6,471.9,74338.7,1.489,40.1,31,9.2,16.7,24.4,1,0,0.976,49.92,1.39,52780.0
2026-04-13 16:00:00,IN-DC-033,Hyderabad,50090.5,21828.8,2634.2,456.9,75010.5,1.497,39.6,32,8.9,16.4,24.4,1,0,0.97,49.98,1.41,53257.0
2026-04-13 17:00:00,IN-DC-033,Hyderabad,50992.7,21042.8,2668.5,621.7,75325.6,1.477,38.2,36,8.8,16.3,24.5,1,0,0.978,49.99,1.41,53481.0
2026-04-13 18:00:00,IN-DC-033,Hyderabad,51625.7,21111.6,2692.6,420.0,75849.9,1.469,38.6,29,9.0,16.8,24.9,1,0,0.97,50.05,1.45,53853.0
2026-04-13 19:00:00,IN-DC-033,Hyderabad,51407.9,20948.1,2684.3,602.8,75643.1,1.471,37.7,31,8.9,16.4,24.9,1,0,0.969,49.92,1.32,53707.0
2026-04-13 20:00:00,IN-DC-033,Hyderabad,51261.6,20499.8,2678.7,443.2,74883.3,1.461,36.5,33,8.6,16.1,23.8,1,0,0.962,49.99,1.37,53167.0
2026-04-13 21:00:00,IN-DC-033,Hyderabad,51841.4,19507.1,2700.8,374.3,74423.6,1.436,33.8,48,8.8,16.7,23.5,1,0,0.98,49.99,1.25,52841.0
2026-04-13 22:00:00,IN-DC-033,Hyderabad,50944.4,18441.4,2666.7,654.2,72706.7,1.427,32.2,38,8.4,16.0,23.9,1,0,0.971,49.99,1.11,51622.0
2026-04-13 23:00:00,IN-DC-033,Hyderabad,51319.0,18395.8,2680.9,498.8,72894.6,1.42,31.2,47,8.4,16.1,23.7,1,0,0.985,49.99,1.09,51755.0
2026-04-14 00:00:00,IN-DC-033,Hyderabad,50766.5,17640.7,2659.9,520.6,71587.8,1.41,30.5,52,8.4,16.1,23.7,1,0,0.961,49.99,0.93,50827.0
2026-04-14 01:00:00,IN-DC-033,Hyderabad,50007.3,17438.0,2631.1,479.7,70556.0,1.411,28.8,45,8.8,16.1,23.9,1,0,0.979,50.05,1.07,50095.0
2026-04-14 02:00:00,IN-DC-033,Hyderabad,50000.6,16647.5,2630.8,400.8,69679.8,1.394,29.0,43,8.9,16.1,24.1,1,0,0.976,50.02,1.02,49473.0
2026-04-14 03:00:00,IN-DC-033,Hyderabad,49349.7,16994.1,2606.1,527.5,69477.4,1.408,28.2,44,8.2,15.5,23.6,1,0,0.971,50.06,0.8,49329.0
2026-04-14 04:00:00,IN-DC-033,Hyderabad,49578.2,16714.5,2614.8,463.7,69371.1,1.399,28.2,48,8.5,16.1,23.9,1,0,0.971,50.03,1.05,49253.0
2026-04-14 05:00:00,IN-DC-033,Hyderabad,48746.6,16760.7,2583.2,608.6,68699.1,1.409,28.8,55,8.3,15.8,23.9,1,0,0.986,49.99,0.95,48776.0
2026-04-14 06:00:00,IN-DC-033,Hyderabad,48553.8,17175.1,2575.8,547.7,68852.4,1.418,30.7,54,8.6,15.9,24.0,1,0,0.974,49.98,0.83,48885.0
2026-04-14 07:00:00,IN-DC-033,Hyderabad,48624.1,17335.7,2578.5,473.4,69011.7,1.419,31.6,49,8.4,15.9,25.0,1,0,0.972,49.94,1.1,48998.0
2026-04-14 08:00:00,IN-DC-033,Hyderabad,49109.6,17997.0,2597.0,505.0,70208.6,1.43,32.3,38,8.5,15.4,24.4,1,0,0.983,50.0,1.04,49848.0
2026-04-14 09:00:00,IN-DC-033,Hyderabad,49246.1,18467.6,2602.2,458.7,70774.6,1.437,33.9,43,8.9,16.5,23.9,1,0,0.978,50.01,1.19,50250.0
2026-04-14 10:00:00,IN-DC-033,Hyderabad,49581.5,18950.4,2614.9,461.5,71608.2,1.444,34.5,34,8.5,15.7,23.7,1,0,0.979,50.0,1.22,50842.0
2026-04-14 11:00:00,IN-DC-033,Hyderabad,49780.0,20534.0,2622.4,476.7,73413.1,1.475,37.7,33,8.5,15.7,24.7,1,0,0.985,49.98,1.39,52123.0
2026-04-14 12:00:00,IN-DC-033,Hyderabad,48955.4,20039.8,2591.1,487.7,72074.0,1.472,37.5,30,8.8,16.0,24.1,1,0,0.974,49.95,1.49,51173.0
2026-04-14 13:00:00,IN-DC-033,Hyderabad,50336.6,21353.9,2643.6,530.8,74864.9,1.487,39.5,31,8.8,16.3,23.8,1,0,0.983,50.0,1.5,53154.0
2026-04-14 14:00:00,IN-DC-033,Hyderabad,50871.1,21519.3,2663.9,543.9,75598.2,1.486,39.2,28,8.9,16.3,24.4,1,0,0.977,49.97,1.37,53675.0
2026-04-14 15:00:00,IN-DC-033,Hyderabad,51516.8,22111.1,2688.4,531.9,76848.2,1.492,40.5,24,8.9,16.6,24.3,1,0,0.972,49.95,1.7,54562.0
2026-04-14 16:00:00,IN-DC-033,Hyderabad,51594.3,22250.1,2691.4,539.8,77075.5,1.494,40.0,31,9.0,16.4,25.0,1,0,0.986,50.11,1.53,54724.0
2026-04-14 17:00:00,IN-DC-033,Hyderabad,52567.7,21668.7,2728.4,441.1,77405.8,1.472,39.2,33,9.1,16.9,24.8,0,1,0.967,50.01,1.51,54958.0
2026-04-14 18:00:00,IN-DC-033,Hyderabad,51817.7,21240.5,2699.9,436.3,76194.4,1.47,38.7,30,8.7,16.4,24.4,1,0,0.956,50.13,1.37,54098.0
2026-04-14 19:00:00,IN-DC-033,Hyderabad,52913.2,22002.5,2741.5,500.5,78157.7,1.477,37.7,28,9.0,17.0,24.4,1,0,0.972,49.97,1.37,55492.0
2026-04-14 20:00:00,IN-DC-033,Hyderabad,53018.9,20246.2,2745.5,591.5,76602.1,1.445,36.1,41,8.6,16.3,24.4,1,0,0.969,49.94,1.36,54387.0
2026-04-14 21:00:00,IN-DC-033,Hyderabad,53884.6,19928.0,2778.4,398.7,76989.7,1.429,33.5,38,8.9,16.5,23.6,1,0,0.977,50.05,1.23,54663.0
2026-04-14 22:00:00,IN-DC-033,Hyderabad,53043.5,19028.9,2746.5,495.9,75314.8,1.42,31.8,45,8.2,16.2,23.8,1,0,0.977,49.96,1.11,53474.0
2026-04-14 23:00:00,IN-DC-033,Hyderabad,52691.2,18570.1,2733.1,478.8,74473.3,1.413,30.9,47,8.3,15.7,23.7,1,0,0.976,50.01,0.9,52876.0
2026-04-15 00:00:00,IN-DC-033,Hyderabad,52348.0,18667.5,2720.0,518.4,74253.9,1.418,30.9,45,8.6,16.4,24.0,1,0,0.961,50.16,0.98,52720.0
2026-04-15 01:00:00,IN-DC-033,Hyderabad,52409.2,17630.3,2722.4,486.7,73248.6,1.398,28.3,56,8.3,15.9,24.0,1,0,0.974,50.09,0.9,52006.0
2026-04-15 02:00:00,IN-DC-033,Hyderabad,51545.8,17567.9,2689.5,433.4,72236.7,1.401,28.7,59,8.7,16.0,24.0,1,0,0.975,49.91,0.91,51288.0
2026-04-15 03:00:00,IN-DC-033,Hyderabad,51164.6,17334.1,2675.1,522.4,71696.1,1.401,28.7,55,8.5,16.4,24.4,1,0,0.973,50.0,1.08,50904.0
2026-04-15 04:00:00,IN-DC-033,Hyderabad,51096.8,17052.4,2672.5,410.1,71231.7,1.394,28.2,51,8.3,16.0,23.4,1,0,0.972,49.92,0.95,50575.0
2026-04-15 05:00:00,IN-DC-033,Hyderabad,50299.0,17042.7,2642.2,525.3,70509.1,1.402,29.2,50,8.7,16.2,23.4,1,0,0.983,50.05,0.96,50061.0
2026-04-15 06:00:00,IN-DC-033,Hyderabad,50587.3,17586.7,2653.1,519.1,71346.2,1.41,29.4,52,8.5,16.0,23.9,1,0,0.965,50.0,0.89,50656.0
2026-04-15 07:00:00,IN-DC-033,Hyderabad,49865.1,18019.4,2625.7,533.4,71043.5,1.425,30.6,53,8.7,16.3,24.2,1,0,0.979,49.91,1.1,50441.0
2026-04-15 08:00:00,IN-DC-033,Hyderabad,49670.0,18494.3,2618.3,454.2,71236.7,1.434,32.2,34,8.4,16.1,24.4,1,0,0.978,49.96,1.13,50578.0
2026-04-15 09:00:00,IN-DC-033,Hyderabad,50367.8,19460.3,2644.8,514.0,72987.0,1.449,34.4,43,8.5,16.0,24.0,1,0,0.979,49.96,1.29,51821.0
2026-04-15 10:00:00,IN-DC-033,Hyderabad,49807.4,19257.4,2623.5,430.9,72119.2,1.448,34.8,40,8.6,16.1,24.0,1,0,0.977,50.08,1.25,51205.0
2026-04-15 11:00:00,IN-DC-033,Hyderabad,50956.5,20652.8,2667.1,575.8,74852.2,1.469,36.8,40,8.8,16.4,24.9,1,0,0.975,50.0,1.38,53145.0
2026-04-15 12:00:00,IN-DC-033,Hyderabad,51154.0,21131.8,2674.7,561.7,75522.1,1.476,39.0,28,8.8,16.4,24.4,1,0,0.967,49.99,1.33,53621.0
2026-04-15 13:00:00,IN-DC-033,Hyderabad,51356.5,21106.9,2682.3,432.0,75577.7,1.472,38.8,29,9.0,16.8,24.2,1,0,0.97,49.99,1.31,53660.0
2026-04-15 14:00:00,IN-DC-033,Hyderabad,51576.4,22417.0,2690.7,534.9,77219.0,1.497,40.1,27,9.1,16.7,24.0,1,0,0.984,50.0,1.44,54826.0
2026-04-15 15:00:00,IN-DC-033,Hyderabad,52822.7,22317.4,2738.1,510.5,78388.8,1.484,40.1,28,8.7,16.3,24.1,1,0,0.985,50.04,1.56,55656.0
2026-04-15 16:00:00,IN-DC-033,Hyderabad,52690.1,22011.3,2733.0,412.1,77846.5,1.477,39.4,26,8.9,16.7,24.6,1,0,0.973,49.96,1.49,55271.0
2026-04-15 17:00:00,IN-DC-033,Hyderabad,53149.3,22414.0,2750.5,506.6,78820.4,1.483,38.8,25,9.0,16.6,24.3,1,0,0.976,49.93,1.39,55962.0
2026-04-15 18:00:00,IN-DC-033,Hyderabad,53941.1,22335.2,2780.6,473.5,79530.3,1.474,38.5,24,9.0,17.1,24.7,1,0,0.975,50.09,1.36,56467.0
2026-04-15 19:00:00,IN-DC-033,Hyderabad,54477.0,22019.4,2800.9,608.9,79906.2,1.467,37.5,27,8.7,16.7,23.9,1,0,0.984,50.06,1.16,56733.0
2026-04-15 20:00:00,IN-DC-033,Hyderabad,55037.2,22071.7,2822.2,479.8,80410.9,1.461,36.3,34,8.9,17.1,24.7,1,0,0.971,50.08,1.26,57092.0
2026-04-15 21:00:00,IN-DC-033,Hyderabad,54135.3,19922.1,2787.9,479.3,77324.7,1.428,33.2,41,8.5,16.5,24.4,1,0,0.979,49.9,0.97,54901.0
2026-04-15 22:00:00,IN-DC-033,Hyderabad,53739.3,19832.3,2772.9,416.6,76761.1,1.428,32.3,45,8.8,16.4,24.5,1,0,0.986,49.99,1.02,54500.0
2026-04-15 23:00:00,IN-DC-033,Hyderabad,53506.3,18839.6,2764.0,499.3,75609.3,1.413,30.2,49,8.4,16.1,23.7,1,0,0.975,50.03,1.01,53683.0
2026-04-16 00:00:00,IN-DC-033,Hyderabad,53783.8,19299.7,2774.6,526.6,76384.7,1.42,30.2,48,8.5,16.7,24.4,1,0,0.975,49.99,1.03,54233.0
2026-04-16 01:00:00,IN-DC-033,Hyderabad,53382.0,18398.6,2759.3,448.2,74988.1,1.405,29.0,48,8.4,16.5,24.3,1,0,0.976,49.94,1.03,53242.0
2026-04-16 02:00:00,IN-DC-033,Hyderabad,53472.3,18111.2,2762.7,446.3,74792.5,1.399,28.7,49,8.4,16.2,23.3,1,0,0.981,50.08,1.02,53103.0
2026-04-16 03:00:00,IN-DC-033,Hyderabad,51998.2,17493.9,2706.7,444.3,72643.2,1.397,27.9,48,8.3,16.2,24.4,1,0,0.98,49.99,0.9,51577.0
2026-04-16 04:00:00,IN-DC-033,Hyderabad,51629.9,17235.4,2692.7,409.2,71967.2,1.394,28.4,51,8.7,16.6,23.6,1,0,0.981,50.0,0.97,51097.0
2026-04-16 05:00:00,IN-DC-033,Hyderabad,51115.9,17146.2,2673.2,492.2,71427.5,1.397,28.9,50,8.3,16.0,23.9,1,0,0.982,49.95,0.99,50714.0
2026-04-16 06:00:00,IN-DC-033,Hyderabad,50419.9,17594.1,2646.8,459.2,71120.0,1.411,30.0,46,8.3,16.0,23.3,1,0,0.978,50.02,1.02,50495.0
2026-04-16 07:00:00,IN-DC-033,Hyderabad,51261.8,18529.0,2678.7,536.8,73006.4,1.424,30.7,44,8.5,16.1,23.8,1,0,0.97,50.0,1.12,51835.0
2026-04-16 08:00:00,IN-DC-033,Hyderabad,50231.6,18007.9,2639.6,481.1,71360.1,1.421,32.1,46,8.8,16.3,24.4,1,0,0.98,50.02,1.15,50666.0
2026-04-16 09:00:00,IN-DC-033,Hyderabad,51113.1,18933.2,2673.1,579.1,73298.4,1.434,33.3,41,8.8,16.6,23.4,1,0,0.966,49.88,1.06,52042.0
2026-04-16 10:00:00,IN-DC-033,Hyderabad,52137.1,20607.4,2712.0,476.3,75932.9,1.456,35.3,32,8.5,16.4,23.9,1,0,0.97,49.99,1.27,53912.0
2026-04-16 11:00:00,IN-DC-033,Hyderabad,51717.3,20289.0,2696.1,546.5,75248.9,1.455,36.9,33,9.2,17.0,24.4,1,0,0.98,49.98,1.44,53427.0
2026-04-16 12:00:00,IN-DC-033,Hyderabad,52192.9,20936.9,2714.1,499.0,76343.1,1.463,37.3,36,8.8,16.4,23.9,1,0,0.991,50.0,1.43,54204.0
2026-04-16 13:00:00,IN-DC-033,Hyderabad,52818.0,22055.3,2737.9,477.1,78088.2,1.478,39.1,28,9.1,16.7,24.2,1,0,0.978,49.98,1.37,55443.0
2026-04-16 14:00:00,IN-DC-033,Hyderabad,53064.0,22372.2,2747.2,540.2,78723.6,1.484,39.1,25,9.2,17.0,24.9,1,0,0.974,50.03,1.53,55894.0
2026-04-16 15:00:00,IN-DC-033,Hyderabad,54003.1,22674.9,2782.9,497.8,79958.7,1.481,39.7,30,8.9,16.8,24.9,1,0,0.973,49.98,1.44,56771.0
2026-04-16 16:00:00,IN-DC-033,Hyderabad,54162.4,22852.7,2789.0,465.8,80269.8,1.482,39.9,33,8.7,16.9,24.3,1,0,0.971,49.99,1.4,56992.0
2026-04-16 17:00:00,IN-DC-033,Hyderabad,54649.9,22310.1,2807.5,529.4,80296.9,1.469,38.8,33,8.6,16.6,24.3,1,0,0.988,49.98,1.55,57011.0
2026-04-16 18:00:00,IN-DC-033,Hyderabad,54991.9,22014.0,2820.5,582.0,80408.3,1.462,37.2,30,8.3,16.9,24.2,1,0,0.981,49.91,1.26,57090.0
2026-04-16 19:00:00,IN-DC-033,Hyderabad,55028.8,21878.7,2821.9,584.7,80314.1,1.459,37.1,32,9.3,17.4,24.5,1,0,0.979,50.12,1.37,57023.0
2026-04-16 20:00:00,IN-DC-033,Hyderabad,55346.6,20992.6,2834.0,472.0,79645.2,1.439,34.3,42,8.3,16.3,24.0,1,0,0.972,50.08,1.04,56548.0
2026-04-16 21:00:00,IN-DC-033,Hyderabad,55822.9,21498.1,2852.1,598.7,80771.8,1.447,34.9,36,8.8,17.0,24.2,1,0,0.976,49.99,1.25,57348.0
2026-04-16 22:00:00,IN-DC-033,Hyderabad,56029.3,20252.6,2859.9,505.7,79647.5,1.422,32.2,41,8.6,16.6,24.3,1,0,0.984,50.02,1.12,56550.0
2026-04-16 23:00:00,IN-DC-033,Hyderabad,55673.4,19636.4,2846.4,386.7,78542.9,1.411,30.2,47,8.4,16.6,23.6,1,0,0.97,50.0,1.08,55765.0
2026-04-17 00:00:00,IN-DC-033,Hyderabad,53605.3,18395.4,2767.8,524.0,75292.5,1.405,29.0,56,8.2,16.1,23.8,1,0,0.971,49.96,1.04,53458.0
2026-04-17 01:00:00,IN-DC-033,Hyderabad,54162.3,18552.4,2789.0,601.6,76105.3,1.405,28.3,48,8.6,16.8,23.8,1,0,0.968,50.04,0.88,54035.0
2026-04-17 02:00:00,IN-DC-033,Hyderabad,53517.3,18282.8,2764.5,356.7,74921.3,1.4,29.0,53,8.7,16.7,23.7,1,0,0.97,50.02,1.01,53194.0
2026-04-17 03:00:00,IN-DC-033,Hyderabad,53969.2,17669.0,2781.6,502.9,74922.8,1.388,27.3,43,8.0,15.6,23.8,1,0,0.98,49.98,0.84,53195.0
2026-04-17 04:00:00,IN-DC-033,Hyderabad,53157.3,17259.0,2750.8,474.1,73641.2,1.385,27.0,60,8.7,16.6,23.9,1,0,0.969,49.96,0.88,52285.0
2026-04-17 05:00:00,IN-DC-033,Hyderabad,52225.7,17415.0,2715.4,523.4,72879.4,1.395,28.6,44,8.3,16.1,24.1,1,0,0.989,49.96,0.87,51744.0
2026-04-17 06:00:00,IN-DC-033,Hyderabad,51805.7,17833.6,2699.4,513.7,72852.4,1.406,29.4,43,8.6,16.5,24.3,1,0,0.977,50.0,0.96,51725.0
2026-04-17 07:00:00,IN-DC-033,Hyderabad,52793.4,18463.2,2736.9,433.8,74427.4,1.41,30.2,46,8.4,16.1,24.6,1,0,0.972,50.06,0.96,52843.0
2026-04-17 08:00:00,IN-DC-033,Hyderabad,52193.6,19561.4,2714.2,455.1,74924.3,1.436,31.9,39,8.8,16.7,24.4,1,0,0.973,50.03,0.91,53196.0
2026-04-17 09:00:00,IN-DC-033,Hyderabad,52833.1,19716.7,2738.5,440.8,75729.0,1.433,33.4,39,9.0,16.7,23.9,1,0,0.968,50.02,1.14,53768.0
2026-04-17 10:00:00,IN-DC-033,Hyderabad,51930.9,20058.1,2704.2,574.0,75267.1,1.449,35.0,37,9.1,16.8,24.9,1,0,0.97,50.05,1.11,53440.0
2026-04-17 11:00:00,IN-DC-033,Hyderabad,52954.7,21294.8,2743.1,397.2,77389.8,1.461,36.4,38,8.8,16.6,23.9,1,0,0.982,50.04,1.28,54947.0
2026-04-17 12:00:00,IN-DC-033,Hyderabad,54472.8,22489.7,2800.8,524.1,80287.3,1.474,37.3,25,8.8,16.9,24.0,1,0,0.968,49.98,1.36,57004.0
2026-04-17 13:00:00,IN-DC-033,Hyderabad,53840.6,22783.4,2776.7,571.2,79972.0,1.485,39.3,26,8.8,16.6,23.8,1,0,0.979,50.05,1.48,56780.0
2026-04-17 14:00:00,IN-DC-033,Hyderabad,54904.3,22544.8,2817.2,498.8,80765.1,1.471,38.9,23,8.5,16.5,23.4,1,0,0.966,49.97,1.41,57343.0
2026-04-17 15:00:00,IN-DC-033,Hyderabad,54750.9,23146.5,2811.3,628.3,81337.0,1.486,39.9,23,9.1,17.2,24.7,1,0,0.983,49.97,1.59,57749.0
2026-04-17 16:00:00,IN-DC-033,Hyderabad,55178.0,22911.0,2827.6,515.3,81431.9,1.476,39.4,31,8.4,16.1,24.0,1,0,0.979,50.04,1.5,57817.0
2026-04-17 17:00:00,IN-DC-033,Hyderabad,56220.6,22724.9,2867.2,573.3,82386.0,1.465,39.0,29,8.8,16.9,24.1,1,0,0.966,49.9,1.32,58494.0
2026-04-17 18:00:00,IN-DC-033,Hyderabad,56449.8,22976.0,2875.9,434.9,82736.6,1.466,37.8,35,8.7,17.0,24.6,1,0,0.978,50.02,1.48,58743.0
2026-04-17 19:00:00,IN-DC-033,Hyderabad,56321.2,21881.5,2871.0,525.8,81599.5,1.449,36.3,40,8.6,16.7,24.9,1,0,0.976,49.91,1.38,57936.0
2026-04-17 20:00:00,IN-DC-033,Hyderabad,56349.1,21434.8,2872.1,368.4,81024.3,1.438,34.3,36,9.2,17.6,24.0,1,0,0.989,49.99,1.26,57527.0
2026-04-17 21:00:00,IN-DC-033,Hyderabad,56747.9,21017.0,2887.2,520.7,81172.8,1.43,33.6,46,8.5,16.8,23.9,1,0,0.965,50.01,1.22,57633.0
2026-04-17 22:00:00,IN-DC-033,Hyderabad,57011.4,20736.7,2897.2,482.6,81127.9,1.423,32.3,44,9.2,17.7,23.6,1,0,0.978,50.02,1.11,57601.0
2026-04-17 23:00:00,IN-DC-033,Hyderabad,56171.8,19593.9,2865.3,365.0,78996.1,1.406,30.9,43,8.4,16.7,24.5,1,0,0.966,50.07,1.23,56087.0
2026-04-18 00:00:00,IN-DC-033,Hyderabad,54684.5,17917.3,2808.8,532.2,75942.8,1.389,27.9,52,8.7,16.6,24.0,1,0,0.97,50.0,0.9,53919.0
2026-04-18 01:00:00,IN-DC-033,Hyderabad,54193.2,17460.3,2790.1,501.5,74945.1,1.383,27.6,56,8.4,16.3,24.3,1,0,0.974,50.03,0.89,53211.0
2026-04-18 02:00:00,IN-DC-033,Hyderabad,53465.2,17628.6,2762.5,450.7,74307.0,1.39,27.7,56,8.5,16.1,24.5,1,0,0.982,50.02,0.86,52758.0
2026-04-18 03:00:00,IN-DC-033,Hyderabad,53193.8,17300.7,2752.2,463.7,73710.4,1.386,26.7,52,8.3,16.2,23.8,1,0,0.972,49.93,0.89,52334.0
2026-04-18 04:00:00,IN-DC-033,Hyderabad,52780.1,17328.5,2736.4,466.3,73311.3,1.389,27.5,49,8.3,16.3,24.0,1,0,0.987,50.08,0.89,52051.0
2026-04-18 05:00:00,IN-DC-033,Hyderabad,52277.0,16870.5,2717.3,463.3,72328.1,1.384,28.0,51,8.4,16.2,24.0,1,0,0.966,50.0,0.83,51353.0
2026-04-18 06:00:00,IN-DC-033,Hyderabad,52576.1,18523.6,2728.7,485.4,74313.8,1.413,30.0,42,9.0,16.8,23.2,1,0,0.973,50.06,1.08,52763.0
2026-04-18 07:00:00,IN-DC-033,Hyderabad,52628.5,18815.7,2730.7,523.9,74698.8,1.419,30.5,48,8.2,16.3,24.6,1,0,0.974,50.02,1.1,53036.0
2026-04-18 08:00:00,IN-DC-033,Hyderabad,51888.3,18822.9,2702.6,479.5,73893.2,1.424,32.3,45,9.1,16.6,24.1,1,0,0.992,50.02,1.01,52464.0
2026-04-18 09:00:00,IN-DC-033,Hyderabad,51786.8,19682.7,2698.7,438.1,74606.3,1.441,33.7,43,8.5,16.5,23.8,1,0,0.972,49.9,1.17,52970.0
2026-04-18 10:00:00,IN-DC-033,Hyderabad,53044.5,20436.1,2746.5,495.3,76722.3,1.446,35.1,36,8.4,16.3,24.0,1,0,0.982,50.05,1.19,54473.0
2026-04-18 11:00:00,IN-DC-033,Hyderabad,52565.9,21022.0,2728.3,460.0,76776.3,1.461,36.4,38,8.8,16.6,24.0,1,0,0.964,50.03,1.52,54511.0
2026-04-18 12:00:00,IN-DC-033,Hyderabad,53176.1,21396.3,2751.5,510.0,77834.0,1.464,37.1,40,8.8,16.3,24.7,1,0,0.968,50.04,1.4,55262.0
2026-04-18 13:00:00,IN-DC-033,Hyderabad,53539.2,21626.5,2765.3,449.4,78380.4,1.464,37.8,32,8.9,17.0,24.0,1,0,0.983,50.04,1.38,55650.0
2026-04-18 14:00:00,IN-DC-033,Hyderabad,54600.7,22421.0,2805.6,544.8,80372.2,1.472,39.3,33,9.0,17.3,24.5,1,0,0.983,49.94,1.3,57064.0
2026-04-18 15:00:00,IN-DC-033,Hyderabad,54245.9,22825.2,2792.1,494.5,80357.8,1.481,39.2,30,8.8,16.7,24.0,1,0,0.962,49.99,1.52,57054.0
2026-04-18 16:00:00,IN-DC-033,Hyderabad,54785.3,22704.9,2812.6,440.3,80743.1,1.474,38.7,28,9.2,17.5,24.8,1,0,0.963,49.99,1.55,57328.0
2026-04-18 17:00:00,IN-DC-033,Hyderabad,55647.3,22955.2,2845.4,518.4,81966.4,1.473,38.2,31,9.2,17.0,24.5,1,0,0.98,49.98,1.47,58196.0
2026-04-18 18:00:00,IN-DC-033,Hyderabad,56111.0,22381.1,2863.0,428.6,81783.7,1.458,37.1,31,8.8,16.9,24.5,1,0,0.978,49.95,1.32,58066.0
2026-04-18 19:00:00,IN-DC-033,Hyderabad,56458.2,22205.5,2876.2,374.6,81914.5,1.451,36.4,37,8.5,16.6,24.1,1,0,0.973,49.97,1.31,58159.0
2026-04-18 20:00:00,IN-DC-033,Hyderabad,56936.1,21900.5,2894.4,612.2,82343.2,1.446,34.2,31,8.7,17.1,24.2,1,0,0.985,50.0,1.29,58464.0
2026-04-18 21:00:00,IN-DC-033,Hyderabad,56349.4,20303.8,2872.1,661.1,80186.3,1.423,33.5,37,8.8,17.2,23.7,1,0,0.982,49.94,1.19,56932.0
2026-04-18 22:00:00,IN-DC-033,Hyderabad,56167.8,19881.5,2865.2,359.3,79273.8,1.411,30.7,38,8.8,17.1,23.8,1,0,0.972,49.94,0.99,56284.0
2026-04-18 23:00:00,IN-DC-033,Hyderabad,55736.1,19514.6,2848.8,504.2,78603.6,1.41,29.8,43,8.4,16.2,24.1,1,0,0.979,49.98,0.97,55809.0
2026-04-19 00:00:00,IN-DC-033,Hyderabad,55675.4,19084.3,2846.5,510.9,78117.0,1.403,29.4,51,8.6,16.8,24.0,1,0,0.976,49.96,0.95,55463.0
2026-04-19 01:00:00,IN-DC-033,Hyderabad,55285.4,18381.6,2831.6,479.9,76978.5,1.392,28.0,49,8.2,15.8,24.2,1,0,0.97,50.01,1.01,54655.0
2026-04-19 02:00:00,IN-DC-033,Hyderabad,54902.9,17958.9,2817.1,521.9,76200.7,1.388,27.2,55,8.6,16.7,24.1,1,0,0.972,49.98,0.78,54103.0
2026-04-19 03:00:00,IN-DC-033,Hyderabad,54546.8,17455.3,2803.6,470.9,75276.7,1.38,26.1,58,8.6,16.6,23.7,1,0,0.984,50.02,0.85,53446.0
2026-04-19 04:00:00,IN-DC-033,Hyderabad,54499.1,17893.6,2801.8,469.8,75664.2,1.388,27.0,46,8.4,16.5,23.3,1,0,0.982,49.93,0.91,53722.0
2026-04-19 05:00:00,IN-DC-033,Hyderabad,54421.1,17771.1,2798.8,412.1,75403.1,1.386,28.1,52,8.4,16.5,23.9,1,0,0.985,50.09,0.93,53536.0
2026-04-19 06:00:00,IN-DC-033,Hyderabad,53998.8,18365.4,2782.8,495.4,75642.3,1.401,29.7,48,8.7,16.7,24.4,1,0,0.976,49.96,0.91,53706.0
2026-04-19 07:00:00,IN-DC-033,Hyderabad,53104.9,18945.3,2748.8,563.9,75362.8,1.419,29.7,49,8.4,16.4,24.3,1,0,0.973,49.96,1.14,53508.0
2026-04-19 08:00:00,IN-DC-033,Hyderabad,53122.6,18702.3,2749.5,544.2,75118.5,1.414,31.3,41,8.7,16.8,24.0,1,0,0.972,50.07,1.1,53334.0
2026-04-19 09:00:00,IN-DC-033,Hyderabad,54172.8,20075.5,2789.4,468.6,77506.3,1.431,32.7,43,8.7,16.6,24.5,1,0,0.97,50.02,1.29,55029.0
2026-04-19 10:00:00,IN-DC-033,Hyderabad,53266.4,20467.5,2754.9,490.7,76979.6,1.445,34.7,32,8.5,16.2,24.4,1,0,0.972,50.0,1.22,54656.0
2026-04-19 11:00:00,IN-DC-033,Hyderabad,53914.4,21060.8,2779.5,502.2,78257.0,1.452,35.8,39,8.6,16.5,24.2,1,0,0.962,49.94,1.31,55562.0
2026-04-19 12:00:00,IN-DC-033,Hyderabad,54629.0,21257.8,2806.7,388.6,79082.0,1.448,36.9,40,8.6,16.7,24.5,1,0,0.974,50.06,1.25,56148.0
2026-04-19 13:00:00,IN-DC-033,Hyderabad,55031.6,22701.8,2822.0,508.0,81063.4,1.473,38.4,24,8.9,17.1,24.8,1,0,0.992,49.95,1.4,57555.0
2026-04-19 14:00:00,IN-DC-033,Hyderabad,54961.2,22799.0,2819.3,434.0,81013.6,1.474,39.1,29,8.9,16.7,24.3,1,0,0.981,50.03,1.58,57520.0
2026-04-19 15:00:00,IN-DC-033,Hyderabad,56212.5,23264.4,2866.9,448.6,82792.3,1.473,39.1,27,8.7,16.8,24.9,1,0,0.979,50.07,1.53,58783.0
2026-04-19 16:00:00,IN-DC-033,Hyderabad,56613.7,22965.1,2882.1,444.4,82905.2,1.464,37.8,32,8.9,17.0,23.9,1,0,0.979,49.96,1.45,58863.0
2026-04-19 17:00:00,IN-DC-033,Hyderabad,56574.6,23022.8,2880.6,508.8,82986.9,1.467,38.0,30,8.8,16.8,24.8,1,0,0.986,50.05,1.42,58921.0
2026-04-19 18:00:00,IN-DC-033,Hyderabad,57665.0,23636.8,2922.1,394.5,84618.4,1.467,37.7,34,8.6,17.0,25.0,1,0,0.988,50.07,1.36,60079.0
2026-04-19 19:00:00,IN-DC-033,Hyderabad,57875.6,23120.2,2930.1,535.5,84461.4,1.459,36.4,36,8.8,17.4,24.4,1,0,0.975,49.96,1.32,59968.0
2026-04-19 20:00:00,IN-DC-033,Hyderabad,58126.9,22351.4,2939.6,491.5,83909.4,1.444,34.7,34,8.7,17.1,23.8,1,0,0.977,50.07,1.24,59576.0
2026-04-19 21:00:00,IN-DC-033,Hyderabad,57703.0,21150.5,2923.5,430.0,82207.0,1.425,33.3,44,8.5,16.8,24.3,1,0,0.979,50.01,1.24,58367.0
2026-04-19 22:00:00,IN-DC-033,Hyderabad,57903.7,20808.6,2931.1,536.2,82179.7,1.419,31.3,41,8.9,17.4,23.3,1,0,0.969,50.01,0.89,58348.0
2026-04-19 23:00:00,IN-DC-033,Hyderabad,58219.0,20461.8,2943.1,514.0,82137.9,1.411,30.3,48,8.2,16.6,24.5,1,0,0.973,49.94,0.94,58318.0
2026-04-20 00:00:00,IN-DC-033,Hyderabad,58290.6,19851.7,2945.8,538.5,81626.7,1.4,29.1,51,8.7,17.4,24.1,1,0,0.976,50.05,0.94,57955.0
2026-04-20 01:00:00,IN-DC-033,Hyderabad,56983.4,18162.2,2896.2,517.3,78559.1,1.379,27.2,47,8.2,16.3,23.6,1,0,0.981,50.01,0.86,55777.0
2026-04-20 02:00:00,IN-DC-033,Hyderabad,57279.6,18904.9,2907.4,433.0,79525.0,1.388,27.3,58,8.3,16.9,23.8,1,0,0.975,49.99,0.88,56463.0
2026-04-20 03:00:00,IN-DC-033,Hyderabad,57040.8,18409.2,2898.4,471.1,78819.5,1.382,26.6,51,8.5,16.7,24.4,1,0,0.963,49.93,0.93,55962.0
2026-04-20 04:00:00,IN-DC-033,Hyderabad,56672.0,18042.0,2884.3,453.6,78051.9,1.377,27.0,54,8.7,16.7,24.1,1,0,0.985,49.98,0.75,55417.0
2026-04-20 05:00:00,IN-DC-033,Hyderabad,56197.3,18677.1,2866.3,447.3,78188.0,1.391,28.2,48,8.4,16.4,24.0,1,0,0.967,50.03,0.9,55513.0
2026-04-20 06:00:00,IN-DC-033,Hyderabad,55420.5,18631.9,2836.8,423.5,77312.7,1.395,28.9,50,8.8,16.7,24.1,1,0,0.975,49.96,0.96,54892.0
2026-04-20 07:00:00,IN-DC-033,Hyderabad,55692.4,19018.5,2847.1,382.5,77940.5,1.399,29.9,46,8.4,16.5,23.5,1,0,0.978,50.0,1.12,55338.0
2026-04-20 08:00:00,IN-DC-033,Hyderabad,55642.3,20365.4,2845.2,430.0,79283.0,1.425,31.9,39,8.5,16.6,23.7,1,0,0.971,50.04,1.12,56291.0
2026-04-20 09:00:00,IN-DC-033,Hyderabad,55817.1,20447.9,2851.9,477.3,79594.2,1.426,32.8,41,8.6,16.5,23.6,1,0,0.981,49.93,0.99,56512.0
2026-04-20 10:00:00,IN-DC-033,Hyderabad,56973.7,21743.9,2895.8,574.5,82187.9,1.443,34.1,42,8.9,17.0,24.4,1,0,0.971,50.01,1.22,58353.0
2026-04-20 11:00:00,IN-DC-033,Hyderabad,55899.7,21986.9,2855.0,408.3,81149.8,1.452,36.6,30,8.6,16.5,24.5,1,0,0.982,50.04,1.39,57616.0
2026-04-20 12:00:00,IN-DC-033,Hyderabad,56756.4,22591.8,2887.5,386.7,82622.4,1.456,36.9,29,8.9,17.5,23.7,1,0,0.985,50.02,1.18,58662.0
2026-04-20 13:00:00,IN-DC-033,Hyderabad,57330.2,23384.9,2909.3,435.8,84060.3,1.466,38.5,21,8.3,17.1,24.8,1,0,0.971,50.0,1.41,59683.0
2026-04-20 14:00:00,IN-DC-033,Hyderabad,59073.0,24657.7,2975.6,462.2,87168.5,1.476,38.8,28,9.0,17.5,24.2,1,0,0.991,50.0,1.44,61890.0
2026-04-20 15:00:00,IN-DC-033,Hyderabad,58309.0,24000.9,2946.5,577.8,85834.2,1.472,39.4,25,8.9,17.2,24.8,1,0,0.968,50.09,1.29,60942.0
2026-04-20 16:00:00,IN-DC-033,Hyderabad,59073.0,24355.7,2975.6,425.5,86829.7,1.47,39.0,22,8.7,17.2,25.1,1,0,0.969,50.18,1.43,61649.0
2026-04-20 17:00:00,IN-DC-033,Hyderabad,59073.0,23859.0,2975.6,537.5,86445.1,1.463,38.4,30,8.7,17.1,24.1,1,0,0.975,49.98,1.38,61376.0
2026-04-20 18:00:00,IN-DC-033,Hyderabad,59073.0,23723.5,2975.6,438.0,86210.1,1.459,37.8,30,8.9,17.3,25.1,1,0,0.976,49.91,1.38,61209.0
2026-04-20 19:00:00,IN-DC-033,Hyderabad,59073.0,23260.6,2975.6,458.4,85767.6,1.452,36.1,36,8.8,17.5,23.9,1,0,0.978,50.07,1.15,60895.0
2026-04-20 20:00:00,IN-DC-033,Hyderabad,59073.0,22305.7,2975.6,545.5,84899.8,1.437,34.7,38,8.4,17.3,24.1,1,0,0.972,50.06,1.27,60279.0
2026-04-20 21:00:00,IN-DC-033,Hyderabad,59073.0,22413.9,2975.6,525.4,84987.9,1.439,34.4,44,8.9,17.7,24.2,1,0,0.969,49.97,1.31,60341.0
2026-04-20 22:00:00,IN-DC-033,Hyderabad,59073.0,20998.0,2975.6,537.7,83584.3,1.415,31.1,48,8.5,16.8,24.1,1,0,0.979,49.99,1.02,59345.0
2026-04-20 23:00:00,IN-DC-033,Hyderabad,59073.0,20359.5,2975.6,380.9,82788.9,1.401,30.0,45,8.1,16.5,24.8,1,0,0.969,49.94,1.07,58780.0
2026-04-21 00:00:00,IN-DC-033,Hyderabad,59073.0,19919.5,2975.6,440.2,82408.3,1.395,29.1,44,8.7,17.1,24.2,1,0,0.974,49.98,0.91,58510.0
2026-04-21 01:00:00,IN-DC-033,Hyderabad,59073.0,19473.0,2975.6,445.8,81967.3,1.388,27.6,50,8.3,16.8,24.6,1,0,0.979,50.02,0.79,58197.0
2026-04-21 02:00:00,IN-DC-033,Hyderabad,58854.4,19128.9,2967.3,503.2,81453.7,1.384,27.8,52,8.5,17.4,24.2,1,0,0.976,49.98,0.96,57832.0
2026-04-21 03:00:00,IN-DC-033,Hyderabad,58233.8,17739.1,2943.7,426.4,79342.9,1.362,25.7,54,8.6,17.5,24.1,1,0,0.973,49.94,0.79,56333.0
2026-04-21 04:00:00,IN-DC-033,Hyderabad,58054.8,18656.4,2936.9,457.2,80105.3,1.38,27.2,47,8.2,16.8,23.8,1,0,0.973,50.12,1.02,56875.0
2026-04-21 05:00:00,IN-DC-033,Hyderabad,57340.3,19115.6,2909.7,448.6,79814.2,1.392,27.5,54,8.2,16.3,23.7,1,0,0.977,49.97,0.95,56668.0
2026-04-21 06:00:00,IN-DC-033,Hyderabad,57168.3,19316.4,2903.2,404.3,79792.2,1.396,27.9,47,8.9,17.4,23.8,1,0,0.965,49.97,0.85,56652.0
2026-04-21 07:00:00,IN-DC-033,Hyderabad,56661.3,20007.4,2883.9,476.8,80029.4,1.412,30.8,46,8.8,17.0,23.4,1,0,0.975,50.0,1.07,56821.0
2026-04-21 08:00:00,IN-DC-033,Hyderabad,57061.7,20251.7,2899.1,540.9,80753.5,1.415,31.2,49,8.6,16.8,24.1,1,0,0.988,50.01,1.0,57335.0
2026-04-21 09:00:00,IN-DC-033,Hyderabad,57140.2,21269.0,2902.1,429.6,81740.9,1.431,34.3,37,8.9,17.3,23.9,1,0,0.979,50.05,1.22,58036.0
2026-04-21 10:00:00,IN-DC-033,Hyderabad,57634.4,21353.5,2920.9,476.5,82385.4,1.429,34.4,32,8.5,17.0,23.9,1,0,0.99,50.04,1.2,58494.0
2026-04-21 11:00:00,IN-DC-033,Hyderabad,57205.8,22119.1,2904.6,495.4,82724.9,1.446,35.5,40,8.3,16.4,24.1,1,0,0.961,50.01,1.53,58735.0
2026-04-21 12:00:00,IN-DC-033,Hyderabad,57482.3,22818.5,2915.1,463.8,83679.7,1.456,36.7,36,8.8,17.5,24.4,1,0,0.98,49.96,1.42,59413.0
2026-04-21 13:00:00,IN-DC-033,Hyderabad,58590.9,24048.0,2957.3,508.1,86104.2,1.47,38.2,24,8.7,17.1,24.4,1,0,0.968,50.02,1.27,61134.0
2026-04-21 14:00:00,IN-DC-033,Hyderabad,59073.0,24114.0,2975.6,407.7,86570.3,1.465,38.5,20,9.0,17.4,24.0,1,0,0.981,49.96,1.58,61465.0
2026-04-21 15:00:00,IN-DC-033,Hyderabad,59073.0,24217.1,2975.6,442.4,86708.1,1.468,38.6,33,8.9,17.4,24.0,1,0,0.969,50.11,1.41,61563.0
2026-04-21 16:00:00,IN-DC-033,Hyderabad,59073.0,24589.4,2975.6,447.0,87084.9,1.474,39.2,26,8.7,17.3,24.6,1,0,0.982,49.96,1.47,61830.0
2026-04-21 17:00:00,IN-DC-033,Hyderabad,59073.0,23713.5,2975.6,509.5,86271.6,1.46,38.5,32,8.7,17.5,24.3,1,0,0.972,49.89,1.26,61253.0
2026-04-21 18:00:00,IN-DC-033,Hyderabad,59073.0,23536.5,2975.6,448.8,86033.9,1.456,37.8,41,9.0,17.8,25.0,1,0,0.97,49.93,1.45,61084.0
2026-04-21 19:00:00,IN-DC-033,Hyderabad,59073.0,22859.9,2975.6,458.3,85366.8,1.445,35.5,29,8.9,17.1,23.6,1,0,0.978,50.13,1.28,60610.0
2026-04-21 20:00:00,IN-DC-033,Hyderabad,59073.0,23045.1,2975.6,537.7,85631.3,1.45,35.2,41,8.5,17.3,24.0,1,0,0.977,49.99,1.18,60798.0
2026-04-21 21:00:00,IN-DC-033,Hyderabad,59073.0,21991.6,2975.6,576.4,84616.6,1.432,32.6,39,8.7,17.0,23.5,1,0,0.972,49.98,1.24,60078.0
2026-04-21 22:00:00,IN-DC-033,Hyderabad,59073.0,21164.3,2975.6,431.7,83644.6,1.416,30.8,41,8.7,17.1,24.5,1,0,0.976,50.1,1.15,59388.0
2026-04-21 23:00:00,IN-DC-033,Hyderabad,59073.0,20113.5,2975.6,546.9,82709.0,1.4,29.6,48,8.2,16.8,24.4,1,0,0.964,50.08,0.9,58723.0
2026-04-22 00:00:00,IN-DC-033,Hyderabad,59073.0,19479.3,2975.6,525.9,82053.7,1.389,28.6,53,7.8,16.2,24.0,1,0,0.984,50.07,0.97,58258.0
2026-04-22 01:00:00,IN-DC-033,Hyderabad,59073.0,19660.3,2975.6,456.7,82165.6,1.391,28.5,49,8.2,16.4,23.5,1,0,0.966,50.01,0.82,58338.0
2026-04-22 02:00:00,IN-DC-033,Hyderabad,59073.0,19542.6,2975.6,561.0,82152.2,1.391,26.9,49,8.5,16.9,24.4,1,0,0.968,50.08,0.9,58328.0
2026-04-22 03:00:00,IN-DC-033,Hyderabad,59073.0,18697.7,2975.6,452.8,81199.1,1.375,26.4,49,8.3,17.0,23.8,1,0,0.974,50.06,1.02,57651.0
2026-04-22 04:00:00,IN-DC-033,Hyderabad,58976.0,19188.1,2971.9,430.1,81566.0,1.383,27.4,52,8.2,16.3,23.7,1,0,0.969,49.97,0.84,57912.0
2026-04-22 05:00:00,IN-DC-033,Hyderabad,58079.1,19280.2,2937.8,419.3,80716.5,1.39,27.8,51,8.6,17.0,23.9,1,0,0.976,49.96,0.91,57309.0
2026-04-22 06:00:00,IN-DC-033,Hyderabad,58701.1,20136.9,2961.4,468.0,82267.4,1.401,28.9,43,8.6,16.9,24.3,1,0,0.995,50.04,0.97,58410.0
2026-04-22 07:00:00,IN-DC-033,Hyderabad,57297.2,19538.5,2908.1,412.1,80155.9,1.399,30.0,44,8.5,16.3,23.8,1,0,0.982,50.0,1.1,56911.0
2026-04-22 08:00:00,IN-DC-033,Hyderabad,58244.1,21218.9,2944.1,573.9,82981.0,1.425,31.7,45,8.6,17.2,24.4,1,0,0.973,50.0,0.94,58917.0
2026-04-22 09:00:00,IN-DC-033,Hyderabad,58649.7,22014.3,2959.5,526.7,84150.1,1.435,33.9,41,8.6,17.6,23.8,1,0,0.984,49.97,1.14,59747.0
2026-04-22 10:00:00,IN-DC-033,Hyderabad,58586.8,22150.9,2957.1,476.5,84171.2,1.437,34.1,38,8.8,17.3,23.5,1,0,0.98,50.06,1.21,59762.0
2026-04-22 11:00:00,IN-DC-033,Hyderabad,59073.0,23085.7,2975.6,505.3,85639.6,1.45,35.7,33,8.6,17.2,24.4,1,0,0.967,49.92,1.31,60804.0
2026-04-22 12:00:00,IN-DC-033,Hyderabad,59073.0,23597.7,2975.6,533.0,86179.3,1.459,37.4,37,8.5,17.2,24.3,1,0,0.965,50.01,1.42,61187.0
2026-04-22 13:00:00,IN-DC-033,Hyderabad,59073.0,23685.7,2975.6,531.6,86265.9,1.46,38.6,34,8.9,17.3,24.2,1,0,0.979,50.08,1.36,61249.0
2026-04-22 14:00:00,IN-DC-033,Hyderabad,59073.0,24635.8,2975.6,569.9,87254.3,1.477,38.9,26,8.5,16.8,23.8,1,0,0.971,49.99,1.46,61951.0
2026-04-22 15:00:00,IN-DC-033,Hyderabad,59073.0,24086.4,2975.6,533.1,86668.1,1.467,38.2,30,8.5,17.1,24.5,1,0,0.971,50.0,1.44,61534.0
2026-04-22 16:00:00,IN-DC-033,Hyderabad,59073.0,24465.9,2975.6,486.2,87000.7,1.473,39.3,23,9.1,17.6,24.1,1,0,0.993,50.12,1.41,61771.0
2026-04-22 17:00:00,IN-DC-033,Hyderabad,59073.0,23784.6,2975.6,400.9,86234.0,1.46,37.1,33,8.9,17.0,24.2,1,0,0.96,49.94,1.22,61226.0
2026-04-22 18:00:00,IN-DC-033,Hyderabad,59073.0,23664.5,2975.6,508.0,86221.0,1.46,37.1,25,8.7,17.5,24.5,1,0,0.976,50.1,1.38,61217.0
2026-04-22 19:00:00,IN-DC-033,Hyderabad,59073.0,22353.4,2975.6,543.3,84945.2,1.438,34.9,37,8.6,17.2,23.2,1,0,0.971,50.06,1.2,60311.0
2026-04-22 20:00:00,IN-DC-033,Hyderabad,59073.0,22873.0,2975.6,570.8,85492.4,1.447,34.9,34,8.7,17.3,24.2,1,0,0.976,49.99,1.15,60700.0
2026-04-22 21:00:00,IN-DC-033,Hyderabad,59073.0,21689.3,2975.6,511.0,84248.8,1.426,33.1,37,8.5,17.3,24.0,1,0,0.978,50.01,1.3,59817.0
2026-04-22 22:00:00,IN-DC-033,Hyderabad,59073.0,20698.3,2975.6,498.5,83245.4,1.409,31.1,42,8.5,17.3,23.9,1,0,0.977,49.97,1.18,59104.0
2026-04-22 23:00:00,IN-DC-033,Hyderabad,59073.0,20447.2,2975.6,440.9,82936.7,1.404,29.4,34,8.7,17.3,23.5,1,0,0.964,50.05,1.04,58885.0
2026-04-23 00:00:00,IN-DC-033,Hyderabad,59073.0,19303.8,2975.6,458.3,81810.6,1.385,28.3,50,8.6,17.4,23.8,1,0,0.962,50.0,0.73,58086.0
2026-04-23 01:00:00,IN-DC-033,Hyderabad,59073.0,19625.0,2975.6,559.7,82233.3,1.392,27.5,53,8.5,17.1,24.1,1,0,0.978,49.99,0.89,58386.0
2026-04-23 02:00:00,IN-DC-033,Hyderabad,59073.0,19077.2,2975.6,485.7,81611.4,1.382,27.1,51,8.7,17.2,24.2,1,0,0.983,49.92,0.86,57944.0
2026-04-23 03:00:00,IN-DC-033,Hyderabad,59073.0,19363.8,2975.6,468.5,81880.8,1.386,27.6,61,8.4,16.9,24.7,1,0,0.966,50.03,0.94,58135.0
2026-04-23 04:00:00,IN-DC-033,Hyderabad,59073.0,19369.9,2975.6,537.2,81955.7,1.387,27.9,54,8.6,17.4,24.9,1,0,0.964,49.96,0.97,58189.0
2026-04-23 05:00:00,IN-DC-033,Hyderabad,59073.0,19231.4,2975.6,613.7,81893.6,1.386,28.2,49,8.3,16.8,24.0,1,0,0.967,49.98,0.87,58144.0
2026-04-23 06:00:00,IN-DC-033,Hyderabad,59073.0,19566.2,2975.6,396.3,82011.0,1.388,28.1,55,8.6,17.1,24.1,1,0,0.979,50.04,0.75,58228.0
2026-04-23 07:00:00,IN-DC-033,Hyderabad,59073.0,19929.0,2975.6,582.7,82560.3,1.398,29.8,47,8.6,16.9,24.1,1,0,0.969,49.99,0.96,58618.0
2026-04-23 08:00:00,IN-DC-033,Hyderabad,59073.0,21137.5,2975.6,473.6,83659.7,1.416,31.1,39,8.2,16.5,24.3,1,0,0.967,49.95,1.15,59398.0
2026-04-23 09:00:00,IN-DC-033,Hyderabad,58613.6,20964.7,2958.1,323.7,82860.1,1.414,33.2,36,8.5,16.8,23.7,1,0,0.975,50.04,1.09,58831.0
2026-04-23 10:00:00,IN-DC-033,Hyderabad,59073.0,22124.9,2975.6,405.9,84579.3,1.432,34.2,44,8.7,17.1,24.5,1,0,0.983,50.04,1.25,60051.0
2026-04-23 11:00:00,IN-DC-033,Hyderabad,59073.0,23374.2,2975.6,591.4,86014.2,1.456,36.1,27,8.6,17.1,24.8,1,0,0.977,49.92,1.25,61070.0
2026-04-23 12:00:00,IN-DC-033,Hyderabad,59073.0,22873.3,2975.6,486.4,85408.2,1.446,36.8,27,9.0,17.3,24.0,1,0,0.985,50.01,1.36,60640.0
2026-04-23 13:00:00,IN-DC-033,Hyderabad,59073.0,23596.6,2975.6,474.5,86119.6,1.458,37.5,28,9.0,17.6,23.9,1,0,0.992,49.95,1.2,61145.0
2026-04-23 14:00:00,IN-DC-033,Hyderabad,59073.0,24552.4,2975.6,590.5,87191.5,1.476,39.4,31,8.8,17.5,24.8,1,0,0.983,50.01,1.6,61906.0
2026-04-23 15:00:00,IN-DC-033,Hyderabad,59073.0,24093.6,2975.6,423.8,86565.9,1.465,38.0,27,8.7,17.2,23.6,1,0,0.976,50.06,1.36,61462.0
2026-04-23 16:00:00,IN-DC-033,Hyderabad,59073.0,23785.1,2975.6,514.4,86348.0,1.462,38.0,33,8.5,16.8,24.7,1,0,0.992,50.01,1.15,61307.0
2026-04-23 17:00:00,IN-DC-033,Hyderabad,59073.0,23468.9,2975.6,491.4,86008.8,1.456,37.2,37,9.0,17.7,23.5,1,0,0.978,50.01,1.4,61066.0
2026-04-23 18:00:00,IN-DC-033,Hyderabad,59073.0,23808.8,2975.6,547.6,86405.0,1.463,37.5,27,8.7,17.2,24.6,1,0,0.986,49.95,1.45,61348.0
2026-04-23 19:00:00,IN-DC-033,Hyderabad,59073.0,23633.3,2975.6,532.6,86214.6,1.459,36.4,34,8.7,17.4,23.7,1,0,0.975,49.89,1.37,61212.0
2026-04-23 20:00:00,IN-DC-033,Hyderabad,59073.0,22412.3,2975.6,473.5,84934.4,1.438,34.0,39,8.6,17.3,24.5,1,0,0.98,50.04,1.1,60303.0
2026-04-23 21:00:00,IN-DC-033,Hyderabad,59073.0,21226.9,2975.6,590.3,83865.8,1.42,32.0,44,8.5,17.0,23.2,1,0,0.969,50.05,1.08,59545.0
2026-04-23 22:00:00,IN-DC-033,Hyderabad,59073.0,20863.3,2975.6,553.6,83465.5,1.413,31.1,41,8.4,17.0,24.3,1,0,0.978,50.02,1.05,59260.0
2026-04-23 23:00:00,IN-DC-033,Hyderabad,59073.0,19922.1,2975.6,309.8,82280.4,1.393,28.8,47,8.2,16.5,23.7,1,0,0.985,50.05,0.88,58419.0
2026-04-24 00:00:00,IN-DC-033,Hyderabad,59073.0,20184.6,2975.6,495.6,82728.7,1.4,29.0,52,8.4,16.8,24.0,1,0,0.97,50.01,0.85,58737.0
2026-04-24 01:00:00,IN-DC-033,Hyderabad,59073.0,18753.9,2975.6,537.2,81339.7,1.377,26.8,53,8.7,17.0,24.4,1,0,0.984,49.98,0.74,57751.0
2026-04-24 02:00:00,IN-DC-033,Hyderabad,59073.0,19349.7,2975.6,575.7,81974.0,1.388,27.1,55,8.7,17.2,24.0,1,0,0.984,50.04,0.89,58202.0
2026-04-24 03:00:00,IN-DC-033,Hyderabad,59073.0,18480.5,2975.6,502.3,81031.4,1.372,26.6,45,8.5,17.3,24.0,1,0,0.982,50.03,0.81,57532.0
2026-04-24 04:00:00,IN-DC-033,Hyderabad,59073.0,18651.9,2975.6,562.3,81262.9,1.376,26.1,46,8.6,17.4,24.4,1,0,0.965,49.95,0.94,57697.0
2026-04-24 05:00:00,IN-DC-033,Hyderabad,59073.0,19613.2,2975.6,477.7,82139.5,1.39,28.2,52,8.4,16.6,24.2,1,0,0.962,50.1,0.87,58319.0
2026-04-24 06:00:00,IN-DC-033,Hyderabad,59073.0,19889.8,2975.6,480.4,82418.7,1.395,28.6,50,8.5,16.8,23.8,1,0,0.978,50.04,0.88,58517.0
2026-04-24 07:00:00,IN-DC-033,Hyderabad,59073.0,20305.9,2975.6,340.1,82694.6,1.4,29.5,46,8.4,16.9,23.8,1,0,0.976,49.98,1.0,58713.0
2026-04-24 08:00:00,IN-DC-033,Hyderabad,59073.0,21053.7,2975.6,499.2,83601.5,1.415,31.6,45,8.6,17.0,23.6,1,0,0.975,50.07,1.04,59357.0
2026-04-24 09:00:00,IN-DC-033,Hyderabad,59073.0,21499.6,2975.6,480.9,84029.1,1.422,32.5,40,8.8,17.4,23.6,1,0,0.98,50.01,1.14,59661.0
2026-04-24 10:00:00,IN-DC-033,Hyderabad,59073.0,22355.7,2975.6,518.1,84922.4,1.438,34.5,36,8.8,17.3,24.3,1,0,0.967,49.97,1.33,60295.0
2026-04-24 11:00:00,IN-DC-033,Hyderabad,59073.0,22759.4,2975.6,523.3,85331.2,1.445,35.1,31,8.7,17.4,24.3,1,0,0.975,49.98,1.29,60585.0
2026-04-24 12:00:00,IN-DC-033,Hyderabad,59073.0,23422.4,2975.6,385.7,85856.6,1.453,37.1,36,8.6,16.9,23.9,1,0,0.982,50.14,1.37,60958.0
2026-04-24 13:00:00,IN-DC-033,Hyderabad,59073.0,23873.1,2975.6,441.5,86363.1,1.462,37.9,25,9.0,17.7,24.4,1,0,0.963,50.05,1.36,61318.0
2026-04-24 14:00:00,IN-DC-033,Hyderabad,59073.0,24112.1,2975.6,527.3,86688.0,1.467,38.0,34,8.7,17.5,24.4,1,0,0.982,49.96,1.39,61549.0
2026-04-24 15:00:00,IN-DC-033,Hyderabad,59073.0,24345.7,2975.6,543.6,86937.9,1.472,38.4,33,8.8,17.6,24.3,1,0,0.962,49.93,1.54,61726.0
2026-04-24 16:00:00,IN-DC-033,Hyderabad,59073.0,24639.6,2975.6,508.8,87197.0,1.476,38.6,26,8.8,17.4,24.1,1,0,0.985,49.96,1.51,61910.0
2026-04-24 17:00:00,IN-DC-033,Hyderabad,59073.0,23907.8,2975.6,429.3,86385.7,1.462,37.9,32,9.1,17.9,24.6,1,0,0.961,49.93,1.43,61334.0
2026-04-24 18:00:00,IN-DC-033,Hyderabad,59073.0,23043.5,2975.6,517.3,85609.3,1.449,36.5,34,8.6,17.7,24.2,1,0,0.981,49.94,1.34,60783.0
2026-04-24 19:00:00,IN-DC-033,Hyderabad,59073.0,22531.6,2975.6,532.1,85112.3,1.441,35.6,35,8.5,17.1,24.9,1,0,0.972,49.92,1.35,60430.0
2026-04-24 20:00:00,IN-DC-033,Hyderabad,59073.0,21631.8,2975.6,588.5,84268.9,1.427,33.4,28,8.5,17.2,23.7,1,0,0.974,50.04,1.2,59831.0
2026-04-24 21:00:00,IN-DC-033,Hyderabad,59073.0,21991.3,2975.6,538.2,84578.0,1.432,33.5,40,8.6,17.1,23.6,1,0,0.972,50.08,1.18,60050.0
2026-04-24 22:00:00,IN-DC-033,Hyderabad,59073.0,20844.0,2975.6,498.4,83391.0,1.412,30.7,45,8.7,17.1,24.7,1,0,0.982,50.03,0.9,59208.0
2026-04-24 23:00:00,IN-DC-033,Hyderabad,59073.0,20215.5,2975.6,486.7,82750.7,1.401,29.2,38,8.8,17.4,23.6,1,0,0.964,49.99,0.91,58753.0
2026-04-25 00:00:00,IN-DC-033,Hyderabad,59073.0,19318.0,2975.6,499.3,81865.9,1.386,28.3,47,8.5,16.5,24.6,1,0,0.971,49.99,0.84,58125.0
2026-04-25 01:00:00,IN-DC-033,Hyderabad,59073.0,19353.7,2975.6,416.2,81818.5,1.385,27.5,55,8.2,16.8,24.1,1,0,0.984,49.97,0.85,58091.0
2026-04-25 02:00:00,IN-DC-033,Hyderabad,59073.0,19334.5,2975.6,444.7,81827.8,1.385,27.2,56,8.6,17.1,23.4,1,0,0.972,50.0,1.04,58098.0
2026-04-25 03:00:00,IN-DC-033,Hyderabad,59073.0,18807.1,2975.6,427.4,81283.0,1.376,26.8,49,8.5,16.8,23.3,1,0,0.971,49.92,1.04,57711.0
2026-04-25 04:00:00,IN-DC-033,Hyderabad,59073.0,19052.5,2975.6,497.8,81598.9,1.381,27.3,56,8.5,17.2,24.5,1,0,0.985,50.0,0.96,57935.0
2026-04-25 05:00:00,IN-DC-033,Hyderabad,59073.0,19981.2,2975.6,559.0,82588.8,1.398,28.6,48,8.4,17.2,23.1,1,0,0.968,50.0,0.96,58638.0
2026-04-25 06:00:00,IN-DC-033,Hyderabad,59073.0,19526.0,2975.6,486.2,82060.8,1.389,27.7,54,8.5,17.4,23.7,1,0,0.978,50.02,0.85,58263.0
2026-04-25 07:00:00,IN-DC-033,Hyderabad,59073.0,20626.2,2975.6,427.3,83102.1,1.407,30.3,47,8.5,16.9,23.7,1,0,0.959,49.96,1.17,59002.0
2026-04-25 08:00:00,IN-DC-033,Hyderabad,59073.0,20295.8,2975.6,458.4,82802.8,1.402,30.3,39,8.7,17.1,23.9,1,0,0.991,50.01,0.93,58790.0
2026-04-25 09:00:00,IN-DC-033,Hyderabad,59073.0,21771.7,2975.6,565.7,84385.9,1.429,32.5,50,8.6,16.6,24.0,1,0,0.981,50.0,1.08,59914.0
2026-04-25 10:00:00,IN-DC-033,Hyderabad,59073.0,22216.4,2975.6,498.6,84763.6,1.435,33.7,45,8.6,17.2,23.7,1,0,0.983,49.98,1.2,60182.0
2026-04-25 11:00:00,IN-DC-033,Hyderabad,59073.0,23234.7,2975.6,591.0,85874.3,1.454,36.4,39,8.8,17.4,24.2,1,0,0.973,50.06,1.37,60971.0
2026-04-25 12:00:00,IN-DC-033,Hyderabad,59073.0,23742.1,2975.6,530.5,86321.2,1.461,37.6,36,8.4,17.0,24.3,1,0,0.967,49.99,1.33,61288.0
2026-04-25 13:00:00,IN-DC-033,Hyderabad,59073.0,23686.1,2975.6,459.4,86194.1,1.459,37.3,28,8.7,17.5,23.9,1,0,0.984,50.06,1.46,61198.0
2026-04-25 14:00:00,IN-DC-033,Hyderabad,59073.0,24028.0,2975.6,487.4,86563.9,1.465,37.9,36,8.9,17.3,23.9,1,0,0.97,49.96,1.51,61460.0
2026-04-25 15:00:00,IN-DC-033,Hyderabad,59073.0,24461.7,2975.6,382.4,86892.7,1.471,38.5,28,8.5,17.1,24.6,1,0,0.964,49.97,1.42,61694.0
2026-04-25 16:00:00,IN-DC-033,Hyderabad,59073.0,23781.4,2975.6,497.1,86327.0,1.461,38.8,29,8.6,17.2,23.9,1,0,0.97,50.02,1.43,61292.0
2026-04-25 17:00:00,IN-DC-033,Hyderabad,59073.0,23880.6,2975.6,517.6,86446.8,1.463,38.0,22,8.8,17.3,24.6,1,0,0.977,50.01,1.3,61377.0
2026-04-25 18:00:00,IN-DC-033,Hyderabad,59073.0,23351.7,2975.6,443.2,85843.5,1.453,37.0,27,8.9,17.8,24.5,1,0,0.969,49.96,1.34,60949.0
2026-04-25 19:00:00,IN-DC-033,Hyderabad,59073.0,22930.4,2975.6,527.2,85506.2,1.447,34.9,31,8.5,17.2,23.6,1,0,0.978,50.05,1.33,60709.0
2026-04-25 20:00:00,IN-DC-033,Hyderabad,59073.0,22621.9,2975.6,528.5,85199.0,1.442,34.8,44,8.9,17.8,24.0,1,0,0.978,49.99,1.31,60491.0
2026-04-25 21:00:00,IN-DC-033,Hyderabad,59073.0,21331.8,2975.6,475.5,83855.9,1.42,32.6,43,8.3,16.6,24.5,1,0,0.984,50.07,1.02,59538.0
2026-04-25 22:00:00,IN-DC-033,Hyderabad,59073.0,20993.1,2975.6,483.1,83524.8,1.414,30.8,38,8.6,17.3,24.0,1,0,0.978,50.1,1.06,59303.0
2026-04-25 23:00:00,IN-DC-033,Hyderabad,59073.0,20344.2,2975.6,538.5,82931.3,1.404,29.0,49,8.8,17.5,24.0,1,0,0.965,49.99,0.96,58881.0
2026-04-26 00:00:00,IN-DC-033,Hyderabad,59073.0,19005.3,2975.6,505.6,81559.4,1.381,27.2,50,8.5,16.6,23.9,1,0,0.968,49.96,0.73,57907.0
2026-04-26 01:00:00,IN-DC-033,Hyderabad,59073.0,19468.3,2975.6,524.1,82041.0,1.389,27.6,45,8.1,17.0,24.3,1,0,0.985,50.0,0.78,58249.0
2026-04-26 02:00:00,IN-DC-033,Hyderabad,59073.0,18722.9,2975.6,478.7,81250.2,1.375,25.9,62,8.6,17.2,23.4,1,0,0.975,50.0,0.89,57688.0
2026-04-26 03:00:00,IN-DC-033,Hyderabad,59073.0,19272.5,2975.6,572.3,81893.4,1.386,26.5,53,8.2,16.9,24.4,1,0,0.965,50.08,0.97,58144.0
2026-04-26 04:00:00,IN-DC-033,Hyderabad,59073.0,19211.7,2975.6,506.8,81767.1,1.384,27.4,52,8.5,17.0,24.3,1,0,0.964,49.88,0.96,58055.0
2026-04-26 05:00:00,IN-DC-033,Hyderabad,59073.0,19155.4,2975.6,455.8,81659.8,1.382,27.1,53,8.5,17.3,24.3,1,0,0.97,49.99,0.91,57978.0
2026-04-26 06:00:00,IN-DC-033,Hyderabad,59073.0,19841.6,2975.6,494.3,82384.6,1.395,28.5,49,8.5,17.0,24.1,1,0,0.977,49.98,0.92,58493.0
2026-04-26 07:00:00,IN-DC-033,Hyderabad,59073.0,20128.1,2975.6,463.2,82639.9,1.399,29.3,46,8.3,16.7,23.6,1,0,0.968,50.06,1.01,58674.0
2026-04-26 08:00:00,IN-DC-033,Hyderabad,59073.0,21308.2,2975.6,527.9,83884.7,1.42,30.9,44,8.4,16.9,23.6,1,0,0.982,50.04,0.97,59558.0
2026-04-26 09:00:00,IN-DC-033,Hyderabad,59073.0,21329.5,2975.6,384.5,83762.6,1.418,32.1,41,8.5,17.3,24.7,1,0,0.98,49.99,1.2,59471.0
2026-04-26 10:00:00,IN-DC-033,Hyderabad,59073.0,22157.8,2975.6,511.0,84717.4,1.434,33.9,44,8.6,17.1,23.8,1,0,0.989,50.04,1.16,60149.0
2026-04-26 11:00:00,IN-DC-033,Hyderabad,59073.0,22865.4,2975.6,444.0,85358.0,1.445,35.6,31,9.1,17.7,24.8,1,0,0.985,49.97,1.18,60604.0
2026-04-26 12:00:00,IN-DC-033,Hyderabad,59073.0,23507.0,2975.6,524.8,86080.3,1.457,36.7,25,8.8,17.4,24.1,1,0,0.97,50.04,1.21,61117.0
2026-04-26 13:00:00,IN-DC-033,Hyderabad,59073.0,23951.1,2975.6,566.7,86566.4,1.465,37.8,29,8.6,16.9,24.7,1,0,0.99,50.02,1.49,61462.0
2026-04-26 14:00:00,IN-DC-033,Hyderabad,59073.0,24267.6,2975.6,448.0,86764.2,1.469,38.7,20,8.5,16.7,24.0,1,0,0.965,50.04,1.47,61603.0
2026-04-26 15:00:00,IN-DC-033,Hyderabad,59073.0,24356.9,2975.6,552.8,86958.3,1.472,39.3,26,9.0,17.5,24.2,0,1,0.98,50.09,1.5,61740.0
2026-04-26 16:00:00,IN-DC-033,Hyderabad,59073.0,23407.7,2975.6,592.5,86048.7,1.457,37.1,31,9.0,17.5,24.0,0,1,0.976,49.97,1.4,61095.0
2026-04-26 17:00:00,IN-DC-033,Hyderabad,59073.0,23834.1,2975.6,525.1,86407.8,1.463,37.9,29,9.2,17.7,23.6,1,0,0.979,49.89,1.53,61350.0
2026-04-26 18:00:00,IN-DC-033,Hyderabad,59073.0,22573.8,2975.6,426.6,85049.0,1.44,35.8,22,8.9,17.5,22.9,1,0,0.99,50.01,1.45,60385.0
2026-04-26 19:00:00,IN-DC-033,Hyderabad,59073.0,22753.6,2975.6,344.6,85146.8,1.441,34.7,31,9.2,17.6,24.3,1,0,0.984,49.85,1.3,60454.0
2026-04-26 20:00:00,IN-DC-033,Hyderabad,59073.0,22413.0,2975.6,484.1,84945.7,1.438,33.9,43,8.8,17.3,23.6,1,0,0.99,49.91,1.1,60311.0
2026-04-26 21:00:00,IN-DC-033,Hyderabad,59073.0,21556.4,2975.6,481.9,84086.8,1.423,32.4,41,8.6,16.9,24.0,1,0,0.986,50.06,1.16,59702.0
2026-04-26 22:00:00,IN-DC-033,Hyderabad,59073.0,20636.6,2975.6,467.6,83152.8,1.408,31.2,38,8.5,16.9,23.4,1,0,0.974,49.95,0.93,59038.0
2026-04-26 23:00:00,IN-DC-033,Hyderabad,59073.0,20015.1,2975.6,465.4,82529.0,1.397,29.1,50,8.5,16.6,23.6,1,0,0.973,49.98,1.01,58596.0
2026-04-27 00:00:00,IN-DC-033,Hyderabad,59073.0,19543.0,2975.6,276.2,81867.8,1.386,26.9,45,8.6,17.2,24.8,1,0,0.983,50.1,1.04,58126.0
2026-04-27 01:00:00,IN-DC-033,Hyderabad,59073.0,18622.3,2975.6,534.4,81205.3,1.375,26.6,51,8.5,16.7,23.9,1,0,0.962,49.98,0.84,57656.0
2026-04-27 02:00:00,IN-DC-033,Hyderabad,59073.0,18391.8,2975.6,590.4,81030.8,1.372,26.1,56,8.2,16.5,23.8,1,0,0.982,49.96,0.89,57532.0
2026-04-27 03:00:00,IN-DC-033,Hyderabad,59073.0,18661.6,2975.6,449.7,81159.9,1.374,25.8,58,8.3,16.8,23.4,1,0,0.981,50.0,0.78,57623.0
2026-04-27 04:00:00,IN-DC-033,Hyderabad,59073.0,18678.6,2975.6,461.7,81188.9,1.374,26.6,53,8.6,17.0,24.4,1,0,0.962,50.02,1.01,57644.0
2026-04-27 05:00:00,IN-DC-033,Hyderabad,59073.0,19092.8,2975.6,514.4,81655.7,1.382,27.4,54,8.9,17.8,24.4,1,0,0.967,50.0,0.85,57976.0
2026-04-27 06:00:00,IN-DC-033,Hyderabad,59073.0,19715.5,2975.6,425.3,82189.3,1.391,28.0,45,8.5,17.1,24.0,1,0,0.974,50.0,0.84,58354.0
2026-04-27 07:00:00,IN-DC-033,Hyderabad,59073.0,20302.3,2975.6,573.5,82924.4,1.404,29.2,45,8.7,16.9,24.6,1,0,0.962,49.97,0.75,58876.0
2026-04-27 08:00:00,IN-DC-033,Hyderabad,59073.0,20830.0,2975.6,512.2,83390.8,1.412,30.7,43,8.7,17.4,24.5,1,0,0.981,49.93,1.04,59207.0
2026-04-27 09:00:00,IN-DC-033,Hyderabad,59073.0,21408.5,2975.6,482.5,83939.6,1.421,32.6,45,8.7,17.9,24.4,1,0,0.968,50.0,1.16,59597.0
2026-04-27 10:00:00,IN-DC-033,Hyderabad,59073.0,22030.3,2975.6,414.1,84492.9,1.43,33.6,33,8.6,17.1,23.6,1,0,0.977,50.05,1.1,59990.0
2026-04-27 11:00:00,IN-DC-033,Hyderabad,59073.0,22730.8,2975.6,496.9,85276.2,1.444,35.1,35,8.9,17.4,24.6,1,0,0.982,50.06,1.13,60546.0
2026-04-27 12:00:00,IN-DC-033,Hyderabad,59073.0,23070.5,2975.6,469.1,85588.2,1.449,36.4,27,8.6,17.1,23.8,1,0,0.971,49.98,1.31,60768.0
2026-04-27 13:00:00,IN-DC-033,Hyderabad,59073.0,23578.4,2975.6,539.9,86166.8,1.459,37.3,24,8.2,16.7,25.0,1,0,0.973,50.02,1.42,61178.0
2026-04-27 14:00:00,IN-DC-033,Hyderabad,59073.0,23897.5,2975.6,487.9,86434.0,1.463,38.3,28,9.2,17.9,25.1,1,0,0.96,50.07,1.34,61368.0
2026-04-27 15:00:00,IN-DC-033,Hyderabad,59073.0,23938.4,2975.6,497.7,86484.6,1.464,37.7,20,8.9,17.2,24.7,1,0,0.969,49.96,1.41,61404.0
2026-04-27 16:00:00,IN-DC-033,Hyderabad,59073.0,23419.9,2975.6,519.6,85988.1,1.456,37.3,26,9.1,17.7,24.2,1,0,0.982,50.02,1.43,61052.0
2026-04-27 17:00:00,IN-DC-033,Hyderabad,59073.0,23988.7,2975.6,487.2,86524.5,1.465,37.8,31,8.8,17.6,24.5,1,0,0.966,50.04,1.46,61432.0
2026-04-27 18:00:00,IN-DC-033,Hyderabad,59073.0,22700.8,2975.6,548.7,85298.0,1.444,36.0,29,9.2,17.7,23.7,1,0,0.968,50.13,1.4,60562.0
2026-04-27 19:00:00,IN-DC-033,Hyderabad,59073.0,23093.5,2975.6,491.3,85633.3,1.45,35.9,34,8.7,17.2,23.8,1,0,0.981,50.04,1.12,60800.0
2026-04-27 20:00:00,IN-DC-033,Hyderabad,59073.0,22133.1,2975.6,458.2,84639.8,1.433,33.3,37,8.6,17.5,23.8,1,0,0.98,50.0,1.09,60094.0
2026-04-27 21:00:00,IN-DC-033,Hyderabad,59073.0,21051.2,2975.6,491.2,83591.0,1.415,31.6,51,8.6,16.7,24.0,1,0,0.975,50.08,1.04,59350.0
2026-04-27 22:00:00,IN-DC-033,Hyderabad,59073.0,20952.2,2975.6,444.8,83445.6,1.413,31.3,41,8.8,17.5,23.6,1,0,0.971,49.99,1.15,59246.0
2026-04-27 23:00:00,IN-DC-033,Hyderabad,59073.0,19967.5,2975.6,549.1,82565.2,1.398,29.1,43,8.6,16.9,24.7,1,0,0.975,49.97,1.02,58621.0
2026-04-28 00:00:00,IN-DC-033,Hyderabad,59073.0,19114.6,2975.6,512.7,81675.9,1.383,27.5,52,8.7,17.0,23.6,1,0,0.978,49.96,0.87,57990.0
2026-04-28 01:00:00,IN-DC-033,Hyderabad,59073.0,18740.6,2975.6,440.0,81229.2,1.375,26.6,54,8.5,16.8,23.6,1,0,0.958,49.98,1.0,57673.0
2026-04-28 02:00:00,IN-DC-033,Hyderabad,59073.0,19025.7,2975.6,598.7,81672.9,1.383,26.9,43,8.5,16.9,24.6,1,0,0.986,50.06,0.97,57988.0
2026-04-28 03:00:00,IN-DC-033,Hyderabad,59073.0,18583.9,2975.6,494.5,81127.0,1.373,25.7,52,8.6,16.9,23.6,1,0,0.99,50.03,0.92,57600.0
2026-04-28 04:00:00,IN-DC-033,Hyderabad,59073.0,18384.8,2975.6,440.5,80874.0,1.369,25.5,52,8.2,17.0,24.2,1,0,0.976,49.93,0.91,57421.0
2026-04-28 05:00:00,IN-DC-033,Hyderabad,59073.0,19090.2,2975.6,491.3,81630.1,1.382,27.4,52,8.6,16.9,23.4,1,0,0.984,50.08,0.93,57957.0
2026-04-28 06:00:00,IN-DC-033,Hyderabad,59073.0,18858.8,2975.6,500.3,81407.6,1.378,26.8,45,8.3,17.0,23.7,1,0,0.985,49.98,0.77,57799.0
2026-04-28 07:00:00,IN-DC-033,Hyderabad,59073.0,19983.5,2975.6,572.0,82604.1,1.398,28.6,46,8.2,16.3,23.7,1,0,0.981,50.05,0.77,58649.0
2026-04-28 08:00:00,IN-DC-033,Hyderabad,59073.0,20404.0,2975.6,455.8,82908.3,1.403,30.5,45,8.6,17.0,24.0,1,0,0.963,50.01,1.13,58865.0
2026-04-28 09:00:00,IN-DC-033,Hyderabad,59073.0,20839.9,2975.6,578.7,83467.1,1.413,31.2,46,8.4,16.8,23.8,1,0,0.977,49.99,1.11,59262.0
2026-04-28 10:00:00,IN-DC-033,Hyderabad,59073.0,21343.8,2975.6,587.9,83980.3,1.422,32.7,32,8.8,17.2,23.6,1,0,0.972,50.05,1.21,59626.0
2026-04-28 11:00:00,IN-DC-033,Hyderabad,59073.0,23030.2,2975.6,563.3,85642.0,1.45,35.5,36,9.0,17.6,23.7,1,0,0.977,49.98,1.46,60806.0
2026-04-28 12:00:00,IN-DC-033,Hyderabad,59073.0,23549.1,2975.6,553.0,86150.7,1.458,36.3,35,8.9,17.4,24.4,1,0,0.962,49.9,1.28,61167.0
2026-04-28 13:00:00,IN-DC-033,Hyderabad,59073.0,23824.1,2975.6,610.5,86483.2,1.464,37.7,30,8.5,17.3,24.5,1,0,0.992,50.04,1.4,61403.0
2026-04-28 14:00:00,IN-DC-033,Hyderabad,59073.0,23819.8,2975.6,438.4,86306.8,1.461,37.3,32,8.8,17.3,24.6,1,0,0.975,49.99,1.27,61278.0
2026-04-28 15:00:00,IN-DC-033,Hyderabad,59073.0,23554.1,2975.6,534.2,86136.9,1.458,37.7,19,8.8,17.1,24.7,1,0,0.977,50.03,1.43,61157.0
2026-04-28 16:00:00,IN-DC-033,Hyderabad,59073.0,23648.1,2975.6,524.9,86221.6,1.46,38.0,29,8.7,17.0,24.5,1,0,0.985,49.9,1.39,61217.0
2026-04-28 17:00:00,IN-DC-033,Hyderabad,59073.0,24353.1,2975.6,377.7,86779.4,1.469,37.6,22,8.5,17.2,24.4,1,0,0.97,49.94,1.34,61613.0
2026-04-28 18:00:00,IN-DC-033,Hyderabad,59073.0,23402.6,2975.6,418.5,85869.7,1.454,36.6,30,8.6,17.1,24.2,1,0,0.971,49.96,1.22,60967.0
2026-04-28 19:00:00,IN-DC-033,Hyderabad,59073.0,22812.0,2975.6,437.2,85297.8,1.444,35.9,32,8.9,17.8,24.9,1,0,0.972,50.04,1.21,60561.0
2026-04-28 20:00:00,IN-DC-033,Hyderabad,59073.0,21510.6,2975.6,416.7,83975.9,1.422,33.1,34,8.5,16.9,24.3,1,0,0.962,50.05,1.14,59623.0
2026-04-28 21:00:00,IN-DC-033,Hyderabad,59073.0,21470.9,2975.6,388.6,83908.2,1.42,31.8,48,8.7,17.1,23.4,1,0,0.987,50.03,1.02,59575.0
2026-04-28 22:00:00,IN-DC-033,Hyderabad,59073.0,20463.3,2975.6,485.7,82997.6,1.405,30.9,48,8.4,17.0,24.1,1,0,0.967,49.99,0.99,58928.0
2026-04-28 23:00:00,IN-DC-033,Hyderabad,59073.0,19579.5,2975.6,419.1,82047.1,1.389,27.9,45,8.3,16.6,24.6,1,0,0.968,50.0,0.99,58253.0
2026-04-29 00:00:00,IN-DC-033,Hyderabad,59073.0,19374.0,2975.6,480.7,81903.3,1.386,27.3,54,8.5,16.5,23.8,1,0,0.983,50.02,1.0,58151.0
2026-04-29 01:00:00,IN-DC-033,Hyderabad,59073.0,19113.4,2975.6,386.0,81548.0,1.38,26.9,50,8.2,16.9,23.7,1,0,0.963,49.94,0.92,57899.0
2026-04-29 02:00:00,IN-DC-033,Hyderabad,59073.0,18053.5,2975.6,451.2,80553.2,1.364,26.3,52,8.6,16.8,24.6,1,0,0.981,50.01,0.86,57193.0
2026-04-29 03:00:00,IN-DC-033,Hyderabad,59073.0,18847.9,2975.6,438.0,81334.4,1.377,26.2,50,8.5,17.1,24.5,1,0,0.972,49.98,0.84,57747.0
2026-04-29 04:00:00,IN-DC-033,Hyderabad,59073.0,18953.7,2975.6,590.4,81592.7,1.381,26.5,54,8.6,17.2,23.4,1,0,0.972,49.98,1.02,57931.0
2026-04-29 05:00:00,IN-DC-033,Hyderabad,59073.0,19158.8,2975.6,485.2,81692.6,1.383,27.0,51,8.6,17.1,23.4,1,0,0.978,50.08,1.0,58002.0
2026-04-29 06:00:00,IN-DC-033,Hyderabad,59073.0,19764.7,2975.6,534.3,82347.6,1.394,28.8,46,8.6,16.9,23.7,1,0,0.979,49.91,0.96,58467.0
2026-04-29 07:00:00,IN-DC-033,Hyderabad,59073.0,20172.4,2975.6,364.1,82585.1,1.398,29.8,45,8.5,17.4,24.4,1,0,0.968,49.99,1.05,58635.0
2026-04-29 08:00:00,IN-DC-033,Hyderabad,59073.0,21506.9,2975.6,501.9,84057.4,1.423,31.2,43,8.3,16.6,25.1,1,0,0.986,49.94,1.22,59681.0
2026-04-29 09:00:00,IN-DC-033,Hyderabad,59073.0,20990.1,2975.6,611.8,83650.4,1.416,31.4,43,8.9,17.0,24.5,1,0,0.967,49.99,1.06,59392.0
2026-04-29 10:00:00,IN-DC-033,Hyderabad,59073.0,22142.1,2975.6,485.7,84676.4,1.433,33.8,39,8.8,17.2,24.7,1,0,0.968,49.98,1.28,60120.0
2026-04-29 11:00:00,IN-DC-033,Hyderabad,59073.0,23345.0,2975.6,542.1,85935.6,1.455,35.9,35,8.9,17.3,24.7,1,0,0.975,50.02,1.24,61014.0
2026-04-29 12:00:00,IN-DC-033,Hyderabad,59073.0,23046.3,2975.6,525.4,85620.3,1.449,36.8,29,8.9,17.5,23.8,1,0,0.983,50.02,1.47,60790.0
2026-04-29 13:00:00,IN-DC-033,Hyderabad,59073.0,23611.4,2975.6,482.3,86142.3,1.458,37.4,33,8.5,16.8,24.0,1,0,0.975,50.06,1.33,61161.0
2026-04-29 14:00:00,IN-DC-033,Hyderabad,59073.0,23957.2,2975.6,497.1,86502.9,1.464,37.7,24,8.5,17.0,24.1,1,0,0.98,49.96,1.45,61417.0
2026-04-29 15:00:00,IN-DC-033,Hyderabad,59073.0,24496.3,2975.6,449.5,86994.3,1.473,38.9,24,9.1,17.7,24.3,1,0,0.957,50.04,1.34,61766.0
2026-04-29 16:00:00,IN-DC-033,Hyderabad,59073.0,24118.7,2975.6,505.8,86673.1,1.467,38.0,24,8.4,16.8,24.7,1,0,0.99,50.07,1.36,61538.0
2026-04-29 17:00:00,IN-DC-033,Hyderabad,59073.0,23856.8,2975.6,455.4,86360.8,1.462,37.5,25,8.6,17.5,24.4,1,0,0.981,49.96,1.29,61316.0
2026-04-29 18:00:00,IN-DC-033,Hyderabad,59073.0,23138.9,2975.6,504.2,85691.7,1.451,36.4,36,9.0,17.8,24.2,1,0,0.979,50.03,1.47,60841.0
2026-04-29 19:00:00,IN-DC-033,Hyderabad,59073.0,22904.7,2975.6,409.8,85363.1,1.445,35.1,25,8.7,17.2,24.0,1,0,0.975,50.04,1.23,60608.0
2026-04-29 20:00:00,IN-DC-033,Hyderabad,59073.0,22232.0,2975.6,441.2,84721.8,1.434,33.5,41,8.6,17.2,23.5,1,0,0.957,49.97,1.13,60152.0
2026-04-29 21:00:00,IN-DC-033,Hyderabad,59073.0,21090.0,2975.6,513.1,83651.7,1.416,31.9,37,8.6,17.2,23.6,1,0,0.971,49.94,1.16,59393.0
2026-04-29 22:00:00,IN-DC-033,Hyderabad,59073.0,20821.9,2975.6,567.1,83437.5,1.412,30.6,40,8.5,17.2,23.6,1,0,0.982,50.03,0.96,59241.0
2026-04-29 23:00:00,IN-DC-033,Hyderabad,59073.0,20135.2,2975.6,582.0,82765.7,1.401,28.7,45,8.3,17.1,23.5,1,0,0.981,50.06,1.09,58764.0
2026-04-30 00:00:00,IN-DC-033,Hyderabad,59073.0,19611.5,2975.6,553.9,82214.0,1.392,28.0,36,8.2,16.7,24.3,1,0,0.975,49.98,1.01,58372.0
2026-04-30 01:00:00,IN-DC-033,Hyderabad,59073.0,19420.9,2975.6,497.4,81966.9,1.388,27.6,55,8.5,17.0,24.1,1,0,0.989,50.03,1.05,58196.0
2026-04-30 02:00:00,IN-DC-033,Hyderabad,59073.0,18607.3,2975.6,492.9,81148.8,1.374,26.7,55,8.5,16.9,24.2,1,0,0.987,49.91,0.71,57616.0
2026-04-30 03:00:00,IN-DC-033,Hyderabad,59073.0,19390.2,2975.6,487.6,81926.4,1.387,26.5,54,8.7,16.9,24.3,1,0,0.983,49.99,0.88,58168.0
2026-04-30 04:00:00,IN-DC-033,Hyderabad,59073.0,19224.0,2975.6,486.3,81758.8,1.384,27.2,46,8.5,17.3,24.0,1,0,0.977,50.0,0.84,58049.0
2026-04-30 05:00:00,IN-DC-033,Hyderabad,59073.0,19431.9,2975.6,466.0,81946.5,1.387,27.9,54,8.1,16.5,23.6,1,0,0.97,49.92,0.85,58182.0
2026-04-30 06:00:00,IN-DC-033,Hyderabad,59073.0,20228.1,2975.6,558.6,82835.3,1.402,29.0,50,8.3,16.7,24.4,1,0,0.987,49.99,0.87,58813.0
2026-04-30 07:00:00,IN-DC-033,Hyderabad,59073.0,20396.7,2975.6,552.1,82997.4,1.405,29.9,47,8.5,16.8,24.4,1,0,0.987,49.99,1.02,58928.0
2026-04-30 08:00:00,IN-DC-033,Hyderabad,59073.0,21084.7,2975.6,529.2,83662.5,1.416,31.1,46,8.6,17.0,24.0,1,0,0.978,49.96,1.09,59400.0
2026-04-30 09:00:00,IN-DC-033,Hyderabad,59073.0,21741.5,2975.6,474.6,84264.7,1.426,32.7,44,9.0,17.6,24.0,1,0,0.97,50.01,1.23,59828.0
2026-04-30 10:00:00,IN-DC-033,Hyderabad,59073.0,21877.4,2975.6,402.0,84328.0,1.428,33.4,41,8.6,17.2,23.6,1,0,0.96,49.94,1.22,59873.0
2026-04-30 11:00:00,IN-DC-033,Hyderabad,59073.0,22932.0,2975.6,485.4,85466.1,1.447,35.6,40,8.8,17.4,24.2,1,0,0.983,49.96,1.38,60681.0
2026-04-30 12:00:00,IN-DC-033,Hyderabad,59073.0,23679.7,2975.6,398.0,86126.3,1.458,37.6,35,8.9,17.4,25.0,1,0,0.978,50.0,1.45,61150.0
2026-04-30 13:00:00,IN-DC-033,Hyderabad,59073.0,23751.2,2975.6,443.4,86243.1,1.46,37.6,30,9.1,17.5,24.1,1,0,0.984,50.01,1.34,61233.0
2026-04-30 14:00:00,IN-DC-033,Hyderabad,59073.0,24040.6,2975.6,403.6,86492.7,1.464,37.9,31,8.6,16.9,25.2,1,0,0.97,49.93,1.36,61410.0
2026-04-30 15:00:00,IN-DC-033,Hyderabad,59073.0,24215.4,2975.6,518.3,86782.3,1.469,38.7,25,8.6,17.3,23.8,1,0,0.957,50.04,1.56,61615.0
2026-04-30 16:00:00,IN-DC-033,Hyderabad,59073.0,23885.6,2975.6,421.2,86355.4,1.462,37.8,31,8.7,17.6,24.6,1,0,0.982,49.94,1.35,61312.0
2026-04-30 17:00:00,IN-DC-033,Hyderabad,59073.0,24420.5,2975.6,417.7,86886.8,1.471,38.8,29,9.6,18.0,25.0,1,0,0.971,50.02,1.52,61690.0
2026-04-30 18:00:00,IN-DC-033,Hyderabad,59073.0,24289.9,2975.6,553.5,86892.0,1.471,37.8,33,8.8,17.6,25.0,1,0,0.978,49.99,1.5,61693.0
2026-04-30 19:00:00,IN-DC-033,Hyderabad,59073.0,22866.3,2975.6,503.9,85418.7,1.446,35.8,29,9.1,17.7,23.5,0,1,0.975,50.03,1.4,60647.0
2026-04-30 20:00:00,IN-DC-033,Hyderabad,59073.0,22285.4,2975.6,407.9,84741.8,1.435,34.2,37,8.8,17.1,24.2,1,0,0.979,49.93,1.29,60167.0
2026-04-30 21:00:00,IN-DC-033,Hyderabad,59073.0,21681.4,2975.6,532.1,84262.0,1.426,32.2,38,8.6,17.3,24.3,1,0,0.983,50.01,1.13,59826.0
2026-04-30 22:00:00,IN-DC-033,Hyderabad,59073.0,20465.3,2975.6,328.3,82842.2,1.402,30.7,46,8.8,17.0,24.0,1,0,0.981,50.03,1.17,58818.0
2026-04-30 23:00:00,IN-DC-033,Hyderabad,59073.0,20229.9,2975.6,471.7,82750.2,1.401,29.8,47,8.2,16.9,24.1,1,0,0.978,50.05,0.84,58753.0
2026-04-01 00:00:00,IN-DC-044,Bengaluru,12906.1,4250.3,686.0,107.4,17949.8,1.391,26.8,59,8.4,14.1,24.2,1,0,0.977,49.98,0.27,12744.0
2026-04-01 01:00:00,IN-DC-044,Bengaluru,13128.4,4172.1,694.5,108.9,18103.9,1.379,26.0,61,7.9,13.6,23.9,1,0,0.976,50.01,0.28,12854.0
2026-04-01 02:00:00,IN-DC-044,Bengaluru,12675.5,4031.7,677.3,132.8,17517.2,1.382,25.5,53,8.7,14.1,23.3,1,0,0.977,49.91,0.27,12437.0
2026-04-01 03:00:00,IN-DC-044,Bengaluru,12523.3,3864.0,671.5,146.0,17204.8,1.374,23.7,64,8.6,14.2,24.2,1,0,0.977,49.9,0.3,12215.0
2026-04-01 04:00:00,IN-DC-044,Bengaluru,12703.4,3924.4,678.3,92.0,17398.1,1.37,24.1,59,8.3,13.9,24.1,1,0,0.957,50.04,0.25,12353.0
2026-04-01 05:00:00,IN-DC-044,Bengaluru,12419.9,3905.5,667.6,153.0,17146.0,1.381,24.5,59,8.5,13.6,23.8,1,0,0.981,50.04,0.26,12174.0
2026-04-01 06:00:00,IN-DC-044,Bengaluru,12521.1,4079.7,671.4,120.0,17392.2,1.389,26.1,64,8.4,13.7,23.5,1,0,0.98,49.98,0.29,12348.0
2026-04-01 07:00:00,IN-DC-044,Bengaluru,12334.7,4162.4,664.3,142.8,17304.2,1.403,27.7,50,8.4,13.8,24.1,1,0,0.981,50.02,0.3,12286.0
2026-04-01 08:00:00,IN-DC-044,Bengaluru,12431.0,4379.4,668.0,122.5,17600.9,1.416,29.0,54,8.3,13.5,23.9,1,0,0.978,49.98,0.27,12497.0
2026-04-01 09:00:00,IN-DC-044,Bengaluru,12493.0,4426.1,670.3,138.7,17728.1,1.419,30.7,48,8.8,14.1,24.0,1,0,0.972,49.99,0.3,12587.0
2026-04-01 10:00:00,IN-DC-044,Bengaluru,12514.6,4559.4,671.2,108.4,17853.5,1.427,32.1,47,8.3,13.7,24.2,1,0,0.995,49.98,0.35,12676.0
2026-04-01 11:00:00,IN-DC-044,Bengaluru,12559.6,4683.0,672.9,118.8,18034.3,1.436,33.3,50,8.1,13.5,23.8,1,0,0.971,50.05,0.38,12804.0
2026-04-01 12:00:00,IN-DC-044,Bengaluru,12655.9,4867.9,676.5,151.6,18351.9,1.45,34.5,42,8.8,14.4,24.0,1,0,0.976,49.99,0.32,13030.0
2026-04-01 13:00:00,IN-DC-044,Bengaluru,12810.1,4826.9,682.4,130.3,18449.7,1.44,35.2,39,9.0,14.4,24.1,1,0,0.97,50.0,0.39,13099.0
2026-04-01 14:00:00,IN-DC-044,Bengaluru,12981.6,4960.4,688.9,138.6,18769.5,1.446,35.4,31,8.6,13.9,23.8,1,0,0.982,49.99,0.4,13326.0
2026-04-01 15:00:00,IN-DC-044,Bengaluru,13201.0,4945.3,697.2,137.0,18980.6,1.438,34.9,38,9.1,14.6,23.3,1,0,0.976,49.98,0.37,13476.0
2026-04-01 16:00:00,IN-DC-044,Bengaluru,13343.3,5174.3,702.6,133.8,19354.1,1.45,35.9,41,8.7,14.0,24.2,1,0,0.98,50.02,0.39,13741.0
2026-04-01 17:00:00,IN-DC-044,Bengaluru,13415.1,5248.4,705.4,140.9,19509.8,1.454,36.1,38,8.9,14.6,24.2,1,0,0.978,50.04,0.36,13852.0
2026-04-01 18:00:00,IN-DC-044,Bengaluru,13601.4,5131.8,712.5,143.7,19589.4,1.44,34.6,44,8.8,14.4,24.2,1,0,0.969,49.93,0.36,13908.0
2026-04-01 19:00:00,IN-DC-044,Bengaluru,13553.3,4918.7,710.6,110.4,19293.0,1.423,31.9,41,8.8,14.5,25.0,1,0,0.986,50.0,0.35,13698.0
2026-04-01 20:00:00,IN-DC-044,Bengaluru,13604.5,5007.4,712.6,134.9,19459.4,1.43,32.3,44,8.7,14.6,23.5,1,0,0.973,49.91,0.33,13816.0
2026-04-01 21:00:00,IN-DC-044,Bengaluru,13444.9,4508.6,706.5,123.8,18783.9,1.397,29.0,51,8.6,14.6,23.9,1,0,0.966,49.99,0.29,13337.0
2026-04-01 22:00:00,IN-DC-044,Bengaluru,13523.7,4825.9,709.5,106.5,19165.6,1.417,28.9,51,8.6,14.1,24.0,1,0,0.959,49.99,0.32,13608.0
2026-04-01 23:00:00,IN-DC-044,Bengaluru,13490.4,4498.6,708.2,133.1,18830.4,1.396,27.3,56,8.9,14.4,24.3,1,0,0.986,49.94,0.23,13370.0
2026-04-02 00:00:00,IN-DC-044,Bengaluru,13196.7,4324.2,697.1,117.1,18335.1,1.389,26.3,56,8.5,14.0,23.9,1,0,0.98,49.97,0.3,13018.0
2026-04-02 01:00:00,IN-DC-044,Bengaluru,13559.2,4286.3,710.9,137.4,18693.7,1.379,24.7,66,8.4,14.3,24.0,1,0,0.981,49.98,0.29,13273.0
2026-04-02 02:00:00,IN-DC-044,Bengaluru,13361.1,4068.8,703.3,140.7,18273.9,1.368,24.0,60,8.7,14.7,23.9,1,0,0.971,50.03,0.25,12974.0
2026-04-02 03:00:00,IN-DC-044,Bengaluru,12991.2,3815.1,689.3,144.0,17639.5,1.358,23.4,57,8.3,13.9,24.1,1,0,0.981,49.97,0.25,12524.0
2026-04-02 04:00:00,IN-DC-044,Bengaluru,13047.3,3943.1,691.4,128.5,17810.3,1.365,24.1,60,8.4,14.0,23.8,1,0,0.978,49.97,0.26,12645.0
2026-04-02 05:00:00,IN-DC-044,Bengaluru,12989.9,4147.1,689.2,109.1,17935.4,1.381,24.9,68,8.4,14.2,24.2,1,0,0.964,49.9,0.26,12734.0
2026-04-02 06:00:00,IN-DC-044,Bengaluru,12942.8,4094.6,687.4,129.3,17854.1,1.379,26.6,60,8.5,13.9,23.3,1,0,0.984,49.91,0.24,12676.0
2026-04-02 07:00:00,IN-DC-044,Bengaluru,12670.7,4183.9,677.1,142.7,17674.5,1.395,26.6,54,8.5,13.5,24.3,1,0,0.97,50.0,0.26,12549.0
2026-04-02 08:00:00,IN-DC-044,Bengaluru,12706.9,4344.3,678.5,127.9,17857.5,1.405,28.2,53,8.7,14.2,24.5,1,0,0.969,49.94,0.31,12679.0
2026-04-02 09:00:00,IN-DC-044,Bengaluru,12888.0,4544.3,685.3,180.1,18297.8,1.42,29.7,51,8.3,13.8,23.9,1,0,0.983,50.04,0.28,12991.0
2026-04-02 10:00:00,IN-DC-044,Bengaluru,12888.8,4633.2,685.4,115.6,18323.0,1.422,30.7,47,8.8,14.0,23.6,1,0,0.969,49.99,0.33,13009.0
2026-04-02 11:00:00,IN-DC-044,Bengaluru,13093.3,4804.0,693.1,131.5,18721.8,1.43,32.8,49,8.8,14.2,23.9,1,0,0.959,49.96,0.36,13293.0
2026-04-02 12:00:00,IN-DC-044,Bengaluru,13327.5,5126.7,702.0,120.4,19276.6,1.446,34.2,45,8.6,14.1,24.0,1,0,0.976,49.95,0.38,13686.0
2026-04-02 13:00:00,IN-DC-044,Bengaluru,13137.9,5034.2,694.8,119.7,18986.6,1.445,34.9,45,8.6,14.1,23.4,1,0,0.969,50.02,0.35,13480.0
2026-04-02 14:00:00,IN-DC-044,Bengaluru,13546.1,5334.7,710.4,146.1,19737.3,1.457,35.3,35,8.9,14.7,23.0,1,0,0.978,49.98,0.37,14013.0
2026-04-02 15:00:00,IN-DC-044,Bengaluru,13505.0,5160.2,708.8,130.1,19504.1,1.444,35.0,34,8.4,14.1,24.2,1,0,0.98,50.03,0.38,13848.0
2026-04-02 16:00:00,IN-DC-044,Bengaluru,13595.2,5292.3,712.2,156.3,19756.0,1.453,34.9,38,8.5,14.7,24.3,1,0,0.98,50.02,0.38,14027.0
2026-04-02 17:00:00,IN-DC-044,Bengaluru,13905.7,5374.2,724.0,137.2,20141.1,1.448,34.8,42,8.7,14.6,24.1,1,0,0.977,50.03,0.37,14300.0
2026-04-02 18:00:00,IN-DC-044,Bengaluru,13901.3,5262.3,723.8,137.3,20024.8,1.44,33.9,47,8.6,14.3,24.3,1,0,0.984,49.89,0.38,14218.0
2026-04-02 19:00:00,IN-DC-044,Bengaluru,13833.3,5091.6,721.3,119.4,19765.6,1.429,32.4,45,8.4,14.1,23.9,1,0,0.979,50.07,0.36,14034.0
2026-04-02 20:00:00,IN-DC-044,Bengaluru,14314.1,5110.9,739.5,114.0,20278.5,1.417,30.6,46,8.7,14.8,24.4,1,0,0.964,50.01,0.27,14398.0
2026-04-02 21:00:00,IN-DC-044,Bengaluru,14095.0,4841.7,731.2,139.2,19807.0,1.405,29.4,43,8.7,14.5,24.1,1,0,0.99,50.03,0.29,14063.0
2026-04-02 22:00:00,IN-DC-044,Bengaluru,13886.9,4775.0,723.3,135.3,19520.4,1.406,28.8,54,8.5,14.4,24.2,1,0,0.973,49.96,0.26,13860.0
2026-04-02 23:00:00,IN-DC-044,Bengaluru,13945.9,4582.7,725.5,130.0,19384.2,1.39,26.9,59,8.5,14.1,24.1,1,0,0.98,49.99,0.26,13763.0
2026-04-03 00:00:00,IN-DC-044,Bengaluru,13892.1,4394.4,723.5,127.1,19137.0,1.378,26.0,56,8.7,14.6,23.6,1,0,0.961,50.09,0.19,13587.0
2026-04-03 01:00:00,IN-DC-044,Bengaluru,13782.3,4189.7,719.3,124.0,18815.4,1.365,24.3,57,8.5,14.4,23.8,1,0,0.983,50.01,0.27,13359.0
2026-04-03 02:00:00,IN-DC-044,Bengaluru,13575.7,4175.3,711.5,151.6,18614.0,1.371,24.4,59,8.4,13.8,23.7,1,0,0.973,49.99,0.31,13216.0
2026-04-03 03:00:00,IN-DC-044,Bengaluru,13527.0,4135.5,709.6,115.0,18487.1,1.367,23.8,66,8.4,14.3,24.9,1,0,0.973,50.01,0.26,13126.0
2026-04-03 04:00:00,IN-DC-044,Bengaluru,13579.0,4163.1,711.6,132.5,18586.2,1.369,24.1,58,8.6,14.4,24.5,1,0,0.986,50.09,0.28,13196.0
2026-04-03 05:00:00,IN-DC-044,Bengaluru,13174.0,4137.1,696.2,158.8,18166.1,1.379,24.6,60,8.6,14.1,24.6,1,0,0.979,50.04,0.29,12898.0
2026-04-03 06:00:00,IN-DC-044,Bengaluru,13437.3,4231.6,706.2,141.1,18516.2,1.378,25.6,54,8.5,14.7,23.6,1,0,0.989,49.96,0.24,13147.0
2026-04-03 07:00:00,IN-DC-044,Bengaluru,13248.7,4342.7,699.1,136.2,18426.7,1.391,26.6,52,8.4,14.1,24.0,1,0,0.971,49.98,0.26,13083.0
2026-04-03 08:00:00,IN-DC-044,Bengaluru,13356.2,4486.8,703.1,133.9,18680.1,1.399,28.2,50,8.7,14.1,24.0,1,0,0.983,49.95,0.29,13263.0
2026-04-03 09:00:00,IN-DC-044,Bengaluru,13242.9,4539.2,698.8,130.4,18611.4,1.405,29.4,49,8.6,14.3,24.6,1,0,0.969,50.05,0.3,13214.0
2026-04-03 10:00:00,IN-DC-044,Bengaluru,13529.6,4911.1,709.7,135.2,19285.7,1.425,31.4,46,8.6,14.3,23.1,1,0,0.963,50.05,0.31,13693.0
2026-04-03 11:00:00,IN-DC-044,Bengaluru,13600.9,4820.5,712.4,153.7,19287.5,1.418,32.1,42,8.5,14.6,24.2,1,0,0.97,50.03,0.34,13694.0
2026-04-03 12:00:00,IN-DC-044,Bengaluru,13700.5,5239.0,716.2,99.5,19755.2,1.442,33.9,42,8.8,14.7,24.2,1,0,0.964,49.94,0.33,14026.0
2026-04-03 13:00:00,IN-DC-044,Bengaluru,13710.1,5348.7,716.6,124.3,19899.7,1.451,35.1,43,8.8,15.2,23.8,1,0,0.969,50.01,0.39,14129.0
2026-04-03 14:00:00,IN-DC-044,Bengaluru,13961.0,5568.2,726.1,149.4,20404.8,1.462,35.7,34,8.8,14.7,24.0,1,0,0.961,49.96,0.39,14487.0
2026-04-03 15:00:00,IN-DC-044,Bengaluru,14260.7,5624.2,737.5,118.8,20741.2,1.454,35.9,41,8.7,14.7,24.3,1,0,0.958,50.0,0.39,14726.0
2026-04-03 16:00:00,IN-DC-044,Bengaluru,14199.8,5632.3,735.2,148.1,20715.4,1.459,35.7,39,8.9,14.8,24.0,1,0,0.969,49.98,0.38,14708.0
2026-04-03 17:00:00,IN-DC-044,Bengaluru,14485.2,5575.2,746.0,136.8,20943.3,1.446,34.0,44,9.0,14.8,24.1,1,0,0.975,49.95,0.41,14870.0
2026-04-03 18:00:00,IN-DC-044,Bengaluru,14241.6,5268.6,736.8,129.2,20376.1,1.431,33.5,38,8.3,14.4,23.7,1,0,0.982,50.02,0.37,14467.0
2026-04-03 19:00:00,IN-DC-044,Bengaluru,14362.7,5247.5,741.4,141.4,20492.9,1.427,32.7,37,8.4,14.6,23.9,1,0,0.969,50.09,0.31,14550.0
2026-04-03 20:00:00,IN-DC-044,Bengaluru,14494.7,5248.4,746.4,131.0,20620.5,1.423,31.6,49,8.4,14.7,23.9,1,0,0.975,49.94,0.31,14641.0
2026-04-03 21:00:00,IN-DC-044,Bengaluru,14544.6,5032.1,748.3,112.1,20437.1,1.405,29.8,50,8.2,14.5,23.8,1,0,0.985,50.02,0.33,14510.0
2026-04-03 22:00:00,IN-DC-044,Bengaluru,14339.6,4661.5,740.5,152.0,19893.6,1.387,28.1,43,8.3,14.2,23.7,1,0,0.979,50.0,0.29,14124.0
2026-04-03 23:00:00,IN-DC-044,Bengaluru,14457.0,4850.7,745.0,136.0,20188.7,1.396,26.8,44,8.4,14.4,23.2,1,0,0.984,49.92,0.26,14334.0
2026-04-04 00:00:00,IN-DC-044,Bengaluru,14026.6,4407.3,728.6,156.3,19318.8,1.377,26.1,59,8.4,14.3,24.4,1,0,0.978,50.03,0.25,13716.0
2026-04-04 01:00:00,IN-DC-044,Bengaluru,13763.5,4128.4,718.6,133.5,18744.0,1.362,24.3,62,8.4,14.2,24.3,1,0,0.973,50.06,0.29,13308.0
2026-04-04 02:00:00,IN-DC-044,Bengaluru,13732.4,4469.3,717.4,119.0,19038.2,1.386,25.1,66,8.1,14.1,23.0,1,0,0.967,49.94,0.26,13517.0
2026-04-04 03:00:00,IN-DC-044,Bengaluru,13709.6,4292.4,716.6,131.5,18850.0,1.375,23.9,59,8.7,14.7,24.0,1,0,0.961,50.01,0.26,13384.0
2026-04-04 04:00:00,IN-DC-044,Bengaluru,13704.7,4212.0,716.4,145.9,18779.0,1.37,24.1,59,8.6,14.4,23.2,1,0,0.97,49.88,0.24,13333.0
2026-04-04 05:00:00,IN-DC-044,Bengaluru,13450.8,4213.8,706.7,155.1,18526.4,1.377,25.1,58,8.5,14.4,24.5,1,0,0.96,50.05,0.29,13154.0
2026-04-04 06:00:00,IN-DC-044,Bengaluru,13413.4,4168.7,705.3,121.7,18409.2,1.372,25.1,57,8.7,14.3,23.8,1,0,0.989,50.0,0.27,13071.0
2026-04-04 07:00:00,IN-DC-044,Bengaluru,13433.9,4488.1,706.1,120.3,18748.3,1.396,27.8,56,8.7,14.8,24.3,1,0,0.981,50.1,0.28,13311.0
2026-04-04 08:00:00,IN-DC-044,Bengaluru,13302.1,4497.9,701.1,117.3,18618.4,1.4,29.1,53,8.1,13.8,23.6,1,0,0.98,49.98,0.27,13219.0
2026-04-04 09:00:00,IN-DC-044,Bengaluru,13592.5,4671.7,712.1,156.5,19132.8,1.408,29.3,48,8.6,14.7,24.0,1,0,0.98,50.08,0.28,13584.0
2026-04-04 10:00:00,IN-DC-044,Bengaluru,13312.4,4753.0,701.5,136.7,18903.6,1.42,30.8,43,8.3,14.1,23.7,1,0,0.988,49.95,0.32,13422.0
2026-04-04 11:00:00,IN-DC-044,Bengaluru,13607.3,4928.6,712.7,130.8,19379.4,1.424,32.0,39,8.6,14.8,24.0,1,0,0.982,49.99,0.35,13759.0
2026-04-04 12:00:00,IN-DC-044,Bengaluru,13591.1,5153.8,712.1,133.3,19590.3,1.441,33.9,47,8.7,14.2,23.7,1,0,0.972,50.08,0.37,13909.0
2026-04-04 13:00:00,IN-DC-044,Bengaluru,13700.6,5379.2,716.2,148.7,19944.8,1.456,34.4,40,8.5,14.6,24.0,1,0,0.968,50.0,0.36,14161.0
2026-04-04 14:00:00,IN-DC-044,Bengaluru,13983.2,5401.1,727.0,114.1,20225.4,1.446,35.4,35,8.8,14.6,24.1,1,0,0.969,49.93,0.39,14360.0
2026-04-04 15:00:00,IN-DC-044,Bengaluru,14048.8,5544.7,729.5,126.7,20449.6,1.456,35.3,42,8.8,14.5,24.2,1,0,0.991,49.93,0.36,14519.0
2026-04-04 16:00:00,IN-DC-044,Bengaluru,14332.8,5496.7,740.2,125.0,20694.8,1.444,35.4,34,8.9,15.1,23.5,1,0,0.974,50.05,0.37,14693.0
2026-04-04 17:00:00,IN-DC-044,Bengaluru,14148.2,5492.5,733.2,141.0,20515.0,1.45,35.2,43,8.5,14.3,24.3,1,0,0.976,50.08,0.35,14566.0
2026-04-04 18:00:00,IN-DC-044,Bengaluru,14487.4,5514.5,746.1,103.6,20851.6,1.439,34.1,51,8.8,14.9,24.3,1,0,0.971,50.08,0.37,14805.0
2026-04-04 19:00:00,IN-DC-044,Bengaluru,14675.6,5344.8,753.3,125.8,20899.4,1.424,32.1,42,8.7,15.0,24.1,1,0,0.965,49.99,0.34,14839.0
2026-04-04 20:00:00,IN-DC-044,Bengaluru,14663.1,5284.3,752.8,141.8,20841.9,1.421,31.3,42,8.4,14.7,23.8,1,0,0.982,50.01,0.33,14798.0
2026-04-04 21:00:00,IN-DC-044,Bengaluru,14642.2,5085.1,752.0,122.4,20601.7,1.407,30.3,56,8.4,14.3,23.6,1,0,0.978,49.99,0.28,14627.0
2026-04-04 22:00:00,IN-DC-044,Bengaluru,14547.5,5030.9,748.4,126.3,20453.1,1.406,28.8,44,8.4,14.5,24.0,1,0,0.977,49.97,0.28,14522.0
2026-04-04 23:00:00,IN-DC-044,Bengaluru,14789.4,4740.2,757.6,126.9,20414.1,1.38,26.9,51,8.4,14.5,23.9,1,0,0.983,49.98,0.26,14494.0
2026-04-05 00:00:00,IN-DC-044,Bengaluru,14471.5,4662.1,745.5,125.1,20004.3,1.382,26.1,62,8.6,15.0,24.1,1,0,0.977,49.94,0.25,14203.0
2026-04-05 01:00:00,IN-DC-044,Bengaluru,14369.3,4703.2,741.6,130.1,19944.2,1.388,24.8,71,8.2,14.2,24.3,1,0,0.968,49.97,0.28,14160.0
2026-04-05 02:00:00,IN-DC-044,Bengaluru,14244.2,4548.5,736.9,129.1,19658.6,1.38,24.8,62,8.5,14.6,23.9,1,0,0.974,49.92,0.26,13958.0
2026-04-05 03:00:00,IN-DC-044,Bengaluru,14166.1,4617.1,733.9,123.5,19640.6,1.386,24.5,66,8.3,14.2,23.9,1,0,0.975,50.03,0.31,13945.0
2026-04-05 04:00:00,IN-DC-044,Bengaluru,13975.0,4276.2,726.7,136.3,19114.2,1.368,24.7,62,8.6,14.4,23.5,1,0,0.97,50.01,0.28,13571.0
2026-04-05 05:00:00,IN-DC-044,Bengaluru,13799.0,4300.3,720.0,154.3,18973.6,1.375,25.1,63,8.3,14.7,23.8,1,0,0.974,49.97,0.26,13471.0
2026-04-05 06:00:00,IN-DC-044,Bengaluru,13740.1,4569.4,717.7,116.0,19143.2,1.393,26.8,52,8.7,14.7,23.7,1,0,0.971,50.06,0.25,13592.0
2026-04-05 07:00:00,IN-DC-044,Bengaluru,13868.4,4508.1,722.6,149.8,19248.9,1.388,26.5,60,8.3,13.8,23.5,1,0,0.97,49.95,0.28,13667.0
2026-04-05 08:00:00,IN-DC-044,Bengaluru,13865.3,4629.3,722.5,138.3,19355.4,1.396,28.2,53,8.3,14.1,24.0,1,0,0.962,50.01,0.3,13742.0
2026-04-05 09:00:00,IN-DC-044,Bengaluru,13841.5,4763.2,721.6,127.1,19453.4,1.405,29.6,51,8.4,14.6,24.2,1,0,0.974,49.99,0.28,13812.0
2026-04-05 10:00:00,IN-DC-044,Bengaluru,13884.9,4897.6,723.2,113.2,19618.9,1.413,31.2,39,8.7,14.6,23.9,1,0,0.973,50.02,0.31,13929.0
2026-04-05 11:00:00,IN-DC-044,Bengaluru,13848.2,5071.3,721.8,125.0,19766.3,1.427,31.9,42,8.5,14.5,24.2,1,0,0.965,50.01,0.32,14034.0
2026-04-05 12:00:00,IN-DC-044,Bengaluru,14224.8,5274.5,736.1,116.9,20352.4,1.431,33.6,37,8.8,14.8,24.5,1,0,0.967,49.96,0.34,14450.0
2026-04-05 13:00:00,IN-DC-044,Bengaluru,14227.9,5405.0,736.3,102.4,20471.6,1.439,34.4,47,8.7,14.7,24.7,1,0,0.986,50.1,0.3,14535.0
2026-04-05 14:00:00,IN-DC-044,Bengaluru,14599.8,5592.7,750.4,123.2,21066.0,1.443,35.1,42,9.1,15.3,24.8,1,0,0.977,49.92,0.37,14957.0
2026-04-05 15:00:00,IN-DC-044,Bengaluru,14620.6,5682.7,751.2,121.3,21175.7,1.448,35.4,43,8.5,14.7,23.9,1,0,0.958,49.91,0.39,15035.0
2026-04-05 16:00:00,IN-DC-044,Bengaluru,14752.6,5575.3,756.2,122.2,21206.3,1.437,34.9,35,8.5,14.5,24.1,1,0,0.979,49.98,0.35,15056.0
2026-04-05 17:00:00,IN-DC-044,Bengaluru,14919.2,5719.4,762.5,103.2,21504.2,1.441,33.6,38,8.3,14.5,24.0,1,0,0.981,50.04,0.36,15268.0
2026-04-05 18:00:00,IN-DC-044,Bengaluru,14919.4,5581.9,762.5,138.4,21402.2,1.435,33.9,38,8.8,15.0,23.7,1,0,0.967,50.0,0.38,15196.0
2026-04-05 19:00:00,IN-DC-044,Bengaluru,14961.3,5316.9,764.1,118.5,21160.7,1.414,31.3,51,8.6,14.9,24.5,1,0,0.981,50.02,0.33,15024.0
2026-04-05 20:00:00,IN-DC-044,Bengaluru,15198.6,5536.6,773.1,108.8,21617.2,1.422,32.1,38,8.3,14.9,23.9,1,0,0.975,49.96,0.31,15348.0
2026-04-05 21:00:00,IN-DC-044,Bengaluru,15246.9,5329.5,775.0,153.7,21505.1,1.41,29.1,50,8.7,15.0,23.7,1,0,0.974,50.0,0.26,15269.0
2026-04-05 22:00:00,IN-DC-044,Bengaluru,14941.0,5048.7,763.4,135.9,20888.9,1.398,28.2,51,8.8,14.6,24.5,1,0,0.972,50.0,0.28,14831.0
2026-04-05 23:00:00,IN-DC-044,Bengaluru,14942.5,4790.5,763.4,115.1,20611.5,1.379,26.3,59,8.2,14.4,24.0,1,0,0.979,49.93,0.21,14634.0
2026-04-06 00:00:00,IN-DC-044,Bengaluru,15159.1,4823.3,771.6,139.9,20893.9,1.378,25.7,58,8.1,13.9,23.9,1,0,0.974,49.93,0.27,14835.0
2026-04-06 01:00:00,IN-DC-044,Bengaluru,15099.0,4615.0,769.4,127.3,20610.7,1.365,24.2,54,8.7,15.0,23.7,1,0,0.972,50.03,0.26,14634.0
2026-04-06 02:00:00,IN-DC-044,Bengaluru,15005.1,4538.2,765.8,120.8,20430.0,1.362,23.9,60,8.2,14.3,24.0,1,0,0.972,49.94,0.26,14505.0
2026-04-06 03:00:00,IN-DC-044,Bengaluru,14989.3,4428.9,765.2,135.4,20318.8,1.356,23.7,61,8.6,14.8,23.6,1,0,0.97,50.0,0.27,14426.0
2026-04-06 04:00:00,IN-DC-044,Bengaluru,14583.7,4311.4,749.8,129.2,19774.1,1.356,23.1,62,8.8,14.7,23.1,1,0,0.98,50.08,0.24,14040.0
2026-04-06 05:00:00,IN-DC-044,Bengaluru,14624.2,4553.4,751.3,114.4,20043.3,1.371,25.2,60,8.8,14.8,24.1,1,0,0.979,49.9,0.28,14231.0
2026-04-06 06:00:00,IN-DC-044,Bengaluru,14558.8,4679.5,748.8,142.0,20129.1,1.383,25.7,65,8.5,14.3,24.0,1,0,0.965,50.04,0.3,14292.0
2026-04-06 07:00:00,IN-DC-044,Bengaluru,14508.1,4567.6,746.9,103.2,19925.8,1.373,26.2,58,8.3,14.3,23.5,1,0,0.982,50.0,0.32,14147.0
2026-04-06 08:00:00,IN-DC-044,Bengaluru,14683.7,5082.8,753.6,119.8,20639.9,1.406,28.7,58,8.6,14.6,23.4,1,0,0.964,49.97,0.28,14654.0
2026-04-06 09:00:00,IN-DC-044,Bengaluru,14507.1,4958.0,746.9,125.1,20337.0,1.402,29.6,54,8.4,14.9,23.9,1,0,0.971,49.97,0.32,14439.0
2026-04-06 10:00:00,IN-DC-044,Bengaluru,14680.8,5194.0,753.5,113.3,20741.6,1.413,30.4,49,8.5,14.5,24.2,1,0,0.977,50.0,0.32,14727.0
2026-04-06 11:00:00,IN-DC-044,Bengaluru,14803.9,5488.2,758.1,109.4,21159.7,1.429,33.5,45,8.7,14.7,23.6,1,0,0.958,50.0,0.31,15023.0
2026-04-06 12:00:00,IN-DC-044,Bengaluru,14898.3,5536.0,761.7,97.5,21293.5,1.429,32.7,43,8.8,14.8,23.9,1,0,0.976,49.99,0.37,15118.0
2026-04-06 13:00:00,IN-DC-044,Bengaluru,14898.1,5653.1,761.7,148.9,21461.9,1.441,34.5,40,8.4,14.4,23.9,1,0,0.953,50.02,0.35,15238.0
2026-04-06 14:00:00,IN-DC-044,Bengaluru,15232.5,5879.6,774.4,120.2,22006.7,1.445,34.6,29,8.7,14.7,24.9,1,0,0.978,49.95,0.37,15625.0
2026-04-06 15:00:00,IN-DC-044,Bengaluru,15330.0,5919.7,778.1,147.3,22175.2,1.447,35.0,43,8.7,15.3,24.4,1,0,0.959,49.99,0.36,15744.0
2026-04-06 16:00:00,IN-DC-044,Bengaluru,15518.4,5937.8,785.3,131.7,22373.1,1.442,34.4,43,8.4,14.4,24.6,1,0,0.975,49.96,0.39,15885.0
2026-04-06 17:00:00,IN-DC-044,Bengaluru,15460.2,5891.4,783.1,125.7,22260.4,1.44,34.7,42,8.4,14.9,23.1,1,0,0.974,49.94,0.37,15805.0
2026-04-06 18:00:00,IN-DC-044,Bengaluru,15637.9,5899.2,789.8,108.0,22434.8,1.435,33.8,35,8.7,14.9,23.9,1,0,0.96,50.01,0.36,15929.0
2026-04-06 19:00:00,IN-DC-044,Bengaluru,15811.0,5837.2,796.4,103.8,22548.5,1.426,32.6,39,8.6,14.9,23.6,1,0,0.98,50.05,0.34,16009.0
2026-04-06 20:00:00,IN-DC-044,Bengaluru,15688.9,5391.0,791.8,146.0,22017.6,1.403,30.5,50,8.6,15.1,24.0,1,0,0.981,49.93,0.29,15633.0
2026-04-06 21:00:00,IN-DC-044,Bengaluru,15765.4,5448.4,794.7,142.9,22151.4,1.405,29.7,52,8.5,15.3,23.8,1,0,0.976,49.96,0.27,15727.0
2026-04-06 22:00:00,IN-DC-044,Bengaluru,15811.0,5260.1,796.4,140.6,22008.1,1.392,28.9,53,8.8,15.7,24.5,1,0,0.973,49.93,0.27,15626.0
2026-04-06 23:00:00,IN-DC-044,Bengaluru,15811.0,5143.5,796.4,128.2,21879.1,1.384,27.1,59,8.8,15.5,23.2,1,0,0.984,50.03,0.25,15534.0
2026-04-07 00:00:00,IN-DC-044,Bengaluru,15766.8,4873.7,794.7,131.0,21566.1,1.368,25.8,53,8.5,15.0,24.0,1,0,0.972,50.01,0.3,15312.0
2026-04-07 01:00:00,IN-DC-044,Bengaluru,15756.2,5066.8,794.3,125.5,21742.9,1.38,25.5,56,8.5,15.0,24.3,1,0,0.963,49.98,0.3,15437.0
2026-04-07 02:00:00,IN-DC-044,Bengaluru,15623.7,4653.7,789.3,151.1,21217.8,1.358,24.0,61,8.4,14.6,24.6,1,0,0.973,49.99,0.31,15065.0
2026-04-07 03:00:00,IN-DC-044,Bengaluru,15382.8,4880.3,780.1,140.6,21183.8,1.377,24.3,66,8.6,15.0,24.4,1,0,0.959,49.92,0.26,15041.0
2026-04-07 04:00:00,IN-DC-044,Bengaluru,15468.8,4669.7,783.4,152.4,21074.2,1.362,24.5,62,8.3,15.0,24.3,1,0,0.972,50.04,0.31,14963.0
2026-04-07 05:00:00,IN-DC-044,Bengaluru,15344.4,4827.8,778.7,134.9,21085.8,1.374,25.3,60,8.5,14.6,23.6,1,0,0.995,49.93,0.27,14971.0
2026-04-07 06:00:00,IN-DC-044,Bengaluru,15145.8,4766.6,771.1,118.7,20802.2,1.373,25.9,62,8.3,14.8,24.5,1,0,0.989,49.89,0.3,14770.0
2026-04-07 07:00:00,IN-DC-044,Bengaluru,15280.8,4809.0,776.3,100.0,20966.0,1.372,26.2,57,8.7,15.1,23.2,1,0,0.986,50.02,0.28,14886.0
2026-04-07 08:00:00,IN-DC-044,Bengaluru,15055.9,4973.4,767.7,105.9,20902.9,1.388,28.4,47,8.3,14.7,23.7,1,0,0.972,49.93,0.28,14841.0
2026-04-07 09:00:00,IN-DC-044,Bengaluru,15139.3,5214.2,770.9,136.4,21260.9,1.404,29.6,48,8.4,14.5,23.8,1,0,0.987,50.06,0.28,15095.0
2026-04-07 10:00:00,IN-DC-044,Bengaluru,15324.6,5523.7,777.9,122.6,21748.8,1.419,31.6,48,8.5,14.9,23.0,1,0,0.978,50.06,0.35,15442.0
2026-04-07 11:00:00,IN-DC-044,Bengaluru,15151.8,5590.9,771.4,143.2,21657.3,1.429,32.0,48,9.1,15.4,23.7,1,0,0.985,50.0,0.31,15377.0
2026-04-07 12:00:00,IN-DC-044,Bengaluru,15370.0,5661.5,779.7,132.2,21943.4,1.428,33.3,40,8.6,14.6,24.1,1,0,0.975,49.97,0.38,15580.0
2026-04-07 13:00:00,IN-DC-044,Bengaluru,15618.3,5910.2,789.1,138.5,22456.0,1.438,35.1,37,8.7,15.2,24.6,1,0,0.975,49.94,0.35,15944.0
2026-04-07 14:00:00,IN-DC-044,Bengaluru,15695.6,5904.2,792.0,147.5,22539.4,1.436,34.9,38,8.6,15.2,24.4,1,0,0.979,50.0,0.38,16003.0
2026-04-07 15:00:00,IN-DC-044,Bengaluru,15811.0,6221.7,796.4,140.5,22969.6,1.453,36.4,33,8.7,15.4,24.3,1,0,0.976,50.0,0.41,16308.0
2026-04-07 16:00:00,IN-DC-044,Bengaluru,15811.0,6130.3,796.4,141.1,22878.8,1.447,35.9,42,8.6,15.3,24.9,1,0,0.974,49.93,0.42,16244.0
2026-04-07 17:00:00,IN-DC-044,Bengaluru,15811.0,5977.5,796.4,160.2,22745.1,1.439,34.7,36,8.7,15.4,24.2,1,0,0.979,50.02,0.36,16149.0
2026-04-07 18:00:00,IN-DC-044,Bengaluru,15811.0,5915.9,796.4,144.0,22667.3,1.434,33.8,43,8.6,15.1,24.2,1,0,0.975,50.04,0.36,16094.0
2026-04-07 19:00:00,IN-DC-044,Bengaluru,15811.0,5689.4,796.4,132.5,22429.4,1.419,31.8,41,8.7,15.3,24.3,1,0,0.966,49.94,0.3,15925.0
2026-04-07 20:00:00,IN-DC-044,Bengaluru,15811.0,5553.5,796.4,143.5,22304.5,1.411,30.5,45,8.2,14.7,24.7,1,0,0.972,50.01,0.3,15836.0
2026-04-07 21:00:00,IN-DC-044,Bengaluru,15811.0,5433.4,796.4,145.6,22186.4,1.403,30.3,51,8.7,15.2,24.2,1,0,0.977,49.93,0.33,15752.0
2026-04-07 22:00:00,IN-DC-044,Bengaluru,15811.0,5418.1,796.4,147.7,22173.2,1.402,28.9,58,8.4,14.9,24.0,1,0,0.975,50.03,0.29,15743.0
2026-04-07 23:00:00,IN-DC-044,Bengaluru,15811.0,5105.3,796.4,131.0,21843.8,1.382,26.9,59,8.6,15.4,23.6,1,0,0.98,50.07,0.27,15509.0
2026-04-08 00:00:00,IN-DC-044,Bengaluru,15811.0,4931.4,796.4,133.5,21672.3,1.371,26.0,48,8.4,14.9,24.4,1,0,0.952,50.02,0.25,15387.0
2026-04-08 01:00:00,IN-DC-044,Bengaluru,15811.0,4942.3,796.4,153.9,21703.6,1.373,25.6,57,8.4,15.1,24.8,1,0,0.99,50.04,0.26,15410.0
2026-04-08 02:00:00,IN-DC-044,Bengaluru,15739.8,4764.1,793.7,116.6,21414.2,1.361,24.1,62,8.3,15.1,23.4,1,0,0.958,49.94,0.29,15204.0
2026-04-08 03:00:00,IN-DC-044,Bengaluru,15752.0,4712.7,794.2,162.4,21421.2,1.36,24.5,56,8.4,15.1,24.1,1,0,0.974,50.04,0.27,15209.0
2026-04-08 04:00:00,IN-DC-044,Bengaluru,15708.9,4750.6,792.5,132.8,21384.8,1.361,24.8,63,8.5,15.2,23.9,1,0,0.978,50.02,0.27,15183.0
2026-04-08 05:00:00,IN-DC-044,Bengaluru,15582.7,4733.9,787.7,136.7,21241.1,1.363,24.9,58,8.6,15.4,23.7,1,0,0.989,49.93,0.24,15081.0
2026-04-08 06:00:00,IN-DC-044,Bengaluru,15501.4,4791.7,784.7,131.5,21209.2,1.368,25.9,56,8.2,14.4,24.0,1,0,0.974,50.02,0.28,15059.0
2026-04-08 07:00:00,IN-DC-044,Bengaluru,15597.7,4935.9,788.3,140.6,21462.5,1.376,26.2,62,8.7,15.6,23.2,1,0,0.967,49.99,0.26,15238.0
2026-04-08 08:00:00,IN-DC-044,Bengaluru,15504.8,5211.5,784.8,126.8,21627.8,1.395,28.7,52,8.3,14.6,24.6,1,0,0.969,49.95,0.34,15356.0
2026-04-08 09:00:00,IN-DC-044,Bengaluru,15499.3,5416.1,784.6,126.0,21825.9,1.408,29.5,49,8.5,14.9,24.5,1,0,0.977,49.99,0.32,15496.0
2026-04-08 10:00:00,IN-DC-044,Bengaluru,15617.9,5593.8,789.1,129.1,22130.0,1.417,31.6,48,8.6,14.8,24.1,1,0,0.975,49.96,0.33,15712.0
2026-04-08 11:00:00,IN-DC-044,Bengaluru,15644.0,5679.1,790.1,139.5,22252.7,1.422,32.0,45,8.4,14.7,24.1,1,0,0.969,49.96,0.31,15799.0
2026-04-08 12:00:00,IN-DC-044,Bengaluru,15811.0,5999.2,796.4,141.0,22747.5,1.439,34.0,44,8.7,15.6,23.9,1,0,0.965,50.06,0.37,16151.0
2026-04-08 13:00:00,IN-DC-044,Bengaluru,15811.0,5822.3,796.4,102.4,22532.2,1.425,33.4,37,8.6,15.1,24.2,1,0,0.968,49.98,0.33,15998.0
2026-04-08 14:00:00,IN-DC-044,Bengaluru,15811.0,6068.1,796.4,130.3,22805.9,1.442,35.3,35,8.6,15.1,24.0,1,0,0.976,49.99,0.42,16192.0
2026-04-08 15:00:00,IN-DC-044,Bengaluru,15811.0,6206.9,796.4,111.4,22925.7,1.45,35.4,34,8.6,15.4,24.1,1,0,0.968,50.03,0.37,16277.0
2026-04-08 16:00:00,IN-DC-044,Bengaluru,15811.0,6000.3,796.4,100.8,22708.5,1.436,35.2,39,8.6,15.2,24.0,1,0,0.972,49.96,0.39,16123.0
2026-04-08 17:00:00,IN-DC-044,Bengaluru,15811.0,6076.9,796.4,139.7,22824.0,1.444,34.8,45,8.8,15.2,24.7,1,0,0.987,50.02,0.41,16205.0
2026-04-08 18:00:00,IN-DC-044,Bengaluru,15811.0,5987.3,796.4,133.2,22727.8,1.437,34.7,43,8.3,14.9,23.5,1,0,0.995,50.05,0.35,16137.0
2026-04-08 19:00:00,IN-DC-044,Bengaluru,15811.0,5796.3,796.4,129.2,22532.9,1.425,32.9,45,8.3,15.0,23.8,1,0,0.989,49.99,0.35,15998.0
2026-04-08 20:00:00,IN-DC-044,Bengaluru,15811.0,5445.7,796.4,120.6,22173.6,1.402,30.7,48,8.2,14.9,24.0,1,0,0.994,49.97,0.3,15743.0
2026-04-08 21:00:00,IN-DC-044,Bengaluru,15811.0,5442.6,796.4,124.8,22174.8,1.402,29.5,47,8.4,15.3,23.7,1,0,0.97,50.06,0.3,15744.0
2026-04-08 22:00:00,IN-DC-044,Bengaluru,15811.0,5355.7,796.4,127.6,22090.8,1.397,29.2,56,8.7,15.2,24.3,1,0,0.973,50.05,0.26,15684.0
2026-04-08 23:00:00,IN-DC-044,Bengaluru,15811.0,5189.0,796.4,134.8,21931.2,1.387,27.1,52,8.3,15.2,24.0,1,0,0.966,50.03,0.28,15571.0
2026-04-09 00:00:00,IN-DC-044,Bengaluru,15811.0,5073.4,796.4,119.1,21799.9,1.379,26.3,60,8.5,14.8,24.0,1,0,0.972,49.95,0.27,15478.0
2026-04-09 01:00:00,IN-DC-044,Bengaluru,15811.0,4900.5,796.4,149.5,21657.4,1.37,24.8,66,8.3,14.9,23.5,1,0,0.978,50.09,0.32,15377.0
2026-04-09 02:00:00,IN-DC-044,Bengaluru,15811.0,4860.7,796.4,126.5,21594.6,1.366,24.7,59,8.6,15.3,23.4,1,0,0.976,49.92,0.29,15332.0
2026-04-09 03:00:00,IN-DC-044,Bengaluru,15811.0,4703.9,796.4,152.3,21463.6,1.358,24.1,58,8.6,15.2,23.9,1,0,0.989,50.06,0.32,15239.0
2026-04-09 04:00:00,IN-DC-044,Bengaluru,15811.0,4761.1,796.4,124.5,21493.1,1.359,24.7,62,8.5,15.3,24.0,1,0,0.979,50.06,0.3,15260.0
2026-04-09 05:00:00,IN-DC-044,Bengaluru,15811.0,4869.3,796.4,106.0,21582.7,1.365,25.0,56,7.8,14.6,24.0,1,0,0.987,50.0,0.29,15324.0
2026-04-09 06:00:00,IN-DC-044,Bengaluru,15811.0,4901.3,796.4,122.0,21630.7,1.368,25.3,57,8.4,15.1,24.2,1,0,0.97,50.06,0.26,15358.0
2026-04-09 07:00:00,IN-DC-044,Bengaluru,15811.0,5058.4,796.4,132.4,21798.2,1.379,27.4,50,8.5,15.1,23.8,1,0,0.969,49.93,0.31,15477.0
2026-04-09 08:00:00,IN-DC-044,Bengaluru,15811.0,5361.4,796.4,147.6,22116.4,1.399,28.3,61,8.7,15.4,23.6,1,0,0.965,50.06,0.32,15703.0
2026-04-09 09:00:00,IN-DC-044,Bengaluru,15811.0,5552.7,796.4,150.1,22310.3,1.411,30.0,50,8.4,15.0,23.6,1,0,0.978,50.0,0.33,15840.0
2026-04-09 10:00:00,IN-DC-044,Bengaluru,15811.0,5521.2,796.4,127.6,22256.2,1.408,30.9,48,8.8,15.4,24.0,1,0,0.979,50.0,0.36,15802.0
2026-04-09 11:00:00,IN-DC-044,Bengaluru,15811.0,5608.7,796.4,147.5,22363.6,1.414,31.6,39,8.4,14.8,23.8,1,0,0.968,49.98,0.32,15878.0
2026-04-09 12:00:00,IN-DC-044,Bengaluru,15811.0,6016.7,796.4,146.6,22770.7,1.44,34.7,42,8.6,15.0,24.3,1,0,0.973,49.94,0.37,16167.0
2026-04-09 13:00:00,IN-DC-044,Bengaluru,15811.0,6034.5,796.4,116.4,22758.3,1.439,35.0,36,8.9,15.4,24.3,1,0,0.983,49.99,0.37,16158.0
2026-04-09 14:00:00,IN-DC-044,Bengaluru,15811.0,6009.4,796.4,146.1,22762.9,1.44,34.8,40,8.3,14.6,23.6,1,0,0.971,50.04,0.38,16162.0
2026-04-09 15:00:00,IN-DC-044,Bengaluru,15811.0,6181.0,796.4,122.6,22911.0,1.449,35.0,46,8.7,15.2,24.1,1,0,0.99,49.97,0.41,16267.0
2026-04-09 16:00:00,IN-DC-044,Bengaluru,15811.0,6160.1,796.4,120.3,22887.8,1.448,34.4,41,8.8,15.5,23.8,1,0,0.967,50.06,0.4,16250.0
2026-04-09 17:00:00,IN-DC-044,Bengaluru,15811.0,6076.0,796.4,115.2,22798.5,1.442,35.3,43,8.8,15.7,24.2,1,0,0.98,49.98,0.38,16187.0
2026-04-09 18:00:00,IN-DC-044,Bengaluru,15811.0,6104.3,796.4,131.9,22843.6,1.445,34.9,44,8.7,15.0,24.3,1,0,0.973,50.02,0.38,16219.0
2026-04-09 19:00:00,IN-DC-044,Bengaluru,15811.0,6013.8,796.4,108.2,22729.3,1.438,33.2,45,8.3,14.3,23.6,1,0,0.974,49.97,0.39,16138.0
2026-04-09 20:00:00,IN-DC-044,Bengaluru,15811.0,5557.3,796.4,136.4,22301.1,1.41,31.2,48,8.6,15.1,24.2,1,0,0.99,50.05,0.34,15834.0
2026-04-09 21:00:00,IN-DC-044,Bengaluru,15811.0,5484.2,796.4,125.0,22216.6,1.405,30.6,51,8.4,15.2,23.5,1,0,0.984,50.08,0.31,15774.0
2026-04-09 22:00:00,IN-DC-044,Bengaluru,15811.0,5352.3,796.4,100.2,22060.0,1.395,29.0,55,8.2,14.7,24.2,1,0,0.982,50.01,0.28,15663.0
2026-04-09 23:00:00,IN-DC-044,Bengaluru,15811.0,5143.8,796.4,139.5,21890.8,1.385,27.0,52,8.5,15.2,24.2,1,0,0.973,50.08,0.28,15542.0
2026-04-10 00:00:00,IN-DC-044,Bengaluru,15811.0,5095.7,796.4,145.3,21848.4,1.382,26.5,64,8.6,15.4,24.5,1,0,0.977,50.03,0.31,15512.0
2026-04-10 01:00:00,IN-DC-044,Bengaluru,15811.0,4771.5,796.4,130.5,21509.4,1.36,24.5,57,8.4,15.0,24.6,1,0,0.995,50.06,0.27,15272.0
2026-04-10 02:00:00,IN-DC-044,Bengaluru,15811.0,4905.3,796.4,151.5,21664.2,1.37,24.6,60,8.7,14.8,24.4,1,0,0.97,50.02,0.28,15382.0
2026-04-10 03:00:00,IN-DC-044,Bengaluru,15811.0,4772.7,796.4,176.8,21556.9,1.363,24.1,57,8.3,14.9,24.1,1,0,0.989,50.1,0.28,15305.0
2026-04-10 04:00:00,IN-DC-044,Bengaluru,15811.0,4960.3,796.4,111.3,21679.0,1.371,25.2,61,8.4,15.2,23.4,1,0,0.978,49.97,0.33,15392.0
2026-04-10 05:00:00,IN-DC-044,Bengaluru,15811.0,4858.7,796.4,127.6,21593.7,1.366,25.3,53,8.3,14.9,23.7,1,0,0.986,50.08,0.27,15331.0
2026-04-10 06:00:00,IN-DC-044,Bengaluru,15811.0,4952.5,796.4,117.2,21677.1,1.371,26.7,58,8.5,15.3,24.5,1,0,0.973,50.03,0.28,15391.0
2026-04-10 07:00:00,IN-DC-044,Bengaluru,15811.0,5060.1,796.4,157.0,21824.5,1.38,27.1,52,8.7,14.9,23.3,1,0,0.978,50.0,0.27,15495.0
2026-04-10 08:00:00,IN-DC-044,Bengaluru,15811.0,5375.2,796.4,123.7,22106.3,1.398,28.5,52,9.1,15.4,23.4,1,0,0.967,50.0,0.29,15695.0
2026-04-10 09:00:00,IN-DC-044,Bengaluru,15811.0,5457.3,796.4,143.6,22208.3,1.405,29.9,51,8.3,14.8,23.9,1,0,0.967,50.06,0.29,15768.0
2026-04-10 10:00:00,IN-DC-044,Bengaluru,15811.0,5437.8,796.4,129.1,22174.3,1.402,30.7,47,8.7,15.1,24.4,1,0,0.97,50.1,0.3,15744.0
2026-04-10 11:00:00,IN-DC-044,Bengaluru,15811.0,5792.7,796.4,145.2,22545.4,1.426,32.6,36,8.9,15.4,23.9,1,0,0.982,50.03,0.33,16007.0
2026-04-10 12:00:00,IN-DC-044,Bengaluru,15811.0,6032.9,796.4,156.4,22796.7,1.442,34.5,36,8.2,14.7,23.6,1,0,0.978,50.05,0.37,16186.0
2026-04-10 13:00:00,IN-DC-044,Bengaluru,15811.0,6034.9,796.4,132.6,22774.9,1.44,34.9,43,9.1,15.8,23.3,1,0,0.98,49.97,0.35,16170.0
2026-04-10 14:00:00,IN-DC-044,Bengaluru,15811.0,6104.4,796.4,127.1,22838.9,1.444,35.5,41,8.8,15.3,23.8,1,0,0.973,49.97,0.39,16216.0
2026-04-10 15:00:00,IN-DC-044,Bengaluru,15811.0,6082.6,796.4,146.8,22836.8,1.444,35.6,39,8.7,15.3,23.8,1,0,0.976,49.99,0.38,16214.0
2026-04-10 16:00:00,IN-DC-044,Bengaluru,15811.0,6097.8,796.4,137.0,22842.3,1.445,35.0,34,8.4,15.2,23.9,1,0,0.983,50.04,0.39,16218.0
2026-04-10 17:00:00,IN-DC-044,Bengaluru,15811.0,5959.9,796.4,111.8,22679.1,1.434,35.2,41,8.8,15.2,24.6,1,0,0.981,50.03,0.36,16102.0
2026-04-10 18:00:00,IN-DC-044,Bengaluru,15811.0,5980.7,796.4,124.3,22712.4,1.436,34.2,42,8.9,15.5,24.0,1,0,0.978,50.03,0.38,16126.0
2026-04-10 19:00:00,IN-DC-044,Bengaluru,15811.0,5775.2,796.4,162.1,22544.8,1.426,33.4,43,8.3,14.8,23.4,1,0,0.988,50.05,0.33,16007.0
2026-04-10 20:00:00,IN-DC-044,Bengaluru,15811.0,5592.5,796.4,158.6,22358.5,1.414,31.4,51,8.3,14.9,24.4,1,0,0.986,49.94,0.32,15875.0
2026-04-10 21:00:00,IN-DC-044,Bengaluru,15811.0,5316.6,796.4,141.9,22066.0,1.396,29.2,46,8.5,14.9,23.3,1,0,0.967,50.02,0.28,15667.0
2026-04-10 22:00:00,IN-DC-044,Bengaluru,15811.0,5193.5,796.4,108.8,21909.7,1.386,27.9,52,8.3,15.2,23.9,1,0,0.96,50.0,0.26,15556.0
2026-04-10 23:00:00,IN-DC-044,Bengaluru,15811.0,5071.9,796.4,143.5,21822.9,1.38,27.4,59,8.5,14.9,24.5,1,0,0.966,49.92,0.27,15494.0
2026-04-11 00:00:00,IN-DC-044,Bengaluru,15811.0,5034.9,796.4,130.6,21772.9,1.377,26.5,55,8.6,15.1,24.1,1,0,0.981,50.06,0.24,15459.0
2026-04-11 01:00:00,IN-DC-044,Bengaluru,15811.0,5067.8,796.4,111.7,21786.9,1.378,25.2,66,8.3,14.6,23.6,1,0,0.976,50.0,0.29,15469.0
2026-04-11 02:00:00,IN-DC-044,Bengaluru,15811.0,4963.2,796.4,144.9,21715.5,1.373,25.1,62,8.3,14.9,24.1,1,0,0.974,50.07,0.28,15418.0
2026-04-11 03:00:00,IN-DC-044,Bengaluru,15811.0,4925.8,796.4,134.9,21668.1,1.37,24.4,66,8.5,15.1,24.0,1,0,0.983,50.11,0.26,15384.0
2026-04-11 04:00:00,IN-DC-044,Bengaluru,15811.0,5018.3,796.4,126.5,21752.2,1.376,25.6,60,8.7,15.1,23.8,1,0,0.974,49.96,0.27,15444.0
2026-04-11 05:00:00,IN-DC-044,Bengaluru,15811.0,4745.6,796.4,132.3,21485.3,1.359,24.8,58,8.5,15.2,24.5,1,0,0.98,49.9,0.24,15255.0
2026-04-11 06:00:00,IN-DC-044,Bengaluru,15811.0,4826.8,796.4,135.9,21570.1,1.364,25.2,60,8.5,15.0,23.9,1,0,0.968,49.99,0.24,15315.0
2026-04-11 07:00:00,IN-DC-044,Bengaluru,15811.0,5122.5,796.4,102.5,21832.4,1.381,27.3,65,8.4,14.9,24.5,1,0,0.992,49.97,0.26,15501.0
2026-04-11 08:00:00,IN-DC-044,Bengaluru,15811.0,5407.1,796.4,127.9,22142.4,1.4,28.8,58,8.3,14.9,23.7,1,0,0.98,50.09,0.26,15721.0
2026-04-11 09:00:00,IN-DC-044,Bengaluru,15811.0,5398.2,796.4,110.6,22116.2,1.399,29.5,43,8.5,14.6,23.7,1,0,0.971,49.92,0.27,15702.0
2026-04-11 10:00:00,IN-DC-044,Bengaluru,15811.0,5751.0,796.4,105.3,22463.6,1.421,32.3,44,8.3,15.2,24.2,1,0,0.981,50.01,0.36,15949.0
2026-04-11 11:00:00,IN-DC-044,Bengaluru,15811.0,5783.9,796.4,140.4,22531.7,1.425,32.1,42,8.6,15.0,24.3,1,0,0.979,50.07,0.35,15998.0
2026-04-11 12:00:00,IN-DC-044,Bengaluru,15811.0,5805.5,796.4,133.4,22546.2,1.426,33.4,37,8.5,14.9,24.8,1,0,0.985,49.94,0.33,16008.0
2026-04-11 13:00:00,IN-DC-044,Bengaluru,15811.0,6083.0,796.4,126.8,22817.2,1.443,35.0,31,8.3,14.8,23.9,1,0,0.988,49.97,0.35,16200.0
2026-04-11 14:00:00,IN-DC-044,Bengaluru,15811.0,6142.2,796.4,102.5,22852.1,1.445,35.0,40,8.4,14.9,24.2,1,0,0.979,49.96,0.34,16225.0
2026-04-11 15:00:00,IN-DC-044,Bengaluru,15811.0,6078.9,796.4,132.9,22819.2,1.443,35.4,43,8.7,15.3,24.6,1,0,0.994,50.03,0.31,16202.0
2026-04-11 16:00:00,IN-DC-044,Bengaluru,15811.0,6166.6,796.4,138.9,22912.9,1.449,35.7,36,8.9,15.3,24.3,1,0,0.971,49.98,0.39,16268.0
2026-04-11 17:00:00,IN-DC-044,Bengaluru,15811.0,5973.3,796.4,140.2,22720.9,1.437,34.5,44,8.6,15.4,24.2,1,0,0.972,50.02,0.4,16132.0
2026-04-11 18:00:00,IN-DC-044,Bengaluru,15811.0,5861.2,796.4,115.6,22584.2,1.428,33.6,42,8.7,15.2,24.4,1,0,0.977,50.08,0.35,16035.0
2026-04-11 19:00:00,IN-DC-044,Bengaluru,15811.0,5796.8,796.4,103.8,22508.0,1.424,32.9,46,8.7,15.2,24.5,1,0,0.974,50.0,0.33,15981.0
2026-04-11 20:00:00,IN-DC-044,Bengaluru,15811.0,5687.5,796.4,140.4,22435.3,1.419,31.4,50,8.6,15.0,24.8,1,0,0.969,49.95,0.34,15929.0
2026-04-11 21:00:00,IN-DC-044,Bengaluru,15811.0,5302.2,796.4,164.2,22073.9,1.396,29.8,47,8.4,15.0,23.9,1,0,0.98,50.07,0.33,15672.0
2026-04-11 22:00:00,IN-DC-044,Bengaluru,15811.0,5208.7,796.4,133.1,21949.2,1.388,28.1,58,8.6,15.2,24.1,1,0,0.98,49.92,0.31,15584.0
2026-04-11 23:00:00,IN-DC-044,Bengaluru,15811.0,5209.7,796.4,96.8,21913.9,1.386,27.5,56,8.6,15.1,23.7,1,0,0.972,49.96,0.28,15559.0
2026-04-12 00:00:00,IN-DC-044,Bengaluru,15811.0,4938.8,796.4,138.2,21684.5,1.371,25.6,56,8.3,14.6,24.4,1,0,0.979,49.95,0.21,15396.0
2026-04-12 01:00:00,IN-DC-044,Bengaluru,15811.0,4745.9,796.4,131.3,21484.6,1.359,24.9,61,8.5,15.2,24.3,1,0,0.984,49.98,0.28,15254.0
2026-04-12 02:00:00,IN-DC-044,Bengaluru,15811.0,5150.3,796.4,155.1,21912.8,1.386,24.7,70,8.5,15.1,23.8,1,0,0.993,49.95,0.28,15558.0
2026-04-12 03:00:00,IN-DC-044,Bengaluru,15811.0,4832.6,796.4,133.6,21573.7,1.364,23.6,59,8.7,15.1,23.5,1,0,0.978,50.01,0.29,15317.0
2026-04-12 04:00:00,IN-DC-044,Bengaluru,15811.0,4939.3,796.4,139.2,21685.9,1.372,25.2,53,8.1,14.7,24.8,1,0,0.97,50.13,0.28,15397.0
2026-04-12 05:00:00,IN-DC-044,Bengaluru,15811.0,4802.4,796.4,152.6,21562.3,1.364,24.8,59,8.5,15.3,23.7,1,0,0.979,49.89,0.31,15309.0
2026-04-12 06:00:00,IN-DC-044,Bengaluru,15811.0,4968.3,796.4,115.1,21690.8,1.372,25.9,56,8.3,14.8,23.9,1,0,0.967,50.04,0.27,15400.0
2026-04-12 07:00:00,IN-DC-044,Bengaluru,15811.0,5306.7,796.4,122.7,22036.8,1.394,28.1,53,8.4,14.7,24.2,1,0,0.989,49.99,0.3,15646.0
2026-04-12 08:00:00,IN-DC-044,Bengaluru,15811.0,5155.4,796.4,112.2,21875.0,1.384,27.9,46,8.4,15.2,23.6,1,0,0.983,50.02,0.3,15531.0
2026-04-12 09:00:00,IN-DC-044,Bengaluru,15811.0,5400.7,796.4,123.8,22131.9,1.4,29.7,52,8.3,14.9,24.6,1,0,0.974,49.97,0.26,15714.0
2026-04-12 10:00:00,IN-DC-044,Bengaluru,15811.0,5644.3,796.4,138.5,22390.1,1.416,32.0,47,8.9,15.1,23.6,1,0,0.977,50.02,0.32,15897.0
2026-04-12 11:00:00,IN-DC-044,Bengaluru,15811.0,5839.3,796.4,132.8,22579.5,1.428,33.0,47,8.3,14.9,23.8,1,0,0.979,49.92,0.36,16031.0
2026-04-12 12:00:00,IN-DC-044,Bengaluru,15811.0,5952.7,796.4,134.7,22694.9,1.435,33.9,43,8.7,15.2,24.0,1,0,0.967,49.99,0.36,16113.0
2026-04-12 13:00:00,IN-DC-044,Bengaluru,15811.0,5950.9,796.4,146.4,22704.7,1.436,34.6,46,8.7,15.1,23.8,1,0,0.976,49.96,0.35,16120.0
2026-04-12 14:00:00,IN-DC-044,Bengaluru,15811.0,6131.5,796.4,128.0,22866.9,1.446,35.1,32,8.7,15.5,24.0,1,0,0.974,50.02,0.38,16236.0
2026-04-12 15:00:00,IN-DC-044,Bengaluru,15811.0,6156.3,796.4,148.0,22911.7,1.449,35.3,33,9.0,15.6,23.9,1,0,0.992,50.03,0.37,16267.0
2026-04-12 16:00:00,IN-DC-044,Bengaluru,15811.0,6068.1,796.4,135.6,22811.2,1.443,35.7,39,8.7,15.4,24.0,1,0,0.984,49.94,0.39,16196.0
2026-04-12 17:00:00,IN-DC-044,Bengaluru,15811.0,6084.6,796.4,127.4,22819.4,1.443,35.1,42,8.7,15.1,23.9,1,0,0.992,50.0,0.35,16202.0
2026-04-12 18:00:00,IN-DC-044,Bengaluru,15811.0,5924.1,796.4,132.5,22664.1,1.433,34.3,40,8.7,15.1,24.8,1,0,0.984,50.08,0.39,16091.0
2026-04-12 19:00:00,IN-DC-044,Bengaluru,15811.0,6047.3,796.4,114.3,22769.1,1.44,33.9,37,8.4,14.8,24.2,1,0,0.976,50.06,0.37,16166.0
2026-04-12 20:00:00,IN-DC-044,Bengaluru,15811.0,5874.4,796.4,145.6,22627.4,1.431,32.3,48,8.6,15.0,23.9,1,0,0.981,50.07,0.33,16065.0
2026-04-12 21:00:00,IN-DC-044,Bengaluru,15811.0,5438.9,796.4,132.8,22179.1,1.403,30.2,52,8.4,15.1,23.7,1,0,0.98,49.91,0.34,15747.0
2026-04-12 22:00:00,IN-DC-044,Bengaluru,15811.0,5514.6,796.4,139.7,22261.7,1.408,29.4,51,8.4,14.7,24.3,1,0,0.964,50.01,0.29,15806.0
2026-04-12 23:00:00,IN-DC-044,Bengaluru,15811.0,5173.9,796.4,128.5,21909.7,1.386,26.9,57,8.3,14.8,23.7,1,0,0.972,49.99,0.3,15556.0
2026-04-13 00:00:00,IN-DC-044,Bengaluru,15811.0,4932.8,796.4,114.7,21654.9,1.37,26.2,56,8.7,15.5,24.2,1,0,0.967,50.0,0.24,15375.0
2026-04-13 01:00:00,IN-DC-044,Bengaluru,15811.0,5162.3,796.4,135.8,21905.6,1.385,26.1,55,8.8,15.2,24.1,1,0,0.961,50.01,0.26,15553.0
2026-04-13 02:00:00,IN-DC-044,Bengaluru,15811.0,4668.8,796.4,107.5,21383.7,1.352,24.1,59,8.2,15.2,23.6,1,0,0.969,50.05,0.27,15182.0
2026-04-13 03:00:00,IN-DC-044,Bengaluru,15811.0,4921.5,796.4,150.9,21679.8,1.371,25.0,53,8.7,14.6,24.4,1,0,0.983,49.89,0.27,15393.0
2026-04-13 04:00:00,IN-DC-044,Bengaluru,15811.0,5196.7,796.4,140.4,21944.4,1.388,25.1,68,8.7,15.5,23.4,1,0,0.967,50.07,0.24,15581.0
2026-04-13 05:00:00,IN-DC-044,Bengaluru,15811.0,4863.0,796.4,125.2,21595.6,1.366,25.1,62,8.6,15.1,23.9,1,0,0.967,50.05,0.27,15333.0
2026-04-13 06:00:00,IN-DC-044,Bengaluru,15811.0,4960.1,796.4,122.8,21690.3,1.372,25.9,58,8.5,15.3,22.7,1,0,0.978,49.99,0.26,15400.0
2026-04-13 07:00:00,IN-DC-044,Bengaluru,15811.0,5087.6,796.4,134.9,21829.9,1.381,26.9,60,8.6,15.4,24.4,1,0,0.961,49.99,0.24,15499.0
2026-04-13 08:00:00,IN-DC-044,Bengaluru,15811.0,5325.1,796.4,125.6,22058.1,1.395,27.8,54,8.3,15.0,23.6,1,0,0.966,49.96,0.26,15661.0
2026-04-13 09:00:00,IN-DC-044,Bengaluru,15811.0,5457.6,796.4,144.6,22209.6,1.405,30.0,51,8.4,14.8,23.9,1,0,0.97,49.97,0.29,15769.0
2026-04-13 10:00:00,IN-DC-044,Bengaluru,15811.0,5648.7,796.4,138.1,22394.2,1.416,31.1,47,8.7,15.5,24.3,1,0,0.967,49.97,0.3,15900.0
2026-04-13 11:00:00,IN-DC-044,Bengaluru,15811.0,5568.6,796.4,178.8,22354.8,1.414,31.8,45,8.4,14.8,23.3,1,0,0.986,49.95,0.3,15872.0
2026-04-13 12:00:00,IN-DC-044,Bengaluru,15811.0,5814.2,796.4,121.7,22543.2,1.426,33.6,40,8.7,15.2,24.0,1,0,0.966,50.0,0.38,16006.0
2026-04-13 13:00:00,IN-DC-044,Bengaluru,15811.0,5990.1,796.4,149.7,22747.2,1.439,34.9,42,8.7,15.4,24.1,1,0,0.963,49.94,0.38,16151.0
2026-04-13 14:00:00,IN-DC-044,Bengaluru,15811.0,6180.3,796.4,148.3,22936.0,1.451,35.5,39,9.0,15.5,24.0,1,0,0.978,49.94,0.4,16285.0
2026-04-13 15:00:00,IN-DC-044,Bengaluru,15811.0,6059.1,796.4,146.2,22812.7,1.443,35.4,42,8.7,15.3,24.7,1,0,0.985,49.99,0.41,16197.0
2026-04-13 16:00:00,IN-DC-044,Bengaluru,15811.0,5896.3,796.4,115.3,22619.0,1.431,34.8,38,8.3,14.7,24.3,1,0,0.988,50.06,0.42,16060.0
2026-04-13 17:00:00,IN-DC-044,Bengaluru,15811.0,5894.5,796.4,134.7,22636.7,1.432,34.6,42,8.3,14.8,24.5,1,0,0.981,50.05,0.39,16072.0
2026-04-13 18:00:00,IN-DC-044,Bengaluru,15811.0,6015.9,796.4,153.6,22776.9,1.441,34.4,42,9.0,15.9,23.7,1,0,0.972,49.94,0.36,16172.0
2026-04-13 19:00:00,IN-DC-044,Bengaluru,15811.0,5678.6,796.4,107.2,22393.2,1.416,32.3,44,8.7,15.0,24.2,1,0,0.975,50.0,0.35,15899.0
2026-04-13 20:00:00,IN-DC-044,Bengaluru,15811.0,5603.6,796.4,134.9,22345.9,1.413,31.3,45,8.6,15.2,23.0,1,0,0.975,50.0,0.34,15866.0
2026-04-13 21:00:00,IN-DC-044,Bengaluru,15811.0,5489.2,796.4,133.5,22230.1,1.406,30.3,48,8.1,14.8,24.1,1,0,0.97,49.95,0.31,15783.0
2026-04-13 22:00:00,IN-DC-044,Bengaluru,15811.0,5185.1,796.4,107.5,21900.0,1.385,28.0,52,8.7,15.3,24.0,1,0,0.971,50.08,0.26,15549.0
2026-04-13 23:00:00,IN-DC-044,Bengaluru,15811.0,5011.5,796.4,131.1,21750.0,1.376,26.4,60,8.5,14.7,23.9,1,0,0.973,49.93,0.28,15443.0
2026-04-14 00:00:00,IN-DC-044,Bengaluru,15811.0,5072.1,796.4,159.1,21838.6,1.381,26.0,63,8.6,14.9,23.1,1,0,0.977,49.95,0.29,15505.0
2026-04-14 01:00:00,IN-DC-044,Bengaluru,15811.0,4838.3,796.4,139.1,21584.9,1.365,25.3,53,8.6,15.1,24.4,1,0,0.985,50.05,0.29,15325.0
2026-04-14 02:00:00,IN-DC-044,Bengaluru,15811.0,4858.9,796.4,162.6,21629.0,1.368,25.1,60,8.6,14.6,23.9,1,0,0.971,49.92,0.29,15357.0
2026-04-14 03:00:00,IN-DC-044,Bengaluru,15811.0,4919.8,796.4,104.5,21631.7,1.368,25.1,52,8.5,14.8,23.5,1,0,0.992,49.98,0.24,15359.0
2026-04-14 04:00:00,IN-DC-044,Bengaluru,15811.0,4853.6,796.4,140.6,21601.6,1.366,24.3,63,8.2,14.8,23.9,1,0,0.968,49.96,0.23,15337.0
2026-04-14 05:00:00,IN-DC-044,Bengaluru,15811.0,4992.5,796.4,123.4,21723.2,1.374,24.9,58,8.2,15.0,23.8,1,0,0.98,49.96,0.26,15424.0
2026-04-14 06:00:00,IN-DC-044,Bengaluru,15811.0,4906.2,796.4,121.4,21635.1,1.368,26.0,56,8.4,15.2,23.6,1,0,0.967,50.0,0.28,15361.0
2026-04-14 07:00:00,IN-DC-044,Bengaluru,15811.0,5166.6,796.4,115.3,21889.4,1.384,26.9,67,8.2,14.9,24.0,1,0,0.962,50.04,0.24,15541.0
2026-04-14 08:00:00,IN-DC-044,Bengaluru,15811.0,5179.9,796.4,129.0,21916.3,1.386,28.1,53,8.6,15.5,24.2,1,0,0.986,50.02,0.26,15561.0
2026-04-14 09:00:00,IN-DC-044,Bengaluru,15811.0,5503.2,796.4,115.0,22225.7,1.406,29.7,51,8.4,14.9,23.6,1,0,0.972,49.99,0.31,15780.0
2026-04-14 10:00:00,IN-DC-044,Bengaluru,15811.0,5642.1,796.4,94.2,22343.7,1.413,31.7,38,8.5,15.1,23.4,1,0,0.98,49.98,0.3,15864.0
2026-04-14 11:00:00,IN-DC-044,Bengaluru,15811.0,5805.9,796.4,127.5,22540.8,1.426,32.3,50,8.2,14.8,24.5,1,0,0.984,50.08,0.35,16004.0
2026-04-14 12:00:00,IN-DC-044,Bengaluru,15811.0,5863.0,796.4,115.6,22586.0,1.428,33.3,37,8.7,15.5,24.3,1,0,0.982,49.96,0.36,16036.0
2026-04-14 13:00:00,IN-DC-044,Bengaluru,15811.0,6074.2,796.4,121.8,22803.4,1.442,35.5,38,8.6,15.3,24.0,1,0,0.982,50.04,0.36,16190.0
2026-04-14 14:00:00,IN-DC-044,Bengaluru,15811.0,6153.5,796.4,135.6,22896.5,1.448,35.8,42,8.8,15.3,25.0,1,0,0.978,49.99,0.38,16257.0
2026-04-14 15:00:00,IN-DC-044,Bengaluru,15811.0,6014.9,796.4,109.8,22732.1,1.438,35.3,36,8.7,14.8,24.2,1,0,0.978,49.96,0.39,16140.0
2026-04-14 16:00:00,IN-DC-044,Bengaluru,15811.0,6006.0,796.4,141.3,22754.7,1.439,34.8,39,8.9,15.4,24.4,1,0,0.992,50.07,0.36,16156.0
2026-04-14 17:00:00,IN-DC-044,Bengaluru,15811.0,5973.5,796.4,124.2,22705.1,1.436,34.5,33,8.8,15.4,23.8,1,0,0.987,50.06,0.36,16121.0
2026-04-14 18:00:00,IN-DC-044,Bengaluru,15811.0,6108.8,796.4,133.8,22849.9,1.445,34.0,40,8.6,15.4,23.8,1,0,0.975,49.9,0.35,16223.0
2026-04-14 19:00:00,IN-DC-044,Bengaluru,15811.0,5821.3,796.4,145.9,22574.6,1.428,32.9,51,8.4,14.8,24.7,1,0,0.972,50.03,0.38,16028.0
2026-04-14 20:00:00,IN-DC-044,Bengaluru,15811.0,5654.7,796.4,147.5,22409.6,1.417,31.3,47,8.9,15.5,24.3,1,0,0.966,50.01,0.33,15911.0
2026-04-14 21:00:00,IN-DC-044,Bengaluru,15811.0,5521.1,796.4,157.2,22285.7,1.41,30.2,56,8.6,14.9,23.6,1,0,0.971,49.95,0.3,15823.0
2026-04-14 22:00:00,IN-DC-044,Bengaluru,15811.0,5259.0,796.4,120.7,21987.1,1.391,28.1,58,8.3,14.6,23.6,1,0,0.975,50.06,0.31,15611.0
2026-04-14 23:00:00,IN-DC-044,Bengaluru,15811.0,5127.7,796.4,107.1,21842.2,1.381,27.0,62,8.4,14.2,24.3,1,0,0.978,49.93,0.24,15508.0
2026-04-15 00:00:00,IN-DC-044,Bengaluru,15811.0,4909.8,796.4,138.9,21656.2,1.37,25.7,58,8.5,15.0,24.4,1,0,0.963,49.93,0.25,15376.0
2026-04-15 01:00:00,IN-DC-044,Bengaluru,15811.0,5115.6,796.4,137.1,21860.1,1.383,25.5,58,8.8,15.6,23.5,1,0,0.953,50.0,0.32,15521.0
2026-04-15 02:00:00,IN-DC-044,Bengaluru,15811.0,4870.1,796.4,146.7,21624.2,1.368,24.4,62,8.4,14.7,23.3,1,0,0.995,49.98,0.25,15353.0
2026-04-15 03:00:00,IN-DC-044,Bengaluru,15811.0,4843.4,796.4,144.1,21595.0,1.366,23.8,64,8.3,14.9,23.5,1,0,0.961,49.99,0.27,15332.0
2026-04-15 04:00:00,IN-DC-044,Bengaluru,15811.0,4867.7,796.4,140.4,21615.5,1.367,23.9,51,8.6,15.3,24.7,1,0,0.975,50.0,0.22,15347.0
2026-04-15 05:00:00,IN-DC-044,Bengaluru,15811.0,4957.6,796.4,159.3,21724.3,1.374,25.4,62,8.2,14.7,24.1,1,0,0.977,50.03,0.28,15424.0
2026-04-15 06:00:00,IN-DC-044,Bengaluru,15811.0,5003.1,796.4,141.3,21751.8,1.376,26.5,60,8.6,15.0,23.7,1,0,0.973,50.08,0.3,15444.0
2026-04-15 07:00:00,IN-DC-044,Bengaluru,15811.0,5213.7,796.4,140.9,21962.0,1.389,27.5,57,8.2,14.9,24.6,1,0,0.965,50.0,0.28,15593.0
2026-04-15 08:00:00,IN-DC-044,Bengaluru,15811.0,5193.5,796.4,122.5,21923.4,1.387,28.0,50,8.5,15.1,23.5,1,0,0.967,49.99,0.29,15566.0
2026-04-15 09:00:00,IN-DC-044,Bengaluru,15811.0,5400.3,796.4,133.6,22141.3,1.4,30.0,44,8.1,14.4,24.4,1,0,0.979,49.95,0.31,15720.0
2026-04-15 10:00:00,IN-DC-044,Bengaluru,15811.0,5530.7,796.4,123.9,22262.1,1.408,30.7,53,8.6,15.0,24.2,1,0,0.975,49.93,0.33,15806.0
2026-04-15 11:00:00,IN-DC-044,Bengaluru,15811.0,5736.8,796.4,108.8,22453.0,1.42,31.6,41,8.7,15.2,23.9,1,0,0.965,49.95,0.39,15942.0
2026-04-15 12:00:00,IN-DC-044,Bengaluru,15811.0,5759.5,796.4,134.0,22500.9,1.423,33.4,35,8.6,15.2,24.0,1,0,0.984,50.0,0.33,15976.0
2026-04-15 13:00:00,IN-DC-044,Bengaluru,15811.0,5860.6,796.4,158.9,22626.9,1.431,33.4,36,8.4,15.1,23.8,1,0,0.976,49.98,0.34,16065.0
2026-04-15 14:00:00,IN-DC-044,Bengaluru,15811.0,6069.1,796.4,122.6,22799.2,1.442,35.2,35,8.5,14.9,24.0,1,0,0.983,50.01,0.35,16187.0
2026-04-15 15:00:00,IN-DC-044,Bengaluru,15811.0,6273.7,796.4,123.7,23004.9,1.455,35.4,43,8.8,15.5,25.2,1,0,0.984,50.03,0.38,16333.0
2026-04-15 16:00:00,IN-DC-044,Bengaluru,15811.0,6155.4,796.4,153.5,22916.4,1.449,34.9,32,8.3,15.1,24.1,1,0,0.977,49.98,0.35,16271.0
2026-04-15 17:00:00,IN-DC-044,Bengaluru,15811.0,5999.9,796.4,114.2,22721.6,1.437,34.5,44,8.7,15.2,23.2,1,0,0.973,50.01,0.31,16132.0
2026-04-15 18:00:00,IN-DC-044,Bengaluru,15811.0,5917.7,796.4,149.7,22674.8,1.434,34.0,41,8.7,15.4,24.4,1,0,0.977,50.01,0.35,16099.0
2026-04-15 19:00:00,IN-DC-044,Bengaluru,15811.0,5746.9,796.4,108.6,22462.9,1.421,32.9,47,8.6,14.9,23.8,1,0,0.978,50.06,0.36,15949.0
2026-04-15 20:00:00,IN-DC-044,Bengaluru,15811.0,5615.7,796.4,130.2,22353.4,1.414,31.6,47,8.4,15.2,23.8,1,0,0.963,49.93,0.34,15871.0
2026-04-15 21:00:00,IN-DC-044,Bengaluru,15811.0,5552.1,796.4,123.6,22283.1,1.409,30.2,44,8.4,15.0,24.7,1,0,0.975,50.08,0.3,15821.0
2026-04-15 22:00:00,IN-DC-044,Bengaluru,15811.0,5219.9,796.4,119.1,21946.4,1.388,28.4,55,8.6,15.2,24.1,1,0,0.99,49.95,0.26,15582.0
2026-04-15 23:00:00,IN-DC-044,Bengaluru,15811.0,5000.8,796.4,119.9,21728.2,1.374,26.9,53,8.6,15.3,23.7,1,0,0.97,49.95,0.29,15427.0
2026-04-16 00:00:00,IN-DC-044,Bengaluru,15811.0,4944.6,796.4,144.6,21696.7,1.372,25.7,61,8.1,14.8,23.7,1,0,0.979,50.01,0.28,15405.0
2026-04-16 01:00:00,IN-DC-044,Bengaluru,15811.0,4790.3,796.4,123.7,21521.4,1.361,24.7,54,8.4,15.4,23.9,1,0,0.957,50.0,0.27,15280.0
2026-04-16 02:00:00,IN-DC-044,Bengaluru,15811.0,4911.7,796.4,126.2,21645.2,1.369,24.2,64,8.5,15.4,24.2,1,0,0.967,50.04,0.29,15368.0
2026-04-16 03:00:00,IN-DC-044,Bengaluru,15811.0,4978.6,796.4,125.2,21711.2,1.373,24.2,65,8.1,15.0,24.3,1,0,0.976,49.98,0.29,15415.0
2026-04-16 04:00:00,IN-DC-044,Bengaluru,15811.0,4896.9,796.4,125.8,21630.1,1.368,25.1,61,8.5,15.2,24.6,1,0,0.971,49.87,0.27,15357.0
2026-04-16 05:00:00,IN-DC-044,Bengaluru,15811.0,4882.2,796.4,130.7,21620.3,1.367,25.3,60,8.5,15.1,24.3,1,0,0.96,49.95,0.28,15350.0
2026-04-16 06:00:00,IN-DC-044,Bengaluru,15811.0,4986.9,796.4,104.8,21699.1,1.372,25.7,60,8.4,15.4,24.6,1,0,0.973,49.9,0.27,15406.0
2026-04-16 07:00:00,IN-DC-044,Bengaluru,15811.0,5084.3,796.4,136.9,21828.6,1.381,27.2,51,8.3,14.8,23.7,1,0,0.964,50.02,0.29,15498.0
2026-04-16 08:00:00,IN-DC-044,Bengaluru,15811.0,5189.1,796.4,147.6,21944.1,1.388,27.6,53,8.3,14.9,23.8,1,0,0.971,49.96,0.26,15580.0
2026-04-16 09:00:00,IN-DC-044,Bengaluru,15811.0,5259.3,796.4,108.9,21975.7,1.39,29.1,40,8.5,15.0,24.2,1,0,0.973,50.02,0.33,15603.0
2026-04-16 10:00:00,IN-DC-044,Bengaluru,15811.0,5704.5,796.4,134.7,22446.7,1.42,31.3,44,8.5,14.9,23.8,1,0,0.97,49.94,0.28,15937.0
2026-04-16 11:00:00,IN-DC-044,Bengaluru,15811.0,5813.7,796.4,138.6,22559.7,1.427,32.3,43,8.4,15.0,24.0,1,0,0.977,50.06,0.37,16017.0
2026-04-16 12:00:00,IN-DC-044,Bengaluru,15811.0,5810.9,796.4,130.5,22548.8,1.426,33.2,40,8.6,15.0,24.0,1,0,0.985,50.09,0.33,16010.0
2026-04-16 13:00:00,IN-DC-044,Bengaluru,15811.0,6033.6,796.4,120.9,22762.0,1.44,34.9,42,8.6,15.3,24.4,1,0,0.972,49.99,0.41,16161.0
2026-04-16 14:00:00,IN-DC-044,Bengaluru,15811.0,6251.0,796.4,80.7,22939.2,1.451,36.0,39,9.1,15.8,23.9,1,0,0.981,50.0,0.39,16287.0
2026-04-16 15:00:00,IN-DC-044,Bengaluru,15811.0,6171.7,796.4,119.2,22898.3,1.448,35.0,39,8.9,15.5,24.2,1,0,0.982,49.98,0.38,16258.0
2026-04-16 16:00:00,IN-DC-044,Bengaluru,15811.0,6036.9,796.4,135.3,22779.5,1.441,34.8,33,8.8,15.3,24.4,1,0,0.966,50.02,0.37,16173.0
2026-04-16 17:00:00,IN-DC-044,Bengaluru,15811.0,6007.5,796.4,142.7,22757.7,1.439,34.5,39,8.9,15.4,23.1,1,0,0.979,50.07,0.35,16158.0
2026-04-16 18:00:00,IN-DC-044,Bengaluru,15811.0,5844.1,796.4,181.7,22633.2,1.431,33.5,43,8.7,15.6,24.8,1,0,0.967,50.05,0.36,16070.0
2026-04-16 19:00:00,IN-DC-044,Bengaluru,15811.0,5878.4,796.4,136.5,22622.3,1.431,32.6,39,9.0,15.4,24.4,1,0,0.972,49.96,0.38,16062.0
2026-04-16 20:00:00,IN-DC-044,Bengaluru,15811.0,5469.4,796.4,116.0,22192.8,1.404,30.8,47,8.7,15.5,24.3,1,0,0.975,49.96,0.3,15757.0
2026-04-16 21:00:00,IN-DC-044,Bengaluru,15811.0,5464.9,796.4,143.7,22216.0,1.405,29.9,56,8.7,15.3,24.2,1,0,0.967,50.01,0.27,15773.0
2026-04-16 22:00:00,IN-DC-044,Bengaluru,15811.0,5086.0,796.4,127.1,21820.5,1.38,28.0,51,8.7,15.3,24.1,1,0,0.972,49.88,0.25,15493.0
2026-04-16 23:00:00,IN-DC-044,Bengaluru,15811.0,5051.0,796.4,112.6,21771.0,1.377,26.5,60,8.8,15.1,23.8,1,0,0.967,50.03,0.29,15457.0
2026-04-17 00:00:00,IN-DC-044,Bengaluru,15811.0,5198.3,796.4,130.7,21936.4,1.387,26.3,66,8.3,14.7,23.6,1,0,0.981,49.97,0.25,15575.0
2026-04-17 01:00:00,IN-DC-044,Bengaluru,15811.0,5148.9,796.4,142.0,21898.3,1.385,24.8,67,8.2,14.7,24.1,1,0,0.964,50.05,0.26,15548.0
2026-04-17 02:00:00,IN-DC-044,Bengaluru,15811.0,4736.7,796.4,123.7,21467.8,1.358,23.8,60,8.5,14.9,24.8,1,0,0.97,50.09,0.28,15242.0
2026-04-17 03:00:00,IN-DC-044,Bengaluru,15811.0,4804.2,796.4,116.5,21528.1,1.362,23.7,66,8.8,16.2,23.7,1,0,0.994,49.98,0.33,15285.0
2026-04-17 04:00:00,IN-DC-044,Bengaluru,15811.0,4834.8,796.4,131.2,21573.4,1.364,24.8,63,8.5,15.2,24.1,1,0,0.965,49.99,0.28,15317.0
2026-04-17 05:00:00,IN-DC-044,Bengaluru,15811.0,4828.2,796.4,145.6,21581.1,1.365,24.4,60,8.5,14.9,24.3,1,0,0.976,50.05,0.21,15323.0
2026-04-17 06:00:00,IN-DC-044,Bengaluru,15811.0,4952.8,796.4,109.2,21669.4,1.371,25.6,55,8.7,15.3,23.6,1,0,0.97,49.95,0.29,15385.0
2026-04-17 07:00:00,IN-DC-044,Bengaluru,15811.0,5233.9,796.4,104.7,21946.0,1.388,28.1,48,8.4,15.1,23.9,1,0,0.982,49.99,0.27,15582.0
2026-04-17 08:00:00,IN-DC-044,Bengaluru,15811.0,5090.7,796.4,147.3,21845.3,1.382,28.2,49,8.7,15.1,23.6,1,0,0.969,49.97,0.31,15510.0
2026-04-17 09:00:00,IN-DC-044,Bengaluru,15811.0,5350.4,796.4,113.1,22071.0,1.396,28.9,48,8.8,15.6,23.6,1,0,0.973,49.94,0.26,15670.0
2026-04-17 10:00:00,IN-DC-044,Bengaluru,15811.0,5526.9,796.4,138.4,22272.7,1.409,31.4,46,8.3,14.9,23.2,1,0,0.979,49.96,0.32,15814.0
2026-04-17 11:00:00,IN-DC-044,Bengaluru,15811.0,5680.4,796.4,122.3,22410.1,1.417,32.8,51,9.0,15.6,23.8,1,0,0.983,50.05,0.32,15911.0
2026-04-17 12:00:00,IN-DC-044,Bengaluru,15811.0,5831.2,796.4,140.0,22578.6,1.428,32.9,46,8.4,14.9,23.6,0,1,0.979,50.02,0.32,16031.0
2026-04-17 13:00:00,IN-DC-044,Bengaluru,15811.0,5848.4,796.4,113.7,22569.4,1.427,33.6,38,8.8,15.1,24.0,1,0,0.96,50.01,0.34,16024.0
2026-04-17 14:00:00,IN-DC-044,Bengaluru,15811.0,5998.7,796.4,122.0,22728.2,1.437,34.6,45,8.6,15.2,24.2,1,0,0.965,49.98,0.38,16137.0
2026-04-17 15:00:00,IN-DC-044,Bengaluru,15811.0,6095.7,796.4,125.7,22828.8,1.444,35.4,39,8.8,15.1,23.6,1,0,0.977,50.04,0.37,16208.0
2026-04-17 16:00:00,IN-DC-044,Bengaluru,15811.0,5932.2,796.4,154.8,22694.4,1.435,35.0,37,8.2,14.7,24.0,1,0,0.982,50.11,0.33,16113.0
2026-04-17 17:00:00,IN-DC-044,Bengaluru,15811.0,6092.7,796.4,112.9,22813.0,1.443,35.0,42,8.9,15.3,24.4,1,0,0.98,49.91,0.37,16197.0
2026-04-17 18:00:00,IN-DC-044,Bengaluru,15811.0,5999.8,796.4,114.3,22721.5,1.437,34.4,46,8.8,15.7,24.6,1,0,0.981,49.94,0.39,16132.0
2026-04-17 19:00:00,IN-DC-044,Bengaluru,15811.0,5897.6,796.4,118.8,22623.9,1.431,32.7,45,8.4,15.0,24.3,1,0,0.965,49.9,0.35,16063.0
2026-04-17 20:00:00,IN-DC-044,Bengaluru,15811.0,5816.9,796.4,142.5,22566.9,1.427,31.6,38,8.7,15.6,24.4,1,0,0.96,50.04,0.32,16022.0
2026-04-17 21:00:00,IN-DC-044,Bengaluru,15811.0,5488.5,796.4,107.9,22203.9,1.404,30.4,52,8.3,14.7,24.1,1,0,0.97,50.04,0.27,15765.0
2026-04-17 22:00:00,IN-DC-044,Bengaluru,15811.0,5274.1,796.4,157.5,22039.0,1.394,27.8,54,8.7,15.3,24.6,1,0,0.969,49.93,0.27,15648.0
2026-04-17 23:00:00,IN-DC-044,Bengaluru,15811.0,5133.3,796.4,119.7,21860.5,1.383,27.2,55,8.6,14.8,24.2,1,0,0.968,50.08,0.31,15521.0
2026-04-18 00:00:00,IN-DC-044,Bengaluru,15811.0,4960.4,796.4,112.2,21679.9,1.371,25.5,55,8.8,15.4,23.7,1,0,0.966,50.08,0.3,15393.0
2026-04-18 01:00:00,IN-DC-044,Bengaluru,15811.0,4912.0,796.4,119.6,21639.0,1.369,25.3,58,8.7,15.6,23.4,1,0,0.969,50.05,0.25,15364.0
2026-04-18 02:00:00,IN-DC-044,Bengaluru,15811.0,4802.2,796.4,130.4,21540.0,1.362,24.7,64,8.4,14.6,24.7,1,0,0.972,49.94,0.23,15293.0
2026-04-18 03:00:00,IN-DC-044,Bengaluru,15811.0,5084.1,796.4,152.1,21843.6,1.382,25.3,66,9.1,15.5,24.5,1,0,0.97,50.03,0.25,15509.0
2026-04-18 04:00:00,IN-DC-044,Bengaluru,15811.0,4872.0,796.4,112.7,21592.2,1.366,24.4,62,8.8,15.2,23.9,1,0,0.972,49.99,0.28,15330.0
2026-04-18 05:00:00,IN-DC-044,Bengaluru,15811.0,4853.6,796.4,131.2,21592.2,1.366,25.5,58,8.3,14.9,23.4,1,0,0.967,50.01,0.26,15330.0
2026-04-18 06:00:00,IN-DC-044,Bengaluru,15811.0,5010.5,796.4,131.1,21749.0,1.376,25.9,59,8.5,15.2,24.0,1,0,0.969,49.95,0.34,15442.0
2026-04-18 07:00:00,IN-DC-044,Bengaluru,15811.0,5173.4,796.4,114.4,21895.2,1.385,27.5,53,8.6,15.0,24.5,1,0,0.972,49.99,0.28,15546.0
2026-04-18 08:00:00,IN-DC-044,Bengaluru,15811.0,5053.6,796.4,113.4,21774.5,1.377,27.3,47,8.4,15.0,23.8,1,0,0.982,49.91,0.31,15460.0
2026-04-18 09:00:00,IN-DC-044,Bengaluru,15811.0,5435.4,796.4,147.9,22190.7,1.403,29.5,54,8.4,15.1,24.3,1,0,0.977,50.03,0.29,15755.0
2026-04-18 10:00:00,IN-DC-044,Bengaluru,15811.0,5500.4,796.4,142.1,22249.9,1.407,31.0,48,8.6,15.4,23.8,1,0,0.966,50.0,0.33,15797.0
2026-04-18 11:00:00,IN-DC-044,Bengaluru,15811.0,5809.2,796.4,129.4,22546.0,1.426,32.6,47,8.2,14.7,25.0,1,0,0.975,50.0,0.33,16008.0
2026-04-18 12:00:00,IN-DC-044,Bengaluru,15811.0,5804.0,796.4,140.9,22552.3,1.426,33.4,39,8.8,15.5,24.4,1,0,0.98,49.94,0.33,16012.0
2026-04-18 13:00:00,IN-DC-044,Bengaluru,15811.0,6037.3,796.4,135.9,22780.6,1.441,34.9,40,8.7,15.2,24.3,1,0,0.986,50.09,0.35,16174.0
2026-04-18 14:00:00,IN-DC-044,Bengaluru,15811.0,6129.2,796.4,138.3,22874.9,1.447,36.1,43,8.7,15.5,23.6,1,0,0.978,50.0,0.36,16241.0
2026-04-18 15:00:00,IN-DC-044,Bengaluru,15811.0,6035.7,796.4,160.1,22803.3,1.442,35.2,43,8.7,15.3,23.7,1,0,0.979,50.08,0.38,16190.0
2026-04-18 16:00:00,IN-DC-044,Bengaluru,15811.0,6184.1,796.4,108.4,22899.9,1.448,35.8,41,8.9,15.7,23.8,1,0,0.971,50.01,0.42,16259.0
2026-04-18 17:00:00,IN-DC-044,Bengaluru,15811.0,6111.9,796.4,132.6,22851.9,1.445,34.8,40,8.7,15.3,24.0,1,0,0.979,50.04,0.38,16225.0
2026-04-18 18:00:00,IN-DC-044,Bengaluru,15811.0,5953.9,796.4,135.1,22696.4,1.435,33.5,40,8.8,15.7,24.2,1,0,0.964,50.02,0.36,16114.0
2026-04-18 19:00:00,IN-DC-044,Bengaluru,15811.0,5834.0,796.4,155.1,22596.5,1.429,32.6,40,8.8,15.6,23.6,1,0,0.973,49.97,0.31,16044.0
2026-04-18 20:00:00,IN-DC-044,Bengaluru,15811.0,5605.0,796.4,140.5,22352.9,1.414,30.9,50,8.6,14.9,24.1,1,0,0.985,49.97,0.34,15871.0
2026-04-18 21:00:00,IN-DC-044,Bengaluru,15811.0,5316.3,796.4,136.7,22060.4,1.395,29.3,55,8.5,14.9,23.7,1,0,0.974,49.97,0.28,15663.0
2026-04-18 22:00:00,IN-DC-044,Bengaluru,15811.0,5431.6,796.4,144.6,22183.6,1.403,29.2,58,8.8,15.5,23.8,1,0,0.979,50.07,0.31,15750.0
2026-04-18 23:00:00,IN-DC-044,Bengaluru,15811.0,5132.4,796.4,147.0,21886.8,1.384,26.9,61,8.3,14.7,24.3,1,0,0.973,49.97,0.28,15540.0
2026-04-19 00:00:00,IN-DC-044,Bengaluru,15811.0,5019.1,796.4,131.1,21757.7,1.376,25.3,55,8.8,15.3,23.7,1,0,0.972,50.08,0.27,15448.0
2026-04-19 01:00:00,IN-DC-044,Bengaluru,15811.0,4805.3,796.4,145.8,21558.4,1.364,25.4,57,8.7,15.3,24.1,1,0,0.971,50.0,0.27,15306.0
2026-04-19 02:00:00,IN-DC-044,Bengaluru,15811.0,4758.4,796.4,107.0,21472.9,1.358,24.2,62,8.6,14.7,23.8,1,0,0.969,50.0,0.28,15246.0
2026-04-19 03:00:00,IN-DC-044,Bengaluru,15811.0,4854.1,796.4,136.4,21597.9,1.366,24.1,63,8.4,14.9,24.0,1,0,0.988,50.0,0.24,15335.0
2026-04-19 04:00:00,IN-DC-044,Bengaluru,15811.0,4802.8,796.4,123.2,21533.4,1.362,24.7,61,8.5,15.1,23.3,1,0,0.972,50.05,0.31,15289.0
2026-04-19 05:00:00,IN-DC-044,Bengaluru,15811.0,5001.1,796.4,122.5,21731.0,1.374,25.0,66,8.9,15.3,24.7,1,0,0.959,49.94,0.27,15429.0
2026-04-19 06:00:00,IN-DC-044,Bengaluru,15811.0,4981.4,796.4,158.5,21747.3,1.375,25.8,55,8.4,14.8,24.0,1,0,0.958,49.89,0.27,15441.0
2026-04-19 07:00:00,IN-DC-044,Bengaluru,15811.0,5142.2,796.4,136.0,21885.6,1.384,26.8,51,8.5,15.2,24.6,1,0,0.984,50.0,0.27,15539.0
2026-04-19 08:00:00,IN-DC-044,Bengaluru,15811.0,5283.6,796.4,119.9,22010.9,1.392,28.3,54,8.7,15.4,23.7,1,0,0.965,50.0,0.31,15628.0
2026-04-19 09:00:00,IN-DC-044,Bengaluru,15811.0,5529.8,796.4,127.1,22264.4,1.408,30.4,42,8.8,15.5,24.4,1,0,0.976,50.03,0.33,15808.0
2026-04-19 10:00:00,IN-DC-044,Bengaluru,15811.0,5533.9,796.4,138.8,22280.1,1.409,30.7,44,8.4,15.1,24.6,1,0,0.99,49.95,0.3,15819.0
2026-04-19 11:00:00,IN-DC-044,Bengaluru,15811.0,5729.2,796.4,97.5,22434.1,1.419,32.3,48,8.6,15.5,23.9,1,0,0.949,49.98,0.33,15928.0
2026-04-19 12:00:00,IN-DC-044,Bengaluru,15811.0,5871.0,796.4,128.6,22607.0,1.43,33.8,39,8.6,14.8,24.7,1,0,0.969,50.04,0.33,16051.0
2026-04-19 13:00:00,IN-DC-044,Bengaluru,15811.0,5957.0,796.4,128.3,22692.7,1.435,34.4,38,8.7,15.4,24.5,1,0,0.971,50.08,0.35,16112.0
2026-04-19 14:00:00,IN-DC-044,Bengaluru,15811.0,6070.7,796.4,131.1,22809.3,1.443,35.8,29,8.5,15.3,24.1,1,0,0.969,50.07,0.39,16195.0
2026-04-19 15:00:00,IN-DC-044,Bengaluru,15811.0,6009.6,796.4,117.6,22734.6,1.438,35.1,35,8.3,14.8,24.8,1,0,0.964,49.9,0.41,16142.0
2026-04-19 16:00:00,IN-DC-044,Bengaluru,15811.0,6026.5,796.4,135.2,22769.1,1.44,34.9,32,8.6,15.0,24.9,1,0,0.977,49.96,0.41,16166.0
2026-04-19 17:00:00,IN-DC-044,Bengaluru,15811.0,5994.4,796.4,138.5,22740.3,1.438,34.0,40,8.5,15.1,23.8,1,0,0.974,49.97,0.39,16146.0
2026-04-19 18:00:00,IN-DC-044,Bengaluru,15811.0,5913.7,796.4,136.0,22657.1,1.433,33.4,38,8.7,14.7,24.9,1,0,0.973,50.08,0.35,16087.0
2026-04-19 19:00:00,IN-DC-044,Bengaluru,15811.0,5712.6,796.4,148.0,22468.0,1.421,31.7,45,8.6,15.4,23.5,1,0,0.975,49.96,0.35,15952.0
2026-04-19 20:00:00,IN-DC-044,Bengaluru,15811.0,5719.5,796.4,114.0,22440.9,1.419,31.8,48,8.8,15.2,24.0,1,0,0.966,49.97,0.3,15933.0
2026-04-19 21:00:00,IN-DC-044,Bengaluru,15811.0,5457.1,796.4,124.1,22188.6,1.403,29.9,51,8.9,15.7,23.8,1,0,0.978,50.06,0.29,15754.0
2026-04-19 22:00:00,IN-DC-044,Bengaluru,15811.0,5203.8,796.4,103.4,21914.5,1.386,27.9,51,8.2,15.0,24.3,1,0,0.969,49.98,0.3,15559.0
2026-04-19 23:00:00,IN-DC-044,Bengaluru,15811.0,5130.5,796.4,104.3,21842.2,1.381,27.7,57,8.4,14.8,22.8,1,0,0.98,49.93,0.27,15508.0
2026-04-20 00:00:00,IN-DC-044,Bengaluru,15811.0,5021.1,796.4,135.2,21763.6,1.376,26.1,51,8.4,15.0,23.6,1,0,0.973,49.94,0.28,15452.0
2026-04-20 01:00:00,IN-DC-044,Bengaluru,15811.0,4920.5,796.4,138.5,21666.4,1.37,24.9,60,8.3,14.9,23.3,1,0,0.977,49.98,0.3,15383.0
2026-04-20 02:00:00,IN-DC-044,Bengaluru,15811.0,4809.9,796.4,142.1,21559.4,1.364,24.2,60,8.6,15.0,24.4,1,0,0.982,49.95,0.27,15307.0
2026-04-20 03:00:00,IN-DC-044,Bengaluru,15811.0,4699.4,796.4,125.7,21432.5,1.356,23.8,60,8.5,14.8,23.8,1,0,0.978,49.98,0.26,15217.0
2026-04-20 04:00:00,IN-DC-044,Bengaluru,15811.0,4915.4,796.4,128.0,21650.8,1.369,24.6,66,8.8,15.4,24.2,1,0,0.975,49.99,0.27,15372.0
2026-04-20 05:00:00,IN-DC-044,Bengaluru,15811.0,5008.2,796.4,116.3,21731.9,1.374,25.5,62,8.6,15.2,23.9,1,0,0.97,49.96,0.27,15430.0
2026-04-20 06:00:00,IN-DC-044,Bengaluru,15811.0,4916.1,796.4,117.2,21640.7,1.369,25.3,54,8.6,15.5,23.8,1,0,0.98,49.92,0.26,15365.0
2026-04-20 07:00:00,IN-DC-044,Bengaluru,15811.0,5160.7,796.4,126.5,21894.6,1.385,27.2,55,8.6,15.3,24.2,1,0,0.969,50.04,0.25,15545.0
2026-04-20 08:00:00,IN-DC-044,Bengaluru,15811.0,5296.2,796.4,121.5,22025.2,1.393,29.0,58,8.3,14.8,23.4,1,0,0.97,50.01,0.28,15638.0
2026-04-20 09:00:00,IN-DC-044,Bengaluru,15811.0,5488.4,796.4,104.9,22200.7,1.404,29.8,52,8.4,14.8,23.8,1,0,0.972,50.11,0.31,15762.0
2026-04-20 10:00:00,IN-DC-044,Bengaluru,15811.0,5624.4,796.4,134.5,22366.4,1.415,31.4,47,8.7,15.3,24.0,1,0,0.963,50.03,0.34,15880.0
2026-04-20 11:00:00,IN-DC-044,Bengaluru,15811.0,5688.4,796.4,153.6,22449.4,1.42,31.9,39,8.8,15.4,24.6,1,0,0.977,50.01,0.29,15939.0
2026-04-20 12:00:00,IN-DC-044,Bengaluru,15811.0,5931.1,796.4,115.6,22654.1,1.433,34.4,44,8.7,15.5,24.6,1,0,0.975,49.92,0.36,16084.0
2026-04-20 13:00:00,IN-DC-044,Bengaluru,15811.0,5732.6,796.4,141.1,22481.1,1.422,33.1,39,8.6,15.2,24.6,1,0,0.981,50.03,0.31,15962.0
2026-04-20 14:00:00,IN-DC-044,Bengaluru,15811.0,6021.9,796.4,151.7,22781.0,1.441,34.3,34,8.7,15.2,24.1,1,0,0.978,49.99,0.36,16175.0
2026-04-20 15:00:00,IN-DC-044,Bengaluru,15811.0,6053.7,796.4,130.9,22792.0,1.442,35.2,45,8.5,15.1,24.0,1,0,0.984,49.94,0.38,16182.0
2026-04-20 16:00:00,IN-DC-044,Bengaluru,15811.0,6198.7,796.4,120.1,22926.2,1.45,36.2,46,9.1,15.4,24.3,1,0,0.979,50.02,0.4,16278.0
2026-04-20 17:00:00,IN-DC-044,Bengaluru,15811.0,6100.4,796.4,131.4,22839.2,1.445,35.0,43,8.3,14.4,24.2,1,0,0.968,50.03,0.33,16216.0
2026-04-20 18:00:00,IN-DC-044,Bengaluru,15811.0,5980.7,796.4,135.5,22723.5,1.437,33.9,43,8.3,15.3,23.6,1,0,0.977,49.89,0.37,16134.0
2026-04-20 19:00:00,IN-DC-044,Bengaluru,15811.0,5741.1,796.4,105.5,22454.0,1.42,33.3,45,8.5,15.0,23.9,1,0,0.974,49.93,0.37,15942.0
2026-04-20 20:00:00,IN-DC-044,Bengaluru,15811.0,5803.1,796.4,89.0,22499.5,1.423,32.7,43,8.7,15.3,24.6,1,0,0.975,50.0,0.31,15975.0
2026-04-20 21:00:00,IN-DC-044,Bengaluru,15811.0,5495.1,796.4,151.8,22254.3,1.408,30.1,43,8.6,15.4,24.1,1,0,0.983,49.94,0.32,15801.0
2026-04-20 22:00:00,IN-DC-044,Bengaluru,15811.0,5436.7,796.4,122.4,22166.5,1.402,29.3,56,8.3,14.7,24.1,1,0,0.977,49.94,0.29,15738.0
2026-04-20 23:00:00,IN-DC-044,Bengaluru,15811.0,5232.2,796.4,150.2,21989.9,1.391,27.8,56,8.6,15.1,24.2,1,0,0.972,49.98,0.28,15613.0
2026-04-21 00:00:00,IN-DC-044,Bengaluru,15811.0,4973.1,796.4,135.2,21715.7,1.373,26.3,54,8.2,14.9,23.8,1,0,0.97,50.0,0.24,15418.0
2026-04-21 01:00:00,IN-DC-044,Bengaluru,15811.0,5047.9,796.4,117.3,21772.6,1.377,25.7,65,8.6,15.1,24.0,1,0,0.961,50.12,0.24,15459.0
2026-04-21 02:00:00,IN-DC-044,Bengaluru,15811.0,5042.2,796.4,123.2,21772.8,1.377,25.1,67,8.7,15.4,23.8,1,0,0.978,50.03,0.28,15459.0
2026-04-21 03:00:00,IN-DC-044,Bengaluru,15811.0,4988.4,796.4,161.3,21757.2,1.376,24.4,69,8.2,14.8,23.9,1,0,0.987,49.99,0.27,15448.0
2026-04-21 04:00:00,IN-DC-044,Bengaluru,15811.0,4846.2,796.4,138.7,21592.3,1.366,24.3,60,8.4,15.0,23.9,1,0,0.981,49.94,0.31,15331.0
2026-04-21 05:00:00,IN-DC-044,Bengaluru,15811.0,5009.9,796.4,105.3,21722.6,1.374,25.2,64,8.7,15.3,24.5,1,0,0.971,50.03,0.27,15423.0
2026-04-21 06:00:00,IN-DC-044,Bengaluru,15811.0,5100.6,796.4,130.0,21838.0,1.381,27.0,59,8.7,15.3,24.0,1,0,0.985,49.99,0.24,15505.0
2026-04-21 07:00:00,IN-DC-044,Bengaluru,15811.0,5117.4,796.4,126.4,21851.2,1.382,27.1,48,8.3,14.9,23.9,1,0,0.983,50.09,0.26,15514.0
2026-04-21 08:00:00,IN-DC-044,Bengaluru,15811.0,5229.7,796.4,126.8,21964.0,1.389,28.2,54,8.5,15.0,23.6,1,0,0.989,50.1,0.25,15594.0
2026-04-21 09:00:00,IN-DC-044,Bengaluru,15811.0,5605.9,796.4,146.7,22360.0,1.414,31.2,55,8.7,15.4,24.3,1,0,0.981,49.97,0.32,15876.0
2026-04-21 10:00:00,IN-DC-044,Bengaluru,15811.0,5487.8,796.4,135.4,22230.6,1.406,31.0,48,8.9,15.4,23.7,1,0,0.961,49.98,0.32,15784.0
2026-04-21 11:00:00,IN-DC-044,Bengaluru,15811.0,5948.0,796.4,109.4,22664.9,1.433,33.4,43,8.8,15.1,23.9,1,0,0.987,50.04,0.38,16092.0
2026-04-21 12:00:00,IN-DC-044,Bengaluru,15811.0,5866.9,796.4,116.2,22590.4,1.429,33.6,45,8.6,15.1,23.8,1,0,0.964,49.93,0.38,16039.0
2026-04-21 13:00:00,IN-DC-044,Bengaluru,15811.0,6117.7,796.4,113.7,22838.8,1.444,35.1,36,8.8,15.5,24.1,1,0,0.979,49.96,0.35,16216.0
2026-04-21 14:00:00,IN-DC-044,Bengaluru,15811.0,5896.1,796.4,120.8,22624.3,1.431,33.9,45,8.9,15.5,23.7,1,0,0.984,50.03,0.34,16063.0
2026-04-21 15:00:00,IN-DC-044,Bengaluru,15811.0,6198.4,796.4,141.8,22947.6,1.451,36.0,39,9.1,15.4,23.7,1,0,0.969,49.94,0.34,16293.0
2026-04-21 16:00:00,IN-DC-044,Bengaluru,15811.0,6159.7,796.4,126.0,22893.1,1.448,36.2,44,8.6,15.0,23.5,1,0,0.984,49.91,0.39,16254.0
2026-04-21 17:00:00,IN-DC-044,Bengaluru,15811.0,6091.9,796.4,126.8,22826.1,1.444,35.0,34,8.6,15.0,24.3,1,0,0.965,49.99,0.43,16207.0
2026-04-21 18:00:00,IN-DC-044,Bengaluru,15811.0,5859.3,796.4,135.8,22602.5,1.43,33.3,46,8.8,15.4,24.8,1,0,0.98,50.05,0.38,16048.0
2026-04-21 19:00:00,IN-DC-044,Bengaluru,15811.0,5928.0,796.4,128.2,22663.6,1.433,33.3,45,8.3,14.9,23.5,1,0,0.981,50.02,0.35,16091.0
2026-04-21 20:00:00,IN-DC-044,Bengaluru,15811.0,5596.7,796.4,149.1,22353.3,1.414,31.3,49,8.3,15.0,24.4,1,0,0.983,49.99,0.33,15871.0
2026-04-21 21:00:00,IN-DC-044,Bengaluru,15811.0,5509.4,796.4,105.8,22222.7,1.406,30.1,53,8.4,15.1,24.2,1,0,0.973,50.01,0.31,15778.0
2026-04-21 22:00:00,IN-DC-044,Bengaluru,15811.0,5385.9,796.4,114.3,22107.6,1.398,29.3,55,8.1,14.5,24.0,1,0,0.968,49.96,0.26,15696.0
2026-04-21 23:00:00,IN-DC-044,Bengaluru,15811.0,5180.5,796.4,125.8,21913.7,1.386,27.6,58,8.4,15.0,23.8,1,0,0.977,49.88,0.31,15559.0
2026-04-22 00:00:00,IN-DC-044,Bengaluru,15811.0,4972.9,796.4,109.4,21689.7,1.372,26.2,56,8.2,14.7,24.2,1,0,0.995,49.93,0.28,15400.0
2026-04-22 01:00:00,IN-DC-044,Bengaluru,15811.0,5052.6,796.4,147.1,21807.2,1.379,24.9,61,8.1,14.6,24.0,1,0,0.963,50.07,0.25,15483.0
2026-04-22 02:00:00,IN-DC-044,Bengaluru,15811.0,4753.0,796.4,71.9,21432.3,1.356,24.7,57,8.7,15.1,24.2,1,0,0.95,50.05,0.28,15217.0
2026-04-22 03:00:00,IN-DC-044,Bengaluru,15811.0,4767.6,796.4,134.9,21509.9,1.36,24.8,60,8.3,14.9,23.9,1,0,0.99,50.02,0.25,15272.0
2026-04-22 04:00:00,IN-DC-044,Bengaluru,15811.0,4709.6,796.4,130.0,21447.0,1.356,24.8,61,8.7,15.4,24.5,1,0,0.97,49.99,0.25,15227.0
2026-04-22 05:00:00,IN-DC-044,Bengaluru,15811.0,4911.2,796.4,136.8,21655.3,1.37,25.1,53,8.4,15.0,23.7,1,0,0.983,50.07,0.26,15375.0
2026-04-22 06:00:00,IN-DC-044,Bengaluru,15811.0,4879.1,796.4,124.9,21611.4,1.367,25.5,55,8.6,15.1,23.3,1,0,0.973,49.99,0.3,15344.0
2026-04-22 07:00:00,IN-DC-044,Bengaluru,15811.0,5058.2,796.4,139.0,21804.6,1.379,27.4,58,8.6,15.1,24.0,1,0,0.973,49.97,0.31,15481.0
2026-04-22 08:00:00,IN-DC-044,Bengaluru,15811.0,5325.5,796.4,133.3,22066.3,1.396,28.9,57,8.4,15.0,23.6,1,0,0.978,49.94,0.28,15667.0
2026-04-22 09:00:00,IN-DC-044,Bengaluru,15811.0,5550.5,796.4,126.8,22284.7,1.409,30.3,54,8.7,15.4,24.0,1,0,0.975,50.08,0.31,15822.0
2026-04-22 10:00:00,IN-DC-044,Bengaluru,15811.0,5596.3,796.4,87.0,22290.7,1.41,30.7,46,8.5,15.5,23.9,1,0,0.975,49.99,0.32,15826.0
2026-04-22 11:00:00,IN-DC-044,Bengaluru,15811.0,5756.1,796.4,126.0,22489.5,1.422,32.9,42,8.8,14.8,24.2,1,0,0.965,50.02,0.32,15968.0
2026-04-22 12:00:00,IN-DC-044,Bengaluru,15811.0,5923.7,796.4,146.1,22677.2,1.434,33.9,39,8.4,14.9,24.2,1,0,0.977,49.92,0.36,16101.0
2026-04-22 13:00:00,IN-DC-044,Bengaluru,15811.0,6002.9,796.4,121.6,22731.9,1.438,33.8,45,8.5,15.1,24.0,1,0,0.968,49.95,0.35,16140.0
2026-04-22 14:00:00,IN-DC-044,Bengaluru,15811.0,6121.5,796.4,148.2,22877.1,1.447,34.8,37,8.6,15.3,24.2,1,0,0.975,50.09,0.33,16243.0
2026-04-22 15:00:00,IN-DC-044,Bengaluru,15811.0,5936.4,796.4,128.0,22671.8,1.434,34.4,38,8.6,15.0,24.3,1,0,0.979,49.95,0.35,16097.0
2026-04-22 16:00:00,IN-DC-044,Bengaluru,15811.0,6160.9,796.4,139.2,22907.4,1.449,35.5,35,8.9,15.2,23.9,1,0,0.989,50.02,0.38,16264.0
2026-04-22 17:00:00,IN-DC-044,Bengaluru,15811.0,5958.4,796.4,95.3,22661.2,1.433,34.9,40,8.5,15.4,24.6,1,0,0.977,49.97,0.39,16089.0
2026-04-22 18:00:00,IN-DC-044,Bengaluru,15811.0,5885.3,796.4,134.5,22627.2,1.431,34.1,39,9.0,15.3,24.1,1,0,0.977,49.97,0.35,16065.0
2026-04-22 19:00:00,IN-DC-044,Bengaluru,15811.0,5849.6,796.4,141.4,22598.5,1.429,32.6,54,8.7,15.4,23.1,1,0,0.98,50.04,0.3,16045.0
2026-04-22 20:00:00,IN-DC-044,Bengaluru,15811.0,5666.3,796.4,130.8,22404.4,1.417,31.7,43,8.4,14.8,24.3,1,0,0.98,49.87,0.31,15907.0
2026-04-22 21:00:00,IN-DC-044,Bengaluru,15811.0,5707.8,796.4,117.3,22432.6,1.419,30.5,57,8.7,15.3,24.2,1,0,0.974,49.95,0.3,15927.0
2026-04-22 22:00:00,IN-DC-044,Bengaluru,15811.0,5214.5,796.4,108.9,21930.8,1.387,27.8,51,8.6,15.4,24.0,1,0,0.975,49.97,0.28,15571.0
2026-04-22 23:00:00,IN-DC-044,Bengaluru,15811.0,5174.2,796.4,118.4,21900.0,1.385,27.5,57,8.4,14.9,23.8,1,0,0.979,50.05,0.31,15549.0
2026-04-23 00:00:00,IN-DC-044,Bengaluru,15811.0,4889.6,796.4,122.3,21619.3,1.367,25.5,59,8.6,15.2,24.0,1,0,0.968,49.98,0.28,15350.0
2026-04-23 01:00:00,IN-DC-044,Bengaluru,15811.0,4942.5,796.4,158.9,21708.9,1.373,25.8,61,8.4,14.8,24.2,1,0,0.981,49.88,0.33,15413.0
2026-04-23 02:00:00,IN-DC-044,Bengaluru,15811.0,4934.3,796.4,143.5,21685.2,1.372,25.3,60,8.6,15.2,23.4,1,0,0.977,50.04,0.23,15397.0
2026-04-23 03:00:00,IN-DC-044,Bengaluru,15811.0,4849.4,796.4,156.9,21613.7,1.367,24.4,63,8.8,15.2,24.0,1,0,0.992,50.02,0.28,15346.0
2026-04-23 04:00:00,IN-DC-044,Bengaluru,15811.0,4937.7,796.4,125.9,21671.0,1.371,24.6,63,8.6,15.1,23.8,1,0,0.977,49.91,0.28,15386.0
2026-04-23 05:00:00,IN-DC-044,Bengaluru,15811.0,5047.5,796.4,125.5,21780.5,1.378,25.7,57,8.2,14.5,24.2,1,0,0.977,49.96,0.28,15464.0
2026-04-23 06:00:00,IN-DC-044,Bengaluru,15811.0,5083.5,796.4,112.4,21803.4,1.379,26.4,61,8.3,15.2,24.8,1,0,0.973,49.94,0.22,15480.0
2026-04-23 07:00:00,IN-DC-044,Bengaluru,15811.0,5042.4,796.4,131.4,21781.2,1.378,27.2,47,8.5,15.0,23.8,1,0,0.965,49.96,0.28,15465.0
2026-04-23 08:00:00,IN-DC-044,Bengaluru,15811.0,5328.9,796.4,169.5,22105.8,1.398,29.2,55,8.7,15.2,24.4,1,0,0.963,50.04,0.29,15695.0
2026-04-23 09:00:00,IN-DC-044,Bengaluru,15811.0,5487.7,796.4,133.4,22228.5,1.406,29.6,46,8.3,14.8,24.5,1,0,0.974,49.95,0.3,15782.0
2026-04-23 10:00:00,IN-DC-044,Bengaluru,15811.0,5611.6,796.4,159.4,22378.4,1.415,31.6,45,8.8,15.3,24.2,1,0,0.995,49.98,0.31,15889.0
2026-04-23 11:00:00,IN-DC-044,Bengaluru,15811.0,5859.2,796.4,116.1,22582.7,1.428,33.1,41,8.6,15.0,24.7,1,0,0.976,49.99,0.36,16034.0
2026-04-23 12:00:00,IN-DC-044,Bengaluru,15811.0,6019.6,796.4,128.8,22755.8,1.439,34.1,40,8.5,14.7,24.3,1,0,0.98,50.05,0.33,16157.0
2026-04-23 13:00:00,IN-DC-044,Bengaluru,15811.0,6065.5,796.4,125.6,22798.5,1.442,34.4,42,8.6,15.5,24.2,1,0,0.975,49.98,0.34,16187.0
2026-04-23 14:00:00,IN-DC-044,Bengaluru,15811.0,5945.5,796.4,128.8,22681.7,1.435,35.2,36,8.9,15.4,24.3,1,0,0.978,50.01,0.38,16104.0
2026-04-23 15:00:00,IN-DC-044,Bengaluru,15811.0,6250.0,796.4,134.1,22991.5,1.454,36.0,32,8.6,15.5,23.9,1,0,0.982,50.05,0.38,16324.0
2026-04-23 16:00:00,IN-DC-044,Bengaluru,15811.0,6131.1,796.4,158.5,22897.0,1.448,35.8,44,8.8,15.3,23.7,1,0,0.968,50.08,0.37,16257.0
2026-04-23 17:00:00,IN-DC-044,Bengaluru,15811.0,5951.1,796.4,137.4,22695.9,1.435,34.9,42,8.9,15.5,23.9,1,0,0.973,50.02,0.33,16114.0
2026-04-23 18:00:00,IN-DC-044,Bengaluru,15811.0,6024.3,796.4,142.2,22774.0,1.44,34.2,49,8.7,15.4,24.1,1,0,0.975,50.08,0.37,16170.0
2026-04-23 19:00:00,IN-DC-044,Bengaluru,15811.0,5840.3,796.4,119.0,22566.7,1.427,33.0,46,8.3,15.0,23.8,1,0,0.976,50.08,0.37,16022.0
2026-04-23 20:00:00,IN-DC-044,Bengaluru,15811.0,5602.8,796.4,127.1,22337.3,1.413,31.3,44,8.6,15.6,23.4,1,0,0.972,50.0,0.32,15859.0
2026-04-23 21:00:00,IN-DC-044,Bengaluru,15811.0,5342.4,796.4,135.6,22085.4,1.397,30.4,55,8.6,14.9,24.5,1,0,0.978,50.01,0.28,15681.0
2026-04-23 22:00:00,IN-DC-044,Bengaluru,15811.0,5179.6,796.4,134.3,21921.3,1.386,27.9,46,8.6,15.2,23.4,1,0,0.963,50.05,0.29,15564.0
2026-04-23 23:00:00,IN-DC-044,Bengaluru,15811.0,5343.1,796.4,98.4,22048.9,1.395,27.7,60,8.8,14.9,23.9,1,0,0.979,50.01,0.26,15655.0
2026-04-24 00:00:00,IN-DC-044,Bengaluru,15811.0,4876.3,796.4,105.9,21589.6,1.365,26.0,56,8.5,15.2,24.0,1,0,0.97,49.98,0.29,15329.0
2026-04-24 01:00:00,IN-DC-044,Bengaluru,15811.0,4801.1,796.4,132.8,21541.4,1.362,25.0,61,8.4,15.0,24.2,1,0,0.983,50.0,0.29,15294.0
2026-04-24 02:00:00,IN-DC-044,Bengaluru,15811.0,4846.4,796.4,118.4,21572.2,1.364,24.9,57,8.3,14.7,24.7,1,0,0.968,49.93,0.28,15316.0
2026-04-24 03:00:00,IN-DC-044,Bengaluru,15811.0,4935.8,796.4,100.8,21644.0,1.369,24.7,65,8.3,14.9,24.3,1,0,0.976,50.06,0.28,15367.0
2026-04-24 04:00:00,IN-DC-044,Bengaluru,15811.0,4873.1,796.4,115.9,21596.4,1.366,25.0,59,8.7,15.6,24.4,1,0,0.978,49.99,0.25,15333.0
2026-04-24 05:00:00,IN-DC-044,Bengaluru,15811.0,4849.3,796.4,112.8,21569.5,1.364,24.5,60,8.6,15.0,23.8,1,0,0.974,50.05,0.28,15314.0
2026-04-24 06:00:00,IN-DC-044,Bengaluru,15811.0,4852.6,796.4,105.0,21565.1,1.364,25.7,63,8.8,15.5,24.1,1,0,0.971,50.07,0.3,15311.0
2026-04-24 07:00:00,IN-DC-044,Bengaluru,15811.0,5100.6,796.4,123.6,21831.6,1.381,27.4,60,8.2,14.7,23.9,1,0,0.984,49.95,0.29,15500.0
2026-04-24 08:00:00,IN-DC-044,Bengaluru,15811.0,5365.2,796.4,109.9,22082.5,1.397,29.1,53,8.6,15.3,24.2,1,0,0.979,49.96,0.32,15679.0
2026-04-24 09:00:00,IN-DC-044,Bengaluru,15811.0,5349.8,796.4,125.9,22083.1,1.397,29.0,48,8.5,15.1,23.8,1,0,0.978,50.07,0.32,15679.0
2026-04-24 10:00:00,IN-DC-044,Bengaluru,15811.0,5512.2,796.4,127.6,22247.2,1.407,31.2,51,8.5,14.7,24.0,1,0,0.98,49.93,0.36,15796.0
2026-04-24 11:00:00,IN-DC-044,Bengaluru,15811.0,5896.9,796.4,138.7,22643.0,1.432,33.4,41,8.4,14.8,23.9,1,0,0.984,50.02,0.3,16077.0
2026-04-24 12:00:00,IN-DC-044,Bengaluru,15811.0,6150.2,796.4,130.9,22888.6,1.448,35.3,44,8.9,15.1,24.3,1,0,0.972,50.02,0.35,16251.0
2026-04-24 13:00:00,IN-DC-044,Bengaluru,15811.0,6045.9,796.4,121.2,22774.5,1.44,34.8,39,8.5,15.0,23.6,1,0,0.97,50.03,0.41,16170.0
2026-04-24 14:00:00,IN-DC-044,Bengaluru,15811.0,6190.5,796.4,120.5,22918.4,1.45,36.1,38,8.7,15.0,24.4,1,0,0.971,50.05,0.41,16272.0
2026-04-24 15:00:00,IN-DC-044,Bengaluru,15811.0,6088.3,796.4,173.6,22869.3,1.446,35.3,37,8.4,15.0,23.3,1,0,0.974,50.0,0.39,16237.0
2026-04-24 16:00:00,IN-DC-044,Bengaluru,15811.0,6134.3,796.4,136.6,22878.4,1.447,35.4,30,8.4,14.9,24.3,1,0,0.979,50.0,0.37,16244.0
2026-04-24 17:00:00,IN-DC-044,Bengaluru,15811.0,6089.1,796.4,115.2,22811.7,1.443,34.7,38,8.7,15.0,23.5,1,0,0.97,50.08,0.35,16196.0
2026-04-24 18:00:00,IN-DC-044,Bengaluru,15811.0,5859.1,796.4,96.7,22563.2,1.427,33.5,46,8.8,15.2,25.1,1,0,0.984,49.92,0.36,16020.0
2026-04-24 19:00:00,IN-DC-044,Bengaluru,15811.0,5729.0,796.4,135.3,22471.8,1.421,32.5,36,8.8,15.7,24.0,1,0,0.976,50.06,0.32,15955.0
2026-04-24 20:00:00,IN-DC-044,Bengaluru,15811.0,5559.4,796.4,101.9,22268.8,1.408,30.9,44,8.7,15.1,24.8,1,0,0.97,49.97,0.35,15811.0
2026-04-24 21:00:00,IN-DC-044,Bengaluru,15811.0,5451.5,796.4,130.3,22189.2,1.403,30.2,56,8.3,14.7,24.0,1,0,0.969,49.95,0.28,15754.0
2026-04-24 22:00:00,IN-DC-044,Bengaluru,15811.0,5371.6,796.4,128.6,22107.6,1.398,29.4,53,8.7,15.3,24.0,1,0,0.961,49.97,0.3,15696.0
2026-04-24 23:00:00,IN-DC-044,Bengaluru,15811.0,5199.7,796.4,121.4,21928.5,1.387,28.0,50,8.3,15.1,24.1,1,0,0.955,50.07,0.27,15569.0
2026-04-25 00:00:00,IN-DC-044,Bengaluru,15811.0,4940.0,796.4,124.2,21671.6,1.371,25.6,56,8.7,14.9,23.4,1,0,0.979,50.04,0.28,15387.0
2026-04-25 01:00:00,IN-DC-044,Bengaluru,15811.0,4968.4,796.4,118.0,21693.9,1.372,25.7,52,8.7,15.5,23.7,1,0,0.969,49.95,0.28,15403.0
2026-04-25 02:00:00,IN-DC-044,Bengaluru,15811.0,5049.8,796.4,130.1,21787.3,1.378,25.8,53,8.3,15.0,23.9,1,0,0.979,50.05,0.27,15469.0
2026-04-25 03:00:00,IN-DC-044,Bengaluru,15811.0,4945.9,796.4,101.4,21654.7,1.37,25.1,65,8.6,15.5,23.8,1,0,0.982,49.9,0.28,15375.0
2026-04-25 04:00:00,IN-DC-044,Bengaluru,15811.0,4969.8,796.4,129.6,21706.8,1.373,25.7,64,8.7,15.5,24.9,1,0,0.956,49.97,0.26,15412.0
2026-04-25 05:00:00,IN-DC-044,Bengaluru,15811.0,4990.8,796.4,125.0,21723.2,1.374,26.0,54,8.4,15.0,23.4,1,0,0.959,50.06,0.27,15423.0
2026-04-25 06:00:00,IN-DC-044,Bengaluru,15811.0,5018.3,796.4,134.7,21760.4,1.376,26.4,55,8.4,14.6,23.6,1,0,0.964,49.94,0.27,15450.0
2026-04-25 07:00:00,IN-DC-044,Bengaluru,15811.0,5113.0,796.4,122.5,21843.0,1.382,27.4,51,8.6,15.2,23.6,1,0,0.985,49.97,0.31,15509.0
2026-04-25 08:00:00,IN-DC-044,Bengaluru,15811.0,5345.8,796.4,145.8,22099.1,1.398,28.8,59,8.7,15.4,24.0,1,0,0.98,49.98,0.31,15690.0
2026-04-25 09:00:00,IN-DC-044,Bengaluru,15811.0,5339.5,796.4,123.9,22070.8,1.396,29.4,49,8.7,15.3,24.2,1,0,0.993,49.97,0.28,15670.0
2026-04-25 10:00:00,IN-DC-044,Bengaluru,15811.0,5691.2,796.4,144.8,22443.4,1.419,31.3,55,8.2,14.4,24.2,1,0,0.966,49.97,0.28,15935.0
2026-04-25 11:00:00,IN-DC-044,Bengaluru,15811.0,5911.8,796.4,159.7,22678.9,1.434,33.3,38,8.4,15.0,23.8,1,0,0.956,49.98,0.39,16102.0
2026-04-25 12:00:00,IN-DC-044,Bengaluru,15811.0,5843.6,796.4,162.0,22613.0,1.43,33.4,43,8.7,15.2,23.4,1,0,0.963,50.04,0.38,16055.0
2026-04-25 13:00:00,IN-DC-044,Bengaluru,15811.0,6136.6,796.4,124.9,22868.9,1.446,35.5,40,9.1,15.3,24.4,1,0,0.964,50.08,0.35,16237.0
2026-04-25 14:00:00,IN-DC-044,Bengaluru,15811.0,6108.8,796.4,120.7,22836.8,1.444,35.6,34,8.5,15.3,23.7,1,0,0.964,50.0,0.4,16214.0
2026-04-25 15:00:00,IN-DC-044,Bengaluru,15811.0,6061.2,796.4,143.9,22812.4,1.443,35.9,43,9.0,15.8,24.4,1,0,0.975,50.03,0.41,16197.0
2026-04-25 16:00:00,IN-DC-044,Bengaluru,15811.0,6174.9,796.4,120.8,22903.1,1.449,35.9,43,8.4,15.1,24.2,1,0,0.979,49.93,0.37,16261.0
2026-04-25 17:00:00,IN-DC-044,Bengaluru,15811.0,6149.7,796.4,143.7,22900.8,1.448,34.8,41,8.4,14.5,24.3,1,0,0.976,49.95,0.44,16260.0
2026-04-25 18:00:00,IN-DC-044,Bengaluru,15811.0,5959.8,796.4,109.7,22677.0,1.434,34.6,46,8.7,15.3,24.3,1,0,0.975,50.04,0.38,16101.0
2026-04-25 19:00:00,IN-DC-044,Bengaluru,15811.0,5845.0,796.4,137.9,22590.3,1.429,32.7,49,8.8,15.7,24.3,1,0,0.966,50.05,0.36,16039.0
2026-04-25 20:00:00,IN-DC-044,Bengaluru,15811.0,5852.8,796.4,129.5,22589.7,1.429,32.2,46,8.5,15.3,24.5,1,0,0.972,49.89,0.32,16039.0
2026-04-25 21:00:00,IN-DC-044,Bengaluru,15811.0,5485.1,796.4,135.6,22228.1,1.406,29.8,50,8.7,15.5,23.8,1,0,0.961,49.96,0.31,15782.0
2026-04-25 22:00:00,IN-DC-044,Bengaluru,15811.0,5443.7,796.4,114.7,22165.8,1.402,30.5,55,8.2,14.5,23.7,1,0,0.98,50.02,0.35,15738.0
2026-04-25 23:00:00,IN-DC-044,Bengaluru,15811.0,5453.1,796.4,124.9,22185.5,1.403,27.4,70,8.5,15.1,24.1,1,0,0.976,50.01,0.23,15752.0
2026-04-26 00:00:00,IN-DC-044,Bengaluru,15811.0,5074.1,796.4,143.6,21825.2,1.38,27.1,57,8.6,15.2,24.1,1,0,0.967,49.99,0.28,15496.0
2026-04-26 01:00:00,IN-DC-044,Bengaluru,15811.0,5069.4,796.4,94.8,21771.6,1.377,26.2,58,8.6,15.1,24.5,1,0,0.976,50.12,0.3,15458.0
2026-04-26 02:00:00,IN-DC-044,Bengaluru,15811.0,5039.2,796.4,106.0,21752.6,1.376,25.6,65,8.8,15.1,23.8,1,0,0.982,49.99,0.3,15444.0
2026-04-26 03:00:00,IN-DC-044,Bengaluru,15811.0,4756.9,796.4,148.2,21512.6,1.361,24.2,61,8.7,15.5,23.8,1,0,0.975,50.03,0.26,15274.0
2026-04-26 04:00:00,IN-DC-044,Bengaluru,15811.0,5065.9,796.4,140.4,21813.7,1.38,25.5,62,8.6,14.9,23.4,1,0,0.982,50.0,0.23,15488.0
2026-04-26 05:00:00,IN-DC-044,Bengaluru,15811.0,4837.1,796.4,140.1,21584.6,1.365,24.8,60,8.8,15.4,24.5,1,0,0.963,49.96,0.32,15325.0
2026-04-26 06:00:00,IN-DC-044,Bengaluru,15811.0,4977.7,796.4,129.2,21714.4,1.373,25.9,55,8.4,15.1,24.4,1,0,0.961,49.99,0.3,15417.0
2026-04-26 07:00:00,IN-DC-044,Bengaluru,15811.0,5274.9,796.4,129.0,22011.3,1.392,28.2,56,8.1,15.0,23.6,1,0,0.973,50.07,0.22,15628.0
2026-04-26 08:00:00,IN-DC-044,Bengaluru,15811.0,5280.1,796.4,126.3,22013.9,1.392,28.8,57,8.3,14.8,24.7,1,0,0.973,50.05,0.28,15630.0
2026-04-26 09:00:00,IN-DC-044,Bengaluru,15811.0,5452.9,796.4,134.5,22194.8,1.404,30.0,44,8.5,14.9,23.8,1,0,0.977,50.1,0.32,15758.0
2026-04-26 10:00:00,IN-DC-044,Bengaluru,15811.0,5588.7,796.4,128.2,22324.4,1.412,31.3,43,8.1,14.8,24.1,1,0,0.983,50.03,0.34,15850.0
2026-04-26 11:00:00,IN-DC-044,Bengaluru,15811.0,5739.9,796.4,116.0,22463.3,1.421,32.8,44,8.9,15.7,24.1,1,0,0.972,49.94,0.33,15949.0
2026-04-26 12:00:00,IN-DC-044,Bengaluru,15811.0,5927.2,796.4,130.6,22665.2,1.434,34.0,44,8.7,15.7,23.6,1,0,0.97,50.1,0.37,16092.0
2026-04-26 13:00:00,IN-DC-044,Bengaluru,15811.0,6180.0,796.4,162.1,22949.5,1.451,35.2,35,8.7,15.3,23.5,1,0,0.963,50.0,0.39,16294.0
2026-04-26 14:00:00,IN-DC-044,Bengaluru,15811.0,6102.8,796.4,108.3,22818.6,1.443,35.2,39,8.4,15.0,23.8,1,0,0.97,50.0,0.36,16201.0
2026-04-26 15:00:00,IN-DC-044,Bengaluru,15811.0,6172.6,796.4,127.2,22907.2,1.449,36.0,32,8.6,15.2,24.3,1,0,0.968,49.91,0.38,16264.0
2026-04-26 16:00:00,IN-DC-044,Bengaluru,15811.0,6250.2,796.4,119.8,22977.5,1.453,36.8,36,8.6,15.0,24.3,1,0,0.972,50.05,0.42,16314.0
2026-04-26 17:00:00,IN-DC-044,Bengaluru,15811.0,6049.2,796.4,122.4,22779.0,1.441,34.6,39,8.8,15.4,24.5,1,0,0.974,50.01,0.35,16173.0
2026-04-26 18:00:00,IN-DC-044,Bengaluru,15811.0,6002.0,796.4,166.0,22775.3,1.44,35.0,44,8.1,14.8,23.7,1,0,0.973,50.0,0.36,16170.0
2026-04-26 19:00:00,IN-DC-044,Bengaluru,15811.0,5898.4,796.4,118.7,22624.5,1.431,33.4,43,8.3,14.9,23.7,1,0,0.974,50.0,0.37,16063.0
2026-04-26 20:00:00,IN-DC-044,Bengaluru,15811.0,5663.3,796.4,120.6,22391.3,1.416,30.9,47,8.7,15.3,24.5,1,0,0.98,50.0,0.32,15898.0
2026-04-26 21:00:00,IN-DC-044,Bengaluru,15811.0,5610.5,796.4,137.8,22355.7,1.414,30.3,48,8.7,15.1,24.4,1,0,0.969,50.02,0.34,15873.0
2026-04-26 22:00:00,IN-DC-044,Bengaluru,15811.0,5339.0,796.4,165.8,22112.2,1.399,29.1,59,8.4,14.9,23.7,1,0,0.978,50.03,0.29,15700.0
2026-04-26 23:00:00,IN-DC-044,Bengaluru,15811.0,5355.7,796.4,133.8,22096.9,1.398,28.5,62,8.8,15.5,23.3,1,0,0.968,49.99,0.3,15689.0
2026-04-27 00:00:00,IN-DC-044,Bengaluru,15811.0,5080.9,796.4,137.3,21825.6,1.38,26.0,60,8.5,15.1,23.4,1,0,0.977,50.0,0.3,15496.0
2026-04-27 01:00:00,IN-DC-044,Bengaluru,15811.0,4996.4,796.4,111.6,21715.5,1.373,25.9,55,8.4,14.9,24.2,1,0,0.982,49.99,0.3,15418.0
2026-04-27 02:00:00,IN-DC-044,Bengaluru,15811.0,5030.5,796.4,128.8,21766.7,1.377,24.5,69,8.4,14.9,24.1,1,0,0.973,49.91,0.27,15454.0
2026-04-27 03:00:00,IN-DC-044,Bengaluru,15811.0,4943.7,796.4,124.9,21676.1,1.371,24.5,59,8.6,15.1,24.5,1,0,0.976,50.1,0.28,15390.0
2026-04-27 04:00:00,IN-DC-044,Bengaluru,15811.0,4842.9,796.4,137.0,21587.3,1.365,24.4,60,8.5,15.1,24.1,1,0,0.978,50.0,0.26,15327.0
2026-04-27 05:00:00,IN-DC-044,Bengaluru,15811.0,4898.7,796.4,119.3,21625.4,1.368,24.3,63,8.8,15.4,24.1,1,0,0.978,50.08,0.25,15354.0
2026-04-27 06:00:00,IN-DC-044,Bengaluru,15811.0,4971.5,796.4,105.8,21684.8,1.371,25.8,59,8.4,14.8,23.4,1,0,0.984,50.06,0.26,15396.0
2026-04-27 07:00:00,IN-DC-044,Bengaluru,15811.0,5121.6,796.4,118.8,21847.8,1.382,27.2,57,8.4,14.9,24.0,1,0,0.972,50.05,0.31,15512.0
2026-04-27 08:00:00,IN-DC-044,Bengaluru,15811.0,5242.0,796.4,124.2,21973.7,1.39,28.5,47,8.4,15.0,24.3,1,0,0.975,50.08,0.29,15601.0
2026-04-27 09:00:00,IN-DC-044,Bengaluru,15811.0,5516.2,796.4,140.2,22263.8,1.408,30.4,52,8.5,14.9,24.2,1,0,0.979,49.97,0.26,15807.0
2026-04-27 10:00:00,IN-DC-044,Bengaluru,15811.0,5737.4,796.4,124.2,22469.0,1.421,31.3,45,8.6,15.2,23.8,1,0,0.972,50.02,0.32,15953.0
2026-04-27 11:00:00,IN-DC-044,Bengaluru,15811.0,5828.7,796.4,112.9,22549.0,1.426,33.1,43,8.3,14.8,23.9,1,0,0.975,49.96,0.33,16010.0
2026-04-27 12:00:00,IN-DC-044,Bengaluru,15811.0,5904.7,796.4,138.0,22650.1,1.433,34.1,44,8.4,15.2,23.7,1,0,0.975,50.03,0.39,16082.0
2026-04-27 13:00:00,IN-DC-044,Bengaluru,15811.0,6260.8,796.4,131.1,22999.3,1.455,35.7,33,8.7,15.4,24.4,1,0,0.969,49.99,0.4,16330.0
2026-04-27 14:00:00,IN-DC-044,Bengaluru,15811.0,6179.5,796.4,137.1,22924.0,1.45,35.8,34,8.7,15.4,23.5,1,0,0.973,49.98,0.4,16276.0
2026-04-27 15:00:00,IN-DC-044,Bengaluru,15811.0,6302.7,796.4,139.2,23049.3,1.458,36.6,38,8.5,15.2,24.0,1,0,0.975,49.83,0.44,16365.0
2026-04-27 16:00:00,IN-DC-044,Bengaluru,15811.0,6196.9,796.4,110.6,22914.9,1.449,35.8,32,8.7,15.2,23.8,1,0,0.989,50.06,0.38,16270.0
2026-04-27 17:00:00,IN-DC-044,Bengaluru,15811.0,6214.0,796.4,122.7,22944.1,1.451,36.0,47,8.6,15.4,24.1,1,0,0.979,50.05,0.41,16290.0
2026-04-27 18:00:00,IN-DC-044,Bengaluru,15811.0,5886.3,796.4,135.3,22629.0,1.431,33.6,40,8.9,15.4,23.8,1,0,0.983,50.02,0.35,16067.0
2026-04-27 19:00:00,IN-DC-044,Bengaluru,15811.0,5739.4,796.4,118.7,22465.6,1.421,32.1,39,9.0,15.6,24.2,1,0,0.971,50.09,0.31,15951.0
2026-04-27 20:00:00,IN-DC-044,Bengaluru,15811.0,5703.2,796.4,157.9,22468.6,1.421,31.8,52,8.3,14.9,23.3,1,0,0.981,50.08,0.33,15953.0
2026-04-27 21:00:00,IN-DC-044,Bengaluru,15811.0,5677.4,796.4,115.7,22400.5,1.417,30.8,45,8.7,15.2,23.4,1,0,0.982,49.96,0.32,15904.0
2026-04-27 22:00:00,IN-DC-044,Bengaluru,15811.0,5334.4,796.4,104.5,22046.3,1.394,29.1,42,8.1,14.7,23.4,1,0,0.975,50.04,0.28,15653.0
2026-04-27 23:00:00,IN-DC-044,Bengaluru,15811.0,5092.3,796.4,144.2,21844.0,1.382,27.0,62,8.7,15.4,23.7,1,0,0.973,49.95,0.26,15509.0
2026-04-28 00:00:00,IN-DC-044,Bengaluru,15811.0,5072.0,796.4,138.2,21817.6,1.38,26.9,57,8.4,15.2,24.0,1,0,0.985,50.02,0.28,15491.0
2026-04-28 01:00:00,IN-DC-044,Bengaluru,15811.0,4983.6,796.4,102.3,21693.2,1.372,26.7,54,8.2,14.9,24.8,1,0,0.968,50.07,0.26,15402.0
2026-04-28 02:00:00,IN-DC-044,Bengaluru,15811.0,4932.3,796.4,119.1,21658.8,1.37,25.2,65,8.6,15.0,24.2,1,0,0.973,50.08,0.25,15378.0
2026-04-28 03:00:00,IN-DC-044,Bengaluru,15811.0,5064.8,796.4,157.3,21829.5,1.381,25.4,63,8.5,15.1,23.7,1,0,0.966,49.97,0.28,15499.0
2026-04-28 04:00:00,IN-DC-044,Bengaluru,15811.0,4972.1,796.4,159.3,21738.9,1.375,24.5,67,8.7,15.1,24.4,1,0,0.979,50.05,0.25,15435.0
2026-04-28 05:00:00,IN-DC-044,Bengaluru,15811.0,4948.5,796.4,162.7,21718.6,1.374,25.8,57,8.6,15.0,24.3,1,0,0.984,49.96,0.24,15420.0
2026-04-28 06:00:00,IN-DC-044,Bengaluru,15811.0,4984.3,796.4,139.2,21730.9,1.374,25.6,52,8.4,14.8,24.4,1,0,0.983,50.05,0.25,15429.0
2026-04-28 07:00:00,IN-DC-044,Bengaluru,15811.0,5000.5,796.4,132.2,21740.2,1.375,27.4,59,8.6,15.3,24.2,1,0,0.974,49.94,0.28,15436.0
2026-04-28 08:00:00,IN-DC-044,Bengaluru,15811.0,5350.1,796.4,141.7,22099.2,1.398,28.9,50,8.6,15.2,24.6,1,0,0.971,50.02,0.33,15690.0
2026-04-28 09:00:00,IN-DC-044,Bengaluru,15811.0,5496.3,796.4,119.0,22222.7,1.406,30.7,53,8.7,15.1,24.4,1,0,0.968,49.95,0.28,15778.0
2026-04-28 10:00:00,IN-DC-044,Bengaluru,15811.0,5693.9,796.4,126.3,22427.6,1.418,31.0,52,8.4,14.8,23.8,1,0,0.97,50.01,0.32,15924.0
2026-04-28 11:00:00,IN-DC-044,Bengaluru,15811.0,6024.1,796.4,127.5,22759.0,1.439,34.2,46,8.9,15.7,24.3,1,0,0.982,50.05,0.36,16159.0
2026-04-28 12:00:00,IN-DC-044,Bengaluru,15811.0,5913.9,796.4,115.4,22636.7,1.432,33.7,36,8.6,15.1,24.3,1,0,0.971,49.97,0.37,16072.0
2026-04-28 13:00:00,IN-DC-044,Bengaluru,15811.0,5944.1,796.4,146.2,22697.7,1.436,34.8,44,9.0,15.3,24.0,1,0,0.966,49.95,0.4,16115.0
2026-04-28 14:00:00,IN-DC-044,Bengaluru,15811.0,6397.4,796.4,117.0,23121.8,1.462,37.2,43,8.9,15.6,24.7,1,0,0.978,49.96,0.43,16416.0
2026-04-28 15:00:00,IN-DC-044,Bengaluru,15811.0,6067.8,796.4,125.4,22800.7,1.442,35.8,40,8.5,15.0,24.9,1,0,0.974,49.99,0.43,16188.0
2026-04-28 16:00:00,IN-DC-044,Bengaluru,15811.0,6185.7,796.4,137.2,22930.3,1.45,36.2,36,8.7,15.4,24.2,1,0,0.962,50.03,0.43,16281.0
2026-04-28 17:00:00,IN-DC-044,Bengaluru,15811.0,5940.4,796.4,126.8,22674.6,1.434,34.4,37,8.7,15.4,23.6,1,0,0.959,50.07,0.32,16099.0
2026-04-28 18:00:00,IN-DC-044,Bengaluru,15811.0,5767.7,796.4,175.0,22550.1,1.426,33.2,49,9.0,15.6,23.7,1,0,0.958,49.99,0.35,16011.0
2026-04-28 19:00:00,IN-DC-044,Bengaluru,15811.0,5895.3,796.4,109.2,22611.9,1.43,33.6,43,8.3,15.1,24.3,1,0,0.971,49.84,0.35,16054.0
2026-04-28 20:00:00,IN-DC-044,Bengaluru,15811.0,5590.6,796.4,119.0,22317.0,1.411,31.3,43,8.4,15.1,24.0,1,0,0.966,50.04,0.35,15845.0
2026-04-28 21:00:00,IN-DC-044,Bengaluru,15811.0,5441.0,796.4,125.3,22173.7,1.402,30.6,54,8.6,15.3,24.1,1,0,0.974,50.09,0.33,15743.0
2026-04-28 22:00:00,IN-DC-044,Bengaluru,15811.0,5344.8,796.4,140.6,22092.8,1.397,29.7,52,8.6,15.1,23.1,1,0,0.981,49.99,0.26,15686.0
2026-04-28 23:00:00,IN-DC-044,Bengaluru,15811.0,5213.9,796.4,136.6,21957.9,1.389,28.1,58,8.4,14.4,23.7,1,0,0.98,50.0,0.31,15590.0
2026-04-29 00:00:00,IN-DC-044,Bengaluru,15811.0,5008.8,796.4,129.9,21746.1,1.375,26.1,59,8.6,15.3,23.4,1,0,0.968,49.99,0.25,15440.0
2026-04-29 01:00:00,IN-DC-044,Bengaluru,15811.0,5095.0,796.4,141.3,21843.7,1.382,26.1,64,8.4,14.6,23.7,1,0,0.976,50.02,0.28,15509.0
2026-04-29 02:00:00,IN-DC-044,Bengaluru,15811.0,5020.6,796.4,148.0,21776.0,1.377,25.7,59,8.5,14.9,23.9,1,0,0.971,49.99,0.31,15461.0
2026-04-29 03:00:00,IN-DC-044,Bengaluru,15811.0,4985.0,796.4,99.3,21691.7,1.372,25.2,68,8.3,14.9,24.1,1,0,0.982,50.04,0.27,15401.0
2026-04-29 04:00:00,IN-DC-044,Bengaluru,15811.0,5054.3,796.4,139.0,21800.7,1.379,24.9,66,8.6,15.3,23.9,1,0,0.955,50.08,0.25,15478.0
2026-04-29 05:00:00,IN-DC-044,Bengaluru,15811.0,4861.3,796.4,154.1,21622.8,1.368,25.4,51,8.5,15.1,24.2,1,0,0.975,50.1,0.25,15352.0
2026-04-29 06:00:00,IN-DC-044,Bengaluru,15811.0,5178.6,796.4,111.1,21897.1,1.385,26.6,62,8.7,15.3,23.4,1,0,0.979,50.01,0.25,15547.0
2026-04-29 07:00:00,IN-DC-044,Bengaluru,15811.0,5302.5,796.4,122.7,22032.6,1.394,28.8,57,8.5,15.0,23.3,1,0,0.964,50.08,0.27,15643.0
2026-04-29 08:00:00,IN-DC-044,Bengaluru,15811.0,5318.3,796.4,152.4,22078.1,1.396,28.9,56,8.5,15.2,23.8,1,0,0.966,50.06,0.22,15675.0
2026-04-29 09:00:00,IN-DC-044,Bengaluru,15811.0,5576.0,796.4,155.5,22339.0,1.413,30.5,48,8.7,15.4,24.0,1,0,0.974,50.03,0.32,15861.0
2026-04-29 10:00:00,IN-DC-044,Bengaluru,15811.0,5613.2,796.4,111.6,22332.2,1.412,31.1,52,8.7,14.9,24.4,1,0,0.973,49.94,0.3,15856.0
2026-04-29 11:00:00,IN-DC-044,Bengaluru,15811.0,5750.1,796.4,141.9,22499.3,1.423,33.0,39,8.6,15.4,24.2,1,0,0.967,49.96,0.34,15975.0
2026-04-29 12:00:00,IN-DC-044,Bengaluru,15811.0,5984.4,796.4,121.0,22712.7,1.437,34.5,46,8.8,15.2,24.2,1,0,0.965,50.04,0.37,16126.0
2026-04-29 13:00:00,IN-DC-044,Bengaluru,15811.0,6153.2,796.4,132.4,22893.0,1.448,36.2,41,8.8,15.3,24.7,1,0,0.965,49.93,0.45,16254.0
2026-04-29 14:00:00,IN-DC-044,Bengaluru,15811.0,6205.6,796.4,131.5,22944.5,1.451,36.0,40,8.8,15.7,24.0,1,0,0.972,50.08,0.4,16291.0
2026-04-29 15:00:00,IN-DC-044,Bengaluru,15811.0,6272.1,796.4,139.8,23019.3,1.456,35.3,43,8.6,15.8,23.9,1,0,0.976,49.98,0.32,16344.0
2026-04-29 16:00:00,IN-DC-044,Bengaluru,15811.0,6001.3,796.4,153.5,22762.2,1.44,35.5,36,8.8,15.4,24.2,1,0,0.968,50.02,0.35,16161.0
2026-04-29 17:00:00,IN-DC-044,Bengaluru,15811.0,6122.8,796.4,140.6,22870.8,1.447,35.4,42,8.3,15.0,24.6,1,0,0.965,49.94,0.38,16238.0
2026-04-29 18:00:00,IN-DC-044,Bengaluru,15811.0,6054.4,796.4,155.8,22817.6,1.443,35.0,40,8.8,15.1,24.2,1,0,0.968,49.95,0.38,16200.0
2026-04-29 19:00:00,IN-DC-044,Bengaluru,15811.0,5920.8,796.4,112.5,22640.8,1.432,33.2,41,8.6,15.3,23.5,1,0,0.971,49.93,0.34,16075.0
2026-04-29 20:00:00,IN-DC-044,Bengaluru,15811.0,5610.0,796.4,125.3,22342.7,1.413,32.3,43,8.6,15.6,23.8,1,0,0.975,49.96,0.32,15863.0
2026-04-29 21:00:00,IN-DC-044,Bengaluru,15811.0,5543.0,796.4,119.9,22270.3,1.409,30.8,47,8.5,15.1,24.5,1,0,0.97,50.07,0.32,15812.0
2026-04-29 22:00:00,IN-DC-044,Bengaluru,15811.0,5428.8,796.4,139.6,22175.8,1.403,29.1,52,8.3,15.1,23.7,1,0,0.974,49.98,0.24,15745.0
2026-04-29 23:00:00,IN-DC-044,Bengaluru,15811.0,5197.6,796.4,152.4,21957.5,1.389,27.4,57,8.4,15.1,23.6,1,0,0.978,50.01,0.27,15590.0
2026-04-30 00:00:00,IN-DC-044,Bengaluru,15811.0,5143.2,796.4,123.0,21873.6,1.383,27.2,50,9.0,15.6,24.3,1,0,0.986,49.98,0.22,15530.0
2026-04-30 01:00:00,IN-DC-044,Bengaluru,15811.0,5075.2,796.4,141.9,21824.5,1.38,26.4,58,8.6,15.2,23.6,1,0,0.991,50.08,0.29,15495.0
2026-04-30 02:00:00,IN-DC-044,Bengaluru,15811.0,5036.4,796.4,158.0,21801.8,1.379,25.4,63,8.5,15.4,24.4,1,0,0.995,50.04,0.24,15479.0
2026-04-30 03:00:00,IN-DC-044,Bengaluru,15811.0,5017.5,796.4,155.0,21779.9,1.378,25.6,61,8.6,15.1,24.3,1,0,0.968,50.02,0.26,15464.0
2026-04-30 04:00:00,IN-DC-044,Bengaluru,15811.0,4826.5,796.4,114.3,21548.2,1.363,24.8,57,8.4,14.8,24.8,1,0,0.977,49.98,0.29,15299.0
2026-04-30 05:00:00,IN-DC-044,Bengaluru,15811.0,4972.5,796.4,122.6,21702.6,1.373,25.3,61,8.8,15.5,23.5,1,0,0.98,49.97,0.22,15409.0
2026-04-30 06:00:00,IN-DC-044,Bengaluru,15811.0,5030.9,796.4,116.9,21755.2,1.376,26.8,57,8.8,15.6,24.5,1,0,0.973,49.92,0.26,15446.0
2026-04-30 07:00:00,IN-DC-044,Bengaluru,15811.0,5228.1,796.4,120.5,21956.0,1.389,28.2,50,8.1,14.8,23.6,1,0,0.966,50.01,0.31,15589.0
2026-04-30 08:00:00,IN-DC-044,Bengaluru,15811.0,5379.5,796.4,110.5,22097.4,1.398,29.4,55,8.9,15.6,23.4,1,0,0.985,49.91,0.25,15689.0
2026-04-30 09:00:00,IN-DC-044,Bengaluru,15811.0,5404.1,796.4,117.8,22129.3,1.4,30.7,54,8.6,15.4,23.9,1,0,0.98,49.96,0.29,15712.0
2026-04-30 10:00:00,IN-DC-044,Bengaluru,15811.0,5914.4,796.4,124.8,22646.7,1.432,33.5,50,8.4,15.3,24.2,1,0,0.966,49.99,0.29,16079.0
2026-04-30 11:00:00,IN-DC-044,Bengaluru,15811.0,5890.6,796.4,118.3,22616.3,1.43,33.2,50,8.8,15.4,24.2,1,0,0.977,49.97,0.39,16058.0
2026-04-30 12:00:00,IN-DC-044,Bengaluru,15811.0,5834.4,796.4,130.2,22572.0,1.428,34.3,48,8.5,15.1,24.3,1,0,0.978,50.02,0.35,16026.0
2026-04-30 13:00:00,IN-DC-044,Bengaluru,15811.0,6075.3,796.4,156.2,22839.0,1.444,35.7,34,8.9,15.8,24.4,1,0,0.993,50.03,0.37,16216.0
2026-04-30 14:00:00,IN-DC-044,Bengaluru,15811.0,6319.3,796.4,132.1,23058.7,1.458,36.6,35,9.0,15.9,24.9,1,0,0.965,50.01,0.41,16372.0
2026-04-30 15:00:00,IN-DC-044,Bengaluru,15811.0,6377.5,796.4,124.2,23109.2,1.462,36.3,37,8.6,15.1,25.2,1,0,0.967,50.02,0.4,16408.0
2026-04-30 16:00:00,IN-DC-044,Bengaluru,15811.0,6140.0,796.4,171.0,22918.5,1.45,35.3,42,8.5,14.9,24.1,1,0,0.989,50.04,0.36,16272.0
2026-04-30 17:00:00,IN-DC-044,Bengaluru,15811.0,5972.0,796.4,135.1,22714.6,1.437,34.9,38,8.9,15.7,24.6,1,0,0.972,49.96,0.35,16127.0
2026-04-30 18:00:00,IN-DC-044,Bengaluru,15811.0,6035.8,796.4,139.8,22783.0,1.441,35.6,41,8.7,15.5,24.6,1,0,0.972,50.01,0.38,16176.0
2026-04-30 19:00:00,IN-DC-044,Bengaluru,15811.0,5738.6,796.4,144.4,22490.4,1.422,33.9,46,8.8,15.3,23.9,1,0,0.955,50.1,0.35,15968.0
2026-04-30 20:00:00,IN-DC-044,Bengaluru,15811.0,5731.0,796.4,103.2,22441.7,1.419,32.2,51,8.4,15.1,24.3,1,0,0.976,49.95,0.36,15934.0
2026-04-30 21:00:00,IN-DC-044,Bengaluru,15811.0,5413.4,796.4,113.3,22134.1,1.4,30.0,49,8.6,15.1,23.7,1,0,0.979,50.0,0.33,15715.0
2026-04-30 22:00:00,IN-DC-044,Bengaluru,15811.0,5485.4,796.4,136.4,22229.2,1.406,30.8,54,7.9,14.4,23.7,1,0,0.973,49.98,0.28,15783.0
2026-04-30 23:00:00,IN-DC-044,Bengaluru,15811.0,4982.7,796.4,115.4,21705.6,1.373,27.1,59,8.4,15.2,23.2,1,0,0.977,50.0,0.27,15411.0
2026-04-01 00:00:00,IN-DC-048,Noida,10149.3,3763.7,558.5,103.3,14574.9,1.436,30.0,40,8.5,14.0,24.3,1,0,0.958,50.07,1.13,10348.0
2026-04-01 01:00:00,IN-DC-048,Noida,10017.1,3353.9,553.4,121.1,14045.5,1.402,26.8,36,8.2,13.9,24.4,1,0,0.969,50.12,0.98,9972.0
2026-04-01 02:00:00,IN-DC-048,Noida,9884.6,3190.8,548.4,104.8,13728.6,1.389,26.6,42,8.2,13.8,24.3,1,0,0.976,49.99,0.88,9747.0
2026-04-01 03:00:00,IN-DC-048,Noida,9802.8,3313.0,545.3,123.8,13785.0,1.406,26.9,46,8.7,14.1,23.4,1,0,0.979,50.08,0.86,9787.0
2026-04-01 04:00:00,IN-DC-048,Noida,9802.1,3269.4,545.3,132.8,13749.5,1.403,27.1,39,8.5,14.1,24.4,1,0,0.977,49.95,0.94,9762.0
2026-04-01 05:00:00,IN-DC-048,Noida,9807.1,3352.0,545.5,115.4,13820.0,1.409,27.8,33,8.4,13.9,24.2,1,0,0.986,50.04,0.88,9812.0
2026-04-01 06:00:00,IN-DC-048,Noida,9604.5,3286.4,537.8,112.2,13540.8,1.41,28.4,28,8.9,13.9,23.7,1,0,0.961,49.99,0.84,9614.0
2026-04-01 07:00:00,IN-DC-048,Noida,9639.3,3496.8,539.1,136.5,13811.7,1.433,30.9,37,8.5,14.0,24.8,1,0,0.973,50.02,1.05,9806.0
2026-04-01 08:00:00,IN-DC-048,Noida,9690.8,3739.4,541.0,115.1,14086.3,1.454,32.4,32,8.5,13.8,24.2,1,0,0.971,49.99,1.03,10001.0
2026-04-01 09:00:00,IN-DC-048,Noida,9718.7,3837.6,542.1,127.5,14226.0,1.464,35.3,27,8.5,14.0,24.5,1,0,0.964,50.0,1.25,10100.0
2026-04-01 10:00:00,IN-DC-048,Noida,9831.4,4061.7,546.4,117.7,14557.2,1.481,37.4,22,9.0,14.9,24.2,1,0,0.976,49.93,1.42,10336.0
2026-04-01 11:00:00,IN-DC-048,Noida,9892.8,4070.5,548.7,130.3,14642.3,1.48,38.4,22,9.0,14.6,24.0,1,0,0.976,49.96,1.35,10396.0
2026-04-01 12:00:00,IN-DC-048,Noida,9925.6,4280.8,550.0,102.1,14858.4,1.497,39.6,18,8.7,13.8,24.8,1,0,0.981,49.92,1.46,10549.0
2026-04-01 13:00:00,IN-DC-048,Noida,9971.7,4272.5,551.7,119.6,14915.5,1.496,41.4,15,9.2,14.8,25.3,1,0,0.974,49.97,1.51,10590.0
2026-04-01 14:00:00,IN-DC-048,Noida,10163.7,4554.5,559.0,112.3,15389.5,1.514,42.9,12,9.1,14.6,25.4,1,0,0.971,50.06,1.65,10927.0
2026-04-01 15:00:00,IN-DC-048,Noida,10151.7,4571.5,558.6,119.9,15401.6,1.517,42.5,14,9.3,14.7,24.6,1,0,0.978,49.95,1.66,10935.0
2026-04-01 16:00:00,IN-DC-048,Noida,10489.9,4576.6,571.4,131.8,15769.7,1.503,42.6,14,8.9,14.9,24.7,1,0,0.962,50.01,1.69,11196.0
2026-04-01 17:00:00,IN-DC-048,Noida,10466.7,4570.4,570.5,122.1,15729.7,1.503,41.7,16,8.8,14.6,23.1,1,0,0.97,50.05,1.64,11168.0
2026-04-01 18:00:00,IN-DC-048,Noida,10380.6,4433.0,567.3,118.2,15499.0,1.493,40.9,18,9.0,14.5,25.2,1,0,0.972,50.05,1.6,11004.0
2026-04-01 19:00:00,IN-DC-048,Noida,10626.3,4435.9,576.6,125.6,15764.5,1.484,39.4,30,8.7,14.4,23.6,1,0,0.97,49.99,1.42,11193.0
2026-04-01 20:00:00,IN-DC-048,Noida,10548.6,4415.3,573.6,98.5,15636.2,1.482,37.4,23,8.9,14.9,23.8,1,0,0.987,49.92,1.38,11102.0
2026-04-01 21:00:00,IN-DC-048,Noida,10585.6,4085.1,575.1,116.5,15362.2,1.451,34.2,24,8.6,14.4,23.7,1,0,0.981,50.02,1.26,10907.0
2026-04-01 22:00:00,IN-DC-048,Noida,10503.4,4005.6,571.9,127.6,15208.6,1.448,32.4,36,8.9,14.6,24.1,1,0,0.968,50.0,1.13,10798.0
2026-04-01 23:00:00,IN-DC-048,Noida,10503.6,3794.6,571.9,96.8,14966.9,1.425,30.5,32,8.5,14.0,24.5,1,0,0.973,49.97,1.01,10626.0
2026-04-02 00:00:00,IN-DC-048,Noida,10586.1,3711.7,575.1,117.7,14990.6,1.416,28.4,30,8.6,14.4,23.7,1,0,0.961,50.07,0.89,10643.0
2026-04-02 01:00:00,IN-DC-048,Noida,10401.8,3541.5,568.1,118.1,14629.4,1.406,28.0,48,8.6,14.2,24.3,1,0,0.973,49.93,0.89,10387.0
2026-04-02 02:00:00,IN-DC-048,Noida,10162.5,3401.5,559.0,100.7,14223.7,1.4,26.5,40,8.4,13.8,23.7,1,0,0.982,50.01,0.97,10099.0
2026-04-02 03:00:00,IN-DC-048,Noida,10130.9,3314.7,557.8,103.2,14106.6,1.392,26.8,34,8.7,14.4,23.9,1,0,0.963,50.0,0.95,10016.0
2026-04-02 04:00:00,IN-DC-048,Noida,10265.1,3399.9,562.9,119.2,14347.1,1.398,26.7,32,8.6,14.3,24.5,1,0,0.994,49.98,0.94,10186.0
2026-04-02 05:00:00,IN-DC-048,Noida,10002.7,3498.1,552.9,103.8,14157.6,1.415,28.1,41,8.5,14.2,24.2,1,0,0.974,49.98,0.89,10052.0
2026-04-02 06:00:00,IN-DC-048,Noida,9959.0,3418.5,551.2,99.7,14028.5,1.409,29.2,40,8.8,14.5,24.0,1,0,0.953,49.96,0.93,9960.0
2026-04-02 07:00:00,IN-DC-048,Noida,10124.3,3724.9,557.5,104.3,14511.1,1.433,30.6,37,8.6,14.6,23.4,1,0,0.961,50.06,0.86,10303.0
2026-04-02 08:00:00,IN-DC-048,Noida,10115.1,3775.5,557.2,98.4,14546.1,1.438,32.1,35,8.6,14.0,24.3,1,0,0.978,50.08,1.05,10328.0
2026-04-02 09:00:00,IN-DC-048,Noida,10087.0,3917.5,556.1,115.0,14675.6,1.455,34.2,28,8.8,14.5,25.0,1,0,0.969,50.0,1.27,10420.0
2026-04-02 10:00:00,IN-DC-048,Noida,10118.9,4061.2,557.3,113.1,14850.4,1.468,36.9,24,8.5,14.0,24.8,1,0,0.967,50.09,1.42,10544.0
2026-04-02 11:00:00,IN-DC-048,Noida,10320.2,4250.7,565.0,145.1,15280.9,1.481,38.7,19,9.0,14.9,24.4,1,0,0.973,50.02,1.5,10849.0
2026-04-02 12:00:00,IN-DC-048,Noida,10308.6,4485.2,564.5,76.4,15434.8,1.497,40.2,17,8.5,14.2,24.6,1,0,0.981,49.88,1.56,10959.0
2026-04-02 13:00:00,IN-DC-048,Noida,10438.5,4598.3,569.5,119.3,15725.6,1.506,41.9,23,8.8,14.1,24.8,1,0,0.977,50.0,1.6,11165.0
2026-04-02 14:00:00,IN-DC-048,Noida,10629.1,4699.6,576.7,117.5,16022.8,1.507,42.1,12,8.8,14.7,24.7,1,0,0.979,50.08,1.5,11376.0
2026-04-02 15:00:00,IN-DC-048,Noida,10621.9,4855.4,576.4,125.6,16179.3,1.523,43.6,12,9.3,15.1,24.3,1,0,0.973,50.0,1.77,11487.0
2026-04-02 16:00:00,IN-DC-048,Noida,10733.7,4829.6,580.7,114.8,16258.8,1.515,42.5,12,9.1,15.3,25.0,1,0,0.982,49.96,1.69,11544.0
2026-04-02 17:00:00,IN-DC-048,Noida,10630.1,4702.0,576.7,139.8,16048.6,1.51,41.5,23,9.4,15.2,25.2,1,0,0.982,50.03,1.51,11394.0
2026-04-02 18:00:00,IN-DC-048,Noida,10930.1,4647.5,588.1,90.9,16256.6,1.487,39.9,23,9.0,15.0,24.6,1,0,0.956,50.05,1.51,11542.0
2026-04-02 19:00:00,IN-DC-048,Noida,10909.2,4470.0,587.4,74.6,16041.2,1.47,38.5,18,9.0,15.1,24.6,1,0,0.976,49.98,1.33,11389.0
2026-04-02 20:00:00,IN-DC-048,Noida,10946.1,4346.7,588.8,107.6,15989.1,1.461,36.1,32,8.7,14.3,24.3,1,0,0.978,49.96,1.18,11352.0
2026-04-02 21:00:00,IN-DC-048,Noida,10924.2,4188.2,587.9,131.6,15832.0,1.449,34.6,30,8.5,14.4,24.1,1,0,0.978,50.01,1.19,11241.0
2026-04-02 22:00:00,IN-DC-048,Noida,10799.0,4119.3,583.2,86.6,15588.0,1.443,32.3,35,8.2,14.1,24.2,1,0,0.975,50.02,1.01,11068.0
2026-04-02 23:00:00,IN-DC-048,Noida,10721.2,3807.9,580.2,135.1,15244.4,1.422,30.1,34,8.5,14.2,23.7,1,0,0.983,50.07,1.05,10824.0
2026-04-03 00:00:00,IN-DC-048,Noida,10868.3,3776.7,585.8,89.9,15320.7,1.41,29.3,39,8.3,14.4,23.9,1,0,0.973,49.97,0.86,10878.0
2026-04-03 01:00:00,IN-DC-048,Noida,10780.1,3677.4,582.4,81.9,15121.8,1.403,28.3,34,9.0,14.8,24.3,1,0,0.967,49.99,0.95,10737.0
2026-04-03 02:00:00,IN-DC-048,Noida,10711.9,3674.4,579.9,126.0,15092.2,1.409,28.0,39,8.8,15.0,24.4,1,0,0.99,49.99,1.03,10715.0
2026-04-03 03:00:00,IN-DC-048,Noida,10676.6,3643.1,578.5,117.1,15015.2,1.406,27.3,44,8.9,14.7,23.7,1,0,0.957,50.04,0.92,10661.0
2026-04-03 04:00:00,IN-DC-048,Noida,10632.8,3456.8,576.8,137.1,14803.6,1.392,26.3,43,8.4,14.2,24.2,1,0,0.981,50.01,0.79,10511.0
2026-04-03 05:00:00,IN-DC-048,Noida,10389.4,3564.5,567.6,113.7,14635.1,1.409,27.8,37,8.8,14.3,24.5,1,0,0.983,49.98,0.92,10391.0
2026-04-03 06:00:00,IN-DC-048,Noida,10281.2,3742.6,563.5,136.2,14723.5,1.432,30.5,36,8.7,14.2,24.2,1,0,0.971,49.99,1.01,10454.0
2026-04-03 07:00:00,IN-DC-048,Noida,10414.1,3735.0,568.5,101.8,14819.3,1.423,30.4,29,8.0,14.0,23.8,1,0,0.968,50.08,1.0,10522.0
2026-04-03 08:00:00,IN-DC-048,Noida,10334.9,3858.1,565.5,114.8,14873.4,1.439,32.9,32,8.5,14.3,24.1,1,0,0.98,50.0,1.25,10560.0
2026-04-03 09:00:00,IN-DC-048,Noida,10507.9,4171.2,572.1,127.8,15379.0,1.464,35.1,30,8.6,14.3,24.0,1,0,0.971,50.0,1.17,10919.0
2026-04-03 10:00:00,IN-DC-048,Noida,10457.8,4223.0,570.2,117.9,15368.8,1.47,36.2,23,8.7,14.2,24.0,1,0,0.961,49.95,1.45,10912.0
2026-04-03 11:00:00,IN-DC-048,Noida,10479.8,4378.3,571.0,109.9,15539.0,1.483,38.5,17,9.0,15.0,24.5,1,0,0.97,50.01,1.35,11033.0
2026-04-03 12:00:00,IN-DC-048,Noida,10649.3,4640.9,577.5,141.9,16009.5,1.503,40.9,18,8.5,14.4,24.5,1,0,0.973,50.05,1.62,11367.0
2026-04-03 13:00:00,IN-DC-048,Noida,10747.3,4776.6,581.2,102.5,16207.6,1.508,41.9,17,9.2,15.3,24.7,1,0,0.969,50.0,1.55,11507.0
2026-04-03 14:00:00,IN-DC-048,Noida,10805.4,4794.8,583.4,114.7,16298.3,1.508,42.7,23,9.2,15.0,25.2,1,0,0.979,49.93,1.65,11572.0
2026-04-03 15:00:00,IN-DC-048,Noida,10972.6,4994.7,589.8,120.0,16677.0,1.52,42.4,23,9.2,15.3,25.1,1,0,0.961,50.04,1.71,11841.0
2026-04-03 16:00:00,IN-DC-048,Noida,11086.2,4939.9,594.1,98.2,16718.4,1.508,42.5,15,8.9,14.7,25.5,1,0,0.968,50.03,1.45,11870.0
2026-04-03 17:00:00,IN-DC-048,Noida,11505.8,5113.7,610.0,127.6,17357.1,1.509,41.6,22,9.1,15.5,25.0,1,0,0.985,49.97,1.8,12324.0
2026-04-03 18:00:00,IN-DC-048,Noida,11305.3,4848.8,602.4,135.3,16891.8,1.494,40.8,17,8.9,15.1,24.4,1,0,0.97,49.87,1.6,11993.0
2026-04-03 19:00:00,IN-DC-048,Noida,11132.9,4643.8,595.9,151.6,16524.2,1.484,38.7,21,8.8,15.0,24.3,1,0,0.977,50.04,1.53,11732.0
2026-04-03 20:00:00,IN-DC-048,Noida,11347.0,4416.6,604.0,115.5,16483.1,1.453,35.4,19,8.9,15.2,24.6,1,0,0.986,50.0,1.22,11703.0
2026-04-03 21:00:00,IN-DC-048,Noida,11338.9,4343.2,603.7,125.8,16411.6,1.447,34.0,36,8.7,15.0,23.7,1,0,0.984,50.03,1.27,11652.0
2026-04-03 22:00:00,IN-DC-048,Noida,11324.7,4126.9,603.1,113.4,16168.1,1.428,32.4,30,8.7,15.0,24.1,1,0,0.981,50.11,1.08,11479.0
2026-04-03 23:00:00,IN-DC-048,Noida,11116.0,3938.9,595.2,114.5,15764.6,1.418,30.2,40,8.8,14.8,23.4,1,0,0.972,49.92,1.0,11193.0
2026-04-04 00:00:00,IN-DC-048,Noida,10903.8,3723.3,587.1,114.3,15328.6,1.406,28.6,39,8.0,13.8,23.6,1,0,0.98,50.0,0.9,10883.0
2026-04-04 01:00:00,IN-DC-048,Noida,10951.0,3734.0,588.9,123.7,15397.6,1.406,27.9,41,8.4,14.5,23.6,1,0,0.983,50.02,0.9,10932.0
2026-04-04 02:00:00,IN-DC-048,Noida,10698.8,3426.7,579.4,107.8,14812.7,1.385,26.4,41,8.7,14.7,24.1,1,0,0.984,50.05,0.9,10517.0
2026-04-04 03:00:00,IN-DC-048,Noida,10634.5,3532.0,576.9,92.0,14835.4,1.395,26.9,37,8.6,14.3,23.4,1,0,0.978,49.96,1.03,10533.0
2026-04-04 04:00:00,IN-DC-048,Noida,10599.1,3495.5,575.6,129.2,14799.4,1.396,27.2,31,8.5,14.4,23.4,1,0,0.99,49.94,1.02,10508.0
2026-04-04 05:00:00,IN-DC-048,Noida,10679.0,3592.4,578.6,106.3,14956.2,1.401,27.1,43,8.7,14.6,23.8,1,0,0.973,49.97,1.05,10619.0
2026-04-04 06:00:00,IN-DC-048,Noida,10417.8,3550.2,568.7,104.8,14641.4,1.405,28.8,35,8.4,14.1,23.7,1,0,0.978,49.98,1.12,10395.0
2026-04-04 07:00:00,IN-DC-048,Noida,10477.0,3704.9,570.9,103.9,14856.8,1.418,30.4,40,8.7,14.7,23.8,1,0,0.967,49.97,1.18,10548.0
2026-04-04 08:00:00,IN-DC-048,Noida,10459.2,3858.2,570.2,99.4,14987.1,1.433,32.3,33,8.6,14.6,23.7,1,0,0.97,50.01,1.12,10641.0
2026-04-04 09:00:00,IN-DC-048,Noida,10527.4,4178.6,572.8,117.2,15396.1,1.462,35.0,31,8.4,14.1,24.1,1,0,0.985,50.05,1.2,10931.0
2026-04-04 10:00:00,IN-DC-048,Noida,10505.4,4138.3,572.0,106.2,15321.9,1.458,36.0,25,8.8,14.8,24.4,1,0,0.988,50.0,1.28,10879.0
2026-04-04 11:00:00,IN-DC-048,Noida,10625.7,4333.0,576.6,139.8,15675.1,1.475,37.4,22,8.6,14.6,24.2,1,0,0.959,49.96,1.27,11129.0
2026-04-04 12:00:00,IN-DC-048,Noida,10646.0,4572.8,577.3,108.8,15905.0,1.494,39.9,20,8.8,14.7,25.4,1,0,0.975,50.01,1.44,11293.0
2026-04-04 13:00:00,IN-DC-048,Noida,10753.6,4685.9,581.4,116.4,16137.4,1.501,41.0,12,9.1,15.3,24.8,1,0,0.981,49.99,1.48,11458.0
2026-04-04 14:00:00,IN-DC-048,Noida,10857.0,4883.8,585.4,108.2,16434.3,1.514,41.9,12,8.8,15.1,24.4,1,0,0.971,50.07,1.61,11668.0
2026-04-04 15:00:00,IN-DC-048,Noida,11137.0,4861.5,596.0,140.8,16735.4,1.503,41.6,13,9.0,14.9,24.6,1,0,0.981,50.0,1.58,11882.0
2026-04-04 16:00:00,IN-DC-048,Noida,11057.8,5002.6,593.0,100.5,16753.9,1.515,42.9,15,9.0,15.1,24.4,1,0,0.966,50.05,1.6,11895.0
2026-04-04 17:00:00,IN-DC-048,Noida,11250.5,4749.2,600.3,120.1,16720.1,1.486,40.3,12,9.1,15.6,24.6,1,0,0.968,49.98,1.48,11871.0
2026-04-04 18:00:00,IN-DC-048,Noida,11439.3,4780.6,607.5,128.3,16955.6,1.482,39.9,19,8.8,14.9,24.9,1,0,0.965,49.95,1.56,12038.0
2026-04-04 19:00:00,IN-DC-048,Noida,11392.8,4697.5,605.7,139.8,16835.8,1.478,38.3,23,8.5,14.2,24.5,1,0,0.972,49.97,1.39,11953.0
2026-04-04 20:00:00,IN-DC-048,Noida,11222.1,4417.3,599.2,119.0,16357.7,1.458,36.4,24,9.0,14.7,24.8,1,0,0.978,50.05,1.34,11614.0
2026-04-04 21:00:00,IN-DC-048,Noida,11529.5,4334.7,610.9,111.5,16586.7,1.439,33.9,26,8.9,15.0,23.7,1,0,0.976,50.02,1.13,11777.0
2026-04-04 22:00:00,IN-DC-048,Noida,11527.2,4183.9,610.8,134.0,16455.9,1.428,31.5,27,8.4,14.7,24.2,1,0,0.976,50.04,1.11,11684.0
2026-04-04 23:00:00,IN-DC-048,Noida,11240.1,3855.9,599.9,95.7,15791.6,1.405,30.4,36,8.7,14.6,23.6,1,0,0.97,50.05,0.95,11212.0
2026-04-05 00:00:00,IN-DC-048,Noida,11298.3,3885.8,602.1,137.7,15923.9,1.409,29.2,28,8.3,14.4,24.2,1,0,0.986,50.06,1.02,11306.0
2026-04-05 01:00:00,IN-DC-048,Noida,11272.6,3733.9,601.2,117.7,15725.3,1.395,27.1,41,8.5,14.6,23.3,1,0,0.988,49.95,0.9,11165.0
2026-04-05 02:00:00,IN-DC-048,Noida,11294.4,3718.0,602.0,109.9,15724.3,1.392,27.4,41,8.7,14.7,25.0,1,0,0.981,49.95,0.7,11164.0
2026-04-05 03:00:00,IN-DC-048,Noida,10874.7,3647.5,586.0,123.0,15231.3,1.401,26.7,38,8.1,14.1,24.0,1,0,0.984,49.97,0.75,10814.0
2026-04-05 04:00:00,IN-DC-048,Noida,10896.8,3615.1,586.9,145.2,15243.9,1.399,27.3,37,8.7,15.0,24.1,1,0,0.981,49.97,0.82,10823.0
2026-04-05 05:00:00,IN-DC-048,Noida,10865.2,3706.8,585.7,92.5,15250.3,1.404,28.1,33,8.4,14.2,24.0,1,0,0.971,49.91,0.96,10828.0
2026-04-05 06:00:00,IN-DC-048,Noida,10843.4,3683.7,584.8,110.5,15222.5,1.404,29.1,36,8.3,14.3,24.3,0,1,0.983,50.04,0.93,10808.0
2026-04-05 07:00:00,IN-DC-048,Noida,10758.4,4052.9,581.6,91.5,15484.4,1.439,31.6,38,8.8,14.8,24.4,0,1,0.975,50.02,1.07,10994.0
2026-04-05 08:00:00,IN-DC-048,Noida,10823.4,3940.5,584.1,115.6,15463.6,1.429,32.1,28,8.5,14.6,24.5,0,1,0.966,50.0,1.11,10979.0
2026-04-05 09:00:00,IN-DC-048,Noida,10815.5,4175.7,583.8,104.9,15679.8,1.45,34.2,24,8.8,14.5,23.7,0,1,0.964,50.02,1.19,11133.0
2026-04-05 10:00:00,IN-DC-048,Noida,10898.1,4342.3,586.9,129.8,15957.1,1.464,37.0,24,8.6,14.3,24.3,1,0,0.976,50.01,1.36,11330.0
2026-04-05 11:00:00,IN-DC-048,Noida,11000.9,4573.0,590.8,91.8,16256.4,1.478,38.4,21,8.9,14.7,24.4,1,0,0.982,49.98,1.5,11542.0
2026-04-05 12:00:00,IN-DC-048,Noida,10983.8,4585.2,590.2,132.3,16291.5,1.483,39.9,20,9.0,15.3,25.0,1,0,0.987,50.04,1.45,11567.0
2026-04-05 13:00:00,IN-DC-048,Noida,11138.4,4879.4,596.1,103.3,16717.2,1.501,41.0,24,8.8,15.1,24.3,1,0,0.983,50.05,1.72,11869.0
2026-04-05 14:00:00,IN-DC-048,Noida,11363.3,5193.1,604.6,114.3,17275.3,1.52,43.2,17,9.1,15.3,25.0,1,0,0.971,49.97,1.73,12265.0
2026-04-05 15:00:00,IN-DC-048,Noida,11476.8,5108.7,608.9,113.5,17308.0,1.508,42.4,18,8.7,14.9,25.0,1,0,0.974,49.99,1.62,12289.0
2026-04-05 16:00:00,IN-DC-048,Noida,11583.0,5091.7,613.0,91.8,17379.4,1.5,42.0,20,9.2,15.0,24.8,1,0,0.976,49.91,1.59,12339.0
2026-04-05 17:00:00,IN-DC-048,Noida,11575.4,5113.5,612.7,141.5,17443.1,1.507,42.1,20,9.0,14.9,25.1,1,0,0.975,49.92,1.76,12385.0
2026-04-05 18:00:00,IN-DC-048,Noida,11689.2,5077.7,617.0,114.0,17497.9,1.497,40.9,17,9.0,15.6,24.5,1,0,0.975,50.05,1.68,12423.0
2026-04-05 19:00:00,IN-DC-048,Noida,11741.8,4792.8,619.0,128.6,17282.2,1.472,38.5,21,8.9,15.1,24.3,1,0,0.973,50.04,1.48,12270.0
2026-04-05 20:00:00,IN-DC-048,Noida,11879.9,4703.6,624.2,125.0,17332.6,1.459,36.4,28,8.7,15.1,24.1,1,0,0.965,49.98,1.37,12306.0
2026-04-05 21:00:00,IN-DC-048,Noida,11855.0,4567.9,623.3,109.9,17156.0,1.447,35.1,24,8.9,15.2,24.0,1,0,0.967,50.02,1.25,12181.0
2026-04-05 22:00:00,IN-DC-048,Noida,11627.0,4378.0,614.6,100.8,16720.4,1.438,33.3,36,8.7,14.7,24.0,1,0,0.958,49.99,1.09,11871.0
2026-04-05 23:00:00,IN-DC-048,Noida,11697.4,4232.3,617.3,111.9,16658.9,1.424,31.6,32,9.0,15.4,23.7,1,0,0.969,50.02,1.07,11828.0
2026-04-06 00:00:00,IN-DC-048,Noida,11885.1,4077.3,624.4,88.5,16675.4,1.403,28.8,32,8.7,14.8,24.0,1,0,0.971,50.0,0.9,11840.0
2026-04-06 01:00:00,IN-DC-048,Noida,11879.4,3951.6,624.2,94.8,16550.0,1.393,28.2,39,8.2,14.6,24.2,1,0,0.978,50.02,0.9,11750.0
2026-04-06 02:00:00,IN-DC-048,Noida,11760.6,3783.7,619.7,126.6,16290.6,1.385,26.9,37,8.6,15.1,24.5,1,0,0.973,50.03,0.84,11566.0
2026-04-06 03:00:00,IN-DC-048,Noida,11761.2,3939.1,619.7,92.4,16412.5,1.395,26.4,40,8.4,14.6,24.7,1,0,0.972,49.99,0.91,11653.0
2026-04-06 04:00:00,IN-DC-048,Noida,11583.4,3842.5,613.0,136.8,16175.7,1.396,27.1,38,8.8,14.8,24.0,1,0,0.976,50.05,1.03,11485.0
2026-04-06 05:00:00,IN-DC-048,Noida,11628.2,3814.1,614.7,134.2,16191.2,1.392,28.3,36,8.4,14.7,24.9,1,0,0.963,50.02,0.95,11496.0
2026-04-06 06:00:00,IN-DC-048,Noida,11442.2,4038.1,607.6,114.5,16202.3,1.416,29.6,38,8.6,14.5,24.1,1,0,0.985,49.93,0.98,11504.0
2026-04-06 07:00:00,IN-DC-048,Noida,11406.0,4146.7,606.2,122.7,16281.6,1.427,31.2,34,8.7,15.1,23.5,1,0,0.974,50.04,1.03,11560.0
2026-04-06 08:00:00,IN-DC-048,Noida,11444.7,4248.4,607.7,135.5,16436.2,1.436,32.4,32,7.9,13.7,23.9,1,0,0.975,49.99,1.3,11670.0
2026-04-06 09:00:00,IN-DC-048,Noida,11271.0,4297.9,601.1,119.4,16289.4,1.445,35.0,36,8.7,14.9,24.2,1,0,0.972,49.95,1.21,11565.0
2026-04-06 10:00:00,IN-DC-048,Noida,11506.4,4627.7,610.0,129.3,16873.5,1.466,36.9,21,9.1,15.4,24.7,1,0,0.968,50.01,1.29,11980.0
2026-04-06 11:00:00,IN-DC-048,Noida,11697.3,4708.8,617.3,117.1,17140.5,1.465,37.4,26,8.8,14.7,24.3,1,0,0.984,50.05,1.58,12170.0
2026-04-06 12:00:00,IN-DC-048,Noida,11823.0,5033.2,622.1,89.5,17567.8,1.486,40.7,23,9.0,15.4,24.3,1,0,0.982,50.1,1.54,12473.0
2026-04-06 13:00:00,IN-DC-048,Noida,11749.0,5158.4,619.3,103.8,17630.4,1.501,42.1,18,9.0,15.4,24.8,1,0,0.974,49.97,1.65,12518.0
2026-04-06 14:00:00,IN-DC-048,Noida,12025.5,5468.0,629.8,130.5,18253.9,1.518,42.9,12,9.0,15.7,24.7,1,0,0.984,49.95,1.57,12960.0
2026-04-06 15:00:00,IN-DC-048,Noida,12251.6,5482.8,638.4,77.2,18450.0,1.506,43.1,17,9.2,15.4,24.8,1,0,0.982,49.96,1.61,13100.0
2026-04-06 16:00:00,IN-DC-048,Noida,12204.9,5344.4,636.6,98.4,18284.4,1.498,42.3,17,8.7,15.3,24.5,1,0,0.973,50.02,1.6,12982.0
2026-04-06 17:00:00,IN-DC-048,Noida,12272.8,5312.1,639.2,100.9,18324.9,1.493,41.0,19,9.1,15.8,24.5,1,0,0.972,49.93,1.66,13011.0
2026-04-06 18:00:00,IN-DC-048,Noida,12305.6,5272.4,640.4,122.5,18340.9,1.49,40.4,19,9.0,15.3,24.7,1,0,0.97,49.97,1.43,13022.0
2026-04-06 19:00:00,IN-DC-048,Noida,12464.1,5212.3,646.4,101.9,18424.8,1.478,38.5,26,9.2,16.0,24.4,1,0,0.976,49.91,1.5,13082.0
2026-04-06 20:00:00,IN-DC-048,Noida,12258.8,4792.8,638.6,132.0,17822.1,1.454,37.1,30,8.7,14.7,23.8,1,0,0.97,50.13,1.3,12654.0
2026-04-06 21:00:00,IN-DC-048,Noida,12535.8,4938.3,649.2,107.2,18230.5,1.454,35.8,35,8.9,15.2,24.9,1,0,0.979,49.98,1.07,12944.0
2026-04-06 22:00:00,IN-DC-048,Noida,12597.6,4607.7,651.5,105.1,17962.0,1.426,32.9,27,8.6,15.5,23.2,1,0,0.971,50.0,1.17,12753.0
2026-04-06 23:00:00,IN-DC-048,Noida,12401.6,4341.6,644.1,108.5,17495.7,1.411,31.4,38,8.7,15.2,23.7,1,0,0.972,49.97,1.15,12422.0
2026-04-07 00:00:00,IN-DC-048,Noida,12347.0,4192.2,642.0,110.0,17291.2,1.4,28.8,29,8.5,14.7,23.5,1,0,0.978,50.0,1.03,12277.0
2026-04-07 01:00:00,IN-DC-048,Noida,12045.8,3909.4,630.5,96.0,16681.7,1.385,27.0,38,8.6,14.6,23.9,1,0,0.976,50.02,0.82,11844.0
2026-04-07 02:00:00,IN-DC-048,Noida,12167.5,4039.0,635.2,139.2,16980.9,1.396,27.1,37,8.7,15.2,24.5,1,0,0.974,49.87,1.04,12056.0
2026-04-07 03:00:00,IN-DC-048,Noida,11913.5,3870.5,625.5,104.9,16514.4,1.386,26.6,35,8.4,14.8,23.9,1,0,0.963,49.98,0.98,11725.0
2026-04-07 04:00:00,IN-DC-048,Noida,11991.9,3839.2,628.5,102.0,16561.6,1.381,26.9,40,8.3,14.5,23.8,1,0,0.991,50.0,0.91,11759.0
2026-04-07 05:00:00,IN-DC-048,Noida,11968.4,3816.3,627.6,94.2,16506.4,1.379,26.6,37,8.2,14.2,24.2,1,0,0.962,49.98,0.92,11720.0
2026-04-07 06:00:00,IN-DC-048,Noida,11864.4,4039.4,623.6,122.2,16649.5,1.403,28.9,31,8.6,15.0,24.0,1,0,0.969,50.01,0.94,11821.0
2026-04-07 07:00:00,IN-DC-048,Noida,11963.2,4221.8,627.4,94.7,16907.1,1.413,30.6,29,8.6,15.3,24.0,1,0,0.988,49.99,0.94,12004.0
2026-04-07 08:00:00,IN-DC-048,Noida,11777.2,4347.4,620.3,117.1,16862.0,1.432,32.5,32,8.8,14.8,24.1,1,0,0.979,50.01,1.1,11972.0
2026-04-07 09:00:00,IN-DC-048,Noida,11825.7,4646.6,622.2,116.2,17210.6,1.455,34.3,28,8.7,15.3,23.2,1,0,0.957,50.02,1.17,12220.0
2026-04-07 10:00:00,IN-DC-048,Noida,11841.4,4622.1,622.8,109.8,17196.0,1.452,36.0,31,8.2,14.3,24.4,1,0,0.968,50.0,1.29,12209.0
2026-04-07 11:00:00,IN-DC-048,Noida,11755.5,4782.1,619.5,106.9,17263.9,1.469,37.9,22,8.7,14.8,24.5,1,0,0.98,49.93,1.4,12257.0
2026-04-07 12:00:00,IN-DC-048,Noida,12098.3,5239.2,632.5,97.0,18067.0,1.493,40.6,20,8.8,15.1,24.7,1,0,0.972,49.98,1.48,12828.0
2026-04-07 13:00:00,IN-DC-048,Noida,12088.0,5265.2,632.1,125.8,18111.2,1.498,41.6,19,9.2,15.8,24.7,1,0,0.982,50.03,1.54,12859.0
2026-04-07 14:00:00,IN-DC-048,Noida,12280.9,5446.8,639.5,116.9,18484.1,1.505,42.1,14,9.1,15.3,25.2,1,0,0.966,49.99,1.57,13124.0
2026-04-07 15:00:00,IN-DC-048,Noida,12517.5,5633.2,648.5,96.9,18896.0,1.51,43.2,18,9.0,15.4,25.2,1,0,0.971,50.03,1.59,13416.0
2026-04-07 16:00:00,IN-DC-048,Noida,12607.1,5477.4,651.9,112.6,18848.9,1.495,41.2,17,9.4,15.8,24.9,1,0,0.971,50.11,1.46,13383.0
2026-04-07 17:00:00,IN-DC-048,Noida,12478.1,5436.5,647.0,135.8,18697.3,1.498,41.6,19,9.1,15.5,24.3,1,0,0.973,49.98,1.53,13275.0
2026-04-07 18:00:00,IN-DC-048,Noida,12999.7,5536.5,666.8,97.0,19300.0,1.485,40.0,13,8.5,15.5,25.1,1,0,0.96,49.98,1.67,13703.0
2026-04-07 19:00:00,IN-DC-048,Noida,12794.6,5328.5,659.0,120.3,18902.4,1.477,39.5,25,9.4,16.0,24.7,1,0,0.982,50.04,1.36,13421.0
2026-04-07 20:00:00,IN-DC-048,Noida,12969.5,5211.6,665.6,105.3,18951.9,1.461,37.1,25,8.8,15.6,24.2,1,0,0.97,50.0,1.5,13456.0
2026-04-07 21:00:00,IN-DC-048,Noida,12717.7,4943.7,656.1,111.2,18428.7,1.449,36.2,29,8.7,15.3,23.9,1,0,0.966,50.0,1.26,13084.0
2026-04-07 22:00:00,IN-DC-048,Noida,12820.1,4802.3,660.0,111.5,18393.8,1.435,33.1,33,8.6,15.2,24.2,1,0,0.973,49.98,1.17,13060.0
2026-04-07 23:00:00,IN-DC-048,Noida,12790.5,4508.1,658.8,121.8,18079.2,1.413,30.3,42,8.9,15.5,24.1,1,0,0.978,50.02,1.08,12836.0
2026-04-08 00:00:00,IN-DC-048,Noida,12940.1,4316.5,664.5,115.7,18036.8,1.394,28.6,36,8.6,15.5,23.2,1,0,0.982,50.03,0.9,12806.0
2026-04-08 01:00:00,IN-DC-048,Noida,12589.7,4139.5,651.2,111.3,17491.7,1.389,28.6,33,8.8,15.6,24.2,1,0,0.964,50.08,0.85,12419.0
2026-04-08 02:00:00,IN-DC-048,Noida,12278.0,4093.3,639.4,128.5,17139.2,1.396,26.9,38,8.6,15.2,23.9,1,0,0.971,50.09,0.84,12169.0
2026-04-08 03:00:00,IN-DC-048,Noida,12319.8,4017.3,641.0,92.7,17070.8,1.386,26.7,43,8.7,15.0,24.3,1,0,0.984,50.0,0.9,12120.0
2026-04-08 04:00:00,IN-DC-048,Noida,12329.5,3998.4,641.3,130.6,17099.8,1.387,26.0,36,8.6,15.2,24.3,1,0,0.961,49.98,0.86,12141.0
2026-04-08 05:00:00,IN-DC-048,Noida,12190.6,4046.7,636.0,136.0,17009.3,1.395,28.0,35,8.8,15.3,24.5,1,0,0.967,50.06,0.79,12077.0
2026-04-08 06:00:00,IN-DC-048,Noida,12063.8,4229.7,631.2,89.3,17014.1,1.41,29.3,32,8.4,14.9,23.8,1,0,0.99,49.96,1.04,12080.0
2026-04-08 07:00:00,IN-DC-048,Noida,12016.8,4167.1,629.4,129.4,16942.8,1.41,30.1,26,8.1,14.3,24.7,1,0,0.979,49.99,0.98,12029.0
2026-04-08 08:00:00,IN-DC-048,Noida,12182.0,4486.5,635.7,118.9,17423.2,1.43,32.6,32,8.6,15.0,24.7,1,0,0.976,50.04,1.15,12370.0
2026-04-08 09:00:00,IN-DC-048,Noida,12100.7,4561.1,632.6,137.6,17432.0,1.441,33.8,30,9.0,15.5,23.9,1,0,0.981,50.0,1.13,12377.0
2026-04-08 10:00:00,IN-DC-048,Noida,12138.3,4870.5,634.1,104.4,17747.3,1.462,36.9,30,9.2,15.4,24.9,1,0,0.973,50.07,1.17,12601.0
2026-04-08 11:00:00,IN-DC-048,Noida,12239.7,5104.3,637.9,119.6,18101.6,1.479,39.0,20,9.2,15.8,24.7,1,0,0.978,50.03,1.4,12852.0
2026-04-08 12:00:00,IN-DC-048,Noida,12224.3,5213.9,637.3,112.3,18187.8,1.488,41.0,23,8.9,15.7,24.6,1,0,0.966,50.1,1.5,12913.0
2026-04-08 13:00:00,IN-DC-048,Noida,12453.6,5461.0,646.0,112.4,18673.0,1.499,41.7,27,8.9,15.9,24.8,1,0,0.97,50.05,1.57,13258.0
2026-04-08 14:00:00,IN-DC-048,Noida,12639.3,5538.9,653.1,106.2,18937.6,1.498,42.7,21,9.0,15.5,24.9,1,0,0.98,49.96,1.69,13446.0
2026-04-08 15:00:00,IN-DC-048,Noida,12768.5,5628.8,658.0,120.3,19175.6,1.502,43.0,16,9.4,16.3,24.6,1,0,0.985,49.97,1.77,13615.0
2026-04-08 16:00:00,IN-DC-048,Noida,12789.6,5739.9,658.8,137.6,19325.9,1.511,42.6,16,9.0,15.8,24.3,1,0,0.983,49.96,1.43,13721.0
2026-04-08 17:00:00,IN-DC-048,Noida,13041.4,5817.7,668.4,109.9,19637.3,1.506,41.7,19,9.0,16.0,24.5,1,0,0.982,50.06,1.64,13943.0
2026-04-08 18:00:00,IN-DC-048,Noida,13205.9,5542.0,674.6,122.6,19545.1,1.48,39.2,18,8.8,15.5,25.1,1,0,0.965,49.94,1.56,13877.0
2026-04-08 19:00:00,IN-DC-048,Noida,13373.2,5475.1,681.0,126.5,19655.7,1.47,37.9,21,8.9,15.7,24.4,1,0,0.97,49.9,1.4,13956.0
2026-04-08 20:00:00,IN-DC-048,Noida,13266.7,5276.5,676.9,111.8,19331.9,1.457,37.4,27,9.2,16.2,24.7,1,0,0.968,50.05,1.4,13726.0
2026-04-08 21:00:00,IN-DC-048,Noida,13099.8,4945.0,670.6,126.1,18841.5,1.438,34.6,23,8.7,15.6,24.8,1,0,0.973,49.95,1.29,13377.0
2026-04-08 22:00:00,IN-DC-048,Noida,12911.8,4675.5,663.4,123.9,18374.7,1.423,32.4,37,8.6,15.2,23.6,1,0,0.97,50.06,1.1,13046.0
2026-04-08 23:00:00,IN-DC-048,Noida,13063.8,4596.3,669.2,116.3,18445.5,1.412,30.3,33,8.6,16.1,24.1,1,0,0.99,49.97,1.05,13096.0
2026-04-09 00:00:00,IN-DC-048,Noida,12942.6,4830.9,664.6,124.4,18562.6,1.434,33.2,38,8.9,15.7,23.2,1,0,0.985,49.93,0.96,13179.0
2026-04-09 01:00:00,IN-DC-048,Noida,12839.5,4559.6,660.7,115.3,18175.2,1.416,31.2,34,8.4,15.3,24.0,1,0,0.988,49.97,1.03,12904.0
2026-04-09 02:00:00,IN-DC-048,Noida,12776.6,4573.4,658.3,124.7,18133.0,1.419,31.2,44,8.6,15.4,23.9,1,0,0.979,49.95,1.12,12874.0
2026-04-09 03:00:00,IN-DC-048,Noida,12817.8,4509.4,659.9,123.9,18110.9,1.413,31.2,40,8.6,15.6,23.2,1,0,0.983,50.04,1.11,12859.0
2026-04-09 04:00:00,IN-DC-048,Noida,12608.8,4595.5,651.9,135.7,17991.9,1.427,31.3,36,8.5,15.1,24.0,1,0,0.974,50.03,1.16,12774.0
2026-04-09 05:00:00,IN-DC-048,Noida,12543.2,4656.0,649.4,108.8,17957.4,1.432,32.2,35,8.4,15.1,23.5,1,0,0.962,50.02,1.17,12750.0
2026-04-09 06:00:00,IN-DC-048,Noida,12519.0,4807.0,648.5,134.0,18108.5,1.446,33.4,32,8.8,15.3,24.3,1,0,0.972,50.06,1.15,12857.0
2026-04-09 07:00:00,IN-DC-048,Noida,12456.3,4736.4,646.1,113.8,17952.6,1.441,34.6,37,8.6,15.3,23.6,1,0,0.981,49.94,1.15,12746.0
2026-04-09 08:00:00,IN-DC-048,Noida,12393.0,5054.1,643.7,96.9,18187.7,1.468,36.9,28,8.7,15.5,24.2,1,0,0.981,49.93,1.37,12913.0
2026-04-09 09:00:00,IN-DC-048,Noida,12545.3,5372.1,649.5,133.4,18700.3,1.491,39.9,28,9.0,15.8,24.3,1,0,0.97,49.97,1.51,13277.0
2026-04-09 10:00:00,IN-DC-048,Noida,12604.1,5451.7,651.8,91.5,18799.1,1.492,41.8,19,8.7,15.3,24.3,1,0,0.979,49.99,1.62,13347.0
2026-04-09 11:00:00,IN-DC-048,Noida,12650.2,5718.9,653.5,120.1,19142.6,1.513,43.1,22,9.0,15.9,25.0,1,0,0.97,49.94,1.7,13591.0
2026-04-09 12:00:00,IN-DC-048,Noida,12672.8,5890.8,654.4,104.8,19322.9,1.525,44.9,22,9.1,15.6,25.1,1,0,0.978,50.06,1.77,13719.0
2026-04-09 13:00:00,IN-DC-048,Noida,12885.8,6270.0,662.5,114.3,19932.5,1.547,47.7,18,9.0,15.9,25.7,1,0,0.981,49.97,1.96,14152.0
2026-04-09 14:00:00,IN-DC-048,Noida,12934.8,6121.4,664.3,111.0,19831.5,1.533,47.2,22,9.4,16.3,25.5,1,0,0.966,49.97,1.9,14080.0
2026-04-09 15:00:00,IN-DC-048,Noida,13053.7,6358.8,668.8,107.7,20189.1,1.547,47.9,12,9.3,16.1,25.7,1,0,0.98,49.99,1.94,14334.0
2026-04-09 16:00:00,IN-DC-048,Noida,13300.1,6332.8,678.2,96.7,20407.8,1.534,47.0,26,9.1,16.6,25.6,1,0,0.961,49.97,1.89,14490.0
2026-04-09 17:00:00,IN-DC-048,Noida,13225.7,6199.9,675.4,96.0,20197.0,1.527,46.3,16,9.1,15.9,25.2,1,0,0.97,49.93,1.75,14340.0
2026-04-09 18:00:00,IN-DC-048,Noida,13398.2,6021.9,681.9,140.1,20242.2,1.511,45.0,24,9.2,16.3,24.9,1,0,0.965,49.93,1.83,14372.0
2026-04-09 19:00:00,IN-DC-048,Noida,13572.0,6149.3,688.5,127.0,20536.9,1.513,43.3,27,9.0,15.8,24.6,1,0,0.975,49.99,1.68,14581.0
2026-04-09 20:00:00,IN-DC-048,Noida,13526.5,5900.4,686.8,114.8,20228.6,1.495,42.0,23,9.1,16.2,25.1,1,0,0.971,49.98,1.67,14362.0
2026-04-09 21:00:00,IN-DC-048,Noida,13682.9,5772.6,692.8,121.7,20270.0,1.481,39.3,31,8.9,16.2,24.8,1,0,0.973,50.06,1.39,14392.0
2026-04-09 22:00:00,IN-DC-048,Noida,13628.3,5552.9,690.7,99.8,19971.7,1.465,37.3,32,9.1,16.0,24.4,1,0,0.973,49.97,1.34,14180.0
2026-04-09 23:00:00,IN-DC-048,Noida,13551.8,5220.9,687.8,107.9,19568.4,1.444,34.5,39,8.6,15.8,23.9,1,0,0.977,49.93,1.15,13894.0
2026-04-10 00:00:00,IN-DC-048,Noida,13434.2,5006.0,683.3,80.0,19203.4,1.429,33.6,39,8.8,15.7,23.8,1,0,0.98,50.03,1.27,13634.0
2026-04-10 01:00:00,IN-DC-048,Noida,13238.2,4812.1,675.9,102.3,18828.5,1.422,32.3,32,8.5,15.2,23.7,1,0,0.968,50.07,1.15,13368.0
2026-04-10 02:00:00,IN-DC-048,Noida,13260.1,4916.4,676.7,95.2,18948.4,1.429,31.8,39,8.5,15.5,24.4,1,0,0.964,50.0,1.13,13453.0
2026-04-10 03:00:00,IN-DC-048,Noida,13142.3,4562.2,672.2,96.5,18473.3,1.406,30.7,34,8.7,15.6,24.8,1,0,0.982,50.04,1.12,13116.0
2026-04-10 04:00:00,IN-DC-048,Noida,13051.1,4647.2,668.7,103.4,18470.5,1.415,31.1,38,8.5,15.2,23.9,1,0,0.981,50.05,1.06,13114.0
2026-04-10 05:00:00,IN-DC-048,Noida,12940.9,4816.0,664.6,128.9,18550.3,1.433,32.4,34,8.5,15.3,23.5,1,0,0.981,50.04,1.23,13171.0
2026-04-10 06:00:00,IN-DC-048,Noida,12798.2,4772.3,659.1,123.1,18352.8,1.434,33.5,32,8.7,15.3,24.0,1,0,0.98,50.04,1.16,13030.0
2026-04-10 07:00:00,IN-DC-048,Noida,13012.0,5086.5,667.3,112.9,18878.6,1.451,35.6,34,8.8,15.3,24.3,1,0,0.983,49.99,1.09,13404.0
2026-04-10 08:00:00,IN-DC-048,Noida,12897.2,5367.5,662.9,136.2,19063.8,1.478,37.7,29,8.8,15.4,24.6,1,0,0.972,50.0,1.43,13535.0
2026-04-10 09:00:00,IN-DC-048,Noida,13020.7,5414.6,667.6,111.9,19214.7,1.476,39.2,30,8.3,15.4,24.4,1,0,0.983,50.04,1.37,13642.0
2026-04-10 10:00:00,IN-DC-048,Noida,12860.5,5561.3,661.5,96.8,19180.0,1.491,41.3,24,9.2,16.1,25.0,1,0,0.976,50.04,1.65,13618.0
2026-04-10 11:00:00,IN-DC-048,Noida,13016.9,5983.9,667.4,126.1,19794.3,1.521,43.6,17,8.9,15.8,24.8,1,0,0.976,50.07,1.63,14054.0
2026-04-10 12:00:00,IN-DC-048,Noida,13048.8,5900.1,668.7,92.4,19709.9,1.51,44.6,19,9.4,16.7,25.4,1,0,0.974,49.94,1.66,13994.0
2026-04-10 13:00:00,IN-DC-048,Noida,13267.4,6161.7,677.0,117.7,20223.8,1.524,45.9,15,8.7,15.1,25.2,1,0,0.979,50.08,1.88,14359.0
2026-04-10 14:00:00,IN-DC-048,Noida,13388.3,6184.2,681.6,105.4,20359.5,1.521,46.3,12,8.9,15.7,25.2,1,0,0.973,49.95,1.75,14455.0
2026-04-10 15:00:00,IN-DC-048,Noida,13407.0,6404.1,682.3,140.1,20633.5,1.539,47.4,18,9.2,16.0,25.1,1,0,0.983,50.01,1.78,14650.0
2026-04-10 16:00:00,IN-DC-048,Noida,13777.8,6614.1,696.4,96.8,21185.1,1.538,47.4,22,9.2,16.3,25.2,1,0,0.982,50.02,1.76,15041.0
2026-04-10 17:00:00,IN-DC-048,Noida,13693.7,6407.8,693.2,116.6,20911.3,1.527,45.9,25,9.1,16.2,24.7,1,0,0.992,49.94,1.96,14847.0
2026-04-10 18:00:00,IN-DC-048,Noida,13856.4,6482.4,699.3,108.8,21147.0,1.526,45.4,19,9.0,16.0,25.6,1,0,0.985,49.95,1.75,15014.0
2026-04-10 19:00:00,IN-DC-048,Noida,13635.7,6086.8,691.0,112.0,20525.5,1.505,42.8,20,9.1,15.9,24.2,1,0,0.974,50.05,1.7,14573.0
2026-04-10 20:00:00,IN-DC-048,Noida,13933.0,6071.8,702.3,107.0,20814.1,1.494,41.6,24,9.1,16.0,24.4,1,0,0.972,50.06,1.6,14778.0
2026-04-10 21:00:00,IN-DC-048,Noida,13968.0,5777.0,703.6,103.5,20552.1,1.471,39.9,26,8.9,16.2,25.0,1,0,0.967,50.01,1.49,14592.0
2026-04-10 22:00:00,IN-DC-048,Noida,13947.3,5599.5,702.8,131.9,20381.6,1.461,37.5,32,8.6,15.7,24.1,1,0,0.979,50.12,1.37,14471.0
2026-04-10 23:00:00,IN-DC-048,Noida,13887.8,5478.7,700.5,111.9,20178.9,1.453,35.7,28,8.8,15.9,24.3,1,0,0.968,50.04,1.3,14327.0
2026-04-11 00:00:00,IN-DC-048,Noida,13392.1,4965.3,681.7,118.4,19157.5,1.431,33.1,35,8.5,15.3,23.2,1,0,0.993,49.96,1.23,13602.0
2026-04-11 01:00:00,IN-DC-048,Noida,13519.6,4979.2,686.5,116.5,19301.8,1.428,32.9,41,9.1,16.3,24.1,1,0,0.976,49.97,1.29,13704.0
2026-04-11 02:00:00,IN-DC-048,Noida,13152.3,4684.2,672.6,100.0,18609.0,1.415,32.1,40,8.8,16.0,24.1,1,0,0.972,49.95,1.16,13212.0
2026-04-11 03:00:00,IN-DC-048,Noida,12991.2,4597.5,666.5,121.0,18376.2,1.415,31.8,42,8.5,15.4,24.4,1,0,0.978,50.06,1.01,13047.0
2026-04-11 04:00:00,IN-DC-048,Noida,12866.3,4647.6,661.7,94.8,18270.4,1.42,31.5,29,8.4,15.0,23.9,1,0,0.979,50.0,0.98,12972.0
2026-04-11 05:00:00,IN-DC-048,Noida,12846.8,4650.2,661.0,105.1,18263.2,1.422,32.1,31,9.0,15.4,24.1,1,0,0.976,50.0,0.89,12967.0
2026-04-11 06:00:00,IN-DC-048,Noida,12799.4,4881.7,659.2,137.4,18477.7,1.444,34.3,34,8.6,15.4,24.7,1,0,0.967,49.99,1.21,13119.0
2026-04-11 07:00:00,IN-DC-048,Noida,13131.3,5131.6,671.8,93.5,19028.2,1.449,35.8,36,8.4,15.3,24.5,1,0,0.975,49.94,1.28,13510.0
2026-04-11 08:00:00,IN-DC-048,Noida,12838.5,5245.2,660.7,116.6,18860.9,1.469,37.2,34,8.5,15.5,24.8,1,0,0.966,50.02,1.35,13391.0
2026-04-11 09:00:00,IN-DC-048,Noida,13034.5,5541.2,668.1,125.8,19369.6,1.486,40.5,30,9.1,15.7,25.0,1,0,0.978,50.02,1.67,13752.0
2026-04-11 10:00:00,IN-DC-048,Noida,13038.2,5562.8,668.3,118.5,19387.7,1.487,41.3,33,9.1,15.9,24.8,1,0,0.983,50.05,1.66,13765.0
2026-04-11 11:00:00,IN-DC-048,Noida,12856.7,5779.6,661.4,121.9,19419.6,1.51,44.1,12,8.9,15.7,26.2,1,0,0.96,50.01,1.7,13788.0
2026-04-11 12:00:00,IN-DC-048,Noida,13003.8,6022.8,666.9,128.7,19822.2,1.524,45.3,13,9.0,15.8,25.6,1,0,0.988,50.01,1.77,14074.0
2026-04-11 13:00:00,IN-DC-048,Noida,13355.4,6270.9,680.3,100.1,20406.7,1.528,46.2,21,9.2,15.9,25.6,1,0,0.964,50.05,1.83,14489.0
2026-04-11 14:00:00,IN-DC-048,Noida,13391.3,6306.3,681.7,126.5,20505.7,1.531,47.0,13,9.3,16.7,25.6,1,0,0.98,50.01,1.84,14559.0
2026-04-11 15:00:00,IN-DC-048,Noida,13489.1,6462.9,685.4,99.5,20736.9,1.537,47.7,28,9.2,16.5,25.0,1,0,0.983,50.03,1.83,14723.0
2026-04-11 16:00:00,IN-DC-048,Noida,13516.9,6364.5,686.4,136.2,20704.1,1.532,46.6,12,9.2,15.9,24.6,1,0,0.974,50.02,1.75,14700.0
2026-04-11 17:00:00,IN-DC-048,Noida,13681.1,6218.9,692.7,110.1,20702.7,1.513,45.9,18,9.0,16.2,24.8,1,0,0.962,49.98,1.66,14699.0
2026-04-11 18:00:00,IN-DC-048,Noida,13968.0,6451.4,703.6,105.7,21228.7,1.52,45.3,21,9.0,16.2,24.5,1,0,0.972,49.94,1.69,15072.0
2026-04-11 19:00:00,IN-DC-048,Noida,13633.0,6198.2,690.9,139.5,20661.5,1.516,44.2,22,9.1,16.1,24.6,1,0,0.973,49.98,1.72,14670.0
2026-04-11 20:00:00,IN-DC-048,Noida,13968.0,6133.0,703.6,114.9,20919.5,1.498,42.3,30,8.8,15.8,24.6,1,0,0.987,50.07,1.61,14853.0
2026-04-11 21:00:00,IN-DC-048,Noida,13968.0,5790.8,703.6,110.7,20573.1,1.473,39.7,31,9.0,16.2,24.0,1,0,0.984,49.95,1.51,14607.0
2026-04-11 22:00:00,IN-DC-048,Noida,13968.0,5529.3,703.6,127.0,20327.9,1.455,37.3,29,8.5,15.9,24.5,1,0,0.982,49.97,1.34,14433.0
2026-04-11 23:00:00,IN-DC-048,Noida,13678.0,5173.1,692.6,116.6,19660.3,1.437,34.8,33,8.6,15.6,23.9,1,0,0.976,50.02,1.1,13959.0
2026-04-12 00:00:00,IN-DC-048,Noida,13634.0,4691.2,690.9,114.6,19130.7,1.403,29.8,45,8.3,15.2,24.0,1,0,0.964,50.02,0.97,13583.0
2026-04-12 01:00:00,IN-DC-048,Noida,13584.8,4480.3,689.0,112.9,18867.0,1.389,28.0,35,8.6,15.6,24.0,1,0,0.985,50.01,0.76,13396.0
2026-04-12 02:00:00,IN-DC-048,Noida,13680.2,4370.9,692.6,115.8,18859.5,1.379,27.5,46,8.5,15.6,23.6,1,0,0.978,50.02,0.88,13390.0
2026-04-12 03:00:00,IN-DC-048,Noida,13384.9,4485.7,681.4,121.2,18673.3,1.395,27.6,45,8.5,15.3,23.7,1,0,0.979,50.05,0.71,13258.0
2026-04-12 04:00:00,IN-DC-048,Noida,13386.1,4515.4,681.5,127.4,18710.3,1.398,28.8,45,8.3,15.0,22.9,1,0,0.969,50.02,1.06,13284.0
2026-04-12 05:00:00,IN-DC-048,Noida,13360.4,4413.4,680.5,86.1,18540.5,1.388,28.5,36,8.4,15.6,23.3,1,0,0.969,50.01,0.95,13164.0
2026-04-12 06:00:00,IN-DC-048,Noida,13203.1,4540.1,674.5,132.4,18550.1,1.405,29.4,36,8.8,15.6,23.4,1,0,0.969,50.05,0.82,13171.0
2026-04-12 07:00:00,IN-DC-048,Noida,13257.4,4751.4,676.6,113.7,18799.1,1.418,32.4,34,8.5,15.6,24.0,1,0,0.972,49.97,1.25,13347.0
2026-04-12 08:00:00,IN-DC-048,Noida,13020.4,4815.7,667.6,138.7,18642.4,1.432,33.7,35,8.5,15.0,24.0,1,0,0.971,49.94,1.02,13236.0
2026-04-12 09:00:00,IN-DC-048,Noida,13198.6,5171.3,674.3,109.9,19154.2,1.451,35.6,36,8.5,15.6,24.1,1,0,0.983,49.97,1.43,13599.0
2026-04-12 10:00:00,IN-DC-048,Noida,13245.1,5364.0,676.1,102.8,19387.9,1.464,37.1,30,9.0,16.4,24.6,1,0,0.978,49.96,1.22,13765.0
2026-04-12 11:00:00,IN-DC-048,Noida,13467.3,5573.2,684.6,116.1,19841.2,1.473,38.8,22,9.1,16.1,24.0,1,0,0.972,49.96,1.54,14087.0
2026-04-12 12:00:00,IN-DC-048,Noida,13679.7,5964.7,692.6,100.6,20437.7,1.494,41.6,30,9.0,16.6,24.9,1,0,0.985,49.98,1.5,14511.0
2026-04-12 13:00:00,IN-DC-048,Noida,13535.4,6046.5,687.1,114.6,20383.6,1.506,43.1,14,8.8,15.8,25.0,1,0,0.965,50.1,1.65,14472.0
2026-04-12 14:00:00,IN-DC-048,Noida,13664.7,6305.9,692.1,101.0,20763.7,1.52,44.7,15,8.9,16.0,25.6,1,0,0.967,50.01,1.79,14742.0
2026-04-12 15:00:00,IN-DC-048,Noida,13750.9,6075.3,695.3,150.6,20672.1,1.503,43.4,21,8.9,15.9,24.5,1,0,0.965,49.91,1.59,14677.0
2026-04-12 16:00:00,IN-DC-048,Noida,13968.0,6248.8,703.6,111.9,21032.3,1.506,43.6,20,9.0,16.2,25.2,1,0,0.983,49.91,1.61,14933.0
2026-04-12 17:00:00,IN-DC-048,Noida,13968.0,6095.3,703.6,105.2,20872.1,1.494,42.4,24,8.9,16.1,24.5,1,0,0.969,49.94,1.51,14819.0
2026-04-12 18:00:00,IN-DC-048,Noida,13968.0,6054.0,703.6,113.7,20839.3,1.492,41.0,12,8.9,16.2,24.5,1,0,0.98,49.95,1.55,14796.0
2026-04-12 19:00:00,IN-DC-048,Noida,13968.0,5803.4,703.6,114.4,20589.4,1.474,39.3,28,9.0,16.1,25.1,1,0,0.981,50.04,1.53,14618.0
2026-04-12 20:00:00,IN-DC-048,Noida,13968.0,5721.0,703.6,114.8,20507.4,1.468,38.3,23,8.8,16.4,24.4,1,0,0.988,50.08,1.34,14560.0
2026-04-12 21:00:00,IN-DC-048,Noida,13968.0,5403.0,703.6,118.2,20192.8,1.446,35.5,31,8.9,16.0,23.7,1,0,0.984,49.97,1.3,14337.0
2026-04-12 22:00:00,IN-DC-048,Noida,13968.0,4979.2,703.6,107.5,19758.3,1.415,33.1,29,8.8,16.4,23.9,1,0,0.972,49.96,1.23,14028.0
2026-04-12 23:00:00,IN-DC-048,Noida,13968.0,5139.1,703.6,117.5,19928.2,1.427,31.9,36,8.6,16.0,23.9,1,0,0.977,49.94,1.29,14149.0
2026-04-13 00:00:00,IN-DC-048,Noida,13968.0,4924.2,703.6,115.4,19711.3,1.411,30.6,39,8.3,15.4,24.7,1,0,0.977,50.05,0.97,13995.0
2026-04-13 01:00:00,IN-DC-048,Noida,13968.0,4763.6,703.6,119.7,19554.9,1.4,28.7,38,8.5,15.8,24.0,1,0,0.978,50.02,0.76,13884.0
2026-04-13 02:00:00,IN-DC-048,Noida,13968.0,4718.3,703.6,109.9,19499.8,1.396,28.8,41,8.6,15.8,24.2,1,0,0.975,50.01,0.92,13845.0
2026-04-13 03:00:00,IN-DC-048,Noida,13968.0,4455.7,703.6,105.9,19233.2,1.377,27.1,39,8.6,15.9,23.6,1,0,0.978,49.98,0.88,13656.0
2026-04-13 04:00:00,IN-DC-048,Noida,13968.0,4604.6,703.6,92.1,19368.3,1.387,27.5,47,8.2,15.6,24.3,1,0,0.979,50.0,0.79,13752.0
2026-04-13 05:00:00,IN-DC-048,Noida,13968.0,4806.0,703.6,112.3,19589.8,1.402,29.2,38,8.5,15.9,23.9,1,0,0.969,49.94,0.95,13909.0
2026-04-13 06:00:00,IN-DC-048,Noida,13968.0,4747.0,703.6,86.2,19504.7,1.396,28.7,36,8.3,15.7,23.8,1,0,0.986,50.06,0.96,13848.0
2026-04-13 07:00:00,IN-DC-048,Noida,13928.6,5093.6,702.1,120.4,19844.6,1.425,32.0,36,8.4,15.7,23.8,1,0,0.972,50.01,1.1,14090.0
2026-04-13 08:00:00,IN-DC-048,Noida,13861.8,5232.6,699.5,94.6,19888.4,1.435,33.4,32,8.7,15.9,24.4,1,0,0.982,50.01,1.16,14121.0
2026-04-13 09:00:00,IN-DC-048,Noida,13813.7,5350.2,697.7,124.3,19986.0,1.447,35.5,20,8.6,15.9,23.9,1,0,0.968,49.99,1.28,14190.0
2026-04-13 10:00:00,IN-DC-048,Noida,13895.2,5613.1,700.8,132.4,20341.5,1.464,37.8,23,8.8,15.9,24.2,1,0,0.969,49.96,1.52,14442.0
2026-04-13 11:00:00,IN-DC-048,Noida,13968.0,5822.5,703.6,122.3,20616.4,1.476,39.1,17,8.9,16.3,25.1,1,0,0.973,50.0,1.49,14638.0
2026-04-13 12:00:00,IN-DC-048,Noida,13968.0,5976.6,703.6,106.2,20754.4,1.486,40.6,25,9.0,16.0,24.5,1,0,0.978,49.97,1.53,14736.0
2026-04-13 13:00:00,IN-DC-048,Noida,13968.0,6034.5,703.6,147.7,20853.7,1.493,42.1,17,9.2,16.1,24.7,1,0,0.967,50.01,1.65,14806.0
2026-04-13 14:00:00,IN-DC-048,Noida,13968.0,6140.6,703.6,114.4,20926.6,1.498,43.0,20,9.1,16.4,25.6,1,0,0.979,49.99,1.64,14858.0
2026-04-13 15:00:00,IN-DC-048,Noida,13968.0,6291.0,703.6,111.5,21074.1,1.509,44.1,12,8.8,15.8,25.0,1,0,0.979,50.04,1.76,14963.0
2026-04-13 16:00:00,IN-DC-048,Noida,13968.0,6253.8,703.6,109.0,21034.4,1.506,42.6,20,8.6,16.0,24.7,1,0,0.962,49.99,1.7,14934.0
2026-04-13 17:00:00,IN-DC-048,Noida,13968.0,6171.3,703.6,129.3,20972.2,1.501,42.7,19,9.1,16.5,25.4,1,0,0.972,49.94,1.7,14890.0
2026-04-13 18:00:00,IN-DC-048,Noida,13968.0,6019.2,703.6,102.9,20793.7,1.489,41.0,28,9.0,16.4,23.8,1,0,0.969,50.0,1.62,14764.0
2026-04-13 19:00:00,IN-DC-048,Noida,13968.0,5762.9,703.6,102.9,20537.4,1.47,39.9,20,8.9,16.0,24.5,1,0,0.965,50.05,1.49,14582.0
2026-04-13 20:00:00,IN-DC-048,Noida,13968.0,5728.1,703.6,111.0,20510.7,1.468,37.8,18,8.7,16.0,25.0,1,0,0.979,50.03,1.45,14563.0
2026-04-13 21:00:00,IN-DC-048,Noida,13968.0,5241.5,703.6,132.6,20045.7,1.435,34.5,27,9.0,16.6,23.3,1,0,0.97,49.95,1.22,14232.0
2026-04-13 22:00:00,IN-DC-048,Noida,13968.0,5182.7,703.6,108.5,19962.9,1.429,33.7,35,8.5,15.8,23.5,1,0,0.972,50.06,1.13,14174.0
2026-04-13 23:00:00,IN-DC-048,Noida,13968.0,4991.5,703.6,110.6,19773.6,1.416,31.4,32,8.5,15.5,23.4,1,0,0.967,49.89,1.04,14039.0
2026-04-14 00:00:00,IN-DC-048,Noida,13968.0,4813.6,703.6,115.3,19600.5,1.403,30.2,38,8.2,15.4,23.9,1,0,0.973,50.01,0.9,13916.0
2026-04-14 01:00:00,IN-DC-048,Noida,13968.0,4605.8,703.6,86.9,19364.4,1.386,28.4,36,8.7,15.5,24.1,1,0,0.966,50.05,0.9,13749.0
2026-04-14 02:00:00,IN-DC-048,Noida,13968.0,4717.9,703.6,109.5,19499.0,1.396,27.9,40,8.4,15.6,23.3,1,0,0.968,49.99,0.99,13844.0
2026-04-14 03:00:00,IN-DC-048,Noida,13968.0,4461.4,703.6,123.9,19256.8,1.379,26.8,36,8.8,16.1,23.5,1,0,0.989,50.0,1.1,13672.0
2026-04-14 04:00:00,IN-DC-048,Noida,13968.0,4524.0,703.6,102.0,19297.6,1.382,27.2,42,8.3,15.6,23.8,1,0,0.984,50.01,0.88,13701.0
2026-04-14 05:00:00,IN-DC-048,Noida,13968.0,4726.1,703.6,135.4,19533.0,1.398,28.5,36,8.4,15.7,24.5,1,0,0.972,50.05,0.98,13868.0
2026-04-14 06:00:00,IN-DC-048,Noida,13968.0,4899.1,703.6,115.7,19686.4,1.409,30.2,38,8.3,15.4,23.5,1,0,0.962,49.99,0.97,13977.0
2026-04-14 07:00:00,IN-DC-048,Noida,13968.0,4925.3,703.6,120.0,19716.9,1.412,31.0,32,8.7,15.6,23.8,1,0,0.966,49.91,1.1,13999.0
2026-04-14 08:00:00,IN-DC-048,Noida,13968.0,5125.7,703.6,117.9,19915.2,1.426,33.1,34,8.5,16.0,23.2,1,0,0.966,50.06,1.12,14140.0
2026-04-14 09:00:00,IN-DC-048,Noida,13968.0,5314.6,703.6,126.8,20113.0,1.44,35.4,28,8.7,15.9,24.6,1,0,0.98,50.04,1.22,14280.0
2026-04-14 10:00:00,IN-DC-048,Noida,13968.0,5653.3,703.6,108.3,20433.1,1.463,38.1,25,8.8,16.3,24.4,1,0,0.98,50.06,1.42,14508.0
2026-04-14 11:00:00,IN-DC-048,Noida,13968.0,5786.3,703.6,114.4,20572.3,1.473,39.7,21,9.0,16.3,23.8,1,0,0.98,50.03,1.3,14606.0
2026-04-14 12:00:00,IN-DC-048,Noida,13968.0,5962.4,703.6,109.3,20743.2,1.485,40.7,15,9.1,16.3,24.6,1,0,0.98,49.99,1.58,14728.0
2026-04-14 13:00:00,IN-DC-048,Noida,13968.0,6057.8,703.6,104.1,20833.5,1.492,42.5,15,8.6,15.8,24.8,1,0,0.992,49.93,1.57,14792.0
2026-04-14 14:00:00,IN-DC-048,Noida,13968.0,6156.7,703.6,103.4,20931.8,1.499,42.2,12,9.0,16.1,24.4,1,0,0.957,50.05,1.52,14862.0
2026-04-14 15:00:00,IN-DC-048,Noida,13968.0,6353.8,703.6,113.3,21138.7,1.513,42.7,21,9.1,16.7,25.8,1,0,0.961,49.95,1.68,15008.0
2026-04-14 16:00:00,IN-DC-048,Noida,13968.0,6189.0,703.6,139.1,20999.7,1.503,43.5,19,9.4,16.7,25.3,1,0,0.991,50.0,1.69,14910.0
2026-04-14 17:00:00,IN-DC-048,Noida,13968.0,6166.4,703.6,128.9,20966.9,1.501,42.2,12,9.2,16.8,24.9,1,0,0.972,50.06,1.58,14887.0
2026-04-14 18:00:00,IN-DC-048,Noida,13968.0,6029.4,703.6,90.5,20791.5,1.489,41.2,20,9.2,16.5,24.2,1,0,0.983,50.04,1.62,14762.0
2026-04-14 19:00:00,IN-DC-048,Noida,13968.0,5766.9,703.6,127.2,20565.7,1.472,39.5,24,9.1,16.6,24.4,1,0,0.971,50.04,1.38,14602.0
2026-04-14 20:00:00,IN-DC-048,Noida,13968.0,5609.6,703.6,133.4,20414.6,1.462,38.1,23,9.0,16.0,24.1,1,0,0.964,50.06,1.39,14494.0
2026-04-14 21:00:00,IN-DC-048,Noida,13968.0,5380.7,703.6,117.7,20169.9,1.444,35.3,21,8.6,16.0,23.4,1,0,0.979,50.03,1.19,14321.0
2026-04-14 22:00:00,IN-DC-048,Noida,13968.0,5134.8,703.6,115.2,19921.6,1.426,33.5,32,8.7,16.0,24.2,1,0,0.963,49.98,1.08,14144.0
2026-04-14 23:00:00,IN-DC-048,Noida,13968.0,4969.6,703.6,100.0,19741.2,1.413,30.8,36,8.5,15.8,24.2,1,0,0.973,49.98,1.09,14016.0
2026-04-15 00:00:00,IN-DC-048,Noida,13968.0,4933.6,703.6,105.9,19711.1,1.411,30.1,45,8.7,15.8,23.7,1,0,0.985,49.98,0.92,13995.0
2026-04-15 01:00:00,IN-DC-048,Noida,13968.0,4630.0,703.6,103.7,19405.3,1.389,28.4,33,8.5,15.7,24.2,1,0,0.978,50.0,0.96,13778.0
2026-04-15 02:00:00,IN-DC-048,Noida,13968.0,4510.2,703.6,105.5,19287.2,1.381,26.8,35,8.5,15.7,23.9,1,0,0.969,49.94,0.91,13694.0
2026-04-15 03:00:00,IN-DC-048,Noida,13968.0,4508.9,703.6,115.1,19295.6,1.381,27.3,42,8.6,16.0,23.9,1,0,0.978,49.98,0.81,13700.0
2026-04-15 04:00:00,IN-DC-048,Noida,13968.0,4570.2,703.6,101.4,19343.1,1.385,28.2,38,8.7,15.6,24.4,1,0,0.992,49.98,0.86,13734.0
2026-04-15 05:00:00,IN-DC-048,Noida,13968.0,4740.3,703.6,116.7,19528.6,1.398,28.8,34,8.5,15.9,24.2,1,0,0.972,49.99,0.89,13865.0
2026-04-15 06:00:00,IN-DC-048,Noida,13968.0,4746.0,703.6,128.7,19546.3,1.399,29.7,36,8.5,15.5,24.1,1,0,0.976,49.98,1.04,13878.0
2026-04-15 07:00:00,IN-DC-048,Noida,13968.0,4980.6,703.6,118.2,19770.3,1.415,31.3,41,8.5,15.7,24.1,1,0,0.969,49.95,0.93,14037.0
2026-04-15 08:00:00,IN-DC-048,Noida,13968.0,5185.9,703.6,104.0,19961.5,1.429,32.9,33,8.4,15.8,23.7,1,0,0.97,49.98,1.01,14173.0
2026-04-15 09:00:00,IN-DC-048,Noida,13968.0,5335.7,703.6,117.3,20124.6,1.441,35.5,30,9.0,16.5,24.8,1,0,0.984,50.0,1.34,14288.0
2026-04-15 10:00:00,IN-DC-048,Noida,13968.0,5506.3,703.6,133.8,20311.6,1.454,37.2,25,8.7,16.2,23.9,1,0,0.977,49.96,1.3,14421.0
2026-04-15 11:00:00,IN-DC-048,Noida,13968.0,5634.4,703.6,147.0,20452.9,1.464,38.4,15,9.3,16.7,24.1,1,0,0.975,50.02,1.47,14522.0
2026-04-15 12:00:00,IN-DC-048,Noida,13968.0,5996.6,703.6,149.0,20817.2,1.49,41.1,24,8.8,15.8,24.7,1,0,0.971,50.02,1.4,14780.0
2026-04-15 13:00:00,IN-DC-048,Noida,13968.0,6119.3,703.6,130.8,20921.7,1.498,42.0,19,9.2,16.5,24.6,1,0,0.976,49.97,1.54,14854.0
2026-04-15 14:00:00,IN-DC-048,Noida,13968.0,6241.6,703.6,114.4,21027.6,1.505,42.8,17,9.1,16.2,25.0,1,0,0.972,49.97,1.51,14930.0
2026-04-15 15:00:00,IN-DC-048,Noida,13968.0,6247.2,703.6,110.2,21029.0,1.506,43.6,23,9.5,17.0,25.3,1,0,0.978,50.03,1.76,14931.0
2026-04-15 16:00:00,IN-DC-048,Noida,13968.0,6400.3,703.6,121.1,21193.0,1.517,43.8,19,9.3,16.6,25.3,1,0,0.984,49.98,1.76,15047.0
2026-04-15 17:00:00,IN-DC-048,Noida,13968.0,6094.5,703.6,112.6,20878.7,1.495,42.4,18,9.4,17.0,24.8,1,0,0.985,49.96,1.65,14824.0
2026-04-15 18:00:00,IN-DC-048,Noida,13968.0,5860.0,703.6,129.8,20661.4,1.479,39.8,27,8.9,16.2,24.1,1,0,0.98,49.82,1.7,14670.0
2026-04-15 19:00:00,IN-DC-048,Noida,13968.0,5815.2,703.6,105.7,20592.5,1.474,39.0,16,8.5,15.6,24.4,1,0,0.974,50.06,1.34,14621.0
2026-04-15 20:00:00,IN-DC-048,Noida,13968.0,5582.1,703.6,116.4,20370.1,1.458,37.2,21,8.9,16.5,23.9,1,0,0.975,50.03,1.3,14463.0
2026-04-15 21:00:00,IN-DC-048,Noida,13968.0,5373.6,703.6,103.2,20148.4,1.442,35.0,27,8.5,15.7,24.0,1,0,0.976,50.02,1.33,14305.0
2026-04-15 22:00:00,IN-DC-048,Noida,13968.0,4910.6,703.6,116.0,19698.2,1.41,31.9,33,8.3,15.9,23.6,1,0,0.984,49.99,1.05,13986.0
2026-04-15 23:00:00,IN-DC-048,Noida,13968.0,5008.9,703.6,109.6,19790.1,1.417,31.1,34,8.5,15.5,24.1,1,0,0.983,49.97,0.89,14051.0
2026-04-16 00:00:00,IN-DC-048,Noida,13968.0,4733.8,703.6,106.7,19512.1,1.397,28.9,46,8.5,15.6,24.4,1,0,0.962,49.98,1.05,13854.0
2026-04-16 01:00:00,IN-DC-048,Noida,13968.0,4553.4,703.6,116.0,19341.0,1.385,28.6,39,8.9,15.9,23.9,1,0,0.968,49.91,0.92,13732.0
2026-04-16 02:00:00,IN-DC-048,Noida,13968.0,4448.7,703.6,128.5,19248.7,1.378,27.0,27,8.6,16.0,24.4,1,0,0.972,49.98,0.96,13667.0
2026-04-16 03:00:00,IN-DC-048,Noida,13968.0,4605.7,703.6,130.6,19407.9,1.389,27.7,42,8.3,15.3,23.7,1,0,0.978,50.01,1.01,13780.0
2026-04-16 04:00:00,IN-DC-048,Noida,13968.0,4588.8,703.6,109.6,19369.9,1.387,27.5,44,8.7,15.7,24.2,1,0,0.959,50.0,0.93,13753.0
2026-04-16 05:00:00,IN-DC-048,Noida,13968.0,4638.1,703.6,121.0,19430.7,1.391,28.7,39,8.5,15.8,23.7,1,0,0.972,49.96,0.93,13796.0
2026-04-16 06:00:00,IN-DC-048,Noida,13968.0,4866.9,703.6,131.4,19669.9,1.408,29.8,36,8.7,16.0,24.7,1,0,0.978,50.04,0.95,13966.0
2026-04-16 07:00:00,IN-DC-048,Noida,13968.0,4846.8,703.6,125.6,19644.0,1.406,30.7,31,8.3,15.7,23.5,1,0,0.992,49.95,1.14,13947.0
2026-04-16 08:00:00,IN-DC-048,Noida,13968.0,5203.4,703.6,131.1,20006.1,1.432,33.1,26,8.3,15.3,23.9,1,0,0.979,50.13,1.13,14204.0
2026-04-16 09:00:00,IN-DC-048,Noida,13968.0,5427.9,703.6,104.2,20203.7,1.446,35.0,30,9.1,16.2,24.2,1,0,0.973,50.08,1.16,14345.0
2026-04-16 10:00:00,IN-DC-048,Noida,13968.0,5589.7,703.6,106.7,20368.0,1.458,37.4,29,8.9,16.0,24.2,1,0,0.973,50.06,1.21,14461.0
2026-04-16 11:00:00,IN-DC-048,Noida,13968.0,5889.2,703.6,131.3,20692.0,1.481,39.3,20,8.8,15.8,24.8,1,0,0.98,50.06,1.57,14691.0
2026-04-16 12:00:00,IN-DC-048,Noida,13968.0,5960.6,703.6,101.0,20733.2,1.484,40.7,19,9.0,16.0,25.3,1,0,0.98,49.99,1.58,14721.0
2026-04-16 13:00:00,IN-DC-048,Noida,13968.0,6154.7,703.6,119.7,20946.0,1.5,42.5,22,9.2,16.1,24.4,1,0,0.963,50.0,1.52,14872.0
2026-04-16 14:00:00,IN-DC-048,Noida,13968.0,6160.7,703.6,90.3,20922.6,1.498,42.3,25,8.9,16.1,25.0,1,0,0.967,49.96,1.59,14855.0
2026-04-16 15:00:00,IN-DC-048,Noida,13968.0,6224.9,703.6,108.2,21004.7,1.504,43.5,20,8.9,15.9,25.1,1,0,0.984,50.03,1.63,14913.0
2026-04-16 16:00:00,IN-DC-048,Noida,13968.0,6112.1,703.6,116.7,20900.4,1.496,41.9,13,9.1,16.7,24.6,1,0,0.968,50.03,1.62,14839.0
2026-04-16 17:00:00,IN-DC-048,Noida,13968.0,5972.3,703.6,116.3,20760.3,1.486,41.5,23,8.4,15.6,24.6,1,0,0.978,50.03,1.54,14740.0
2026-04-16 18:00:00,IN-DC-048,Noida,13968.0,6068.2,703.6,122.1,20862.0,1.494,40.9,27,8.9,16.0,24.3,1,0,0.97,50.04,1.4,14812.0
2026-04-16 19:00:00,IN-DC-048,Noida,13968.0,5739.6,703.6,150.3,20561.5,1.472,38.8,28,8.6,16.0,25.2,1,0,0.976,50.05,1.34,14599.0
2026-04-16 20:00:00,IN-DC-048,Noida,13968.0,5506.2,703.6,101.6,20279.4,1.452,36.7,27,8.6,16.0,24.7,1,0,0.995,49.99,1.43,14398.0
2026-04-16 21:00:00,IN-DC-048,Noida,13968.0,5388.4,703.6,133.1,20193.0,1.446,35.7,27,8.8,16.5,24.1,1,0,0.971,50.0,1.26,14337.0
2026-04-16 22:00:00,IN-DC-048,Noida,13968.0,5149.6,703.6,97.1,19918.3,1.426,33.8,30,8.4,15.9,24.2,1,0,0.953,49.96,1.24,14142.0
2026-04-16 23:00:00,IN-DC-048,Noida,13968.0,5046.6,703.6,120.9,19839.1,1.42,31.7,35,8.5,15.8,24.7,1,0,0.961,49.99,1.09,14086.0
2026-04-17 00:00:00,IN-DC-048,Noida,13968.0,4817.2,703.6,124.8,19613.6,1.404,30.4,42,8.8,16.0,23.8,1,0,0.979,49.89,1.07,13926.0
2026-04-17 01:00:00,IN-DC-048,Noida,13968.0,4664.0,703.6,104.5,19440.1,1.392,28.7,39,8.5,15.6,23.4,1,0,0.976,50.04,1.09,13802.0
2026-04-17 02:00:00,IN-DC-048,Noida,13968.0,4528.0,703.6,114.1,19313.7,1.383,27.0,43,8.5,15.6,23.7,1,0,0.988,49.96,0.87,13713.0
2026-04-17 03:00:00,IN-DC-048,Noida,13968.0,4620.3,703.6,110.3,19402.1,1.389,27.6,36,7.9,15.1,23.9,1,0,0.985,50.02,0.83,13775.0
2026-04-17 04:00:00,IN-DC-048,Noida,13968.0,4674.1,703.6,141.3,19486.9,1.395,28.7,39,8.6,15.7,23.8,1,0,0.974,50.04,0.9,13836.0
2026-04-17 05:00:00,IN-DC-048,Noida,13968.0,4694.6,703.6,146.6,19512.8,1.397,28.8,41,8.2,15.5,24.0,1,0,0.969,50.04,0.79,13854.0
2026-04-17 06:00:00,IN-DC-048,Noida,13968.0,4755.4,703.6,105.7,19532.7,1.398,30.1,39,8.5,15.7,24.8,1,0,0.972,49.95,1.0,13868.0
2026-04-17 07:00:00,IN-DC-048,Noida,13968.0,5027.6,703.6,131.8,19830.9,1.42,31.7,38,8.7,15.9,24.2,1,0,0.981,49.97,1.03,14080.0
2026-04-17 08:00:00,IN-DC-048,Noida,13968.0,5176.0,703.6,127.5,19975.1,1.43,33.4,29,8.5,15.8,23.9,1,0,0.975,49.9,1.28,14182.0
2026-04-17 09:00:00,IN-DC-048,Noida,13968.0,5565.1,703.6,139.9,20376.6,1.459,36.3,32,8.9,15.9,24.8,1,0,0.966,50.01,1.36,14467.0
2026-04-17 10:00:00,IN-DC-048,Noida,13968.0,5684.2,703.6,124.6,20480.3,1.466,37.5,28,8.4,15.8,24.0,1,0,0.969,50.02,1.37,14541.0
2026-04-17 11:00:00,IN-DC-048,Noida,13968.0,5783.0,703.6,120.5,20575.1,1.473,39.4,14,8.8,16.2,24.9,1,0,0.967,49.97,1.33,14608.0
2026-04-17 12:00:00,IN-DC-048,Noida,13968.0,6013.9,703.6,119.4,20804.9,1.489,41.0,17,8.6,15.8,24.3,1,0,0.972,50.03,1.58,14771.0
2026-04-17 13:00:00,IN-DC-048,Noida,13968.0,6015.6,703.6,105.1,20792.3,1.489,42.0,16,9.1,16.1,24.5,1,0,0.963,50.04,1.57,14763.0
2026-04-17 14:00:00,IN-DC-048,Noida,13968.0,6152.4,703.6,113.6,20937.6,1.499,43.1,26,9.2,16.4,24.7,1,0,0.973,49.92,1.7,14866.0
2026-04-17 15:00:00,IN-DC-048,Noida,13968.0,6266.7,703.6,89.0,21027.3,1.505,43.3,19,9.3,16.6,25.2,1,0,0.974,49.91,1.83,14929.0
2026-04-17 16:00:00,IN-DC-048,Noida,13968.0,6323.9,703.6,117.3,21112.7,1.512,43.2,16,9.2,16.2,25.1,1,0,0.971,49.94,1.66,14990.0
2026-04-17 17:00:00,IN-DC-048,Noida,13968.0,6192.1,703.6,125.4,20989.1,1.503,42.8,15,9.1,16.2,24.5,1,0,0.97,50.06,1.62,14902.0
2026-04-17 18:00:00,IN-DC-048,Noida,13968.0,6004.1,703.6,131.9,20807.6,1.49,41.2,16,8.9,16.1,25.0,1,0,0.971,50.02,1.59,14773.0
2026-04-17 19:00:00,IN-DC-048,Noida,13968.0,5855.7,703.6,111.4,20638.6,1.478,39.9,20,8.9,16.4,25.6,1,0,0.975,50.01,1.49,14653.0
2026-04-17 20:00:00,IN-DC-048,Noida,13968.0,5578.5,703.6,122.0,20372.2,1.458,38.2,26,8.8,16.3,24.9,1,0,0.988,50.01,1.33,14464.0
2026-04-17 21:00:00,IN-DC-048,Noida,13968.0,5460.5,703.6,104.3,20236.4,1.449,36.2,31,8.6,16.2,24.2,1,0,0.969,50.01,1.45,14368.0
2026-04-17 22:00:00,IN-DC-048,Noida,13968.0,5144.8,703.6,107.2,19923.5,1.426,33.9,32,8.8,15.5,23.7,1,0,0.984,50.01,1.1,14146.0
2026-04-17 23:00:00,IN-DC-048,Noida,13968.0,5071.9,703.6,119.6,19863.1,1.422,31.7,38,8.6,15.8,24.7,1,0,0.97,50.01,1.07,14103.0
2026-04-18 00:00:00,IN-DC-048,Noida,13968.0,4705.2,703.6,130.2,19506.9,1.397,29.7,35,8.8,16.1,23.8,1,0,0.976,50.05,1.06,13850.0
2026-04-18 01:00:00,IN-DC-048,Noida,13968.0,4700.7,703.6,146.2,19518.5,1.397,29.4,41,8.8,16.0,23.5,1,0,0.973,50.02,0.97,13858.0
2026-04-18 02:00:00,IN-DC-048,Noida,13968.0,4640.3,703.6,106.4,19418.2,1.39,27.9,40,8.5,15.9,23.8,1,0,0.954,50.0,0.81,13787.0
2026-04-18 03:00:00,IN-DC-048,Noida,13968.0,4517.9,703.6,108.5,19298.0,1.382,26.8,36,8.5,16.0,24.1,1,0,0.965,49.99,0.83,13702.0
2026-04-18 04:00:00,IN-DC-048,Noida,13968.0,4651.7,703.6,151.9,19475.3,1.394,27.9,44,8.7,16.3,23.8,1,0,0.987,50.05,0.77,13827.0
2026-04-18 05:00:00,IN-DC-048,Noida,13968.0,4542.3,703.6,140.0,19353.8,1.386,29.1,35,8.7,15.9,23.8,1,0,0.97,50.08,0.9,13741.0
2026-04-18 06:00:00,IN-DC-048,Noida,13968.0,4866.6,703.6,127.0,19665.2,1.408,30.7,39,8.6,16.0,23.9,1,0,0.972,50.07,1.11,13962.0
2026-04-18 07:00:00,IN-DC-048,Noida,13968.0,4928.3,703.6,122.0,19721.9,1.412,30.8,35,8.4,15.8,24.0,1,0,0.973,49.93,1.08,14003.0
2026-04-18 08:00:00,IN-DC-048,Noida,13968.0,5089.4,703.6,127.3,19888.2,1.424,32.6,34,8.1,15.2,24.6,1,0,0.969,49.94,1.16,14121.0
2026-04-18 09:00:00,IN-DC-048,Noida,13968.0,5489.6,703.6,122.3,20283.4,1.452,36.0,24,8.4,15.8,24.1,1,0,0.976,50.07,1.24,14401.0
2026-04-18 10:00:00,IN-DC-048,Noida,13968.0,5597.4,703.6,126.4,20395.4,1.46,37.1,21,9.0,16.6,24.3,1,0,0.972,50.01,1.23,14481.0
2026-04-18 11:00:00,IN-DC-048,Noida,13968.0,5895.2,703.6,122.8,20689.7,1.481,40.1,20,8.9,16.1,24.4,1,0,0.973,50.1,1.55,14690.0
2026-04-18 12:00:00,IN-DC-048,Noida,13968.0,6089.8,703.6,126.2,20887.6,1.495,41.2,22,9.0,16.1,24.2,1,0,0.974,49.99,1.6,14830.0
2026-04-18 13:00:00,IN-DC-048,Noida,13968.0,6199.2,703.6,128.8,20999.6,1.503,42.3,19,8.9,16.0,25.0,1,0,0.976,50.04,1.6,14910.0
2026-04-18 14:00:00,IN-DC-048,Noida,13968.0,6262.6,703.6,106.5,21040.7,1.506,43.0,20,9.1,16.3,25.3,1,0,0.977,50.09,1.72,14939.0
2026-04-18 15:00:00,IN-DC-048,Noida,13968.0,6277.2,703.6,108.1,21056.9,1.508,44.0,14,8.9,16.3,25.0,1,0,0.978,49.99,1.67,14950.0
2026-04-18 16:00:00,IN-DC-048,Noida,13968.0,6311.8,703.6,129.3,21112.8,1.512,43.8,19,8.8,16.1,24.7,1,0,0.976,50.01,1.81,14990.0
2026-04-18 17:00:00,IN-DC-048,Noida,13968.0,6190.6,703.6,100.3,20962.5,1.501,42.5,23,8.9,16.2,24.3,1,0,0.977,50.06,1.46,14883.0
2026-04-18 18:00:00,IN-DC-048,Noida,13968.0,5994.9,703.6,116.8,20783.3,1.488,40.9,21,8.9,15.8,24.3,1,0,0.981,50.05,1.69,14756.0
2026-04-18 19:00:00,IN-DC-048,Noida,13968.0,5927.4,703.6,82.4,20681.4,1.481,39.2,21,8.8,15.7,24.3,1,0,0.969,49.99,1.38,14684.0
2026-04-18 20:00:00,IN-DC-048,Noida,13968.0,5666.9,703.6,132.2,20470.7,1.466,37.4,27,8.7,15.8,24.6,1,0,0.991,49.98,1.17,14534.0
2026-04-18 21:00:00,IN-DC-048,Noida,13968.0,5529.7,703.6,81.5,20282.8,1.452,36.2,29,8.7,16.2,23.5,1,0,0.967,50.05,1.28,14401.0
2026-04-18 22:00:00,IN-DC-048,Noida,13968.0,5325.7,703.6,122.0,20119.3,1.44,34.5,26,8.8,15.9,24.0,1,0,0.976,49.99,1.23,14285.0
2026-04-18 23:00:00,IN-DC-048,Noida,13968.0,5098.1,703.6,99.5,19869.1,1.422,32.3,32,8.3,15.6,23.7,1,0,0.983,49.98,1.06,14107.0
2026-04-19 00:00:00,IN-DC-048,Noida,13968.0,4763.6,703.6,107.4,19542.5,1.399,29.4,29,8.4,15.7,23.6,1,0,0.98,50.09,1.14,13875.0
2026-04-19 01:00:00,IN-DC-048,Noida,13968.0,4733.8,703.6,134.4,19539.8,1.399,28.9,36,8.2,15.5,24.5,1,0,0.986,50.05,0.85,13873.0
2026-04-19 02:00:00,IN-DC-048,Noida,13968.0,4481.4,703.6,114.5,19267.5,1.379,27.8,42,8.5,15.6,24.5,1,0,0.976,49.95,1.02,13680.0
2026-04-19 03:00:00,IN-DC-048,Noida,13968.0,4539.8,703.6,116.0,19327.4,1.384,27.9,38,8.6,15.7,23.7,1,0,0.981,50.0,0.9,13722.0
2026-04-19 04:00:00,IN-DC-048,Noida,13968.0,4633.4,703.6,134.5,19439.5,1.392,28.3,47,8.2,15.4,24.4,1,0,0.965,50.09,1.0,13802.0
2026-04-19 05:00:00,IN-DC-048,Noida,13968.0,4568.9,703.6,120.4,19360.8,1.386,28.4,39,8.6,15.8,24.2,1,0,0.968,50.03,0.81,13746.0
2026-04-19 06:00:00,IN-DC-048,Noida,13968.0,4821.6,703.6,119.3,19612.5,1.404,29.9,38,8.6,15.6,25.1,1,0,0.959,50.08,0.95,13925.0
2026-04-19 07:00:00,IN-DC-048,Noida,13968.0,5077.2,703.6,151.0,19899.8,1.425,31.5,30,8.8,16.2,23.3,1,0,0.977,49.94,1.06,14129.0
2026-04-19 08:00:00,IN-DC-048,Noida,13968.0,5124.4,703.6,123.7,19919.7,1.426,33.3,29,8.9,16.2,24.0,1,0,0.977,50.04,1.3,14143.0
2026-04-19 09:00:00,IN-DC-048,Noida,13968.0,5330.7,703.6,105.6,20107.9,1.44,35.8,30,9.0,16.3,24.0,1,0,0.968,50.01,1.39,14277.0
2026-04-19 10:00:00,IN-DC-048,Noida,13968.0,5630.1,703.6,108.6,20410.3,1.461,37.5,24,8.7,16.5,24.6,1,0,0.968,50.09,1.36,14491.0
2026-04-19 11:00:00,IN-DC-048,Noida,13968.0,5903.2,703.6,110.5,20685.3,1.481,40.4,18,9.3,16.8,24.2,1,0,0.979,49.98,1.49,14687.0
2026-04-19 12:00:00,IN-DC-048,Noida,13968.0,5940.4,703.6,124.6,20736.6,1.485,41.2,19,9.1,16.6,24.8,1,0,0.98,50.03,1.68,14723.0
2026-04-19 13:00:00,IN-DC-048,Noida,13968.0,6177.2,703.6,109.9,20958.6,1.5,43.0,15,9.2,16.4,25.0,1,0,0.974,49.98,1.67,14881.0
2026-04-19 14:00:00,IN-DC-048,Noida,13968.0,6259.8,703.6,116.8,21048.2,1.507,43.5,17,8.9,15.8,25.3,1,0,0.99,49.96,1.72,14944.0
2026-04-19 15:00:00,IN-DC-048,Noida,13968.0,6427.4,703.6,116.2,21215.1,1.519,44.5,16,9.3,16.5,25.1,1,0,0.974,50.0,1.78,15063.0
2026-04-19 16:00:00,IN-DC-048,Noida,13968.0,6347.1,703.6,109.1,21127.7,1.513,43.3,18,9.0,16.0,24.5,1,0,0.975,50.07,1.79,15001.0
2026-04-19 17:00:00,IN-DC-048,Noida,13968.0,6129.7,703.6,137.8,20939.1,1.499,42.3,22,9.2,16.7,24.7,1,0,0.971,50.0,1.66,14867.0
2026-04-19 18:00:00,IN-DC-048,Noida,13968.0,5743.9,703.6,124.2,20539.7,1.47,40.1,13,8.9,16.1,24.9,1,0,0.975,49.91,1.62,14583.0
2026-04-19 19:00:00,IN-DC-048,Noida,13968.0,6023.5,703.6,120.3,20815.5,1.49,40.3,22,8.9,16.2,24.0,1,0,0.979,50.01,1.51,14779.0
2026-04-19 20:00:00,IN-DC-048,Noida,13968.0,5707.4,703.6,110.1,20489.0,1.467,37.9,15,8.7,16.5,24.4,1,0,0.976,49.94,1.36,14547.0
2026-04-19 21:00:00,IN-DC-048,Noida,13968.0,5418.1,703.6,100.0,20189.6,1.445,36.1,25,8.6,15.7,24.0,1,0,0.974,50.12,1.31,14335.0
2026-04-19 22:00:00,IN-DC-048,Noida,13968.0,5190.7,703.6,109.4,19971.7,1.43,34.1,32,8.5,15.9,24.2,1,0,0.986,50.03,1.23,14180.0
2026-04-19 23:00:00,IN-DC-048,Noida,13968.0,5104.4,703.6,105.4,19881.4,1.423,32.1,34,8.6,15.6,25.2,1,0,0.962,49.98,1.15,14116.0
2026-04-20 00:00:00,IN-DC-048,Noida,13968.0,4858.9,703.6,90.3,19620.8,1.405,29.9,35,8.5,15.9,24.3,1,0,0.985,49.97,0.98,13931.0
2026-04-20 01:00:00,IN-DC-048,Noida,13968.0,4832.1,703.6,105.9,19609.6,1.404,29.2,35,8.2,15.7,24.0,1,0,0.979,50.04,0.94,13923.0
2026-04-20 02:00:00,IN-DC-048,Noida,13968.0,4526.5,703.6,97.0,19295.1,1.381,27.2,42,8.6,15.9,24.2,1,0,0.988,49.98,0.96,13700.0
2026-04-20 03:00:00,IN-DC-048,Noida,13968.0,4588.3,703.6,114.2,19374.1,1.387,27.2,33,8.3,15.4,24.4,1,0,0.976,50.01,0.72,13756.0
2026-04-20 04:00:00,IN-DC-048,Noida,13968.0,4567.6,703.6,108.2,19347.3,1.385,27.2,37,8.5,15.8,24.3,1,0,0.965,49.95,0.86,13737.0
2026-04-20 05:00:00,IN-DC-048,Noida,13968.0,4757.4,703.6,117.7,19546.7,1.399,28.6,40,8.2,15.6,23.9,1,0,0.981,50.05,0.89,13878.0
2026-04-20 06:00:00,IN-DC-048,Noida,13968.0,4929.6,703.6,120.8,19722.0,1.412,30.6,35,8.4,15.5,24.1,1,0,0.987,49.98,0.97,14003.0
2026-04-20 07:00:00,IN-DC-048,Noida,13968.0,4998.8,703.6,117.7,19788.1,1.417,31.6,31,8.3,15.4,24.3,1,0,0.969,50.09,1.08,14050.0
2026-04-20 08:00:00,IN-DC-048,Noida,13968.0,5256.5,703.6,111.9,20040.0,1.435,34.0,31,8.7,16.0,24.9,1,0,0.972,49.94,1.29,14228.0
2026-04-20 09:00:00,IN-DC-048,Noida,13968.0,5430.2,703.6,126.4,20228.3,1.448,35.3,22,8.6,15.7,24.3,1,0,0.973,50.03,1.22,14362.0
2026-04-20 10:00:00,IN-DC-048,Noida,13968.0,5677.7,703.6,124.9,20474.2,1.466,39.0,31,8.9,15.8,24.2,1,0,0.97,50.0,1.54,14537.0
2026-04-20 11:00:00,IN-DC-048,Noida,13968.0,5882.5,703.6,104.4,20658.6,1.479,39.9,22,9.0,15.9,24.4,1,0,0.975,49.95,1.52,14668.0
2026-04-20 12:00:00,IN-DC-048,Noida,13968.0,6076.5,703.6,105.2,20853.3,1.493,41.3,22,9.2,16.4,24.4,1,0,0.982,50.11,1.63,14806.0
2026-04-20 13:00:00,IN-DC-048,Noida,13968.0,6150.7,703.6,106.5,20928.8,1.498,43.1,21,8.9,16.5,25.2,1,0,0.967,49.95,1.72,14859.0
2026-04-20 14:00:00,IN-DC-048,Noida,13968.0,6329.0,703.6,111.6,21112.1,1.511,44.3,17,9.2,16.2,24.7,1,0,0.977,50.0,1.67,14990.0
2026-04-20 15:00:00,IN-DC-048,Noida,13968.0,6312.5,703.6,118.9,21103.0,1.511,44.0,19,9.0,16.2,25.1,1,0,0.982,50.02,1.58,14983.0
2026-04-20 16:00:00,IN-DC-048,Noida,13968.0,6297.7,703.6,125.6,21094.9,1.51,44.2,22,9.0,16.1,26.1,1,0,0.963,50.04,1.67,14977.0
2026-04-20 17:00:00,IN-DC-048,Noida,13968.0,6166.2,703.6,111.2,20948.9,1.5,42.4,14,9.1,16.2,24.4,1,0,0.974,50.03,1.66,14874.0
2026-04-20 18:00:00,IN-DC-048,Noida,13968.0,6039.3,703.6,91.6,20802.4,1.489,41.8,22,9.0,16.3,25.1,1,0,0.963,49.97,1.68,14770.0
2026-04-20 19:00:00,IN-DC-048,Noida,13968.0,5798.2,703.6,102.5,20572.3,1.473,39.8,26,8.9,16.2,24.8,1,0,0.959,50.02,1.46,14606.0
2026-04-20 20:00:00,IN-DC-048,Noida,13968.0,5688.9,703.6,121.7,20482.1,1.466,38.7,21,8.8,16.1,24.1,1,0,0.976,50.02,1.4,14542.0
2026-04-20 21:00:00,IN-DC-048,Noida,13968.0,5314.4,703.6,131.1,20117.0,1.44,35.9,34,8.5,15.8,24.5,1,0,0.957,50.04,1.3,14283.0
2026-04-20 22:00:00,IN-DC-048,Noida,13968.0,5232.9,703.6,101.1,20005.6,1.432,34.1,30,8.5,15.7,23.5,1,0,0.983,50.01,1.18,14204.0
2026-04-20 23:00:00,IN-DC-048,Noida,13968.0,4948.6,703.6,101.8,19722.0,1.412,31.3,37,8.4,15.5,23.9,1,0,0.975,49.92,1.12,14003.0
2026-04-21 00:00:00,IN-DC-048,Noida,13968.0,4998.5,703.6,110.7,19780.8,1.416,30.5,31,8.9,16.1,24.2,1,0,0.984,50.0,1.04,14044.0
2026-04-21 01:00:00,IN-DC-048,Noida,13968.0,4763.1,703.6,110.9,19545.7,1.399,29.5,45,8.5,15.8,23.9,1,0,0.968,49.99,1.02,13877.0
2026-04-21 02:00:00,IN-DC-048,Noida,13968.0,4583.7,703.6,87.7,19343.0,1.385,28.2,41,8.5,16.1,23.4,1,0,0.982,50.03,1.0,13733.0
2026-04-21 03:00:00,IN-DC-048,Noida,13968.0,4619.6,703.6,127.6,19418.7,1.39,27.5,39,8.3,15.4,24.5,1,0,0.969,49.96,0.75,13787.0
2026-04-21 04:00:00,IN-DC-048,Noida,13968.0,4712.8,703.6,108.0,19492.3,1.395,29.1,42,8.9,15.8,24.0,1,0,0.986,50.06,1.12,13840.0
2026-04-21 05:00:00,IN-DC-048,Noida,13968.0,4841.3,703.6,129.0,19641.9,1.406,29.4,42,8.5,15.9,24.1,1,0,0.98,50.0,0.92,13946.0
2026-04-21 06:00:00,IN-DC-048,Noida,13968.0,4931.5,703.6,133.9,19737.0,1.413,30.6,37,8.5,15.8,23.0,1,0,0.979,50.15,0.93,14013.0
2026-04-21 07:00:00,IN-DC-048,Noida,13968.0,5095.9,703.6,116.1,19883.6,1.424,32.1,34,8.7,15.9,23.8,1,0,0.966,49.97,1.05,14117.0
2026-04-21 08:00:00,IN-DC-048,Noida,13968.0,5244.4,703.6,105.0,20021.0,1.433,34.2,33,8.6,15.7,24.4,1,0,0.974,50.08,1.16,14215.0
2026-04-21 09:00:00,IN-DC-048,Noida,13968.0,5530.8,703.6,86.0,20288.4,1.452,36.2,28,9.3,16.3,24.9,1,0,0.98,50.0,1.42,14405.0
2026-04-21 10:00:00,IN-DC-048,Noida,13968.0,5708.3,703.6,151.2,20531.1,1.47,38.3,27,8.9,16.2,24.8,1,0,0.969,50.04,1.45,14577.0
2026-04-21 11:00:00,IN-DC-048,Noida,13968.0,5824.0,703.6,120.0,20615.6,1.476,39.8,27,8.9,16.3,24.4,1,0,0.974,50.02,1.36,14637.0
2026-04-21 12:00:00,IN-DC-048,Noida,13968.0,5983.1,703.6,152.2,20806.9,1.49,41.3,23,9.0,16.1,24.7,1,0,0.961,50.03,1.52,14773.0
2026-04-21 13:00:00,IN-DC-048,Noida,13968.0,6346.3,703.6,128.3,21146.2,1.514,43.6,23,8.9,15.8,24.2,1,0,0.967,49.9,1.73,15014.0
2026-04-21 14:00:00,IN-DC-048,Noida,13968.0,6257.0,703.6,147.5,21076.0,1.509,44.3,15,8.9,16.1,24.9,1,0,0.969,50.04,1.72,14964.0
2026-04-21 15:00:00,IN-DC-048,Noida,13968.0,6317.5,703.6,124.1,21113.2,1.512,43.9,12,9.2,16.4,25.0,1,0,0.973,49.88,1.65,14990.0
2026-04-21 16:00:00,IN-DC-048,Noida,13968.0,6345.2,703.6,111.3,21128.2,1.513,44.3,15,8.9,16.1,24.9,1,0,0.971,49.91,1.69,15001.0
2026-04-21 17:00:00,IN-DC-048,Noida,13968.0,6206.7,703.6,125.9,21004.2,1.504,43.1,21,8.8,16.3,24.6,1,0,0.964,50.01,1.73,14913.0
2026-04-21 18:00:00,IN-DC-048,Noida,13968.0,6029.4,703.6,134.4,20835.4,1.492,41.1,14,9.0,16.3,24.6,1,0,0.987,50.02,1.6,14793.0
2026-04-21 19:00:00,IN-DC-048,Noida,13968.0,5961.3,703.6,97.7,20730.6,1.484,40.7,20,9.2,16.6,24.6,1,0,0.981,49.92,1.48,14719.0
2026-04-21 20:00:00,IN-DC-048,Noida,13968.0,5647.8,703.6,122.4,20441.9,1.463,37.9,22,8.8,15.7,24.4,1,0,0.982,49.96,1.51,14514.0
2026-04-21 21:00:00,IN-DC-048,Noida,13968.0,5476.2,703.6,127.8,20275.6,1.452,35.9,31,8.8,16.4,24.0,1,0,0.967,49.99,1.36,14396.0
2026-04-21 22:00:00,IN-DC-048,Noida,13968.0,5160.1,703.6,112.4,19944.1,1.428,34.6,35,8.8,15.7,24.4,1,0,0.979,49.99,1.16,14160.0
2026-04-21 23:00:00,IN-DC-048,Noida,13968.0,5141.8,703.6,116.8,19930.2,1.427,32.5,35,8.8,15.7,24.0,1,0,0.983,49.91,1.2,14150.0
2026-04-22 00:00:00,IN-DC-048,Noida,13968.0,4682.4,703.6,98.5,19452.5,1.393,29.1,35,8.4,15.5,24.2,1,0,0.968,49.93,0.92,13811.0
2026-04-22 01:00:00,IN-DC-048,Noida,13968.0,4779.0,703.6,109.8,19560.4,1.4,29.6,36,8.7,15.9,24.4,1,0,0.976,50.02,0.9,13888.0
2026-04-22 02:00:00,IN-DC-048,Noida,13968.0,4651.7,703.6,102.1,19425.4,1.391,28.5,40,8.3,15.7,23.5,1,0,0.974,49.93,0.91,13792.0
2026-04-22 03:00:00,IN-DC-048,Noida,13968.0,4560.2,703.6,122.0,19353.8,1.386,28.0,43,8.3,15.6,24.3,1,0,0.98,50.08,0.89,13741.0
2026-04-22 04:00:00,IN-DC-048,Noida,13968.0,4774.8,703.6,134.0,19580.4,1.402,28.6,42,8.2,15.7,24.7,1,0,0.971,49.92,0.96,13902.0
2026-04-22 05:00:00,IN-DC-048,Noida,13968.0,4862.5,703.6,109.8,19643.9,1.406,29.9,33,8.3,15.6,24.3,1,0,0.979,50.04,0.94,13947.0
2026-04-22 06:00:00,IN-DC-048,Noida,13968.0,4966.8,703.6,120.3,19758.6,1.415,30.6,35,8.2,15.5,24.2,1,0,0.953,50.0,1.02,14029.0
2026-04-22 07:00:00,IN-DC-048,Noida,13968.0,4967.0,703.6,96.4,19734.9,1.413,32.1,39,8.7,16.0,23.6,1,0,0.976,50.0,1.1,14012.0
2026-04-22 08:00:00,IN-DC-048,Noida,13968.0,5325.5,703.6,98.4,20095.5,1.439,34.4,35,8.9,16.1,24.4,1,0,0.978,50.0,1.11,14268.0
2026-04-22 09:00:00,IN-DC-048,Noida,13968.0,5410.6,703.6,110.4,20192.6,1.446,35.9,26,8.4,15.9,24.4,1,0,0.972,50.01,1.26,14337.0
2026-04-22 10:00:00,IN-DC-048,Noida,13968.0,5717.9,703.6,117.9,20507.3,1.468,37.9,28,8.7,16.1,25.0,1,0,0.975,49.92,1.33,14560.0
2026-04-22 11:00:00,IN-DC-048,Noida,13968.0,5912.5,703.6,122.8,20706.8,1.482,39.4,23,9.1,16.2,24.7,1,0,0.978,50.0,1.47,14702.0
2026-04-22 12:00:00,IN-DC-048,Noida,13968.0,6090.5,703.6,86.0,20848.1,1.493,41.4,25,8.9,16.0,25.0,1,0,0.98,50.07,1.71,14802.0
2026-04-22 13:00:00,IN-DC-048,Noida,13968.0,6081.0,703.6,95.0,20847.6,1.493,42.5,18,8.7,16.0,25.2,1,0,0.98,49.99,1.51,14802.0
2026-04-22 14:00:00,IN-DC-048,Noida,13968.0,6249.1,703.6,105.7,21026.4,1.505,43.2,17,9.2,16.4,24.8,1,0,0.972,50.05,1.73,14929.0
2026-04-22 15:00:00,IN-DC-048,Noida,13968.0,6257.9,703.6,148.4,21077.9,1.509,43.6,15,9.0,16.4,25.3,1,0,0.967,50.04,1.71,14965.0
2026-04-22 16:00:00,IN-DC-048,Noida,13968.0,6147.2,703.6,68.7,20887.6,1.495,43.3,26,8.9,16.2,25.2,1,0,0.97,50.08,1.51,14830.0
2026-04-22 17:00:00,IN-DC-048,Noida,13968.0,6217.1,703.6,110.0,20998.7,1.503,42.9,18,8.8,16.4,24.7,1,0,0.983,50.02,1.67,14909.0
2026-04-22 18:00:00,IN-DC-048,Noida,13968.0,6159.0,703.6,122.2,20952.7,1.5,42.6,14,8.8,15.8,25.4,1,0,0.972,50.01,1.7,14876.0
2026-04-22 19:00:00,IN-DC-048,Noida,13968.0,5911.4,703.6,110.6,20693.6,1.482,40.1,15,8.9,16.0,24.7,1,0,0.956,49.96,1.47,14692.0
2026-04-22 20:00:00,IN-DC-048,Noida,13968.0,5720.8,703.6,118.9,20511.2,1.468,37.9,26,8.7,15.9,24.3,1,0,0.977,50.12,1.46,14563.0
2026-04-22 21:00:00,IN-DC-048,Noida,13968.0,5402.6,703.6,112.2,20186.4,1.445,35.6,32,8.9,16.2,23.6,1,0,0.969,50.02,1.32,14332.0
2026-04-22 22:00:00,IN-DC-048,Noida,13968.0,5227.4,703.6,129.9,20028.9,1.434,33.7,26,8.7,16.0,24.2,1,0,0.976,49.94,1.2,14221.0
2026-04-22 23:00:00,IN-DC-048,Noida,13968.0,5002.6,703.6,137.7,19811.9,1.418,32.2,38,8.7,15.8,24.0,1,0,0.971,49.94,1.15,14066.0
2026-04-23 00:00:00,IN-DC-048,Noida,13968.0,4879.5,703.6,117.0,19668.0,1.408,30.5,34,8.7,16.1,22.5,1,0,0.979,50.08,1.05,13964.0
2026-04-23 01:00:00,IN-DC-048,Noida,13968.0,4723.6,703.6,133.8,19529.0,1.398,28.9,45,8.3,15.5,23.9,1,0,0.979,49.93,0.99,13866.0
2026-04-23 02:00:00,IN-DC-048,Noida,13968.0,4500.0,703.6,133.6,19305.3,1.382,28.1,40,8.2,15.3,24.0,1,0,0.96,49.94,0.85,13707.0
2026-04-23 03:00:00,IN-DC-048,Noida,13968.0,4508.2,703.6,114.2,19294.1,1.381,27.6,44,8.4,15.3,23.8,1,0,0.97,50.08,0.74,13699.0
2026-04-23 04:00:00,IN-DC-048,Noida,13968.0,4708.3,703.6,127.8,19507.7,1.397,28.5,45,8.1,15.3,24.8,1,0,0.981,50.06,0.78,13850.0
2026-04-23 05:00:00,IN-DC-048,Noida,13968.0,4806.9,703.6,112.4,19590.8,1.403,30.1,39,8.4,15.6,23.7,1,0,0.964,49.95,0.95,13909.0
2026-04-23 06:00:00,IN-DC-048,Noida,13968.0,4877.8,703.6,125.5,19675.0,1.409,30.8,42,8.6,15.7,23.4,1,0,0.968,50.02,0.96,13969.0
2026-04-23 07:00:00,IN-DC-048,Noida,13968.0,5030.2,703.6,129.1,19830.9,1.42,32.0,34,8.5,15.7,24.4,1,0,0.977,49.98,1.07,14080.0
2026-04-23 08:00:00,IN-DC-048,Noida,13968.0,5345.3,703.6,86.3,20103.1,1.439,34.6,30,8.3,15.2,24.5,1,0,0.962,50.0,1.33,14273.0
2026-04-23 09:00:00,IN-DC-048,Noida,13968.0,5541.9,703.6,92.3,20305.8,1.454,36.3,34,8.9,16.0,24.6,1,0,0.978,49.96,1.33,14417.0
2026-04-23 10:00:00,IN-DC-048,Noida,13968.0,5725.7,703.6,125.0,20522.3,1.469,38.9,23,8.7,16.0,24.6,1,0,0.97,50.02,1.46,14571.0
2026-04-23 11:00:00,IN-DC-048,Noida,13968.0,5861.1,703.6,100.1,20632.8,1.477,40.4,23,8.7,15.9,24.7,1,0,0.978,50.04,1.62,14649.0
2026-04-23 12:00:00,IN-DC-048,Noida,13968.0,6156.3,703.6,128.6,20956.5,1.5,42.2,23,9.0,16.2,24.6,1,0,0.981,50.0,1.56,14879.0
2026-04-23 13:00:00,IN-DC-048,Noida,13968.0,6173.1,703.6,119.4,20964.1,1.501,42.7,15,9.1,16.5,24.9,1,0,0.987,50.06,1.53,14885.0
2026-04-23 14:00:00,IN-DC-048,Noida,13968.0,6182.9,703.6,122.5,20977.0,1.502,43.3,24,9.1,16.2,25.0,1,0,0.967,49.98,1.7,14894.0
2026-04-23 15:00:00,IN-DC-048,Noida,13968.0,6372.3,703.6,110.4,21154.3,1.514,43.9,12,9.3,16.3,25.1,1,0,0.977,49.96,1.71,15020.0
2026-04-23 16:00:00,IN-DC-048,Noida,13968.0,6170.9,703.6,133.3,20975.9,1.502,43.6,16,9.2,16.2,25.7,1,0,0.988,50.04,1.84,14893.0
2026-04-23 17:00:00,IN-DC-048,Noida,13968.0,6138.3,703.6,121.9,20931.8,1.499,42.9,22,8.9,16.0,25.6,1,0,0.982,49.98,1.74,14862.0
2026-04-23 18:00:00,IN-DC-048,Noida,13968.0,6089.7,703.6,124.8,20886.0,1.495,41.7,23,8.7,15.9,25.2,1,0,0.988,49.9,1.57,14829.0
2026-04-23 19:00:00,IN-DC-048,Noida,13968.0,5809.5,703.6,132.3,20613.4,1.476,39.8,28,8.5,16.1,24.8,1,0,0.969,49.95,1.47,14636.0
2026-04-23 20:00:00,IN-DC-048,Noida,13968.0,5648.6,703.6,89.2,20409.4,1.461,37.9,23,8.9,16.4,24.0,1,0,0.965,49.96,1.24,14491.0
2026-04-23 21:00:00,IN-DC-048,Noida,13968.0,5535.0,703.6,125.2,20331.8,1.456,36.8,28,8.7,15.8,24.2,1,0,0.966,49.87,1.13,14436.0
2026-04-23 22:00:00,IN-DC-048,Noida,13968.0,5178.6,703.6,123.1,19973.3,1.43,34.0,26,8.8,16.0,23.5,1,0,0.975,50.04,1.15,14181.0
2026-04-23 23:00:00,IN-DC-048,Noida,13968.0,5061.0,703.6,112.0,19844.6,1.421,32.1,30,8.6,15.9,24.3,1,0,0.969,50.06,1.12,14090.0
2026-04-24 00:00:00,IN-DC-048,Noida,13968.0,4816.8,703.6,134.1,19622.5,1.405,30.2,40,8.6,15.5,24.0,1,0,0.979,50.04,1.07,13932.0
2026-04-24 01:00:00,IN-DC-048,Noida,13968.0,4737.8,703.6,113.7,19523.1,1.398,29.2,42,8.5,15.5,23.8,1,0,0.968,49.98,1.12,13861.0
2026-04-24 02:00:00,IN-DC-048,Noida,13968.0,4516.3,703.6,101.6,19289.6,1.381,27.9,35,8.3,15.8,23.9,1,0,0.97,50.08,0.97,13696.0
2026-04-24 03:00:00,IN-DC-048,Noida,13968.0,4438.3,703.6,122.1,19231.9,1.377,27.0,40,8.5,16.0,23.7,1,0,0.968,49.96,0.89,13655.0
2026-04-24 04:00:00,IN-DC-048,Noida,13968.0,4624.8,703.6,105.7,19402.1,1.389,27.7,41,8.6,16.0,23.7,1,0,0.972,50.06,0.95,13775.0
2026-04-24 05:00:00,IN-DC-048,Noida,13968.0,4703.4,703.6,97.6,19472.7,1.394,29.5,38,8.2,15.4,24.0,1,0,0.962,49.94,1.05,13826.0
2026-04-24 06:00:00,IN-DC-048,Noida,13968.0,4885.6,703.6,133.8,19691.0,1.41,30.6,33,8.4,15.8,23.9,1,0,0.972,50.04,1.1,13981.0
2026-04-24 07:00:00,IN-DC-048,Noida,13968.0,5151.1,703.6,117.3,19940.0,1.428,32.6,38,8.5,15.7,23.7,1,0,0.979,50.01,1.42,14157.0
2026-04-24 08:00:00,IN-DC-048,Noida,13968.0,5307.3,703.6,127.2,20106.1,1.439,33.9,30,8.3,15.6,24.6,1,0,0.98,50.02,1.11,14275.0
2026-04-24 09:00:00,IN-DC-048,Noida,13968.0,5390.2,703.6,101.3,20163.1,1.444,35.6,28,8.8,16.0,24.0,1,0,0.976,49.98,1.23,14316.0
2026-04-24 10:00:00,IN-DC-048,Noida,13968.0,5552.8,703.6,101.6,20325.9,1.455,37.5,31,8.7,15.8,25.2,1,0,0.972,49.94,1.35,14431.0
2026-04-24 11:00:00,IN-DC-048,Noida,13968.0,5765.0,703.6,108.5,20545.1,1.471,40.1,23,9.1,16.2,24.4,1,0,0.961,49.94,1.59,14587.0
2026-04-24 12:00:00,IN-DC-048,Noida,13968.0,6100.5,703.6,112.4,20884.5,1.495,41.6,21,9.2,16.4,25.6,1,0,0.963,49.99,1.75,14828.0
2026-04-24 13:00:00,IN-DC-048,Noida,13968.0,6013.2,703.6,101.5,20786.2,1.488,42.1,13,8.8,16.1,25.1,1,0,0.97,49.97,1.62,14758.0
2026-04-24 14:00:00,IN-DC-048,Noida,13968.0,6211.7,703.6,111.1,20994.3,1.503,42.9,22,9.0,16.5,25.7,1,0,0.976,50.02,1.63,14906.0
2026-04-24 15:00:00,IN-DC-048,Noida,13968.0,6208.8,703.6,118.7,20999.1,1.503,43.8,12,9.3,16.5,24.5,1,0,0.968,50.04,1.62,14909.0
2026-04-24 16:00:00,IN-DC-048,Noida,13968.0,6216.3,703.6,97.2,20985.1,1.502,44.0,21,8.9,15.9,25.1,1,0,0.985,50.02,1.82,14899.0
2026-04-24 17:00:00,IN-DC-048,Noida,13968.0,6185.4,703.6,104.3,20961.3,1.501,42.6,22,9.0,16.7,24.6,1,0,0.976,49.98,1.55,14882.0
2026-04-24 18:00:00,IN-DC-048,Noida,13968.0,6122.0,703.6,104.5,20898.1,1.496,41.6,16,8.6,15.6,25.0,1,0,0.981,50.06,1.58,14838.0
2026-04-24 19:00:00,IN-DC-048,Noida,13968.0,5780.4,703.6,112.8,20564.7,1.472,39.6,20,8.5,16.0,24.5,1,0,0.977,50.0,1.47,14601.0
2026-04-24 20:00:00,IN-DC-048,Noida,13968.0,5578.3,703.6,121.6,20371.5,1.458,37.4,32,9.1,16.3,24.4,1,0,0.974,50.07,1.37,14464.0
2026-04-24 21:00:00,IN-DC-048,Noida,13968.0,5471.0,703.6,107.5,20250.0,1.45,36.4,29,8.7,16.1,23.8,1,0,0.974,49.91,1.48,14377.0
2026-04-24 22:00:00,IN-DC-048,Noida,13968.0,5155.5,703.6,105.6,19932.7,1.427,33.8,29,8.6,15.6,24.2,1,0,0.968,50.09,1.18,14152.0
2026-04-24 23:00:00,IN-DC-048,Noida,13968.0,5034.9,703.6,124.1,19830.6,1.42,32.0,35,8.4,15.6,23.9,1,0,0.981,49.89,1.16,14080.0
2026-04-25 00:00:00,IN-DC-048,Noida,13968.0,4756.8,703.6,120.9,19549.3,1.4,29.4,33,8.4,15.5,23.5,1,0,0.983,50.07,0.8,13880.0
2026-04-25 01:00:00,IN-DC-048,Noida,13968.0,4673.0,703.6,88.8,19433.4,1.391,28.7,41,8.2,15.4,24.0,1,0,0.976,50.04,0.99,13798.0
2026-04-25 02:00:00,IN-DC-048,Noida,13968.0,4609.0,703.6,103.9,19384.4,1.388,28.5,38,8.2,15.7,23.8,1,0,0.968,50.05,1.02,13763.0
2026-04-25 03:00:00,IN-DC-048,Noida,13968.0,4568.3,703.6,101.8,19341.6,1.385,27.2,41,8.7,16.0,24.1,1,0,0.991,49.97,0.84,13733.0
2026-04-25 04:00:00,IN-DC-048,Noida,13968.0,4740.7,703.6,92.0,19504.3,1.396,28.8,29,8.9,16.2,24.2,1,0,0.987,50.01,0.95,13848.0
2026-04-25 05:00:00,IN-DC-048,Noida,13968.0,4887.0,703.6,104.4,19663.0,1.408,30.3,47,8.3,15.7,23.7,1,0,0.979,50.02,0.96,13961.0
2026-04-25 06:00:00,IN-DC-048,Noida,13968.0,4860.1,703.6,85.0,19616.7,1.404,30.0,35,8.5,15.4,23.9,1,0,0.983,50.03,0.98,13928.0
2026-04-25 07:00:00,IN-DC-048,Noida,13968.0,5150.5,703.6,108.8,19930.9,1.427,32.8,26,8.9,16.2,23.8,1,0,0.973,50.0,1.2,14151.0
2026-04-25 08:00:00,IN-DC-048,Noida,13968.0,5264.6,703.6,116.0,20052.1,1.436,34.2,30,9.1,16.5,24.1,1,0,0.983,49.94,1.2,14237.0
2026-04-25 09:00:00,IN-DC-048,Noida,13968.0,5413.7,703.6,134.0,20219.3,1.448,36.0,25,8.6,15.7,24.1,1,0,0.975,50.02,1.27,14356.0
2026-04-25 10:00:00,IN-DC-048,Noida,13968.0,5699.4,703.6,104.4,20475.4,1.466,38.1,28,9.0,16.3,24.9,1,0,0.987,49.96,1.42,14538.0
2026-04-25 11:00:00,IN-DC-048,Noida,13968.0,5824.0,703.6,109.7,20605.3,1.475,39.7,21,8.8,15.9,24.5,1,0,0.963,50.03,1.49,14630.0
2026-04-25 12:00:00,IN-DC-048,Noida,13968.0,5956.2,703.6,105.3,20733.1,1.484,41.4,22,8.9,16.1,24.7,1,0,0.974,50.01,1.62,14721.0
2026-04-25 13:00:00,IN-DC-048,Noida,13968.0,6159.4,703.6,135.3,20966.3,1.501,42.9,17,9.0,16.3,24.7,1,0,0.981,50.0,1.67,14886.0
2026-04-25 14:00:00,IN-DC-048,Noida,13968.0,6205.3,703.6,123.1,21000.0,1.503,43.5,21,9.1,16.3,25.2,1,0,0.979,50.04,1.65,14910.0
2026-04-25 15:00:00,IN-DC-048,Noida,13968.0,6315.6,703.6,99.1,21086.3,1.51,44.2,15,9.2,16.1,25.0,1,0,0.966,50.01,1.73,14971.0
2026-04-25 16:00:00,IN-DC-048,Noida,13968.0,6394.9,703.6,105.9,21172.3,1.516,44.7,22,9.0,16.0,24.9,1,0,0.966,49.99,1.85,15032.0
2026-04-25 17:00:00,IN-DC-048,Noida,13968.0,6128.4,703.6,118.0,20917.9,1.498,42.0,23,9.0,15.9,24.4,1,0,0.986,50.02,1.6,14852.0
2026-04-25 18:00:00,IN-DC-048,Noida,13968.0,6132.8,703.6,105.8,20910.1,1.497,42.2,19,9.3,16.5,25.4,1,0,0.97,50.05,1.85,14846.0
2026-04-25 19:00:00,IN-DC-048,Noida,13968.0,5851.9,703.6,120.8,20644.4,1.478,40.6,23,8.8,16.0,23.8,1,0,0.982,49.96,1.48,14657.0
2026-04-25 20:00:00,IN-DC-048,Noida,13968.0,5702.2,703.6,124.4,20498.1,1.468,38.6,24,9.0,16.0,23.9,1,0,0.981,50.07,1.32,14554.0
2026-04-25 21:00:00,IN-DC-048,Noida,13968.0,5509.6,703.6,121.7,20302.9,1.454,36.6,25,8.9,16.3,23.8,1,0,0.966,50.05,1.24,14415.0
2026-04-25 22:00:00,IN-DC-048,Noida,13968.0,5264.5,703.6,97.0,20033.0,1.434,33.6,32,8.5,15.9,24.1,1,0,0.972,49.95,1.26,14223.0
2026-04-25 23:00:00,IN-DC-048,Noida,13968.0,5082.5,703.6,140.7,19894.8,1.424,32.5,37,8.7,15.9,23.6,1,0,0.979,50.02,1.15,14125.0
2026-04-26 00:00:00,IN-DC-048,Noida,13968.0,4898.6,703.6,119.2,19689.3,1.41,30.4,36,8.4,15.7,23.0,1,0,0.979,50.06,1.08,13979.0
2026-04-26 01:00:00,IN-DC-048,Noida,13968.0,4646.3,703.6,125.6,19443.4,1.392,28.0,37,8.7,15.7,23.9,1,0,0.976,49.99,1.0,13805.0
2026-04-26 02:00:00,IN-DC-048,Noida,13968.0,4483.5,703.6,114.6,19269.6,1.38,27.6,44,8.6,15.7,24.1,1,0,0.971,49.98,0.94,13681.0
2026-04-26 03:00:00,IN-DC-048,Noida,13968.0,4618.5,703.6,92.3,19382.4,1.388,28.4,38,8.2,15.7,24.2,1,0,0.979,50.07,0.99,13761.0
2026-04-26 04:00:00,IN-DC-048,Noida,13968.0,4518.0,703.6,118.1,19307.7,1.382,27.7,33,8.6,15.8,23.4,1,0,0.97,50.03,0.97,13708.0
2026-04-26 05:00:00,IN-DC-048,Noida,13968.0,4778.9,703.6,124.3,19574.8,1.401,29.2,33,8.8,16.0,24.3,1,0,0.973,50.01,1.01,13898.0
2026-04-26 06:00:00,IN-DC-048,Noida,13968.0,5095.4,703.6,98.3,19865.3,1.422,31.4,38,8.6,15.7,23.0,1,0,0.983,50.02,1.12,14104.0
2026-04-26 07:00:00,IN-DC-048,Noida,13968.0,5142.9,703.6,107.3,19921.8,1.426,32.8,32,8.4,15.7,24.5,1,0,0.972,50.02,1.19,14144.0
2026-04-26 08:00:00,IN-DC-048,Noida,13968.0,5330.5,703.6,104.5,20106.5,1.439,34.5,24,8.8,15.9,24.1,1,0,0.984,49.99,1.2,14276.0
2026-04-26 09:00:00,IN-DC-048,Noida,13968.0,5560.5,703.6,102.1,20334.2,1.456,36.3,27,8.7,16.3,24.5,1,0,0.97,49.97,1.24,14437.0
2026-04-26 10:00:00,IN-DC-048,Noida,13968.0,5673.2,703.6,118.8,20463.7,1.465,37.8,28,8.6,15.4,23.9,0,1,0.973,49.97,1.35,14529.0
2026-04-26 11:00:00,IN-DC-048,Noida,13968.0,5816.7,703.6,130.7,20619.0,1.476,39.7,13,8.7,16.3,24.0,1,0,0.969,50.04,1.46,14639.0
2026-04-26 12:00:00,IN-DC-048,Noida,13968.0,6229.1,703.6,110.7,21011.4,1.504,42.8,22,8.9,16.1,25.3,1,0,0.979,49.99,1.6,14918.0
2026-04-26 13:00:00,IN-DC-048,Noida,13968.0,6203.0,703.6,121.3,20995.8,1.503,43.4,18,9.1,16.0,24.9,1,0,0.976,50.07,1.55,14907.0
2026-04-26 14:00:00,IN-DC-048,Noida,13968.0,6208.4,703.6,109.3,20989.2,1.503,44.3,15,9.2,16.5,25.0,1,0,0.973,49.99,1.69,14902.0
2026-04-26 15:00:00,IN-DC-048,Noida,13968.0,6352.9,703.6,127.3,21151.8,1.514,44.1,25,9.1,16.3,25.4,1,0,0.975,49.99,1.6,15018.0
2026-04-26 16:00:00,IN-DC-048,Noida,13968.0,6169.4,703.6,110.9,20951.9,1.5,43.5,16,9.2,16.4,25.3,1,0,0.971,49.91,1.7,14876.0
2026-04-26 17:00:00,IN-DC-048,Noida,13968.0,6296.4,703.6,108.2,21076.2,1.509,44.1,13,9.1,16.6,24.7,1,0,0.975,50.01,1.69,14964.0
2026-04-26 18:00:00,IN-DC-048,Noida,13968.0,6060.8,703.6,116.1,20848.6,1.493,41.9,25,9.0,16.1,25.7,1,0,0.966,50.02,1.54,14802.0
2026-04-26 19:00:00,IN-DC-048,Noida,13968.0,6008.6,703.6,122.5,20802.7,1.489,40.5,22,9.0,15.9,25.2,1,0,0.973,50.02,1.48,14770.0
2026-04-26 20:00:00,IN-DC-048,Noida,13968.0,5684.7,703.6,99.1,20455.4,1.464,38.3,22,8.8,16.1,24.2,1,0,0.978,50.05,1.43,14523.0
2026-04-26 21:00:00,IN-DC-048,Noida,13968.0,5535.8,703.6,130.4,20337.8,1.456,37.0,28,9.1,16.2,24.4,1,0,0.968,50.12,1.47,14440.0
2026-04-26 22:00:00,IN-DC-048,Noida,13968.0,5310.1,703.6,126.8,20108.5,1.44,34.4,37,8.7,15.6,24.0,1,0,0.974,50.01,1.22,14277.0
2026-04-26 23:00:00,IN-DC-048,Noida,13968.0,5126.9,703.6,115.6,19914.1,1.426,32.3,24,8.7,16.1,23.9,1,0,0.954,49.96,1.23,14139.0
2026-04-27 00:00:00,IN-DC-048,Noida,13968.0,4961.9,703.6,148.7,19782.2,1.416,31.0,39,8.4,15.7,24.1,1,0,0.97,49.92,0.98,14045.0
2026-04-27 01:00:00,IN-DC-048,Noida,13968.0,4633.5,703.6,106.9,19412.1,1.39,28.7,41,8.4,15.7,24.0,1,0,0.977,50.11,0.98,13783.0
2026-04-27 02:00:00,IN-DC-048,Noida,13968.0,4624.2,703.6,105.8,19401.6,1.389,28.8,37,8.3,15.9,23.7,1,0,0.967,49.94,0.88,13775.0
2026-04-27 03:00:00,IN-DC-048,Noida,13968.0,4706.9,703.6,99.0,19477.5,1.394,27.9,39,8.6,15.7,23.1,1,0,0.978,49.93,0.96,13829.0
2026-04-27 04:00:00,IN-DC-048,Noida,13968.0,4669.3,703.6,128.4,19469.3,1.394,28.4,40,8.5,15.9,24.4,1,0,0.971,49.99,0.87,13823.0
2026-04-27 05:00:00,IN-DC-048,Noida,13968.0,4735.7,703.6,114.7,19522.0,1.398,29.5,42,8.4,15.4,24.3,1,0,0.972,49.92,1.09,13861.0
2026-04-27 06:00:00,IN-DC-048,Noida,13968.0,5060.5,703.6,114.9,19847.0,1.421,30.6,38,8.5,15.6,24.1,1,0,0.987,49.92,0.93,14091.0
2026-04-27 07:00:00,IN-DC-048,Noida,13968.0,5052.7,703.6,96.9,19821.3,1.419,32.8,30,8.4,15.8,24.4,1,0,0.963,50.1,1.24,14073.0
2026-04-27 08:00:00,IN-DC-048,Noida,13968.0,5178.3,703.6,126.3,19976.2,1.43,34.9,31,8.9,15.9,24.4,1,0,0.97,50.07,1.19,14183.0
2026-04-27 09:00:00,IN-DC-048,Noida,13968.0,5504.9,703.6,123.2,20299.6,1.453,36.5,30,9.0,16.0,24.3,1,0,0.987,49.97,1.35,14413.0
2026-04-27 10:00:00,IN-DC-048,Noida,13968.0,5669.4,703.6,110.7,20451.7,1.464,38.4,22,8.6,16.0,23.9,1,0,0.974,49.91,1.37,14521.0
2026-04-27 11:00:00,IN-DC-048,Noida,13968.0,5876.7,703.6,120.4,20668.7,1.48,40.5,27,9.1,16.1,24.5,1,0,0.988,50.0,1.54,14675.0
2026-04-27 12:00:00,IN-DC-048,Noida,13968.0,6077.1,703.6,102.5,20851.2,1.493,41.5,29,9.0,16.2,23.9,1,0,0.976,50.02,1.55,14804.0
2026-04-27 13:00:00,IN-DC-048,Noida,13968.0,6247.7,703.6,108.5,21027.8,1.505,43.1,22,9.2,16.6,24.8,1,0,0.983,50.0,1.57,14930.0
2026-04-27 14:00:00,IN-DC-048,Noida,13968.0,6334.2,703.6,110.2,21116.0,1.512,44.7,19,8.9,15.8,25.0,1,0,0.977,49.89,1.82,14992.0
2026-04-27 15:00:00,IN-DC-048,Noida,13968.0,6406.1,703.6,118.2,21195.8,1.517,44.4,12,9.2,16.2,26.0,1,0,0.982,50.01,1.65,15049.0
2026-04-27 16:00:00,IN-DC-048,Noida,13968.0,6258.3,703.6,144.1,21074.0,1.509,43.8,13,9.2,16.3,25.6,1,0,0.984,50.02,1.7,14963.0
2026-04-27 17:00:00,IN-DC-048,Noida,13968.0,6335.1,703.6,110.4,21117.1,1.512,43.6,18,9.0,15.9,25.2,1,0,0.983,49.92,1.67,14993.0
2026-04-27 18:00:00,IN-DC-048,Noida,13968.0,6254.9,703.6,110.2,21036.6,1.506,43.0,24,9.1,16.1,25.1,1,0,0.98,50.03,1.58,14936.0
2026-04-27 19:00:00,IN-DC-048,Noida,13968.0,6012.7,703.6,107.3,20791.5,1.489,41.3,23,9.0,16.3,24.7,1,0,0.966,49.99,1.57,14762.0
2026-04-27 20:00:00,IN-DC-048,Noida,13968.0,5847.5,703.6,100.0,20619.1,1.476,39.0,29,9.0,16.0,25.6,1,0,0.973,50.04,1.41,14640.0
2026-04-27 21:00:00,IN-DC-048,Noida,13968.0,5578.5,703.6,112.5,20362.5,1.458,36.6,29,8.7,15.6,24.1,1,0,0.974,50.11,1.25,14457.0
2026-04-27 22:00:00,IN-DC-048,Noida,13968.0,5298.8,703.6,99.2,20069.6,1.437,34.3,31,8.9,16.4,23.6,1,0,0.979,49.97,1.09,14249.0
2026-04-27 23:00:00,IN-DC-048,Noida,13968.0,5127.5,703.6,121.3,19920.4,1.426,32.2,34,8.7,16.0,24.0,1,0,0.975,50.01,1.1,14143.0
2026-04-28 00:00:00,IN-DC-048,Noida,13968.0,5012.6,703.6,141.6,19825.8,1.419,30.7,34,8.4,15.8,24.8,1,0,0.963,50.06,0.96,14076.0
2026-04-28 01:00:00,IN-DC-048,Noida,13968.0,4934.3,703.6,116.7,19722.6,1.412,30.9,40,8.8,15.9,24.7,1,0,0.967,50.0,0.98,14003.0
2026-04-28 02:00:00,IN-DC-048,Noida,13968.0,4594.6,703.6,130.8,19397.0,1.389,27.6,40,8.3,15.7,23.5,1,0,0.971,49.98,0.95,13772.0
2026-04-28 03:00:00,IN-DC-048,Noida,13968.0,4706.4,703.6,126.5,19504.4,1.396,28.4,37,8.4,15.6,23.6,1,0,0.973,49.93,0.9,13848.0
2026-04-28 04:00:00,IN-DC-048,Noida,13968.0,4679.0,703.6,115.9,19466.4,1.394,29.3,36,8.5,16.0,23.9,1,0,0.978,49.96,0.98,13821.0
2026-04-28 05:00:00,IN-DC-048,Noida,13968.0,4753.1,703.6,89.6,19514.3,1.397,30.2,40,8.8,16.1,24.4,1,0,0.968,49.96,1.06,13855.0
2026-04-28 06:00:00,IN-DC-048,Noida,13968.0,4886.7,703.6,98.7,19657.1,1.407,30.6,32,8.7,16.2,23.8,1,0,0.974,50.0,0.96,13957.0
2026-04-28 07:00:00,IN-DC-048,Noida,13968.0,4983.3,703.6,115.8,19770.7,1.415,31.6,27,8.7,15.7,24.5,1,0,0.969,49.87,1.11,14037.0
2026-04-28 08:00:00,IN-DC-048,Noida,13968.0,5368.1,703.6,101.7,20141.3,1.442,35.1,29,8.8,16.6,24.6,1,0,0.968,50.04,1.18,14300.0
2026-04-28 09:00:00,IN-DC-048,Noida,13968.0,5514.1,703.6,115.5,20301.1,1.453,37.1,23,9.0,16.3,24.1,1,0,0.97,49.89,1.41,14414.0
2026-04-28 10:00:00,IN-DC-048,Noida,13968.0,5660.4,703.6,106.8,20438.7,1.463,37.4,28,8.4,15.5,24.0,1,0,0.974,50.05,1.54,14511.0
2026-04-28 11:00:00,IN-DC-048,Noida,13968.0,5893.8,703.6,129.5,20694.9,1.482,40.5,28,9.1,16.3,24.2,1,0,0.987,49.95,1.44,14693.0
2026-04-28 12:00:00,IN-DC-048,Noida,13968.0,5976.9,703.6,130.0,20778.5,1.488,41.9,15,8.5,15.3,25.9,1,0,0.983,49.99,1.52,14753.0
2026-04-28 13:00:00,IN-DC-048,Noida,13968.0,6170.8,703.6,93.0,20935.3,1.499,43.4,19,9.0,16.4,24.5,1,0,0.969,49.99,1.72,14864.0
2026-04-28 14:00:00,IN-DC-048,Noida,13968.0,6336.2,703.6,119.3,21127.1,1.513,44.6,16,9.5,16.6,24.4,1,0,0.972,49.98,1.72,15000.0
2026-04-28 15:00:00,IN-DC-048,Noida,13968.0,6384.9,703.6,75.1,21131.5,1.513,44.0,19,9.4,16.5,25.3,1,0,0.983,49.98,1.61,15003.0
2026-04-28 16:00:00,IN-DC-048,Noida,13968.0,6181.6,703.6,112.0,20965.2,1.501,43.8,24,9.2,16.3,24.5,1,0,0.977,49.97,1.65,14885.0
2026-04-28 17:00:00,IN-DC-048,Noida,13968.0,6278.0,703.6,106.5,21056.1,1.507,44.0,17,9.1,16.1,24.7,1,0,0.978,50.04,1.89,14950.0
2026-04-28 18:00:00,IN-DC-048,Noida,13968.0,6132.9,703.6,131.6,20936.0,1.499,42.5,23,9.0,16.2,25.5,1,0,0.966,50.03,1.58,14865.0
2026-04-28 19:00:00,IN-DC-048,Noida,13968.0,6045.5,703.6,105.2,20822.2,1.491,41.5,26,8.7,15.8,25.5,1,0,0.974,49.86,1.67,14784.0
2026-04-28 20:00:00,IN-DC-048,Noida,13968.0,5720.5,703.6,126.5,20518.6,1.469,37.7,31,8.8,16.2,24.3,1,0,0.97,49.98,1.26,14568.0
2026-04-28 21:00:00,IN-DC-048,Noida,13968.0,5336.0,703.6,104.7,20112.3,1.44,36.0,29,8.8,15.8,24.0,1,0,0.979,50.06,1.29,14280.0
2026-04-28 22:00:00,IN-DC-048,Noida,13968.0,5235.5,703.6,124.0,20031.1,1.434,34.3,25,8.4,15.8,23.6,1,0,0.986,50.07,1.31,14222.0
2026-04-28 23:00:00,IN-DC-048,Noida,13968.0,5058.5,703.6,109.6,19839.7,1.42,32.0,31,8.7,15.8,24.0,1,0,0.975,50.07,1.09,14086.0
2026-04-29 00:00:00,IN-DC-048,Noida,13968.0,5009.6,703.6,122.6,19803.8,1.418,31.1,31,8.3,15.5,24.1,1,0,0.969,50.01,0.97,14061.0
2026-04-29 01:00:00,IN-DC-048,Noida,13968.0,4863.2,703.6,133.1,19667.9,1.408,29.9,38,8.9,15.7,23.5,1,0,0.989,49.98,1.04,13964.0
2026-04-29 02:00:00,IN-DC-048,Noida,13968.0,4662.2,703.6,113.2,19447.0,1.392,29.0,33,8.7,16.0,23.7,1,0,0.976,49.99,0.93,13807.0
2026-04-29 03:00:00,IN-DC-048,Noida,13968.0,4576.8,703.6,131.7,19380.1,1.387,28.4,42,8.4,15.8,24.0,1,0,0.988,49.99,0.98,13760.0
2026-04-29 04:00:00,IN-DC-048,Noida,13968.0,4679.3,703.6,119.5,19470.3,1.394,27.9,35,8.5,15.6,24.2,1,0,0.974,50.0,0.9,13824.0
2026-04-29 05:00:00,IN-DC-048,Noida,13968.0,4789.5,703.6,107.4,19568.4,1.401,29.4,42,8.6,15.5,24.5,1,0,0.981,49.96,1.05,13894.0
2026-04-29 06:00:00,IN-DC-048,Noida,13968.0,4902.7,703.6,106.0,19680.2,1.409,30.7,37,8.4,15.6,23.9,1,0,0.974,49.99,1.1,13973.0
2026-04-29 07:00:00,IN-DC-048,Noida,13968.0,5075.8,703.6,123.0,19870.4,1.423,32.4,28,8.6,15.7,23.5,1,0,0.995,50.05,1.04,14108.0
2026-04-29 08:00:00,IN-DC-048,Noida,13968.0,5255.3,703.6,134.0,20061.0,1.436,34.3,29,8.4,15.3,24.4,1,0,0.976,49.96,1.27,14243.0
2026-04-29 09:00:00,IN-DC-048,Noida,13968.0,5496.6,703.6,114.9,20283.1,1.452,36.6,28,8.7,16.2,24.5,1,0,0.967,50.02,1.23,14401.0
2026-04-29 10:00:00,IN-DC-048,Noida,13968.0,5506.5,703.6,120.4,20298.5,1.453,37.0,22,8.5,15.3,24.8,1,0,0.972,50.03,1.4,14412.0
2026-04-29 11:00:00,IN-DC-048,Noida,13968.0,5840.0,703.6,108.3,20619.9,1.476,39.1,14,8.5,16.0,25.0,1,0,0.969,49.94,1.48,14640.0
2026-04-29 12:00:00,IN-DC-048,Noida,13968.0,5986.3,703.6,98.1,20756.0,1.486,42.3,20,9.3,16.7,24.6,1,0,0.973,49.95,1.67,14737.0
2026-04-29 13:00:00,IN-DC-048,Noida,13968.0,6291.8,703.6,127.9,21091.2,1.51,43.6,19,9.3,16.8,25.3,1,0,0.974,50.02,1.47,14975.0
2026-04-29 14:00:00,IN-DC-048,Noida,13968.0,6286.3,703.6,121.3,21079.2,1.509,43.9,12,9.3,16.7,25.0,1,0,0.98,50.04,1.58,14966.0
2026-04-29 15:00:00,IN-DC-048,Noida,13968.0,6185.4,703.6,128.8,20985.8,1.502,44.0,16,9.0,16.3,25.5,1,0,0.983,50.03,1.74,14900.0
2026-04-29 16:00:00,IN-DC-048,Noida,13968.0,6262.4,703.6,132.1,21066.1,1.508,43.5,13,9.0,16.4,25.0,1,0,0.981,49.91,1.7,14957.0
2026-04-29 17:00:00,IN-DC-048,Noida,13968.0,6224.6,703.6,115.7,21011.9,1.504,42.7,17,8.8,16.3,24.8,1,0,0.976,50.09,1.67,14918.0
2026-04-29 18:00:00,IN-DC-048,Noida,13968.0,6271.5,703.6,112.0,21055.1,1.507,42.8,25,8.9,16.2,25.0,1,0,0.964,50.01,1.56,14949.0
2026-04-29 19:00:00,IN-DC-048,Noida,13968.0,5835.3,703.6,115.0,20621.8,1.476,40.0,22,9.0,16.2,24.6,1,0,0.978,50.08,1.48,14641.0
2026-04-29 20:00:00,IN-DC-048,Noida,13968.0,5773.6,703.6,113.7,20558.9,1.472,38.6,22,8.8,16.0,23.5,1,0,0.965,50.03,1.45,14597.0
2026-04-29 21:00:00,IN-DC-048,Noida,13968.0,5502.7,703.6,117.7,20292.0,1.453,36.1,29,8.9,16.2,23.3,1,0,0.974,50.03,1.2,14407.0
2026-04-29 22:00:00,IN-DC-048,Noida,13968.0,5330.1,703.6,79.6,20081.2,1.438,34.2,25,8.7,16.0,23.4,1,0,0.966,49.91,1.29,14258.0
2026-04-29 23:00:00,IN-DC-048,Noida,13968.0,5202.6,703.6,119.7,19993.9,1.431,33.1,40,8.3,15.3,23.5,1,0,0.972,50.01,1.09,14196.0
2026-04-30 00:00:00,IN-DC-048,Noida,13968.0,4719.6,703.6,109.5,19500.7,1.396,29.4,44,8.7,15.7,24.0,1,0,0.967,50.05,1.01,13845.0
2026-04-30 01:00:00,IN-DC-048,Noida,13968.0,4713.1,703.6,107.6,19492.2,1.395,29.2,45,8.8,16.1,24.5,1,0,0.978,50.03,1.06,13839.0
2026-04-30 02:00:00,IN-DC-048,Noida,13968.0,4652.5,703.6,127.4,19451.5,1.393,28.3,45,8.7,16.1,23.7,1,0,0.955,50.05,0.91,13811.0
2026-04-30 03:00:00,IN-DC-048,Noida,13968.0,4743.2,703.6,114.5,19529.3,1.398,28.2,44,8.6,16.1,24.2,1,0,0.973,50.05,0.87,13866.0
2026-04-30 04:00:00,IN-DC-048,Noida,13968.0,4604.6,703.6,118.5,19394.6,1.389,28.2,33,8.5,15.6,24.0,1,0,0.959,49.98,0.99,13770.0
2026-04-30 05:00:00,IN-DC-048,Noida,13968.0,4651.9,703.6,128.1,19451.6,1.393,28.5,38,8.3,15.6,23.4,1,0,0.975,50.02,0.85,13811.0
2026-04-30 06:00:00,IN-DC-048,Noida,13968.0,4840.0,703.6,112.7,19624.3,1.405,30.5,33,8.3,15.4,22.9,1,0,0.969,50.12,1.12,13933.0
2026-04-30 07:00:00,IN-DC-048,Noida,13968.0,5016.5,703.6,99.2,19787.3,1.417,32.1,37,8.3,15.6,24.4,1,0,0.975,50.01,1.14,14049.0
2026-04-30 08:00:00,IN-DC-048,Noida,13968.0,5252.5,703.6,112.2,20036.3,1.434,34.1,33,8.4,15.8,23.8,0,1,0.983,49.98,1.1,14226.0
2026-04-30 09:00:00,IN-DC-048,Noida,13968.0,5537.3,703.6,128.2,20337.1,1.456,36.1,17,8.6,16.0,24.6,0,1,0.984,50.02,1.31,14439.0
2026-04-30 10:00:00,IN-DC-048,Noida,13968.0,5824.6,703.6,94.1,20590.3,1.474,38.6,28,8.9,16.6,24.7,0,1,0.979,50.01,1.4,14619.0
2026-04-30 11:00:00,IN-DC-048,Noida,13968.0,5875.5,703.6,116.4,20663.5,1.479,40.3,22,9.1,16.3,24.6,0,1,0.978,49.97,1.61,14671.0
2026-04-30 12:00:00,IN-DC-048,Noida,13968.0,6124.2,703.6,97.6,20893.4,1.496,42.1,14,9.2,16.1,24.2,1,0,0.981,49.98,1.46,14834.0
2026-04-30 13:00:00,IN-DC-048,Noida,13968.0,6313.8,703.6,115.3,21100.7,1.511,43.6,21,9.1,16.4,24.2,1,0,0.97,49.93,1.79,14981.0
2026-04-30 14:00:00,IN-DC-048,Noida,13968.0,6297.4,703.6,137.7,21106.7,1.511,44.1,15,9.1,16.4,24.9,1,0,0.978,49.98,1.78,14986.0
2026-04-30 15:00:00,IN-DC-048,Noida,13968.0,6381.0,703.6,97.1,21149.7,1.514,44.7,19,9.2,16.5,25.4,1,0,0.97,50.08,1.74,15016.0
2026-04-30 16:00:00,IN-DC-048,Noida,13968.0,6396.2,703.6,107.3,21175.1,1.516,44.5,12,9.3,16.8,24.4,1,0,0.98,50.04,1.59,15034.0
2026-04-30 17:00:00,IN-DC-048,Noida,13968.0,6157.5,703.6,119.8,20948.9,1.5,42.4,23,8.7,16.0,24.6,1,0,0.981,49.97,1.52,14874.0
2026-04-30 18:00:00,IN-DC-048,Noida,13968.0,6097.9,703.6,122.7,20892.2,1.496,42.1,21,8.7,16.0,24.6,1,0,0.974,50.01,1.62,14833.0
2026-04-30 19:00:00,IN-DC-048,Noida,13968.0,5817.3,703.6,115.2,20604.1,1.475,40.0,20,9.1,16.3,24.4,1,0,0.973,49.96,1.53,14629.0
2026-04-30 20:00:00,IN-DC-048,Noida,13968.0,5841.6,703.6,101.5,20614.7,1.476,38.6,31,8.9,16.2,24.3,1,0,0.973,50.01,1.48,14636.0
2026-04-30 21:00:00,IN-DC-048,Noida,13968.0,5420.3,703.6,106.7,20198.6,1.446,36.3,32,9.1,16.2,24.0,1,0,0.973,50.02,1.22,14341.0
2026-04-30 22:00:00,IN-DC-048,Noida,13968.0,5332.0,703.6,121.7,20125.3,1.441,34.2,40,8.5,15.9,24.2,1,0,0.984,49.97,1.24,14289.0
2026-04-30 23:00:00,IN-DC-048,Noida,13968.0,5167.0,703.6,111.0,19949.6,1.428,32.7,33,8.7,16.1,23.9,1,0,0.981,50.02,1.05,14164.0
2026-04-01 00:00:00,IN-DC-060,Kolkata,25726.9,9273.9,1372.4,252.0,36625.3,1.424,29.4,72,8.5,14.1,24.4,1,0,0.984,50.04,0.94,26004.0
2026-04-01 01:00:00,IN-DC-060,Kolkata,25603.1,9180.6,1367.7,265.0,36416.4,1.422,28.1,83,8.7,14.7,24.4,1,0,0.985,50.01,0.91,25856.0
2026-04-01 02:00:00,IN-DC-060,Kolkata,25535.9,9516.7,1365.2,250.3,36668.0,1.436,28.3,81,8.6,14.2,23.3,1,0,0.971,50.0,0.93,26034.0
2026-04-01 03:00:00,IN-DC-060,Kolkata,25108.3,9186.7,1348.9,242.8,35886.7,1.429,27.8,89,8.3,13.7,24.1,1,0,0.984,50.08,1.08,25480.0
2026-04-01 04:00:00,IN-DC-060,Kolkata,25079.0,9081.3,1347.8,210.4,35718.6,1.424,28.5,79,8.4,14.1,24.0,1,0,0.981,50.1,0.91,25360.0
2026-04-01 05:00:00,IN-DC-060,Kolkata,24965.3,8935.3,1343.5,248.8,35492.9,1.422,28.9,79,8.5,14.2,23.3,1,0,0.977,49.97,0.79,25200.0
2026-04-01 06:00:00,IN-DC-060,Kolkata,24541.4,8952.8,1327.4,278.1,35099.7,1.43,29.3,79,8.3,13.6,24.3,1,0,0.977,50.11,0.95,24921.0
2026-04-01 07:00:00,IN-DC-060,Kolkata,24401.4,9299.9,1322.1,287.9,35311.3,1.447,29.8,85,8.3,13.6,23.4,1,0,0.989,49.99,0.98,25071.0
2026-04-01 08:00:00,IN-DC-060,Kolkata,25205.3,9342.8,1352.6,263.2,36163.8,1.435,31.1,72,8.4,14.0,24.5,1,0,0.98,50.01,1.1,25676.0
2026-04-01 09:00:00,IN-DC-060,Kolkata,24574.4,9456.7,1328.6,293.7,35653.4,1.451,32.9,76,8.3,13.7,24.1,1,0,0.985,50.05,1.11,25314.0
2026-04-01 10:00:00,IN-DC-060,Kolkata,25035.1,9734.9,1346.1,280.8,36397.0,1.454,33.5,66,8.6,14.1,24.4,1,0,0.963,50.06,1.34,25842.0
2026-04-01 11:00:00,IN-DC-060,Kolkata,24948.6,9818.2,1342.8,281.6,36391.4,1.459,34.7,64,8.6,14.0,24.0,1,0,0.976,49.99,1.12,25838.0
2026-04-01 12:00:00,IN-DC-060,Kolkata,25413.6,9888.7,1360.5,320.1,36983.0,1.455,35.3,66,9.1,14.9,24.1,1,0,0.978,49.9,1.26,26258.0
2026-04-01 13:00:00,IN-DC-060,Kolkata,25688.0,10089.8,1370.9,277.4,37426.2,1.457,36.8,56,8.7,14.4,24.3,1,0,0.974,50.05,1.4,26573.0
2026-04-01 14:00:00,IN-DC-060,Kolkata,25502.7,10352.0,1363.9,300.1,37518.7,1.471,36.1,62,9.1,14.6,23.9,1,0,0.975,49.96,1.28,26638.0
2026-04-01 15:00:00,IN-DC-060,Kolkata,26379.6,10609.8,1397.2,248.8,38635.3,1.465,37.4,64,8.8,14.0,24.3,1,0,0.967,50.16,1.29,27431.0
2026-04-01 16:00:00,IN-DC-060,Kolkata,26537.0,10395.8,1403.2,224.9,38561.0,1.453,36.5,58,9.0,14.3,24.0,1,0,0.971,49.98,1.43,27378.0
2026-04-01 17:00:00,IN-DC-060,Kolkata,26762.6,10712.1,1411.8,309.8,39196.3,1.465,36.5,58,8.8,14.9,24.7,1,0,0.963,50.04,1.24,27829.0
2026-04-01 18:00:00,IN-DC-060,Kolkata,26815.6,10445.1,1413.8,210.5,38885.0,1.45,34.6,62,8.6,14.5,24.6,1,0,0.97,50.04,1.25,27608.0
2026-04-01 19:00:00,IN-DC-060,Kolkata,26954.6,10639.8,1419.1,274.7,39288.3,1.458,34.1,69,8.7,14.5,24.0,1,0,0.981,50.0,1.1,27895.0
2026-04-01 20:00:00,IN-DC-060,Kolkata,27069.6,10279.6,1423.4,215.2,38987.9,1.44,33.5,67,8.5,14.1,23.6,1,0,0.972,49.96,1.16,27681.0
2026-04-01 21:00:00,IN-DC-060,Kolkata,26548.3,9822.9,1403.6,252.5,38027.5,1.432,32.5,63,8.8,14.5,24.6,1,0,0.967,50.05,1.06,27000.0
2026-04-01 22:00:00,IN-DC-060,Kolkata,27224.7,10144.5,1429.3,310.3,39108.9,1.437,31.3,71,8.4,14.4,23.9,1,0,0.98,49.99,1.1,27767.0
2026-04-01 23:00:00,IN-DC-060,Kolkata,26975.4,10267.1,1419.9,287.0,38949.4,1.444,29.6,83,8.3,14.3,23.9,1,0,0.975,49.89,1.04,27654.0
2026-04-02 00:00:00,IN-DC-060,Kolkata,26603.1,10147.1,1405.7,234.8,38390.7,1.443,29.4,89,8.4,14.0,23.8,1,0,0.98,49.99,0.88,27257.0
2026-04-02 01:00:00,IN-DC-060,Kolkata,26785.6,9914.5,1412.7,260.3,38373.1,1.433,29.3,76,8.6,14.3,24.0,1,0,0.981,49.98,0.99,27245.0
2026-04-02 02:00:00,IN-DC-060,Kolkata,26456.7,9511.0,1400.2,260.6,37628.4,1.422,28.1,80,8.7,14.3,24.3,1,0,0.978,50.01,0.95,26716.0
2026-04-02 03:00:00,IN-DC-060,Kolkata,26150.3,9581.0,1388.5,230.3,37350.1,1.428,27.5,90,8.5,14.2,23.8,1,0,0.984,50.02,0.98,26519.0
2026-04-02 04:00:00,IN-DC-060,Kolkata,26126.2,9719.5,1387.6,251.5,37484.8,1.435,28.1,89,8.4,13.9,24.5,1,0,0.993,49.98,1.0,26614.0
2026-04-02 05:00:00,IN-DC-060,Kolkata,25917.0,9327.8,1379.6,248.2,36872.7,1.423,28.3,76,8.5,14.1,22.9,1,0,0.993,50.1,0.86,26180.0
2026-04-02 06:00:00,IN-DC-060,Kolkata,25660.9,9533.8,1369.9,270.8,36835.4,1.435,29.1,78,8.6,13.9,24.5,1,0,0.966,49.89,1.08,26153.0
2026-04-02 07:00:00,IN-DC-060,Kolkata,25649.2,9699.0,1369.5,258.1,36975.7,1.442,30.3,78,8.8,14.3,23.8,1,0,0.974,50.11,1.14,26253.0
2026-04-02 08:00:00,IN-DC-060,Kolkata,25594.7,9800.9,1367.4,261.6,37024.6,1.447,30.5,74,8.6,14.6,23.9,1,0,0.968,49.98,0.94,26287.0
2026-04-02 09:00:00,IN-DC-060,Kolkata,25711.1,10349.4,1371.8,239.4,37671.7,1.465,33.3,78,8.9,14.3,24.0,1,0,0.972,49.97,1.24,26747.0
2026-04-02 10:00:00,IN-DC-060,Kolkata,25527.4,9926.6,1364.8,337.1,37156.1,1.456,34.8,63,8.6,14.4,24.0,1,0,0.962,49.98,1.17,26381.0
2026-04-02 11:00:00,IN-DC-060,Kolkata,25870.6,10202.5,1377.9,206.1,37657.2,1.456,35.5,63,8.7,14.2,24.2,1,0,0.985,50.08,1.32,26737.0
2026-04-02 12:00:00,IN-DC-060,Kolkata,26065.4,10292.4,1385.3,289.1,38032.1,1.459,35.5,59,8.6,14.0,24.1,1,0,0.992,49.97,1.37,27003.0
2026-04-02 13:00:00,IN-DC-060,Kolkata,26501.3,10541.7,1401.8,259.8,38704.6,1.46,35.4,65,9.2,14.7,24.2,1,0,0.968,50.02,1.19,27480.0
2026-04-02 14:00:00,IN-DC-060,Kolkata,26891.8,10888.4,1416.7,257.8,39454.7,1.467,36.3,59,8.8,14.5,24.7,1,0,0.964,50.02,1.37,28013.0
2026-04-02 15:00:00,IN-DC-060,Kolkata,26946.2,11140.2,1418.8,306.0,39811.1,1.477,37.3,56,8.9,14.7,24.1,1,0,0.976,49.95,1.46,28266.0
2026-04-02 16:00:00,IN-DC-060,Kolkata,27035.8,11186.5,1422.2,255.2,39899.7,1.476,36.6,69,9.0,14.9,24.0,1,0,0.985,49.96,1.29,28329.0
2026-04-02 17:00:00,IN-DC-060,Kolkata,27444.1,11070.7,1437.7,238.3,40190.8,1.464,36.3,61,8.9,14.5,24.5,1,0,0.971,49.97,1.32,28535.0
2026-04-02 18:00:00,IN-DC-060,Kolkata,27704.6,10952.4,1447.6,298.8,40403.4,1.458,35.9,65,8.9,14.4,24.5,1,0,0.975,50.04,1.3,28686.0
2026-04-02 19:00:00,IN-DC-060,Kolkata,28218.3,10983.5,1467.1,303.2,40972.1,1.452,34.8,62,8.7,14.6,25.0,1,0,0.984,49.95,1.21,29090.0
2026-04-02 20:00:00,IN-DC-060,Kolkata,27763.2,10666.5,1449.8,268.9,40148.4,1.446,33.5,67,8.5,14.8,23.8,1,0,0.975,50.03,1.25,28505.0
2026-04-02 21:00:00,IN-DC-060,Kolkata,27538.4,10324.1,1441.3,281.3,39585.0,1.437,32.6,64,8.3,14.2,24.1,1,0,0.969,49.98,1.13,28105.0
2026-04-02 22:00:00,IN-DC-060,Kolkata,27557.2,10030.0,1442.0,216.2,39245.3,1.424,30.1,75,8.6,14.1,24.8,1,0,0.974,50.07,1.2,27864.0
2026-04-02 23:00:00,IN-DC-060,Kolkata,27524.5,10466.5,1440.7,271.0,39702.8,1.442,29.4,80,8.4,14.4,24.7,1,0,0.969,49.91,0.92,28189.0
2026-04-03 00:00:00,IN-DC-060,Kolkata,27702.8,10162.8,1447.5,283.4,39596.4,1.429,29.1,80,8.4,14.5,23.8,1,0,0.965,50.0,1.01,28113.0
2026-04-03 01:00:00,IN-DC-060,Kolkata,27381.7,10011.1,1435.3,301.2,39129.4,1.429,28.2,84,8.6,14.4,23.5,1,0,0.981,49.96,0.92,27782.0
2026-04-03 02:00:00,IN-DC-060,Kolkata,27061.8,9787.9,1423.1,289.2,38562.0,1.425,27.9,84,8.8,14.4,24.0,1,0,0.982,50.0,0.82,27379.0
2026-04-03 03:00:00,IN-DC-060,Kolkata,27516.7,9869.4,1440.4,347.8,39174.4,1.424,28.0,77,8.3,14.4,24.2,1,0,0.982,50.09,0.99,27814.0
2026-04-03 04:00:00,IN-DC-060,Kolkata,26627.4,9272.4,1406.6,319.2,37625.6,1.413,28.3,81,8.4,14.1,23.9,1,0,0.989,49.98,0.81,26714.0
2026-04-03 05:00:00,IN-DC-060,Kolkata,26815.7,9791.5,1413.8,286.7,38307.7,1.429,28.5,80,8.4,14.0,23.1,1,0,0.977,50.05,0.9,27198.0
2026-04-03 06:00:00,IN-DC-060,Kolkata,26587.3,9690.3,1405.1,259.0,37941.8,1.427,29.8,83,8.6,14.4,24.5,1,0,0.978,49.96,1.04,26939.0
2026-04-03 07:00:00,IN-DC-060,Kolkata,26930.6,10169.1,1418.2,283.9,38801.8,1.441,30.3,72,8.4,14.2,24.1,1,0,0.98,50.04,1.1,27549.0
2026-04-03 08:00:00,IN-DC-060,Kolkata,26579.1,10288.8,1404.8,206.6,38479.2,1.448,31.9,71,8.7,14.4,23.4,1,0,0.972,49.93,1.06,27320.0
2026-04-03 09:00:00,IN-DC-060,Kolkata,26402.9,10098.5,1398.1,259.3,38158.8,1.445,32.1,71,8.7,14.4,23.9,1,0,0.987,50.02,1.16,27093.0
2026-04-03 10:00:00,IN-DC-060,Kolkata,27072.7,10222.4,1423.6,220.8,38939.4,1.438,33.1,67,8.5,14.4,24.0,1,0,0.965,50.08,1.26,27647.0
2026-04-03 11:00:00,IN-DC-060,Kolkata,26954.2,10528.5,1419.1,204.4,39106.2,1.451,34.5,65,8.3,14.1,23.7,1,0,0.96,50.05,1.21,27765.0
2026-04-03 12:00:00,IN-DC-060,Kolkata,26859.0,10647.0,1415.4,269.3,39190.7,1.459,36.3,63,8.5,14.4,24.6,1,0,0.978,49.9,1.23,27825.0
2026-04-03 13:00:00,IN-DC-060,Kolkata,27602.1,10988.8,1443.7,216.2,40250.8,1.458,36.2,56,8.7,14.8,24.4,1,0,0.978,50.04,1.32,28578.0
2026-04-03 14:00:00,IN-DC-060,Kolkata,27670.5,11417.7,1446.3,213.0,40747.5,1.473,37.5,51,9.3,15.2,24.3,1,0,0.968,50.07,1.32,28931.0
2026-04-03 15:00:00,IN-DC-060,Kolkata,28146.4,11446.7,1464.4,277.1,41334.5,1.469,37.1,56,8.5,14.6,24.6,1,0,0.982,49.97,1.42,29348.0
2026-04-03 16:00:00,IN-DC-060,Kolkata,28411.0,11554.2,1474.4,255.1,41694.7,1.468,36.6,54,8.5,14.2,25.2,1,0,0.97,49.99,1.16,29603.0
2026-04-03 17:00:00,IN-DC-060,Kolkata,28249.6,11598.0,1468.3,297.5,41613.3,1.473,36.2,68,8.9,14.4,24.2,1,0,0.97,49.99,1.35,29545.0
2026-04-03 18:00:00,IN-DC-060,Kolkata,28369.3,10802.9,1472.8,298.5,40943.5,1.443,34.6,63,8.6,14.7,23.9,1,0,0.974,50.04,1.19,29070.0
2026-04-03 19:00:00,IN-DC-060,Kolkata,28511.4,11141.2,1478.2,304.2,41434.9,1.453,34.8,55,8.6,14.9,24.7,1,0,0.966,50.02,1.11,29419.0
2026-04-03 20:00:00,IN-DC-060,Kolkata,28864.2,11391.7,1491.6,216.4,41963.9,1.454,33.5,68,8.3,14.1,24.2,1,0,0.976,50.03,1.27,29794.0
2026-04-03 21:00:00,IN-DC-060,Kolkata,28741.4,10634.3,1487.0,291.2,41153.8,1.432,32.5,72,8.6,14.9,23.4,1,0,0.968,50.04,1.15,29219.0
2026-04-03 22:00:00,IN-DC-060,Kolkata,28968.0,10980.7,1495.6,323.8,41768.0,1.442,31.8,74,8.9,14.9,23.8,1,0,0.974,50.0,1.16,29655.0
2026-04-03 23:00:00,IN-DC-060,Kolkata,28852.2,10615.4,1491.2,250.3,41209.1,1.428,30.4,77,8.6,14.5,24.0,1,0,0.974,50.0,1.0,29258.0
2026-04-04 00:00:00,IN-DC-060,Kolkata,27483.3,10278.9,1439.2,302.6,39504.0,1.437,29.6,77,8.7,14.7,23.8,1,0,0.98,49.98,0.91,28048.0
2026-04-04 01:00:00,IN-DC-060,Kolkata,27729.2,9866.5,1448.5,336.1,39380.3,1.42,27.9,75,8.3,14.3,23.7,1,0,0.971,50.06,0.85,27960.0
2026-04-04 02:00:00,IN-DC-060,Kolkata,27461.9,10169.8,1438.4,263.7,39333.8,1.432,28.8,81,8.2,14.2,24.1,1,0,0.984,50.04,0.85,27927.0
2026-04-04 03:00:00,IN-DC-060,Kolkata,27101.9,9990.4,1424.7,276.5,38793.5,1.431,28.2,82,8.3,14.1,23.2,1,0,0.969,50.04,0.94,27543.0
2026-04-04 04:00:00,IN-DC-060,Kolkata,27083.3,9705.5,1424.0,267.4,38480.2,1.421,28.6,78,8.9,14.9,24.0,1,0,0.976,49.91,0.98,27321.0
2026-04-04 05:00:00,IN-DC-060,Kolkata,27062.8,9781.1,1423.2,274.1,38541.2,1.424,28.5,77,8.4,14.1,24.0,1,0,0.977,49.96,1.0,27364.0
2026-04-04 06:00:00,IN-DC-060,Kolkata,27182.3,9820.0,1427.7,282.7,38712.7,1.424,29.3,79,8.9,15.3,24.1,1,0,0.977,50.14,0.99,27486.0
2026-04-04 07:00:00,IN-DC-060,Kolkata,26704.4,9964.8,1409.6,260.9,38339.7,1.436,30.7,71,8.6,14.7,24.3,1,0,0.959,50.06,1.03,27221.0
2026-04-04 08:00:00,IN-DC-060,Kolkata,26605.7,10079.8,1405.8,212.7,38304.0,1.44,31.0,76,8.3,13.8,23.7,1,0,0.959,49.99,1.11,27196.0
2026-04-04 09:00:00,IN-DC-060,Kolkata,26707.5,9964.4,1409.7,243.7,38325.4,1.435,31.8,72,8.6,13.8,24.2,1,0,0.957,49.94,1.02,27211.0
2026-04-04 10:00:00,IN-DC-060,Kolkata,26837.2,10160.3,1414.6,265.8,38678.0,1.441,33.4,67,8.5,14.4,23.8,1,0,0.976,49.98,1.22,27461.0
2026-04-04 11:00:00,IN-DC-060,Kolkata,27217.8,10812.6,1429.1,279.3,39738.7,1.46,33.9,74,8.9,14.6,24.1,1,0,0.982,50.0,1.17,28214.0
2026-04-04 12:00:00,IN-DC-060,Kolkata,26762.2,10475.9,1411.8,251.4,38901.2,1.454,35.4,59,9.1,15.0,24.6,1,0,0.974,50.03,1.15,27620.0
2026-04-04 13:00:00,IN-DC-060,Kolkata,27234.1,10698.4,1429.7,273.9,39636.0,1.455,35.8,56,8.7,14.7,23.9,1,0,0.963,50.03,1.37,28142.0
2026-04-04 14:00:00,IN-DC-060,Kolkata,27722.9,11256.9,1448.3,302.7,40730.7,1.469,36.6,68,8.4,14.3,24.2,1,0,0.978,50.03,1.31,28919.0
2026-04-04 15:00:00,IN-DC-060,Kolkata,28271.5,11262.7,1469.1,274.1,41277.5,1.46,36.8,69,8.9,15.1,24.6,1,0,0.98,50.06,1.35,29307.0
2026-04-04 16:00:00,IN-DC-060,Kolkata,28419.5,11504.5,1474.7,216.5,41615.2,1.464,36.9,56,9.1,15.2,24.2,1,0,0.975,49.98,1.35,29547.0
2026-04-04 17:00:00,IN-DC-060,Kolkata,28715.3,11483.6,1486.0,230.9,41915.8,1.46,36.7,60,8.9,14.6,24.7,1,0,0.96,49.97,1.17,29760.0
2026-04-04 18:00:00,IN-DC-060,Kolkata,28781.3,11513.2,1488.5,259.7,42042.8,1.461,36.4,62,8.5,14.6,23.5,1,0,0.966,50.02,1.33,29850.0
2026-04-04 19:00:00,IN-DC-060,Kolkata,29015.2,11270.5,1497.4,230.2,42013.4,1.448,34.7,59,8.3,14.5,23.7,1,0,0.989,49.98,1.26,29829.0
2026-04-04 20:00:00,IN-DC-060,Kolkata,28995.8,10913.0,1496.6,283.3,41688.8,1.438,33.9,61,8.6,14.7,23.7,1,0,0.977,50.06,1.18,29599.0
2026-04-04 21:00:00,IN-DC-060,Kolkata,29637.9,11178.5,1521.0,237.9,42575.3,1.437,32.3,70,8.1,14.4,24.0,1,0,0.986,50.01,1.16,30228.0
2026-04-04 22:00:00,IN-DC-060,Kolkata,28981.1,10793.0,1496.1,282.4,41552.6,1.434,31.2,73,8.6,14.5,24.1,1,0,0.976,49.93,1.03,29502.0
2026-04-04 23:00:00,IN-DC-060,Kolkata,29022.0,10513.6,1497.6,261.0,41294.2,1.423,30.1,70,8.5,14.6,23.9,1,0,0.968,49.96,1.03,29319.0
2026-04-05 00:00:00,IN-DC-060,Kolkata,28578.6,10395.1,1480.8,253.1,40707.6,1.424,29.4,77,8.2,14.4,23.5,1,0,0.985,49.98,0.96,28902.0
2026-04-05 01:00:00,IN-DC-060,Kolkata,28346.9,9846.9,1472.0,268.9,39934.7,1.409,27.8,73,8.7,14.6,24.3,1,0,0.983,50.0,0.92,28354.0
2026-04-05 02:00:00,IN-DC-060,Kolkata,28309.8,10379.4,1470.6,236.2,40396.0,1.427,29.1,81,8.4,14.1,24.3,1,0,0.966,49.96,1.01,28681.0
2026-04-05 03:00:00,IN-DC-060,Kolkata,28241.2,10450.6,1468.0,270.9,40430.7,1.432,28.6,85,8.4,14.5,23.9,1,0,0.978,49.93,0.93,28706.0
2026-04-05 04:00:00,IN-DC-060,Kolkata,27720.6,10213.5,1448.2,307.1,39689.4,1.432,29.0,83,8.6,14.5,23.6,1,0,0.974,50.0,1.04,28180.0
2026-04-05 05:00:00,IN-DC-060,Kolkata,27904.5,10185.7,1455.2,232.3,39777.7,1.425,28.3,79,8.2,13.9,24.7,1,0,0.968,49.94,0.9,28242.0
2026-04-05 06:00:00,IN-DC-060,Kolkata,27742.6,10154.4,1449.0,240.5,39586.5,1.427,29.1,83,8.2,13.9,23.6,1,0,0.983,49.94,1.09,28106.0
2026-04-05 07:00:00,IN-DC-060,Kolkata,27566.8,10036.6,1442.3,219.6,39265.3,1.424,30.5,75,8.0,13.6,24.0,1,0,0.971,50.0,1.13,27878.0
2026-04-05 08:00:00,IN-DC-060,Kolkata,27349.3,10004.8,1434.1,249.1,39037.3,1.427,31.4,73,8.6,14.1,24.2,1,0,0.97,49.97,1.15,27716.0
2026-04-05 09:00:00,IN-DC-060,Kolkata,28048.2,10608.1,1460.6,199.6,40316.6,1.437,32.6,69,8.8,14.9,24.2,1,0,0.98,50.01,1.13,28625.0
2026-04-05 10:00:00,IN-DC-060,Kolkata,27979.7,10704.5,1458.0,208.7,40350.9,1.442,33.6,66,8.6,14.4,23.9,1,0,0.978,50.1,1.18,28649.0
2026-04-05 11:00:00,IN-DC-060,Kolkata,28070.8,11048.2,1461.5,295.3,40875.8,1.456,34.2,64,8.8,15.0,24.6,1,0,0.968,49.94,1.09,29022.0
2026-04-05 12:00:00,IN-DC-060,Kolkata,27930.6,10979.1,1456.2,272.4,40638.2,1.455,35.1,61,8.9,14.8,24.2,1,0,0.986,50.01,1.23,28853.0
2026-04-05 13:00:00,IN-DC-060,Kolkata,28252.0,11276.1,1468.4,233.1,41229.6,1.459,36.4,60,8.6,14.7,24.5,1,0,0.989,50.03,1.19,29273.0
2026-04-05 14:00:00,IN-DC-060,Kolkata,28509.2,11847.1,1478.1,237.2,42071.6,1.476,37.1,63,8.9,14.7,24.3,1,0,0.986,50.04,1.27,29871.0
2026-04-05 15:00:00,IN-DC-060,Kolkata,29205.8,11684.8,1504.6,258.8,42654.0,1.46,37.2,55,8.7,14.8,25.1,1,0,0.971,50.04,1.36,30284.0
2026-04-05 16:00:00,IN-DC-060,Kolkata,29187.4,11794.5,1503.9,261.7,42747.5,1.465,36.8,54,8.6,14.9,24.6,1,0,0.965,50.08,1.28,30351.0
2026-04-05 17:00:00,IN-DC-060,Kolkata,29582.7,12017.8,1518.9,243.9,43363.4,1.466,36.0,65,8.6,14.9,23.7,1,0,0.964,49.99,1.3,30788.0
2026-04-05 18:00:00,IN-DC-060,Kolkata,29838.9,11562.3,1528.7,267.1,43197.1,1.448,34.9,58,8.6,14.8,23.6,1,0,0.968,49.9,1.31,30670.0
2026-04-05 19:00:00,IN-DC-060,Kolkata,30145.9,11697.1,1540.3,255.2,43638.6,1.448,35.8,64,8.9,15.2,24.8,1,0,0.975,50.04,1.3,30983.0
2026-04-05 20:00:00,IN-DC-060,Kolkata,29755.2,11571.6,1525.5,285.9,43138.3,1.45,33.7,70,8.6,14.4,23.8,1,0,0.959,49.96,1.13,30628.0
2026-04-05 21:00:00,IN-DC-060,Kolkata,30022.0,11620.6,1535.6,237.6,43415.9,1.446,32.8,72,8.6,15.3,24.1,1,0,0.958,49.92,1.15,30825.0
2026-04-05 22:00:00,IN-DC-060,Kolkata,30090.3,11644.4,1538.2,291.7,43564.6,1.448,32.7,75,8.6,15.1,23.6,1,0,0.978,49.98,1.02,30931.0
2026-04-05 23:00:00,IN-DC-060,Kolkata,29735.8,11482.6,1524.8,234.7,42977.8,1.445,31.1,82,8.9,15.1,24.0,1,0,0.987,49.93,1.04,30514.0
2026-04-06 00:00:00,IN-DC-060,Kolkata,30059.8,10802.2,1537.1,221.8,42620.9,1.418,28.4,76,8.1,14.9,23.4,1,0,0.99,49.95,0.94,30261.0
2026-04-06 01:00:00,IN-DC-060,Kolkata,30182.6,10822.1,1541.7,253.3,42799.8,1.418,29.1,77,8.6,14.8,24.7,1,0,0.99,50.06,1.0,30388.0
2026-04-06 02:00:00,IN-DC-060,Kolkata,29873.0,11072.1,1530.0,281.1,42756.2,1.431,29.0,89,8.7,15.0,24.5,1,0,0.972,50.03,0.93,30357.0
2026-04-06 03:00:00,IN-DC-060,Kolkata,29703.1,10915.9,1523.5,235.2,42377.7,1.427,28.6,85,8.4,14.6,24.0,1,0,0.976,50.0,1.04,30088.0
2026-04-06 04:00:00,IN-DC-060,Kolkata,29815.8,11046.7,1527.8,279.8,42670.1,1.431,28.8,78,8.4,15.0,23.9,1,0,0.972,49.99,0.89,30296.0
2026-04-06 05:00:00,IN-DC-060,Kolkata,29471.0,11160.1,1514.7,239.7,42385.5,1.438,29.9,84,8.6,14.9,23.6,1,0,0.961,49.94,1.01,30094.0
2026-04-06 06:00:00,IN-DC-060,Kolkata,29115.0,10631.0,1501.2,265.1,41512.3,1.426,29.1,79,8.6,14.9,24.0,1,0,0.972,50.07,1.08,29474.0
2026-04-06 07:00:00,IN-DC-060,Kolkata,29466.3,10674.1,1514.5,222.4,41877.3,1.421,30.2,74,8.6,15.0,23.4,1,0,0.966,49.99,1.06,29733.0
2026-04-06 08:00:00,IN-DC-060,Kolkata,29419.7,10845.9,1512.7,231.0,42009.3,1.428,31.0,72,8.6,14.8,24.1,1,0,0.975,49.99,1.09,29827.0
2026-04-06 09:00:00,IN-DC-060,Kolkata,29116.6,11023.4,1501.2,280.1,41921.4,1.44,32.8,72,8.5,14.9,23.9,1,0,0.976,50.11,1.07,29764.0
2026-04-06 10:00:00,IN-DC-060,Kolkata,29220.3,11689.3,1505.2,284.8,42699.5,1.461,34.3,72,8.7,14.8,24.4,1,0,0.978,49.98,1.16,30317.0
2026-04-06 11:00:00,IN-DC-060,Kolkata,29492.6,11500.0,1515.5,259.1,42767.2,1.45,35.3,59,9.3,15.2,24.6,1,0,0.973,49.97,1.36,30365.0
2026-04-06 12:00:00,IN-DC-060,Kolkata,29552.7,11464.7,1517.8,267.3,42802.5,1.448,35.2,52,9.0,15.4,24.0,1,0,0.975,50.05,1.16,30390.0
2026-04-06 13:00:00,IN-DC-060,Kolkata,29942.8,11950.2,1532.6,232.9,43658.5,1.458,36.4,60,8.8,15.7,24.5,1,0,0.964,50.09,1.14,30998.0
2026-04-06 14:00:00,IN-DC-060,Kolkata,30134.8,12080.4,1539.9,310.9,44066.1,1.462,36.7,58,8.8,15.1,24.2,1,0,0.965,50.05,1.36,31287.0
2026-04-06 15:00:00,IN-DC-060,Kolkata,30639.5,12244.3,1559.1,238.0,44680.9,1.458,37.5,56,8.6,15.1,24.1,1,0,0.977,50.02,1.51,31723.0
2026-04-06 16:00:00,IN-DC-060,Kolkata,30839.8,12473.6,1566.7,193.3,45073.4,1.462,37.2,65,8.7,15.0,24.1,1,0,0.976,49.98,1.31,32002.0
2026-04-06 17:00:00,IN-DC-060,Kolkata,31327.7,12373.5,1585.3,269.9,45556.3,1.454,36.3,60,8.7,15.1,24.9,1,0,0.961,49.99,1.27,32345.0
2026-04-06 18:00:00,IN-DC-060,Kolkata,31913.0,12471.7,1607.5,245.4,46237.6,1.449,36.0,61,8.8,15.6,24.4,1,0,0.977,50.0,1.23,32829.0
2026-04-06 19:00:00,IN-DC-060,Kolkata,31707.0,12242.7,1599.7,273.9,45823.4,1.445,35.0,65,8.7,15.1,24.7,1,0,0.978,49.98,1.25,32535.0
2026-04-06 20:00:00,IN-DC-060,Kolkata,31913.0,12180.0,1607.5,215.7,45916.2,1.439,32.4,68,8.6,15.1,24.3,1,0,0.964,49.97,1.23,32601.0
2026-04-06 21:00:00,IN-DC-060,Kolkata,31607.3,12044.7,1595.9,290.1,45538.0,1.441,33.3,68,8.5,14.7,23.4,1,0,0.977,50.02,1.16,32332.0
2026-04-06 22:00:00,IN-DC-060,Kolkata,31381.0,11941.2,1587.3,286.3,45195.8,1.44,31.5,78,8.6,15.1,23.1,1,0,0.974,50.06,1.11,32089.0
2026-04-06 23:00:00,IN-DC-060,Kolkata,31038.2,11780.3,1574.3,208.3,44601.0,1.437,30.5,84,8.5,14.9,24.6,1,0,0.969,49.98,0.97,31667.0
2026-04-07 00:00:00,IN-DC-060,Kolkata,31348.7,11179.0,1586.1,225.3,44339.1,1.414,29.1,81,8.6,15.1,23.7,1,0,0.948,50.06,0.94,31481.0
2026-04-07 01:00:00,IN-DC-060,Kolkata,31064.4,11211.7,1575.2,283.0,44134.4,1.421,28.7,83,8.5,14.8,24.2,1,0,0.978,50.08,0.99,31335.0
2026-04-07 02:00:00,IN-DC-060,Kolkata,30903.5,10817.8,1569.1,320.8,43611.2,1.411,28.2,77,8.4,14.9,23.5,1,0,0.967,50.03,0.93,30964.0
2026-04-07 03:00:00,IN-DC-060,Kolkata,30781.5,11139.1,1564.5,303.9,43789.0,1.423,27.8,87,8.4,14.6,24.3,1,0,0.981,49.91,1.0,31090.0
2026-04-07 04:00:00,IN-DC-060,Kolkata,30573.9,11149.7,1556.6,258.2,43538.4,1.424,28.2,82,8.4,14.7,23.6,1,0,0.978,50.02,1.03,30912.0
2026-04-07 05:00:00,IN-DC-060,Kolkata,30048.0,10641.9,1536.6,222.1,42448.8,1.413,28.5,81,8.5,14.2,24.5,1,0,0.979,50.01,0.97,30139.0
2026-04-07 06:00:00,IN-DC-060,Kolkata,30225.6,11164.9,1543.4,231.6,43165.5,1.428,28.9,82,8.5,14.8,24.1,1,0,0.993,50.01,0.89,30648.0
2026-04-07 07:00:00,IN-DC-060,Kolkata,30049.9,11148.0,1536.7,274.4,43009.0,1.431,30.1,79,8.2,14.1,23.9,1,0,0.978,49.95,1.1,30536.0
2026-04-07 08:00:00,IN-DC-060,Kolkata,30108.9,10892.1,1538.9,249.3,42789.2,1.421,31.4,68,8.3,14.5,24.1,1,0,0.974,50.01,1.16,30380.0
2026-04-07 09:00:00,IN-DC-060,Kolkata,29988.6,11253.0,1534.4,268.0,43043.9,1.435,32.4,70,8.7,15.1,23.8,1,0,0.98,50.01,1.06,30561.0
2026-04-07 10:00:00,IN-DC-060,Kolkata,30192.7,11466.4,1542.1,270.7,43472.0,1.44,33.1,67,8.6,15.0,23.6,1,0,0.973,50.09,1.16,30865.0
2026-04-07 11:00:00,IN-DC-060,Kolkata,30919.6,11773.2,1569.7,252.3,44514.9,1.44,33.7,64,8.7,15.0,24.4,1,0,0.975,49.95,1.25,31606.0
2026-04-07 12:00:00,IN-DC-060,Kolkata,30493.3,11802.5,1553.5,287.0,44136.4,1.447,35.3,52,8.4,14.7,23.5,1,0,0.962,49.99,1.21,31337.0
2026-04-07 13:00:00,IN-DC-060,Kolkata,30680.4,11922.4,1560.7,219.1,44382.5,1.447,35.7,53,8.6,14.9,24.3,1,0,0.964,49.91,1.27,31512.0
2026-04-07 14:00:00,IN-DC-060,Kolkata,31683.0,12645.4,1598.8,252.1,46179.3,1.458,36.3,60,8.6,15.3,24.2,1,0,0.974,49.96,1.26,32787.0
2026-04-07 15:00:00,IN-DC-060,Kolkata,31913.0,12626.1,1607.5,198.0,46344.6,1.452,36.2,55,8.8,15.8,24.2,1,0,0.986,49.98,1.26,32905.0
2026-04-07 16:00:00,IN-DC-060,Kolkata,31913.0,12440.1,1607.5,246.1,46206.8,1.448,36.1,48,8.8,15.4,23.6,1,0,0.977,50.01,1.31,32807.0
2026-04-07 17:00:00,IN-DC-060,Kolkata,31913.0,12840.6,1607.5,231.8,46592.9,1.46,36.8,59,8.9,15.6,24.0,1,0,0.976,49.98,1.24,33081.0
2026-04-07 18:00:00,IN-DC-060,Kolkata,31913.0,12337.3,1607.5,264.1,46121.9,1.445,35.5,59,8.3,15.1,23.5,1,0,0.983,49.92,1.32,32747.0
2026-04-07 19:00:00,IN-DC-060,Kolkata,31913.0,11745.8,1607.5,241.2,45507.5,1.426,34.4,60,8.4,14.9,23.0,1,0,0.994,50.03,1.24,32310.0
2026-04-07 20:00:00,IN-DC-060,Kolkata,31913.0,12077.5,1607.5,295.5,45893.5,1.438,32.7,71,8.5,15.1,23.6,1,0,0.975,49.94,1.02,32584.0
2026-04-07 21:00:00,IN-DC-060,Kolkata,31913.0,11745.3,1607.5,210.2,45476.0,1.425,31.8,70,8.6,15.0,24.2,1,0,0.975,49.97,1.02,32288.0
2026-04-07 22:00:00,IN-DC-060,Kolkata,31913.0,11506.9,1607.5,210.3,45237.7,1.418,31.1,67,8.3,14.8,24.5,1,0,0.977,49.97,1.12,32119.0
2026-04-07 23:00:00,IN-DC-060,Kolkata,31913.0,11740.2,1607.5,238.3,45499.1,1.426,30.0,75,8.4,14.9,24.1,1,0,0.977,50.09,0.99,32304.0
2026-04-08 00:00:00,IN-DC-060,Kolkata,31913.0,11601.8,1607.5,274.0,45396.3,1.423,29.5,83,8.7,15.5,23.5,1,0,0.974,49.94,0.91,32231.0
2026-04-08 01:00:00,IN-DC-060,Kolkata,31913.0,11127.9,1607.5,257.8,44906.2,1.407,28.1,74,8.5,15.3,23.8,1,0,0.974,49.88,0.88,31883.0
2026-04-08 02:00:00,IN-DC-060,Kolkata,31913.0,11203.8,1607.5,170.6,44894.9,1.407,27.6,79,8.6,15.1,23.3,1,0,0.982,49.91,0.9,31875.0
2026-04-08 03:00:00,IN-DC-060,Kolkata,31397.9,11018.1,1587.9,319.2,44323.1,1.412,27.5,79,8.7,15.3,24.0,1,0,0.975,49.96,0.91,31469.0
2026-04-08 04:00:00,IN-DC-060,Kolkata,31794.9,11229.6,1603.0,261.1,44888.5,1.412,27.6,85,8.4,14.9,23.8,1,0,0.981,50.0,0.84,31871.0
2026-04-08 05:00:00,IN-DC-060,Kolkata,31043.6,11478.9,1574.5,319.6,44416.6,1.431,29.3,82,8.5,15.2,24.1,1,0,0.984,50.02,0.91,31536.0
2026-04-08 06:00:00,IN-DC-060,Kolkata,30912.2,10848.1,1569.5,260.2,43590.0,1.41,27.9,79,8.3,14.6,23.5,1,0,0.973,49.94,1.03,30949.0
2026-04-08 07:00:00,IN-DC-060,Kolkata,31471.3,11259.7,1590.7,227.2,44548.9,1.416,29.7,69,8.4,15.1,24.0,1,0,0.978,50.08,0.89,31630.0
2026-04-08 08:00:00,IN-DC-060,Kolkata,30745.0,11503.5,1563.1,266.5,44078.1,1.434,31.2,78,8.7,15.1,23.6,1,0,0.964,50.04,1.13,31295.0
2026-04-08 09:00:00,IN-DC-060,Kolkata,30938.8,11594.3,1570.5,271.7,44375.3,1.434,32.7,63,8.7,15.1,23.9,1,0,0.984,50.06,1.18,31506.0
2026-04-08 10:00:00,IN-DC-060,Kolkata,31628.5,11838.9,1596.7,290.0,45354.0,1.434,33.8,63,8.9,15.5,23.7,1,0,0.969,50.0,1.07,32201.0
2026-04-08 11:00:00,IN-DC-060,Kolkata,31468.6,12256.1,1590.6,288.0,45603.2,1.449,35.5,60,8.6,15.1,24.3,1,0,0.972,49.92,1.27,32378.0
2026-04-08 12:00:00,IN-DC-060,Kolkata,31586.0,12568.7,1595.1,240.4,45990.1,1.456,35.6,66,8.6,14.6,24.3,1,0,0.954,49.9,1.28,32653.0
2026-04-08 13:00:00,IN-DC-060,Kolkata,31832.4,12488.2,1604.4,211.1,46136.1,1.449,36.7,61,8.7,15.3,23.9,1,0,0.977,49.96,1.36,32757.0
2026-04-08 14:00:00,IN-DC-060,Kolkata,31913.0,12316.2,1607.5,209.5,46046.1,1.443,36.6,51,9.0,15.8,23.7,1,0,0.975,50.01,1.34,32693.0
2026-04-08 15:00:00,IN-DC-060,Kolkata,31913.0,12333.1,1607.5,263.6,46117.2,1.445,36.4,55,8.8,15.5,24.7,1,0,0.966,49.96,1.32,32743.0
2026-04-08 16:00:00,IN-DC-060,Kolkata,31913.0,12243.4,1607.5,199.8,45963.7,1.44,35.9,58,8.4,15.3,25.1,1,0,0.968,49.99,1.35,32634.0
2026-04-08 17:00:00,IN-DC-060,Kolkata,31913.0,12833.9,1607.5,249.6,46603.9,1.46,36.7,66,8.4,14.9,23.8,1,0,0.969,50.07,1.39,33089.0
2026-04-08 18:00:00,IN-DC-060,Kolkata,31913.0,12438.6,1607.5,236.9,46196.0,1.448,35.8,67,8.3,14.9,24.7,1,0,0.969,50.02,1.38,32799.0
2026-04-08 19:00:00,IN-DC-060,Kolkata,31913.0,12130.2,1607.5,234.9,45885.6,1.438,34.5,67,8.7,15.2,24.1,1,0,0.967,50.0,1.27,32579.0
2026-04-08 20:00:00,IN-DC-060,Kolkata,31913.0,12328.8,1607.5,258.3,46107.6,1.445,33.8,73,9.0,15.8,23.8,1,0,0.983,50.0,1.21,32736.0
2026-04-08 21:00:00,IN-DC-060,Kolkata,31913.0,11852.8,1607.5,317.9,45691.1,1.432,32.3,69,8.8,15.5,23.9,1,0,0.975,50.04,0.93,32441.0
2026-04-08 22:00:00,IN-DC-060,Kolkata,31913.0,11672.0,1607.5,261.3,45453.9,1.424,31.2,72,8.3,15.1,23.7,1,0,0.988,50.04,1.16,32272.0
2026-04-08 23:00:00,IN-DC-060,Kolkata,31913.0,11562.6,1607.5,277.7,45360.8,1.421,30.7,71,8.2,14.5,24.3,1,0,0.97,49.98,0.9,32206.0
2026-04-09 00:00:00,IN-DC-060,Kolkata,31913.0,11095.8,1607.5,270.5,44886.9,1.407,30.2,69,8.7,15.0,24.2,1,0,0.961,49.93,0.99,31870.0
2026-04-09 01:00:00,IN-DC-060,Kolkata,31913.0,11371.6,1607.5,233.1,45125.2,1.414,29.0,77,8.3,14.9,24.3,1,0,0.974,50.05,0.89,32039.0
2026-04-09 02:00:00,IN-DC-060,Kolkata,31913.0,11318.5,1607.5,298.2,45137.2,1.414,28.3,77,8.7,15.3,24.5,1,0,0.974,49.95,0.9,32047.0
2026-04-09 03:00:00,IN-DC-060,Kolkata,31913.0,11298.9,1607.5,280.7,45100.2,1.413,28.5,80,8.3,14.9,24.2,1,0,0.968,49.99,0.9,32021.0
2026-04-09 04:00:00,IN-DC-060,Kolkata,31913.0,11365.2,1607.5,293.9,45179.7,1.416,27.8,83,8.4,15.0,24.1,1,0,0.961,50.07,0.88,32078.0
2026-04-09 05:00:00,IN-DC-060,Kolkata,31837.4,11006.1,1604.6,243.9,44692.0,1.404,28.3,72,8.4,15.0,23.6,1,0,0.956,50.09,0.99,31731.0
2026-04-09 06:00:00,IN-DC-060,Kolkata,31913.0,12239.2,1607.5,237.2,45996.9,1.441,29.6,92,8.4,15.1,24.5,1,0,0.98,49.96,0.95,32658.0
2026-04-09 07:00:00,IN-DC-060,Kolkata,31420.9,11850.1,1588.8,265.3,45125.0,1.436,30.9,80,8.5,15.0,24.1,1,0,0.98,50.1,0.99,32039.0
2026-04-09 08:00:00,IN-DC-060,Kolkata,31462.8,11946.0,1590.4,245.5,45244.7,1.438,31.7,73,8.7,15.1,24.0,1,0,0.973,49.97,1.04,32124.0
2026-04-09 09:00:00,IN-DC-060,Kolkata,31441.8,12017.3,1589.6,241.3,45290.1,1.44,32.3,73,8.6,15.4,23.8,1,0,0.986,50.1,1.03,32156.0
2026-04-09 10:00:00,IN-DC-060,Kolkata,31913.0,12344.1,1607.5,257.1,46121.7,1.445,34.3,66,8.3,14.7,23.9,1,0,0.966,50.02,1.11,32746.0
2026-04-09 11:00:00,IN-DC-060,Kolkata,31913.0,12167.4,1607.5,254.4,45942.3,1.44,34.1,64,9.1,16.1,24.4,1,0,0.978,50.01,1.19,32619.0
2026-04-09 12:00:00,IN-DC-060,Kolkata,31913.0,12169.1,1607.5,287.9,45977.5,1.441,35.4,54,8.6,15.6,23.9,1,0,0.977,50.05,1.16,32644.0
2026-04-09 13:00:00,IN-DC-060,Kolkata,31913.0,12534.6,1607.5,322.6,46377.7,1.453,36.3,61,9.2,15.9,23.9,1,0,0.97,50.08,1.37,32928.0
2026-04-09 14:00:00,IN-DC-060,Kolkata,31913.0,12641.9,1607.5,289.8,46452.2,1.456,36.5,63,8.9,15.8,24.6,1,0,0.986,50.01,1.37,32981.0
2026-04-09 15:00:00,IN-DC-060,Kolkata,31913.0,13051.7,1607.5,289.6,46861.8,1.468,37.4,58,9.0,15.8,24.6,1,0,0.98,50.0,1.37,33272.0
2026-04-09 16:00:00,IN-DC-060,Kolkata,31913.0,12791.7,1607.5,331.3,46643.5,1.462,36.7,64,8.8,15.5,23.8,1,0,0.987,50.06,1.49,33117.0
2026-04-09 17:00:00,IN-DC-060,Kolkata,31913.0,12539.8,1607.5,256.9,46317.1,1.451,36.2,55,8.7,15.5,24.1,1,0,0.963,50.02,1.27,32885.0
2026-04-09 18:00:00,IN-DC-060,Kolkata,31913.0,12597.8,1607.5,229.9,46348.2,1.452,35.6,57,8.8,15.6,24.9,1,0,0.973,50.0,1.31,32907.0
2026-04-09 19:00:00,IN-DC-060,Kolkata,31913.0,12134.5,1607.5,282.7,45937.7,1.439,34.4,63,8.5,15.1,23.4,1,0,0.968,50.16,1.31,32616.0
2026-04-09 20:00:00,IN-DC-060,Kolkata,31913.0,11962.8,1607.5,271.3,45754.6,1.434,33.9,65,8.9,15.4,23.5,1,0,0.975,49.95,1.18,32486.0
2026-04-09 21:00:00,IN-DC-060,Kolkata,31913.0,12452.9,1607.5,305.6,46279.0,1.45,33.1,71,8.7,15.1,24.1,1,0,0.98,49.97,1.26,32858.0
2026-04-09 22:00:00,IN-DC-060,Kolkata,31913.0,11869.7,1607.5,290.5,45680.6,1.431,31.4,74,8.6,15.2,23.9,1,0,0.98,49.98,1.01,32433.0
2026-04-09 23:00:00,IN-DC-060,Kolkata,31913.0,11840.0,1607.5,270.7,45631.2,1.43,30.7,73,8.5,14.8,23.9,1,0,0.977,49.92,0.95,32398.0
2026-04-10 00:00:00,IN-DC-060,Kolkata,31913.0,11957.0,1607.5,262.6,45740.2,1.433,30.3,79,8.5,15.0,24.2,1,0,0.972,50.07,0.87,32476.0
2026-04-10 01:00:00,IN-DC-060,Kolkata,31913.0,11402.5,1607.5,285.0,45208.0,1.417,28.5,77,8.3,15.0,24.2,1,0,0.979,50.09,0.89,32098.0
2026-04-10 02:00:00,IN-DC-060,Kolkata,31913.0,11617.7,1607.5,261.2,45399.4,1.423,28.5,80,8.6,15.4,23.8,1,0,0.985,50.0,0.87,32234.0
2026-04-10 03:00:00,IN-DC-060,Kolkata,31913.0,11253.3,1607.5,254.4,45028.1,1.411,28.3,76,8.7,15.2,24.0,1,0,0.964,49.95,0.91,31970.0
2026-04-10 04:00:00,IN-DC-060,Kolkata,31913.0,11313.6,1607.5,214.4,45048.4,1.412,27.3,84,8.8,15.4,23.4,1,0,0.985,50.01,0.94,31984.0
2026-04-10 05:00:00,IN-DC-060,Kolkata,31913.0,11661.4,1607.5,292.6,45474.5,1.425,28.7,84,8.4,15.4,24.1,1,0,0.976,50.0,0.86,32287.0
2026-04-10 06:00:00,IN-DC-060,Kolkata,31913.0,11388.7,1607.5,274.3,45183.5,1.416,29.5,73,8.6,15.4,23.8,1,0,0.976,49.98,1.0,32080.0
2026-04-10 07:00:00,IN-DC-060,Kolkata,31913.0,11948.0,1607.5,191.1,45659.7,1.431,30.9,81,8.4,14.8,23.7,1,0,0.965,49.98,1.05,32418.0
2026-04-10 08:00:00,IN-DC-060,Kolkata,31913.0,11765.8,1607.5,313.1,45599.4,1.429,31.9,71,8.6,15.4,23.9,1,0,0.98,50.0,1.06,32376.0
2026-04-10 09:00:00,IN-DC-060,Kolkata,31913.0,12040.8,1607.5,276.3,45837.6,1.436,32.9,67,8.3,14.9,24.1,1,0,0.968,49.96,1.13,32545.0
2026-04-10 10:00:00,IN-DC-060,Kolkata,31913.0,12549.3,1607.5,302.5,46372.3,1.453,33.8,67,8.9,15.8,24.6,1,0,0.973,49.95,1.06,32924.0
2026-04-10 11:00:00,IN-DC-060,Kolkata,31913.0,12579.6,1607.5,234.7,46334.8,1.452,35.3,70,8.6,15.0,23.1,1,0,0.977,49.95,1.21,32898.0
2026-04-10 12:00:00,IN-DC-060,Kolkata,31913.0,12755.9,1607.5,303.1,46579.5,1.46,36.6,61,8.9,15.5,24.5,1,0,0.966,50.01,1.37,33071.0
2026-04-10 13:00:00,IN-DC-060,Kolkata,31913.0,12619.8,1607.5,289.2,46429.5,1.455,36.4,61,8.1,15.1,24.6,1,0,0.971,50.0,1.35,32965.0
2026-04-10 14:00:00,IN-DC-060,Kolkata,31913.0,12706.7,1607.5,229.0,46456.2,1.456,37.7,56,8.8,15.4,25.3,1,0,0.965,49.93,1.36,32984.0
2026-04-10 15:00:00,IN-DC-060,Kolkata,31913.0,13183.2,1607.5,312.9,47016.7,1.473,37.8,59,8.9,15.8,24.5,1,0,0.972,50.1,1.41,33382.0
2026-04-10 16:00:00,IN-DC-060,Kolkata,31913.0,12799.8,1607.5,289.6,46609.9,1.461,36.7,59,8.6,15.0,24.4,1,0,0.984,49.92,1.38,33093.0
2026-04-10 17:00:00,IN-DC-060,Kolkata,31913.0,12734.2,1607.5,291.3,46546.0,1.459,37.5,56,8.6,15.1,23.9,1,0,0.968,49.98,1.37,33048.0
2026-04-10 18:00:00,IN-DC-060,Kolkata,31913.0,12885.1,1607.5,311.4,46716.9,1.464,36.0,67,8.7,15.1,24.5,1,0,0.981,50.07,1.4,33169.0
2026-04-10 19:00:00,IN-DC-060,Kolkata,31913.0,12450.6,1607.5,316.6,46287.7,1.45,35.4,66,8.5,14.9,23.7,1,0,0.98,50.05,1.25,32864.0
2026-04-10 20:00:00,IN-DC-060,Kolkata,31913.0,12455.4,1607.5,287.7,46263.5,1.45,34.1,70,8.7,15.5,23.6,1,0,0.978,49.95,1.19,32847.0
2026-04-10 21:00:00,IN-DC-060,Kolkata,31913.0,11663.8,1607.5,242.4,45426.6,1.423,32.6,64,8.4,15.2,23.6,1,0,0.983,49.98,1.02,32253.0
2026-04-10 22:00:00,IN-DC-060,Kolkata,31913.0,12215.3,1607.5,247.2,45983.0,1.441,32.2,73,8.7,15.4,23.6,1,0,0.975,49.98,1.09,32648.0
2026-04-10 23:00:00,IN-DC-060,Kolkata,31913.0,11230.0,1607.5,275.7,45026.2,1.411,30.2,67,8.7,15.3,24.0,1,0,0.955,50.06,0.95,31969.0
2026-04-11 00:00:00,IN-DC-060,Kolkata,31913.0,12137.3,1607.5,299.8,45957.6,1.44,30.4,82,8.8,15.2,24.2,1,0,0.974,49.97,1.08,32630.0
2026-04-11 01:00:00,IN-DC-060,Kolkata,31913.0,11587.7,1607.5,268.4,45376.6,1.422,29.1,84,8.6,15.0,23.6,1,0,0.982,49.98,0.98,32217.0
2026-04-11 02:00:00,IN-DC-060,Kolkata,31913.0,11609.1,1607.5,298.0,45427.6,1.423,28.1,84,8.1,15.1,24.7,1,0,0.982,49.97,0.84,32254.0
2026-04-11 03:00:00,IN-DC-060,Kolkata,31913.0,11268.2,1607.5,266.5,45055.2,1.412,27.8,74,8.4,14.7,24.1,1,0,0.98,49.93,0.81,31989.0
2026-04-11 04:00:00,IN-DC-060,Kolkata,31913.0,11416.5,1607.5,283.8,45220.8,1.417,28.3,83,8.4,15.1,23.8,1,0,0.983,50.09,0.97,32107.0
2026-04-11 05:00:00,IN-DC-060,Kolkata,31913.0,11887.8,1607.5,235.9,45644.2,1.43,29.2,80,8.5,15.1,24.1,1,0,0.972,49.99,0.87,32407.0
2026-04-11 06:00:00,IN-DC-060,Kolkata,31913.0,11282.8,1607.5,277.2,45080.5,1.413,29.8,75,8.8,15.4,23.8,1,0,0.971,50.01,0.92,32007.0
2026-04-11 07:00:00,IN-DC-060,Kolkata,31913.0,11875.1,1607.5,259.8,45655.3,1.431,30.9,73,8.7,15.3,24.8,1,0,0.992,50.02,1.09,32415.0
2026-04-11 08:00:00,IN-DC-060,Kolkata,31913.0,11940.2,1607.5,272.7,45733.4,1.433,32.0,70,8.2,14.7,24.3,1,0,0.976,50.01,1.08,32471.0
2026-04-11 09:00:00,IN-DC-060,Kolkata,31913.0,12391.7,1607.5,308.1,46220.3,1.448,33.6,74,9.0,15.5,24.0,1,0,0.987,49.99,1.14,32816.0
2026-04-11 10:00:00,IN-DC-060,Kolkata,31913.0,11807.5,1607.5,248.7,45576.7,1.428,33.8,62,8.7,15.0,24.0,1,0,0.99,49.99,1.3,32359.0
2026-04-11 11:00:00,IN-DC-060,Kolkata,31913.0,11902.9,1607.5,221.1,45644.5,1.43,34.6,63,8.3,15.0,23.9,1,0,0.964,49.93,1.24,32408.0
2026-04-11 12:00:00,IN-DC-060,Kolkata,31913.0,12662.2,1607.5,201.4,46384.0,1.453,35.8,64,9.0,15.7,23.9,1,0,0.959,50.05,1.25,32933.0
2026-04-11 13:00:00,IN-DC-060,Kolkata,31913.0,12712.2,1607.5,287.4,46520.2,1.458,36.5,62,8.5,14.8,24.3,1,0,0.981,50.0,1.26,33029.0
2026-04-11 14:00:00,IN-DC-060,Kolkata,31913.0,12864.1,1607.5,269.8,46654.4,1.462,37.3,64,8.9,15.3,24.2,1,0,0.968,50.04,1.31,33125.0
2026-04-11 15:00:00,IN-DC-060,Kolkata,31913.0,13216.6,1607.5,216.5,46953.6,1.471,37.8,57,8.9,15.5,24.3,1,0,0.98,50.04,1.59,33337.0
2026-04-11 16:00:00,IN-DC-060,Kolkata,31913.0,12583.6,1607.5,297.5,46401.6,1.454,36.9,59,8.5,14.9,23.9,1,0,0.984,49.95,1.48,32945.0
2026-04-11 17:00:00,IN-DC-060,Kolkata,31913.0,12629.9,1607.5,276.9,46427.3,1.455,35.3,57,8.8,15.4,24.6,1,0,0.973,49.94,1.16,32963.0
2026-04-11 18:00:00,IN-DC-060,Kolkata,31913.0,12492.6,1607.5,257.0,46270.1,1.45,35.4,58,9.2,15.9,24.3,1,0,0.973,49.97,1.25,32852.0
2026-04-11 19:00:00,IN-DC-060,Kolkata,31913.0,12361.5,1607.5,256.4,46138.4,1.446,34.3,66,8.9,15.5,23.6,1,0,0.987,49.99,1.24,32758.0
2026-04-11 20:00:00,IN-DC-060,Kolkata,31913.0,12396.5,1607.5,253.5,46170.5,1.447,34.0,67,9.0,15.7,23.5,1,0,0.98,49.97,1.27,32781.0
2026-04-11 21:00:00,IN-DC-060,Kolkata,31913.0,12002.2,1607.5,211.2,45733.8,1.433,32.6,72,8.6,15.0,23.6,1,0,0.98,50.09,0.98,32471.0
2026-04-11 22:00:00,IN-DC-060,Kolkata,31913.0,11546.9,1607.5,227.8,45295.2,1.419,31.8,67,8.8,15.3,23.4,1,0,0.982,50.02,1.19,32160.0
2026-04-11 23:00:00,IN-DC-060,Kolkata,31913.0,11909.7,1607.5,267.7,45697.9,1.432,30.5,81,8.6,14.9,24.3,1,0,0.977,50.04,0.98,32445.0
2026-04-12 00:00:00,IN-DC-060,Kolkata,31913.0,11501.8,1607.5,307.8,45330.2,1.42,29.7,79,8.5,15.1,24.2,1,0,0.979,49.99,0.88,32184.0
2026-04-12 01:00:00,IN-DC-060,Kolkata,31913.0,11539.8,1607.5,288.2,45348.4,1.421,29.7,76,8.4,15.3,23.9,1,0,0.955,50.05,1.02,32197.0
2026-04-12 02:00:00,IN-DC-060,Kolkata,31913.0,11203.0,1607.5,307.5,45031.1,1.411,27.8,78,8.4,15.0,23.7,1,0,0.981,50.01,0.86,31972.0
2026-04-12 03:00:00,IN-DC-060,Kolkata,31913.0,11481.5,1607.5,249.3,45251.4,1.418,28.6,84,8.5,15.0,23.3,1,0,0.98,49.96,0.89,32128.0
2026-04-12 04:00:00,IN-DC-060,Kolkata,31913.0,11702.9,1607.5,204.7,45428.1,1.423,28.9,87,8.3,14.9,24.6,1,0,0.964,49.9,1.1,32254.0
2026-04-12 05:00:00,IN-DC-060,Kolkata,31913.0,11245.9,1607.5,269.0,45035.5,1.411,28.8,80,8.3,15.0,24.0,1,0,0.964,50.02,0.72,31975.0
2026-04-12 06:00:00,IN-DC-060,Kolkata,31913.0,11359.7,1607.5,227.6,45107.8,1.413,29.4,74,8.3,15.2,23.5,1,0,0.987,50.0,1.06,32027.0
2026-04-12 07:00:00,IN-DC-060,Kolkata,31913.0,11886.1,1607.5,187.1,45593.7,1.429,31.2,78,8.6,15.0,24.3,1,0,0.979,50.01,1.03,32372.0
2026-04-12 08:00:00,IN-DC-060,Kolkata,31913.0,11578.0,1607.5,312.4,45410.8,1.423,30.7,76,8.5,15.2,24.0,1,0,0.989,50.04,1.07,32242.0
2026-04-12 09:00:00,IN-DC-060,Kolkata,31913.0,12138.2,1607.5,247.8,45906.5,1.438,33.3,68,8.7,15.3,23.9,1,0,0.965,49.93,1.24,32594.0
2026-04-12 10:00:00,IN-DC-060,Kolkata,31913.0,11981.5,1607.5,261.8,45763.8,1.434,34.6,65,8.5,14.9,24.4,1,0,0.977,50.03,1.29,32492.0
2026-04-12 11:00:00,IN-DC-060,Kolkata,31913.0,12263.2,1607.5,258.6,46042.3,1.443,35.5,62,8.7,15.4,24.4,1,0,0.97,49.99,1.3,32690.0
2026-04-12 12:00:00,IN-DC-060,Kolkata,31913.0,12483.1,1607.5,308.7,46312.4,1.451,35.8,61,8.6,15.2,24.7,1,0,0.971,49.96,1.36,32882.0
2026-04-12 13:00:00,IN-DC-060,Kolkata,31913.0,12467.2,1607.5,217.0,46204.8,1.448,36.3,62,9.1,15.9,24.1,1,0,0.972,49.98,1.31,32805.0
2026-04-12 14:00:00,IN-DC-060,Kolkata,31913.0,12577.6,1607.5,284.2,46382.4,1.453,36.5,59,8.5,15.4,23.6,1,0,0.97,50.02,1.31,32931.0
2026-04-12 15:00:00,IN-DC-060,Kolkata,31913.0,13311.0,1607.5,208.5,47040.0,1.474,37.4,67,8.6,15.2,24.3,1,0,0.979,49.98,1.4,33398.0
2026-04-12 16:00:00,IN-DC-060,Kolkata,31913.0,13105.8,1607.5,277.2,46903.5,1.47,37.6,60,9.1,15.7,25.5,1,0,0.975,50.06,1.45,33302.0
2026-04-12 17:00:00,IN-DC-060,Kolkata,31913.0,12843.4,1607.5,235.2,46599.1,1.46,38.1,53,8.8,15.6,24.3,1,0,0.966,50.05,1.41,33085.0
2026-04-12 18:00:00,IN-DC-060,Kolkata,31913.0,12411.0,1607.5,212.9,46144.4,1.446,35.6,55,9.1,15.7,24.0,1,0,0.969,49.97,1.24,32763.0
2026-04-12 19:00:00,IN-DC-060,Kolkata,31913.0,12788.0,1607.5,256.9,46565.4,1.459,35.5,67,8.7,15.4,24.1,1,0,0.983,50.09,1.36,33061.0
2026-04-12 20:00:00,IN-DC-060,Kolkata,31913.0,12270.5,1607.5,232.6,46023.6,1.442,34.7,65,8.5,15.3,24.5,1,0,0.971,50.02,1.21,32677.0
2026-04-12 21:00:00,IN-DC-060,Kolkata,31913.0,12041.8,1607.5,334.0,45896.3,1.438,32.5,68,8.7,15.3,24.6,1,0,0.981,49.99,1.11,32586.0
2026-04-12 22:00:00,IN-DC-060,Kolkata,31913.0,12033.1,1607.5,276.8,45830.3,1.436,31.9,73,8.4,15.2,23.4,1,0,0.977,49.99,1.0,32540.0
2026-04-12 23:00:00,IN-DC-060,Kolkata,31913.0,11417.6,1607.5,219.9,45158.0,1.415,30.3,68,8.2,14.9,24.2,1,0,0.975,49.93,1.0,32062.0
2026-04-13 00:00:00,IN-DC-060,Kolkata,31913.0,11503.6,1607.5,244.8,45268.9,1.419,29.3,78,8.4,14.9,24.2,1,0,0.978,49.98,0.96,32141.0
2026-04-13 01:00:00,IN-DC-060,Kolkata,31913.0,11710.2,1607.5,278.9,45509.6,1.426,28.5,85,8.4,15.1,24.3,1,0,0.974,49.97,0.94,32312.0
2026-04-13 02:00:00,IN-DC-060,Kolkata,31913.0,11368.6,1607.5,241.4,45130.5,1.414,28.7,83,8.5,15.1,24.3,1,0,0.971,50.09,0.94,32043.0
2026-04-13 03:00:00,IN-DC-060,Kolkata,31913.0,11524.4,1607.5,251.7,45296.6,1.419,28.2,85,8.4,14.6,23.6,1,0,0.983,50.01,0.99,32161.0
2026-04-13 04:00:00,IN-DC-060,Kolkata,31913.0,11558.0,1607.5,313.9,45392.4,1.422,28.8,83,8.5,15.2,23.5,1,0,0.973,50.04,0.9,32229.0
2026-04-13 05:00:00,IN-DC-060,Kolkata,31913.0,11416.7,1607.5,312.7,45249.8,1.418,28.7,82,8.5,15.0,23.9,1,0,0.972,50.03,0.97,32127.0
2026-04-13 06:00:00,IN-DC-060,Kolkata,31913.0,11611.7,1607.5,263.4,45395.6,1.422,29.4,75,8.4,15.2,24.0,1,0,0.961,50.02,0.84,32231.0
2026-04-13 07:00:00,IN-DC-060,Kolkata,31913.0,11611.0,1607.5,279.2,45410.7,1.423,30.6,74,8.7,15.4,24.4,1,0,0.979,49.98,1.01,32242.0
2026-04-13 08:00:00,IN-DC-060,Kolkata,31913.0,12089.7,1607.5,267.8,45878.0,1.438,32.1,70,8.5,15.2,23.5,1,0,0.973,50.01,1.16,32573.0
2026-04-13 09:00:00,IN-DC-060,Kolkata,31913.0,12144.3,1607.5,291.0,45955.8,1.44,33.0,70,8.9,15.3,23.9,1,0,0.985,50.0,1.1,32629.0
2026-04-13 10:00:00,IN-DC-060,Kolkata,31913.0,11853.5,1607.5,231.5,45605.6,1.429,33.9,59,8.8,15.2,24.5,1,0,0.974,49.89,1.12,32380.0
2026-04-13 11:00:00,IN-DC-060,Kolkata,31913.0,12498.1,1607.5,278.9,46297.4,1.451,34.9,68,8.6,15.2,23.6,1,0,0.955,50.06,1.21,32871.0
2026-04-13 12:00:00,IN-DC-060,Kolkata,31913.0,12829.2,1607.5,248.3,46598.1,1.46,36.3,62,8.5,14.9,23.9,1,0,0.978,49.86,1.35,33085.0
2026-04-13 13:00:00,IN-DC-060,Kolkata,31913.0,13109.4,1607.5,211.2,46841.0,1.468,37.8,64,8.9,15.5,24.8,1,0,0.972,50.0,1.22,33257.0
2026-04-13 14:00:00,IN-DC-060,Kolkata,31913.0,13074.8,1607.5,241.1,46836.4,1.468,38.6,58,8.8,15.5,24.2,1,0,0.985,50.07,1.58,33254.0
2026-04-13 15:00:00,IN-DC-060,Kolkata,31913.0,12878.3,1607.5,315.6,46714.4,1.464,37.5,58,9.0,16.0,23.8,1,0,0.966,49.96,1.37,33167.0
2026-04-13 16:00:00,IN-DC-060,Kolkata,31913.0,12649.8,1607.5,254.1,46424.4,1.455,37.0,55,8.8,15.4,24.0,1,0,0.981,50.04,1.4,32961.0
2026-04-13 17:00:00,IN-DC-060,Kolkata,31913.0,12741.3,1607.5,306.3,46568.2,1.459,37.3,56,8.8,15.5,24.3,1,0,0.985,49.94,1.43,33063.0
2026-04-13 18:00:00,IN-DC-060,Kolkata,31913.0,12532.3,1607.5,271.8,46324.5,1.452,35.9,56,8.9,15.6,24.8,1,0,0.966,50.03,1.18,32890.0
2026-04-13 19:00:00,IN-DC-060,Kolkata,31913.0,11982.0,1607.5,288.1,45790.6,1.435,34.0,61,8.5,15.1,23.3,1,0,0.967,49.95,1.3,32511.0
2026-04-13 20:00:00,IN-DC-060,Kolkata,31913.0,12034.7,1607.5,323.4,45878.6,1.438,33.9,62,8.7,15.2,24.3,1,0,0.96,49.91,1.16,32574.0
2026-04-13 21:00:00,IN-DC-060,Kolkata,31913.0,12034.8,1607.5,225.0,45780.2,1.435,33.3,68,8.7,15.5,24.0,1,0,0.987,50.0,1.22,32504.0
2026-04-13 22:00:00,IN-DC-060,Kolkata,31913.0,12061.9,1607.5,243.0,45825.5,1.436,31.6,76,8.2,15.1,24.6,1,0,0.973,49.99,1.09,32536.0
2026-04-13 23:00:00,IN-DC-060,Kolkata,31913.0,12207.2,1607.5,260.7,45988.4,1.441,31.2,82,8.8,15.3,23.5,1,0,0.972,49.99,1.01,32652.0
2026-04-14 00:00:00,IN-DC-060,Kolkata,31913.0,11633.4,1607.5,339.2,45493.1,1.426,29.7,76,8.7,15.4,23.5,1,0,0.978,50.04,0.98,32300.0
2026-04-14 01:00:00,IN-DC-060,Kolkata,31913.0,11709.3,1607.5,258.2,45488.0,1.425,29.0,85,8.3,14.7,24.4,1,0,0.967,49.99,1.07,32296.0
2026-04-14 02:00:00,IN-DC-060,Kolkata,31913.0,11916.8,1607.5,283.7,45721.0,1.433,28.9,84,8.6,15.1,24.5,1,0,0.966,49.98,1.05,32462.0
2026-04-14 03:00:00,IN-DC-060,Kolkata,31913.0,11536.7,1607.5,198.6,45255.8,1.418,27.8,84,8.4,15.0,23.6,1,0,0.975,50.05,0.9,32132.0
2026-04-14 04:00:00,IN-DC-060,Kolkata,31913.0,11501.0,1607.5,273.9,45295.4,1.419,28.2,81,8.7,15.5,23.8,1,0,0.978,50.1,0.9,32160.0
2026-04-14 05:00:00,IN-DC-060,Kolkata,31913.0,12070.4,1607.5,271.5,45862.4,1.437,29.7,82,8.4,15.1,23.5,1,0,0.977,49.96,1.07,32562.0
2026-04-14 06:00:00,IN-DC-060,Kolkata,31913.0,11827.2,1607.5,301.9,45649.6,1.43,29.3,87,8.4,15.2,23.6,1,0,0.984,49.9,1.06,32411.0
2026-04-14 07:00:00,IN-DC-060,Kolkata,31913.0,11934.7,1607.5,267.9,45723.1,1.433,31.1,75,8.5,15.1,24.6,1,0,0.989,50.04,0.96,32463.0
2026-04-14 08:00:00,IN-DC-060,Kolkata,31913.0,11620.2,1607.5,275.8,45416.5,1.423,31.3,69,8.4,15.1,24.8,1,0,0.98,50.02,0.95,32246.0
2026-04-14 09:00:00,IN-DC-060,Kolkata,31913.0,12027.8,1607.5,264.2,45812.5,1.436,32.7,68,8.3,14.8,24.2,1,0,0.969,49.94,1.0,32527.0
2026-04-14 10:00:00,IN-DC-060,Kolkata,31913.0,12271.8,1607.5,254.5,46046.8,1.443,32.9,74,8.7,15.3,23.8,1,0,0.982,49.96,1.26,32693.0
2026-04-14 11:00:00,IN-DC-060,Kolkata,31913.0,12806.2,1607.5,216.8,46543.5,1.458,35.5,70,8.5,15.3,24.3,1,0,0.989,49.98,1.33,33046.0
2026-04-14 12:00:00,IN-DC-060,Kolkata,31913.0,12854.7,1607.5,255.9,46631.0,1.461,35.8,65,8.3,15.2,24.6,1,0,0.969,49.99,1.18,33108.0
2026-04-14 13:00:00,IN-DC-060,Kolkata,31913.0,12733.9,1607.5,245.1,46499.5,1.457,36.4,58,8.7,15.1,23.8,1,0,0.975,49.92,1.09,33015.0
2026-04-14 14:00:00,IN-DC-060,Kolkata,31913.0,12744.7,1607.5,220.3,46485.5,1.457,36.6,63,8.8,15.4,24.4,1,0,0.968,50.08,1.33,33005.0
2026-04-14 15:00:00,IN-DC-060,Kolkata,31913.0,12649.8,1607.5,283.0,46453.3,1.456,37.0,56,8.7,15.3,24.0,1,0,0.977,50.0,1.41,32982.0
2026-04-14 16:00:00,IN-DC-060,Kolkata,31913.0,12651.5,1607.5,290.2,46462.2,1.456,36.9,62,8.8,15.5,24.5,1,0,0.968,49.92,1.42,32988.0
2026-04-14 17:00:00,IN-DC-060,Kolkata,31913.0,12911.1,1607.5,287.6,46719.2,1.464,37.3,63,8.5,15.0,25.1,1,0,0.973,49.91,1.35,33171.0
2026-04-14 18:00:00,IN-DC-060,Kolkata,31913.0,12699.6,1607.5,243.4,46463.6,1.456,36.1,65,8.9,15.6,24.2,1,0,0.974,50.07,1.28,32989.0
2026-04-14 19:00:00,IN-DC-060,Kolkata,31913.0,12420.2,1607.5,235.8,46176.5,1.447,35.2,61,8.8,15.2,23.8,1,0,0.992,49.98,1.29,32785.0
2026-04-14 20:00:00,IN-DC-060,Kolkata,31913.0,12064.9,1607.5,291.3,45876.7,1.438,35.0,66,8.6,15.0,24.9,1,0,0.973,49.87,1.27,32572.0
2026-04-14 21:00:00,IN-DC-060,Kolkata,31913.0,11910.1,1607.5,252.9,45683.5,1.432,32.7,68,8.6,15.1,23.4,1,0,0.98,49.93,1.01,32435.0
2026-04-14 22:00:00,IN-DC-060,Kolkata,31913.0,12367.8,1607.5,173.7,46062.0,1.443,32.2,82,8.7,15.3,24.0,1,0,0.976,50.05,1.15,32704.0
2026-04-14 23:00:00,IN-DC-060,Kolkata,31913.0,12159.3,1607.5,233.9,45913.6,1.439,31.1,77,8.4,15.3,24.2,1,0,0.967,49.98,1.02,32599.0
2026-04-15 00:00:00,IN-DC-060,Kolkata,31913.0,11708.4,1607.5,269.6,45498.4,1.426,29.8,75,8.6,15.2,24.2,1,0,0.991,50.0,0.99,32304.0
2026-04-15 01:00:00,IN-DC-060,Kolkata,31913.0,11396.1,1607.5,213.9,45130.6,1.414,29.0,81,8.6,15.3,23.7,1,0,0.977,49.86,0.87,32043.0
2026-04-15 02:00:00,IN-DC-060,Kolkata,31913.0,11844.5,1607.5,286.1,45651.2,1.43,29.7,82,8.4,15.0,24.3,1,0,0.976,50.03,0.91,32412.0
2026-04-15 03:00:00,IN-DC-060,Kolkata,31913.0,11609.0,1607.5,256.9,45386.4,1.422,28.2,83,8.6,15.0,23.7,0,1,0.965,49.98,1.04,32224.0
2026-04-15 04:00:00,IN-DC-060,Kolkata,31913.0,11395.0,1607.5,204.5,45120.0,1.414,28.5,81,8.7,15.5,23.4,0,1,0.97,50.0,0.87,32035.0
2026-04-15 05:00:00,IN-DC-060,Kolkata,31913.0,11752.6,1607.5,225.5,45498.7,1.426,29.3,83,8.3,15.0,23.3,0,1,0.973,49.95,1.03,32304.0
2026-04-15 06:00:00,IN-DC-060,Kolkata,31913.0,11493.5,1607.5,276.5,45290.4,1.419,29.4,76,8.4,15.0,24.2,1,0,0.984,50.03,1.05,32156.0
2026-04-15 07:00:00,IN-DC-060,Kolkata,31913.0,12082.8,1607.5,278.5,45881.8,1.438,30.8,78,8.4,15.5,24.5,1,0,0.976,50.02,1.09,32576.0
2026-04-15 08:00:00,IN-DC-060,Kolkata,31913.0,11958.3,1607.5,283.4,45762.2,1.434,32.4,71,9.0,15.8,24.1,1,0,0.977,50.08,1.06,32491.0
2026-04-15 09:00:00,IN-DC-060,Kolkata,31913.0,11723.3,1607.5,276.5,45520.3,1.426,32.9,66,8.5,15.0,24.6,1,0,0.969,49.99,1.21,32319.0
2026-04-15 10:00:00,IN-DC-060,Kolkata,31913.0,12047.6,1607.5,240.3,45808.4,1.435,33.2,67,8.5,15.3,23.9,1,0,0.987,49.98,1.08,32524.0
2026-04-15 11:00:00,IN-DC-060,Kolkata,31913.0,12638.6,1607.5,279.8,46438.9,1.455,35.9,65,8.4,15.5,23.8,1,0,0.978,50.03,1.22,32972.0
2026-04-15 12:00:00,IN-DC-060,Kolkata,31913.0,12418.4,1607.5,234.6,46173.5,1.447,36.1,57,9.1,15.6,23.6,1,0,0.993,49.98,1.24,32783.0
2026-04-15 13:00:00,IN-DC-060,Kolkata,31913.0,12824.0,1607.5,307.5,46651.9,1.462,36.7,64,8.4,14.6,24.3,1,0,0.973,49.97,1.28,33123.0
2026-04-15 14:00:00,IN-DC-060,Kolkata,31913.0,12839.0,1607.5,230.1,46589.6,1.46,37.6,52,9.0,15.9,25.0,1,0,0.974,49.94,1.43,33079.0
2026-04-15 15:00:00,IN-DC-060,Kolkata,31913.0,12738.4,1607.5,284.3,46543.2,1.458,37.2,51,8.9,15.3,24.1,1,0,0.966,49.95,1.28,33046.0
2026-04-15 16:00:00,IN-DC-060,Kolkata,31913.0,12884.5,1607.5,269.1,46674.1,1.463,37.9,57,8.5,15.0,24.2,1,0,0.992,50.03,1.46,33139.0
2026-04-15 17:00:00,IN-DC-060,Kolkata,31913.0,12900.7,1607.5,261.9,46683.2,1.463,36.9,64,9.0,15.3,25.2,1,0,0.978,49.97,1.42,33145.0
2026-04-15 18:00:00,IN-DC-060,Kolkata,31913.0,12470.4,1607.5,221.6,46212.5,1.448,35.9,62,9.0,15.4,24.2,1,0,0.969,50.0,1.22,32811.0
2026-04-15 19:00:00,IN-DC-060,Kolkata,31913.0,12248.2,1607.5,293.8,46062.5,1.443,35.2,64,8.9,15.5,23.5,1,0,0.977,49.96,1.19,32704.0
2026-04-15 20:00:00,IN-DC-060,Kolkata,31913.0,12133.6,1607.5,298.7,45952.7,1.44,33.6,64,8.5,15.1,24.0,1,0,0.968,49.96,1.22,32626.0
2026-04-15 21:00:00,IN-DC-060,Kolkata,31913.0,11838.2,1607.5,240.9,45599.6,1.429,32.3,71,8.9,15.4,24.9,1,0,0.974,49.96,1.23,32376.0
2026-04-15 22:00:00,IN-DC-060,Kolkata,31913.0,12104.3,1607.5,255.5,45880.4,1.438,32.4,75,8.7,15.1,24.1,1,0,0.984,49.97,1.15,32575.0
2026-04-15 23:00:00,IN-DC-060,Kolkata,31913.0,12251.3,1607.5,264.4,46036.2,1.443,31.2,78,8.7,15.4,24.5,1,0,0.977,49.96,0.94,32686.0
2026-04-16 00:00:00,IN-DC-060,Kolkata,31913.0,11288.1,1607.5,188.2,44996.8,1.41,28.9,73,8.8,15.5,24.0,1,0,0.98,49.97,1.0,31948.0
2026-04-16 01:00:00,IN-DC-060,Kolkata,31913.0,11905.0,1607.5,269.1,45694.6,1.432,29.5,86,8.4,14.9,23.6,1,0,0.972,49.98,1.01,32443.0
2026-04-16 02:00:00,IN-DC-060,Kolkata,31913.0,11627.2,1607.5,257.8,45405.5,1.423,29.0,82,8.4,14.8,23.6,1,0,0.971,50.02,1.02,32238.0
2026-04-16 03:00:00,IN-DC-060,Kolkata,31913.0,11767.7,1607.5,230.5,45518.7,1.426,28.7,87,8.4,15.0,24.1,1,0,0.961,50.0,0.92,32318.0
2026-04-16 04:00:00,IN-DC-060,Kolkata,31913.0,11747.5,1607.5,317.8,45585.9,1.428,28.8,85,8.2,15.1,23.4,1,0,0.973,50.0,0.85,32366.0
2026-04-16 05:00:00,IN-DC-060,Kolkata,31913.0,11412.7,1607.5,262.7,45195.9,1.416,28.6,81,8.6,14.9,24.0,1,0,0.983,49.95,0.88,32089.0
2026-04-16 06:00:00,IN-DC-060,Kolkata,31913.0,11970.0,1607.5,266.0,45756.5,1.434,30.4,80,8.7,15.2,24.2,1,0,0.965,49.96,0.99,32487.0
2026-04-16 07:00:00,IN-DC-060,Kolkata,31913.0,12173.8,1607.5,251.0,45945.3,1.44,31.5,75,8.6,15.3,23.8,1,0,0.987,49.98,1.13,32621.0
2026-04-16 08:00:00,IN-DC-060,Kolkata,31913.0,12030.3,1607.5,233.0,45783.8,1.435,31.9,70,8.6,15.3,24.0,1,0,0.993,50.09,1.06,32507.0
2026-04-16 09:00:00,IN-DC-060,Kolkata,31913.0,12192.1,1607.5,231.4,45943.9,1.44,33.0,75,9.1,15.6,24.2,1,0,0.964,50.12,1.15,32620.0
2026-04-16 10:00:00,IN-DC-060,Kolkata,31913.0,12291.5,1607.5,259.3,46071.3,1.444,34.6,67,8.7,15.3,23.8,1,0,0.969,49.93,1.17,32711.0
2026-04-16 11:00:00,IN-DC-060,Kolkata,31913.0,12147.8,1607.5,296.6,45965.0,1.44,34.8,63,8.4,14.8,23.6,1,0,0.981,49.96,1.4,32635.0
2026-04-16 12:00:00,IN-DC-060,Kolkata,31913.0,12510.0,1607.5,289.4,46319.9,1.451,36.2,55,8.7,15.5,23.6,1,0,0.971,49.92,1.29,32887.0
2026-04-16 13:00:00,IN-DC-060,Kolkata,31913.0,12790.1,1607.5,287.1,46597.7,1.46,36.7,53,8.6,15.1,23.9,1,0,0.964,49.99,1.37,33084.0
2026-04-16 14:00:00,IN-DC-060,Kolkata,31913.0,13061.3,1607.5,241.0,46822.8,1.467,38.6,61,8.8,15.8,24.7,1,0,0.981,49.94,1.43,33244.0
2026-04-16 15:00:00,IN-DC-060,Kolkata,31913.0,12836.4,1607.5,333.0,46689.9,1.463,37.3,59,8.8,15.7,24.8,1,0,0.964,49.97,1.35,33150.0
2026-04-16 16:00:00,IN-DC-060,Kolkata,31913.0,13638.1,1607.5,284.1,47442.7,1.487,38.0,68,8.7,15.3,24.2,1,0,0.974,50.05,1.33,33684.0
2026-04-16 17:00:00,IN-DC-060,Kolkata,31913.0,12454.8,1607.5,276.2,46251.5,1.449,36.1,56,8.6,15.1,24.4,1,0,0.983,49.96,1.38,32839.0
2026-04-16 18:00:00,IN-DC-060,Kolkata,31913.0,12563.4,1607.5,234.5,46318.3,1.451,36.3,58,8.8,15.4,24.2,1,0,0.983,49.97,1.25,32886.0
2026-04-16 19:00:00,IN-DC-060,Kolkata,31913.0,12483.3,1607.5,238.8,46242.6,1.449,35.6,58,8.7,15.4,24.5,1,0,0.979,50.03,1.26,32832.0
2026-04-16 20:00:00,IN-DC-060,Kolkata,31913.0,12235.4,1607.5,287.9,46043.8,1.443,34.9,64,8.8,15.4,24.3,1,0,0.978,50.09,1.23,32691.0
2026-04-16 21:00:00,IN-DC-060,Kolkata,31913.0,11939.0,1607.5,285.2,45744.7,1.433,32.5,70,8.5,15.1,23.8,1,0,0.962,50.01,1.12,32479.0
2026-04-16 22:00:00,IN-DC-060,Kolkata,31913.0,11746.7,1607.5,265.4,45532.6,1.427,31.9,74,8.6,15.6,24.1,1,0,0.988,50.05,1.1,32328.0
2026-04-16 23:00:00,IN-DC-060,Kolkata,31913.0,11513.5,1607.5,215.6,45249.7,1.418,29.8,78,8.8,16.1,23.7,1,0,0.969,49.89,1.05,32127.0
2026-04-17 00:00:00,IN-DC-060,Kolkata,31913.0,11493.7,1607.5,245.0,45259.1,1.418,29.9,74,8.6,15.3,23.6,1,0,0.965,50.07,0.96,32134.0
2026-04-17 01:00:00,IN-DC-060,Kolkata,31913.0,11416.3,1607.5,290.0,45226.8,1.417,28.7,77,8.4,15.1,23.2,1,0,0.973,50.08,0.95,32111.0
2026-04-17 02:00:00,IN-DC-060,Kolkata,31913.0,11295.8,1607.5,293.4,45109.7,1.414,27.2,82,8.4,14.9,23.9,1,0,0.968,50.03,0.86,32028.0
2026-04-17 03:00:00,IN-DC-060,Kolkata,31913.0,11316.2,1607.5,258.0,45094.7,1.413,28.6,79,8.1,14.8,23.6,1,0,0.971,50.01,0.83,32017.0
2026-04-17 04:00:00,IN-DC-060,Kolkata,31913.0,12023.6,1607.5,235.8,45779.9,1.435,29.1,88,8.9,15.1,24.2,1,0,0.975,50.06,0.93,32504.0
2026-04-17 05:00:00,IN-DC-060,Kolkata,31913.0,11493.0,1607.5,265.0,45278.5,1.419,29.3,78,8.2,14.9,23.7,1,0,0.979,49.97,0.82,32148.0
2026-04-17 06:00:00,IN-DC-060,Kolkata,31913.0,11426.0,1607.5,252.7,45199.2,1.416,29.7,78,8.6,14.8,24.5,1,0,0.973,50.02,0.78,32091.0
2026-04-17 07:00:00,IN-DC-060,Kolkata,31913.0,11858.4,1607.5,309.0,45687.9,1.432,31.8,73,8.3,15.0,24.1,1,0,0.964,49.97,1.23,32438.0
2026-04-17 08:00:00,IN-DC-060,Kolkata,31913.0,12480.9,1607.5,274.5,46275.8,1.45,32.0,81,8.8,15.2,23.4,1,0,0.982,49.98,1.14,32856.0
2026-04-17 09:00:00,IN-DC-060,Kolkata,31913.0,12115.9,1607.5,243.1,45879.5,1.438,33.4,67,8.4,15.4,23.7,1,0,0.976,49.96,1.19,32574.0
2026-04-17 10:00:00,IN-DC-060,Kolkata,31913.0,12511.9,1607.5,239.9,46272.4,1.45,34.8,65,8.6,15.4,23.5,1,0,0.977,49.96,1.34,32853.0
2026-04-17 11:00:00,IN-DC-060,Kolkata,31913.0,12887.6,1607.5,174.3,46582.4,1.46,35.7,68,9.0,15.9,24.6,1,0,0.984,49.98,1.25,33074.0
2026-04-17 12:00:00,IN-DC-060,Kolkata,31913.0,12546.5,1607.5,233.0,46300.0,1.451,36.6,65,8.7,15.7,24.7,1,0,0.979,50.12,1.38,32873.0
2026-04-17 13:00:00,IN-DC-060,Kolkata,31913.0,12476.8,1607.5,223.4,46220.7,1.448,36.2,61,8.8,15.3,23.8,1,0,0.968,49.96,1.23,32817.0
2026-04-17 14:00:00,IN-DC-060,Kolkata,31913.0,13313.7,1607.5,255.2,47089.3,1.476,38.5,63,8.9,15.4,23.9,1,0,0.98,50.05,1.48,33433.0
2026-04-17 15:00:00,IN-DC-060,Kolkata,31913.0,13040.7,1607.5,278.1,46839.3,1.468,38.1,58,8.7,15.3,24.6,1,0,0.957,49.95,1.42,33256.0
2026-04-17 16:00:00,IN-DC-060,Kolkata,31913.0,12760.3,1607.5,191.3,46472.1,1.456,37.6,59,8.9,15.3,24.4,1,0,0.976,49.98,1.33,32995.0
2026-04-17 17:00:00,IN-DC-060,Kolkata,31913.0,12628.1,1607.5,262.8,46411.4,1.454,36.7,61,8.9,15.2,24.6,1,0,0.977,50.01,1.36,32952.0
2026-04-17 18:00:00,IN-DC-060,Kolkata,31913.0,12332.3,1607.5,261.7,46114.5,1.445,35.2,63,8.9,15.6,24.1,1,0,0.965,50.04,1.18,32741.0
2026-04-17 19:00:00,IN-DC-060,Kolkata,31913.0,12635.7,1607.5,227.6,46383.8,1.453,35.6,69,9.2,15.9,24.6,1,0,0.982,50.04,1.4,32932.0
2026-04-17 20:00:00,IN-DC-060,Kolkata,31913.0,12560.6,1607.5,273.0,46354.2,1.453,34.3,75,8.6,15.5,23.7,1,0,0.97,49.99,1.26,32911.0
2026-04-17 21:00:00,IN-DC-060,Kolkata,31913.0,12439.6,1607.5,290.2,46250.2,1.449,33.8,70,9.0,15.7,23.8,1,0,0.979,50.06,1.29,32838.0
2026-04-17 22:00:00,IN-DC-060,Kolkata,31913.0,12089.7,1607.5,253.9,45864.1,1.437,32.7,71,8.9,15.8,23.5,1,0,0.978,49.89,1.31,32564.0
2026-04-17 23:00:00,IN-DC-060,Kolkata,31913.0,11984.6,1607.5,249.3,45754.3,1.434,31.3,75,8.7,15.4,23.7,1,0,0.975,49.92,1.01,32486.0
2026-04-18 00:00:00,IN-DC-060,Kolkata,31913.0,11902.9,1607.5,340.0,45763.4,1.434,29.8,84,8.5,14.9,24.0,1,0,0.968,49.94,1.08,32492.0
2026-04-18 01:00:00,IN-DC-060,Kolkata,31913.0,12108.3,1607.5,343.0,45971.8,1.441,30.2,82,8.8,15.7,24.1,1,0,0.988,50.02,0.84,32640.0
2026-04-18 02:00:00,IN-DC-060,Kolkata,31913.0,11512.4,1607.5,291.2,45324.0,1.42,29.2,81,8.5,15.1,23.6,1,0,0.954,50.04,0.91,32180.0
2026-04-18 03:00:00,IN-DC-060,Kolkata,31913.0,11537.8,1607.5,263.5,45321.8,1.42,28.6,83,8.3,14.9,24.5,1,0,0.962,50.08,0.83,32179.0
2026-04-18 04:00:00,IN-DC-060,Kolkata,31913.0,11582.6,1607.5,244.1,45347.2,1.421,28.8,81,8.3,14.9,24.1,1,0,0.972,49.97,1.0,32197.0
2026-04-18 05:00:00,IN-DC-060,Kolkata,31913.0,11783.8,1607.5,322.2,45626.4,1.43,29.0,84,8.3,14.8,23.7,1,0,0.969,50.08,0.97,32395.0
2026-04-18 06:00:00,IN-DC-060,Kolkata,31913.0,11803.8,1607.5,215.9,45540.1,1.427,29.9,78,8.8,15.0,23.6,1,0,0.975,50.07,0.89,32333.0
2026-04-18 07:00:00,IN-DC-060,Kolkata,31913.0,12002.3,1607.5,298.4,45821.2,1.436,31.0,82,8.9,15.6,23.7,1,0,0.965,49.91,1.05,32533.0
2026-04-18 08:00:00,IN-DC-060,Kolkata,31913.0,11662.6,1607.5,316.7,45499.8,1.426,31.4,68,8.6,15.0,24.0,1,0,0.983,49.97,0.94,32305.0
2026-04-18 09:00:00,IN-DC-060,Kolkata,31913.0,12547.3,1607.5,291.6,46359.4,1.453,33.9,68,8.9,15.4,23.6,1,0,0.982,49.92,1.14,32915.0
2026-04-18 10:00:00,IN-DC-060,Kolkata,31913.0,12406.3,1607.5,203.8,46130.6,1.446,35.1,67,8.6,15.2,23.6,1,0,0.972,50.1,1.36,32753.0
2026-04-18 11:00:00,IN-DC-060,Kolkata,31913.0,12535.8,1607.5,249.5,46305.8,1.451,34.8,66,8.9,15.6,24.2,1,0,0.964,50.0,1.05,32877.0
2026-04-18 12:00:00,IN-DC-060,Kolkata,31913.0,12620.0,1607.5,251.9,46392.4,1.454,36.7,63,8.7,15.5,24.8,1,0,0.976,49.99,1.25,32939.0
2026-04-18 13:00:00,IN-DC-060,Kolkata,31913.0,12865.6,1607.5,214.4,46600.5,1.46,36.8,53,9.2,15.9,23.7,1,0,0.98,50.02,1.38,33086.0
2026-04-18 14:00:00,IN-DC-060,Kolkata,31913.0,12478.7,1607.5,270.6,46269.8,1.45,37.2,60,8.3,14.7,23.8,1,0,0.976,49.97,1.39,32852.0
2026-04-18 15:00:00,IN-DC-060,Kolkata,31913.0,12869.0,1607.5,246.5,46636.0,1.461,38.9,53,8.9,15.1,23.9,1,0,0.962,50.05,1.48,33112.0
2026-04-18 16:00:00,IN-DC-060,Kolkata,31913.0,13008.9,1607.5,268.7,46798.2,1.466,38.2,56,9.0,15.9,24.5,1,0,0.97,50.01,1.29,33227.0
2026-04-18 17:00:00,IN-DC-060,Kolkata,31913.0,13204.7,1607.5,294.5,47019.7,1.473,37.7,65,8.6,15.2,24.4,1,0,0.965,50.05,1.36,33384.0
2026-04-18 18:00:00,IN-DC-060,Kolkata,31913.0,12594.0,1607.5,224.0,46338.4,1.452,36.6,61,8.8,15.1,23.9,1,0,0.98,50.02,1.21,32900.0
2026-04-18 19:00:00,IN-DC-060,Kolkata,31913.0,12401.2,1607.5,232.8,46154.5,1.446,35.6,64,8.6,15.4,23.5,1,0,0.977,49.99,1.26,32770.0
2026-04-18 20:00:00,IN-DC-060,Kolkata,31913.0,12162.5,1607.5,230.4,45913.4,1.439,34.1,59,8.7,15.4,23.9,1,0,0.975,49.93,1.29,32598.0
2026-04-18 21:00:00,IN-DC-060,Kolkata,31913.0,12219.1,1607.5,298.8,46038.4,1.443,34.5,66,8.7,15.5,23.4,1,0,0.961,49.96,1.09,32687.0
2026-04-18 22:00:00,IN-DC-060,Kolkata,31913.0,12434.5,1607.5,217.3,46172.3,1.447,32.4,78,8.4,14.8,23.9,1,0,0.969,50.06,1.12,32782.0
2026-04-18 23:00:00,IN-DC-060,Kolkata,31913.0,11967.5,1607.5,276.4,45764.4,1.434,31.9,80,8.7,15.2,24.4,1,0,0.993,50.0,1.06,32493.0
2026-04-19 00:00:00,IN-DC-060,Kolkata,31913.0,11730.8,1607.5,246.2,45497.4,1.426,30.5,82,8.5,15.1,24.3,1,0,0.976,50.01,1.16,32303.0
2026-04-19 01:00:00,IN-DC-060,Kolkata,31913.0,11633.2,1607.5,249.3,45403.0,1.423,29.2,81,8.2,14.6,25.3,1,0,0.956,50.01,1.03,32236.0
2026-04-19 02:00:00,IN-DC-060,Kolkata,31913.0,11839.3,1607.5,250.2,45610.0,1.429,29.6,80,8.4,14.9,24.3,1,0,0.985,50.12,1.01,32383.0
2026-04-19 03:00:00,IN-DC-060,Kolkata,31913.0,11468.1,1607.5,265.6,45254.2,1.418,28.8,85,8.2,14.8,23.5,1,0,0.982,49.95,0.94,32130.0
2026-04-19 04:00:00,IN-DC-060,Kolkata,31913.0,11336.3,1607.5,264.7,45121.5,1.414,28.6,79,8.6,15.0,24.3,0,1,0.984,49.98,0.89,32036.0
2026-04-19 05:00:00,IN-DC-060,Kolkata,31913.0,11881.8,1607.5,301.9,45704.2,1.432,30.3,81,8.3,15.0,25.2,0,1,0.974,50.1,1.02,32450.0
2026-04-19 06:00:00,IN-DC-060,Kolkata,31913.0,11931.4,1607.5,251.4,45703.3,1.432,30.2,83,8.6,15.1,24.6,1,0,0.979,50.03,0.95,32449.0
2026-04-19 07:00:00,IN-DC-060,Kolkata,31913.0,11751.4,1607.5,285.7,45557.5,1.428,31.2,72,8.2,14.7,24.2,1,0,0.973,50.04,1.05,32346.0
2026-04-19 08:00:00,IN-DC-060,Kolkata,31913.0,11727.3,1607.5,300.0,45547.8,1.427,32.1,71,8.5,15.3,24.2,1,0,0.984,49.94,1.07,32339.0
2026-04-19 09:00:00,IN-DC-060,Kolkata,31913.0,12097.8,1607.5,214.6,45833.0,1.436,33.5,67,8.6,15.3,23.7,1,0,0.976,50.08,1.17,32541.0
2026-04-19 10:00:00,IN-DC-060,Kolkata,31913.0,12433.3,1607.5,265.5,46219.3,1.448,35.7,64,8.8,15.4,23.7,1,0,0.962,50.0,1.4,32816.0
2026-04-19 11:00:00,IN-DC-060,Kolkata,31913.0,12586.8,1607.5,331.8,46439.1,1.455,35.6,62,8.8,15.4,24.5,1,0,0.97,49.99,1.34,32972.0
2026-04-19 12:00:00,IN-DC-060,Kolkata,31913.0,12878.4,1607.5,273.2,46672.1,1.462,37.0,64,8.7,15.0,23.7,1,0,0.98,49.97,1.34,33137.0
2026-04-19 13:00:00,IN-DC-060,Kolkata,31913.0,13394.8,1607.5,236.1,47151.4,1.477,37.8,73,8.7,15.4,24.6,1,0,0.976,49.99,1.39,33477.0
2026-04-19 14:00:00,IN-DC-060,Kolkata,31913.0,12969.4,1607.5,254.0,46743.9,1.465,38.3,56,8.9,15.5,24.8,1,0,0.975,50.0,1.38,33188.0
2026-04-19 15:00:00,IN-DC-060,Kolkata,31913.0,13201.3,1607.5,260.9,46982.7,1.472,38.6,59,8.7,15.3,24.3,1,0,0.977,50.0,1.26,33358.0
2026-04-19 16:00:00,IN-DC-060,Kolkata,31913.0,12954.7,1607.5,276.0,46751.1,1.465,37.9,59,8.7,15.6,24.2,1,0,0.98,49.91,1.37,33193.0
2026-04-19 17:00:00,IN-DC-060,Kolkata,31913.0,12946.1,1607.5,224.5,46691.1,1.463,38.1,54,8.6,15.3,25.2,1,0,0.974,50.02,1.39,33151.0
2026-04-19 18:00:00,IN-DC-060,Kolkata,31913.0,12497.4,1607.5,243.1,46261.0,1.45,36.0,61,8.3,15.4,24.5,1,0,0.977,49.98,1.3,32845.0
2026-04-19 19:00:00,IN-DC-060,Kolkata,31913.0,12836.4,1607.5,261.4,46618.3,1.461,36.1,70,8.7,15.3,24.6,1,0,0.994,49.94,1.37,33099.0
2026-04-19 20:00:00,IN-DC-060,Kolkata,31913.0,12788.6,1607.5,304.5,46613.6,1.461,35.6,73,9.3,15.8,24.2,1,0,0.971,50.02,1.46,33096.0
2026-04-19 21:00:00,IN-DC-060,Kolkata,31913.0,12297.4,1607.5,244.9,46062.8,1.443,33.8,71,9.0,15.8,23.8,1,0,0.979,49.99,1.16,32705.0
2026-04-19 22:00:00,IN-DC-060,Kolkata,31913.0,12415.2,1607.5,279.4,46215.1,1.448,33.0,76,8.7,15.3,23.8,1,0,0.977,50.01,1.21,32813.0
2026-04-19 23:00:00,IN-DC-060,Kolkata,31913.0,12002.4,1607.5,307.0,45829.9,1.436,31.9,77,8.6,15.3,23.9,1,0,0.978,50.04,1.07,32539.0
2026-04-20 00:00:00,IN-DC-060,Kolkata,31913.0,12050.5,1607.5,196.8,45767.8,1.434,30.3,85,8.4,14.8,23.9,1,0,0.985,49.96,1.13,32495.0
2026-04-20 01:00:00,IN-DC-060,Kolkata,31913.0,12115.1,1607.5,218.8,45854.4,1.437,30.9,80,8.4,15.3,24.0,1,0,0.977,49.9,0.97,32557.0
2026-04-20 02:00:00,IN-DC-060,Kolkata,31913.0,11437.7,1607.5,244.1,45202.3,1.416,29.1,76,8.9,15.3,23.5,1,0,0.961,50.0,1.04,32094.0
2026-04-20 03:00:00,IN-DC-060,Kolkata,31913.0,12189.2,1607.5,230.3,45940.0,1.44,28.8,92,8.7,15.5,23.6,1,0,0.984,50.05,0.8,32617.0
2026-04-20 04:00:00,IN-DC-060,Kolkata,31913.0,12007.1,1607.5,233.6,45761.2,1.434,29.4,87,9.0,15.5,24.7,1,0,0.968,50.0,0.96,32490.0
2026-04-20 05:00:00,IN-DC-060,Kolkata,31913.0,11414.0,1607.5,247.4,45181.9,1.416,29.2,72,8.4,14.7,24.2,1,0,0.969,49.98,0.98,32079.0
2026-04-20 06:00:00,IN-DC-060,Kolkata,31913.0,11811.2,1607.5,210.9,45542.6,1.427,29.6,85,8.5,15.1,24.1,1,0,0.986,49.98,0.99,32335.0
2026-04-20 07:00:00,IN-DC-060,Kolkata,31913.0,11669.7,1607.5,315.6,45505.8,1.426,30.9,73,8.7,15.2,24.2,1,0,0.969,50.02,0.97,32309.0
2026-04-20 08:00:00,IN-DC-060,Kolkata,31913.0,12068.5,1607.5,293.7,45882.7,1.438,33.2,67,8.4,15.1,24.3,1,0,0.974,50.06,1.25,32577.0
2026-04-20 09:00:00,IN-DC-060,Kolkata,31913.0,12094.6,1607.5,268.0,45883.0,1.438,32.9,70,8.6,15.5,24.1,1,0,0.979,50.02,1.1,32577.0
2026-04-20 10:00:00,IN-DC-060,Kolkata,31913.0,12434.4,1607.5,178.6,46133.6,1.446,34.6,67,8.7,15.0,24.1,1,0,0.971,50.04,1.16,32755.0
2026-04-20 11:00:00,IN-DC-060,Kolkata,31913.0,12540.2,1607.5,265.1,46325.8,1.452,36.1,65,8.9,15.2,24.5,1,0,0.972,49.99,1.38,32891.0
2026-04-20 12:00:00,IN-DC-060,Kolkata,31913.0,12409.8,1607.5,304.2,46234.5,1.449,36.7,60,8.6,15.0,24.6,1,0,0.977,49.98,1.36,32826.0
2026-04-20 13:00:00,IN-DC-060,Kolkata,31913.0,12720.5,1607.5,264.5,46505.5,1.457,37.4,59,8.9,15.4,24.1,1,0,0.975,50.01,1.49,33019.0
2026-04-20 14:00:00,IN-DC-060,Kolkata,31913.0,13302.5,1607.5,263.6,47086.5,1.475,38.8,60,8.7,15.0,24.3,1,0,0.973,50.01,1.41,33431.0
2026-04-20 15:00:00,IN-DC-060,Kolkata,31913.0,12640.5,1607.5,260.2,46421.2,1.455,38.1,58,8.6,15.1,23.6,1,0,0.986,50.02,1.45,32959.0
2026-04-20 16:00:00,IN-DC-060,Kolkata,31913.0,12943.9,1607.5,219.7,46684.1,1.463,38.1,61,8.4,15.2,24.0,1,0,0.966,50.02,1.4,33146.0
2026-04-20 17:00:00,IN-DC-060,Kolkata,31913.0,12985.8,1607.5,277.2,46783.5,1.466,37.6,58,8.7,15.3,24.5,1,0,0.957,49.97,1.45,33216.0
2026-04-20 18:00:00,IN-DC-060,Kolkata,31913.0,12618.3,1607.5,226.6,46365.4,1.453,37.0,64,9.0,15.1,23.6,1,0,0.986,49.98,1.26,32919.0
2026-04-20 19:00:00,IN-DC-060,Kolkata,31913.0,12723.5,1607.5,235.0,46479.1,1.456,35.9,70,8.7,15.3,24.1,1,0,0.977,49.92,1.4,33000.0
2026-04-20 20:00:00,IN-DC-060,Kolkata,31913.0,12144.5,1607.5,254.4,45919.4,1.439,34.4,61,8.7,15.4,23.4,0,1,0.969,50.0,1.33,32603.0
2026-04-20 21:00:00,IN-DC-060,Kolkata,31913.0,12156.7,1607.5,254.2,45931.3,1.439,33.0,66,8.6,15.4,23.7,0,1,0.988,49.94,1.09,32611.0
2026-04-20 22:00:00,IN-DC-060,Kolkata,31913.0,11897.2,1607.5,329.3,45747.0,1.433,33.5,65,8.6,15.1,23.7,0,1,0.965,50.11,1.16,32480.0
2026-04-20 23:00:00,IN-DC-060,Kolkata,31913.0,12170.2,1607.5,286.3,45977.0,1.441,31.8,76,8.5,15.0,23.2,0,1,0.985,49.99,0.98,32644.0
2026-04-21 00:00:00,IN-DC-060,Kolkata,31913.0,11650.0,1607.5,313.1,45483.6,1.425,29.1,81,8.9,15.3,24.3,1,0,0.972,49.98,0.99,32293.0
2026-04-21 01:00:00,IN-DC-060,Kolkata,31913.0,11497.9,1607.5,259.8,45278.1,1.419,29.4,82,8.5,15.3,23.4,1,0,0.983,49.91,0.86,32147.0
2026-04-21 02:00:00,IN-DC-060,Kolkata,31913.0,11656.5,1607.5,267.9,45444.9,1.424,28.9,84,8.8,15.5,23.4,1,0,0.969,49.89,1.01,32266.0
2026-04-21 03:00:00,IN-DC-060,Kolkata,31913.0,11705.2,1607.5,268.5,45494.1,1.426,28.4,83,8.7,15.3,24.8,1,0,0.968,50.02,0.85,32301.0
2026-04-21 04:00:00,IN-DC-060,Kolkata,31913.0,11166.2,1607.5,256.6,44943.3,1.408,28.4,74,8.7,15.3,24.3,1,0,0.971,49.97,0.91,31910.0
2026-04-21 05:00:00,IN-DC-060,Kolkata,31913.0,12154.1,1607.5,275.8,45950.4,1.44,29.8,87,8.4,14.9,24.0,1,0,0.97,50.03,1.1,32625.0
2026-04-21 06:00:00,IN-DC-060,Kolkata,31913.0,12024.3,1607.5,240.1,45784.9,1.435,29.3,82,8.2,15.0,24.1,1,0,0.961,49.93,1.05,32507.0
2026-04-21 07:00:00,IN-DC-060,Kolkata,31913.0,12002.8,1607.5,201.5,45724.8,1.433,31.3,78,8.6,14.9,24.3,1,0,0.97,49.96,1.15,32465.0
2026-04-21 08:00:00,IN-DC-060,Kolkata,31913.0,12015.4,1607.5,230.0,45765.8,1.434,32.1,76,8.8,15.6,24.1,1,0,0.984,49.98,1.04,32494.0
2026-04-21 09:00:00,IN-DC-060,Kolkata,31913.0,12274.1,1607.5,326.8,46121.4,1.445,33.6,70,8.9,15.5,24.0,1,0,0.987,50.03,1.05,32746.0
2026-04-21 10:00:00,IN-DC-060,Kolkata,31913.0,12527.2,1607.5,262.4,46310.1,1.451,34.5,70,8.5,15.1,23.7,1,0,0.989,50.02,1.34,32880.0
2026-04-21 11:00:00,IN-DC-060,Kolkata,31913.0,12970.9,1607.5,348.1,46839.5,1.468,36.4,70,8.9,15.9,24.5,1,0,0.97,49.94,1.31,33256.0
2026-04-21 12:00:00,IN-DC-060,Kolkata,31913.0,12687.6,1607.5,300.4,46508.4,1.457,36.7,57,8.9,15.5,23.9,1,0,0.988,49.92,1.31,33021.0
2026-04-21 13:00:00,IN-DC-060,Kolkata,31913.0,12585.3,1607.5,295.7,46401.5,1.454,37.0,51,8.7,15.6,25.0,1,0,0.969,49.94,1.41,32945.0
2026-04-21 14:00:00,IN-DC-060,Kolkata,31913.0,12988.6,1607.5,258.0,46767.1,1.465,38.0,55,8.5,14.6,24.3,1,0,0.982,50.14,1.34,33205.0
2026-04-21 15:00:00,IN-DC-060,Kolkata,31913.0,13089.3,1607.5,291.2,46901.0,1.47,38.0,64,8.9,15.8,24.0,1,0,0.986,50.0,1.42,33300.0
2026-04-21 16:00:00,IN-DC-060,Kolkata,31913.0,12982.1,1607.5,275.7,46778.3,1.466,38.8,47,9.3,16.0,25.3,1,0,0.963,50.01,1.45,33213.0
2026-04-21 17:00:00,IN-DC-060,Kolkata,31913.0,12889.2,1607.5,248.3,46658.0,1.462,37.5,60,8.9,15.1,24.8,1,0,0.974,50.0,1.39,33127.0
2026-04-21 18:00:00,IN-DC-060,Kolkata,31913.0,12609.1,1607.5,264.4,46394.0,1.454,36.8,59,8.8,15.5,24.4,1,0,0.981,49.93,1.29,32940.0
2026-04-21 19:00:00,IN-DC-060,Kolkata,31913.0,12513.4,1607.5,229.8,46263.7,1.45,35.6,69,8.7,15.5,23.8,1,0,0.976,50.05,1.35,32847.0
2026-04-21 20:00:00,IN-DC-060,Kolkata,31913.0,12709.5,1607.5,370.6,46600.6,1.46,35.1,68,8.5,15.2,23.8,1,0,0.97,49.91,1.31,33086.0
2026-04-21 21:00:00,IN-DC-060,Kolkata,31913.0,12030.0,1607.5,243.6,45794.1,1.435,33.6,68,8.5,15.1,23.5,1,0,0.98,49.99,1.27,32514.0
2026-04-21 22:00:00,IN-DC-060,Kolkata,31913.0,12194.6,1607.5,196.0,45911.1,1.439,32.0,73,8.4,14.9,24.3,1,0,0.974,50.08,1.07,32597.0
2026-04-21 23:00:00,IN-DC-060,Kolkata,31913.0,12196.5,1607.5,202.7,45919.7,1.439,32.7,75,8.8,15.5,24.0,1,0,0.97,49.98,1.1,32603.0
2026-04-22 00:00:00,IN-DC-060,Kolkata,31913.0,11853.5,1607.5,221.8,45595.8,1.429,29.9,79,8.5,15.2,23.6,1,0,0.97,50.07,0.97,32373.0
2026-04-22 01:00:00,IN-DC-060,Kolkata,31913.0,10962.9,1607.5,299.8,44783.2,1.403,28.4,76,8.9,15.5,24.2,1,0,0.956,50.0,0.89,31796.0
2026-04-22 02:00:00,IN-DC-060,Kolkata,31913.0,11230.6,1607.5,294.6,45045.7,1.412,28.5,76,8.5,14.9,24.6,1,0,0.971,49.95,0.91,31982.0
2026-04-22 03:00:00,IN-DC-060,Kolkata,31913.0,11695.2,1607.5,221.9,45437.6,1.424,29.3,84,8.3,14.7,24.1,1,0,0.982,50.03,1.05,32261.0
2026-04-22 04:00:00,IN-DC-060,Kolkata,31913.0,12072.6,1607.5,246.0,45839.1,1.436,29.6,83,8.7,15.2,24.6,1,0,0.971,49.98,1.01,32546.0
2026-04-22 05:00:00,IN-DC-060,Kolkata,31913.0,11595.3,1607.5,206.1,45321.9,1.42,29.5,79,8.3,14.9,23.5,1,0,0.974,49.91,0.89,32179.0
2026-04-22 06:00:00,IN-DC-060,Kolkata,31913.0,11947.5,1607.5,239.3,45707.3,1.432,30.1,82,8.5,15.2,24.5,1,0,0.991,50.0,0.97,32452.0
2026-04-22 07:00:00,IN-DC-060,Kolkata,31913.0,12291.8,1607.5,300.1,46112.5,1.445,32.1,79,8.5,15.4,24.1,1,0,0.969,50.07,1.07,32740.0
2026-04-22 08:00:00,IN-DC-060,Kolkata,31913.0,12125.7,1607.5,249.2,45895.4,1.438,32.5,74,8.5,15.2,24.5,1,0,0.98,50.12,1.15,32586.0
2026-04-22 09:00:00,IN-DC-060,Kolkata,31913.0,12291.0,1607.5,300.1,46111.5,1.445,34.2,68,8.7,15.5,23.8,1,0,0.97,49.93,1.27,32739.0
2026-04-22 10:00:00,IN-DC-060,Kolkata,31913.0,12527.8,1607.5,259.8,46308.1,1.451,34.5,71,8.5,15.3,24.5,1,0,0.976,49.93,1.24,32879.0
2026-04-22 11:00:00,IN-DC-060,Kolkata,31913.0,12604.9,1607.5,273.2,46398.6,1.454,36.9,60,9.0,15.6,23.8,1,0,0.988,50.01,1.35,32943.0
2026-04-22 12:00:00,IN-DC-060,Kolkata,31913.0,12427.8,1607.5,277.0,46225.3,1.448,36.4,60,9.0,15.5,24.7,1,0,0.964,50.02,1.24,32820.0
2026-04-22 13:00:00,IN-DC-060,Kolkata,31913.0,12772.2,1607.5,238.6,46531.2,1.458,37.7,53,8.8,15.4,24.7,1,0,0.984,50.01,1.47,33037.0
2026-04-22 14:00:00,IN-DC-060,Kolkata,31913.0,12903.7,1607.5,235.9,46660.1,1.462,37.7,63,8.8,15.2,24.0,1,0,0.987,49.99,1.6,33129.0
2026-04-22 15:00:00,IN-DC-060,Kolkata,31913.0,13024.5,1607.5,351.1,46896.1,1.469,38.0,57,8.6,15.0,24.9,1,0,0.971,50.1,1.48,33296.0
2026-04-22 16:00:00,IN-DC-060,Kolkata,31913.0,13278.4,1607.5,276.0,47074.9,1.475,38.2,62,8.5,15.3,24.2,1,0,0.98,49.94,1.38,33423.0
2026-04-22 17:00:00,IN-DC-060,Kolkata,31913.0,12978.5,1607.5,225.9,46724.8,1.464,38.3,60,8.8,15.1,23.9,1,0,0.97,49.93,1.42,33175.0
2026-04-22 18:00:00,IN-DC-060,Kolkata,31913.0,12746.2,1607.5,261.8,46528.4,1.458,37.1,60,8.7,15.3,23.7,1,0,0.987,50.03,1.2,33035.0
2026-04-22 19:00:00,IN-DC-060,Kolkata,31913.0,12419.9,1607.5,258.4,46198.8,1.448,35.4,60,8.9,15.3,23.6,1,0,0.971,49.95,1.22,32801.0
2026-04-22 20:00:00,IN-DC-060,Kolkata,31913.0,12743.7,1607.5,291.3,46555.6,1.459,34.9,73,8.5,15.0,24.8,1,0,0.981,50.02,1.34,33054.0
2026-04-22 21:00:00,IN-DC-060,Kolkata,31913.0,11642.4,1607.5,236.8,45399.7,1.423,31.9,66,8.2,15.2,24.8,1,0,0.971,49.98,1.14,32234.0
2026-04-22 22:00:00,IN-DC-060,Kolkata,31913.0,11998.4,1607.5,284.5,45803.4,1.435,32.4,71,8.7,15.1,23.8,1,0,0.968,50.0,1.15,32520.0
2026-04-22 23:00:00,IN-DC-060,Kolkata,31913.0,12262.5,1607.5,242.7,46025.8,1.442,31.6,74,8.3,15.2,23.8,1,0,0.979,49.99,1.08,32678.0
2026-04-23 00:00:00,IN-DC-060,Kolkata,31913.0,12370.9,1607.5,229.8,46121.2,1.445,30.8,86,8.8,15.2,23.9,1,0,0.969,49.93,1.12,32746.0
2026-04-23 01:00:00,IN-DC-060,Kolkata,31913.0,11973.6,1607.5,289.3,45783.4,1.435,30.3,88,8.3,15.0,24.6,1,0,0.975,50.05,1.01,32506.0
2026-04-23 02:00:00,IN-DC-060,Kolkata,31913.0,11155.1,1607.5,259.2,44934.8,1.408,28.6,75,8.7,15.3,23.9,0,1,0.962,50.05,0.97,31904.0
2026-04-23 03:00:00,IN-DC-060,Kolkata,31913.0,11625.2,1607.5,190.8,45336.5,1.421,29.2,80,8.1,14.7,24.0,0,1,0.988,50.0,0.97,32189.0
2026-04-23 04:00:00,IN-DC-060,Kolkata,31913.0,11345.6,1607.5,217.2,45083.3,1.413,28.4,82,8.6,15.4,23.6,1,0,0.962,50.05,0.9,32009.0
2026-04-23 05:00:00,IN-DC-060,Kolkata,31913.0,11846.8,1607.5,271.3,45638.6,1.43,28.4,85,8.8,15.6,24.0,1,0,0.966,49.96,0.88,32403.0
2026-04-23 06:00:00,IN-DC-060,Kolkata,31913.0,11623.7,1607.5,227.6,45371.8,1.422,30.6,71,8.6,14.9,23.9,1,0,0.978,50.0,0.93,32214.0
2026-04-23 07:00:00,IN-DC-060,Kolkata,31913.0,11816.1,1607.5,291.9,45628.5,1.43,30.5,76,8.5,15.0,24.0,1,0,0.971,50.02,1.08,32396.0
2026-04-23 08:00:00,IN-DC-060,Kolkata,31913.0,11873.7,1607.5,307.9,45702.1,1.432,32.4,70,8.7,15.4,23.7,1,0,0.983,49.96,1.1,32448.0
2026-04-23 09:00:00,IN-DC-060,Kolkata,31913.0,12614.7,1607.5,258.3,46393.6,1.454,33.6,75,8.7,15.6,24.3,1,0,0.972,50.03,1.16,32939.0
2026-04-23 10:00:00,IN-DC-060,Kolkata,31913.0,12293.4,1607.5,338.0,46151.9,1.446,34.3,66,8.7,15.4,23.3,1,0,0.986,49.97,1.48,32768.0
2026-04-23 11:00:00,IN-DC-060,Kolkata,31913.0,12804.4,1607.5,263.0,46587.9,1.46,35.7,68,8.6,15.0,24.6,1,0,0.965,50.0,1.4,33077.0
2026-04-23 12:00:00,IN-DC-060,Kolkata,31913.0,12699.4,1607.5,235.4,46455.4,1.456,36.9,64,8.7,15.2,24.5,1,0,0.974,50.05,1.5,32983.0
2026-04-23 13:00:00,IN-DC-060,Kolkata,31913.0,13157.4,1607.5,267.1,46944.9,1.471,37.4,65,8.8,15.7,23.8,1,0,0.988,50.0,1.36,33331.0
2026-04-23 14:00:00,IN-DC-060,Kolkata,31913.0,12938.3,1607.5,296.8,46755.5,1.465,36.8,63,9.0,15.7,24.5,1,0,0.971,49.98,1.23,33196.0
2026-04-23 15:00:00,IN-DC-060,Kolkata,31913.0,12650.5,1607.5,249.4,46420.4,1.455,37.7,57,8.6,15.2,24.4,1,0,0.979,50.06,1.56,32959.0
2026-04-23 16:00:00,IN-DC-060,Kolkata,31913.0,12948.4,1607.5,242.1,46711.0,1.464,39.0,59,8.9,15.6,25.1,1,0,0.977,49.96,1.36,33165.0
2026-04-23 17:00:00,IN-DC-060,Kolkata,31913.0,12866.4,1607.5,243.8,46630.7,1.461,37.8,55,8.6,15.4,24.4,1,0,0.977,50.03,1.34,33108.0
2026-04-23 18:00:00,IN-DC-060,Kolkata,31913.0,12712.6,1607.5,277.3,46510.4,1.457,37.1,60,8.8,15.4,24.0,1,0,0.966,50.01,1.28,33022.0
2026-04-23 19:00:00,IN-DC-060,Kolkata,31913.0,12423.5,1607.5,218.7,46162.7,1.447,35.8,54,8.7,15.4,23.7,1,0,0.979,50.04,1.27,32775.0
2026-04-23 20:00:00,IN-DC-060,Kolkata,31913.0,12603.5,1607.5,284.8,46408.7,1.454,36.1,66,8.7,15.1,24.3,1,0,0.976,50.01,1.34,32950.0
2026-04-23 21:00:00,IN-DC-060,Kolkata,31913.0,12043.1,1607.5,291.1,45854.8,1.437,34.1,60,8.4,14.8,23.7,1,0,0.986,50.01,1.13,32557.0
2026-04-23 22:00:00,IN-DC-060,Kolkata,31913.0,12308.2,1607.5,240.4,46069.1,1.444,32.4,78,8.6,15.2,24.1,1,0,0.988,49.94,1.33,32709.0
2026-04-23 23:00:00,IN-DC-060,Kolkata,31913.0,11867.5,1607.5,280.7,45668.7,1.431,30.9,74,8.5,15.2,23.9,1,0,0.968,50.01,1.08,32425.0
2026-04-24 00:00:00,IN-DC-060,Kolkata,31913.0,12046.9,1607.5,268.8,45836.2,1.436,30.9,75,8.5,15.6,24.3,1,0,0.971,50.02,1.07,32544.0
2026-04-24 01:00:00,IN-DC-060,Kolkata,31913.0,11796.2,1607.5,202.2,45518.9,1.426,29.0,84,9.0,15.3,23.8,1,0,0.959,50.06,0.88,32318.0
2026-04-24 02:00:00,IN-DC-060,Kolkata,31913.0,11405.8,1607.5,267.4,45193.7,1.416,28.8,79,8.5,14.9,24.8,1,0,0.973,50.01,0.93,32088.0
2026-04-24 03:00:00,IN-DC-060,Kolkata,31913.0,11694.1,1607.5,340.5,45555.1,1.427,30.0,79,8.0,14.3,22.8,1,0,0.97,49.96,0.92,32344.0
2026-04-24 04:00:00,IN-DC-060,Kolkata,31913.0,11723.5,1607.5,296.2,45540.2,1.427,29.1,79,8.2,14.5,24.3,1,0,0.965,49.94,0.97,32334.0
2026-04-24 05:00:00,IN-DC-060,Kolkata,31913.0,11724.2,1607.5,319.6,45564.3,1.428,29.7,81,8.6,15.5,23.9,1,0,0.97,49.95,0.96,32351.0
2026-04-24 06:00:00,IN-DC-060,Kolkata,31913.0,11985.8,1607.5,333.8,45840.1,1.436,31.1,80,8.6,15.6,24.3,1,0,0.979,49.93,0.98,32546.0
2026-04-24 07:00:00,IN-DC-060,Kolkata,31913.0,12479.5,1607.5,312.4,46312.4,1.451,31.8,82,8.3,14.9,23.9,1,0,0.987,50.04,1.06,32882.0
2026-04-24 08:00:00,IN-DC-060,Kolkata,31913.0,11790.5,1607.5,273.8,45584.9,1.428,31.8,73,8.6,15.1,24.6,1,0,0.976,49.97,1.16,32365.0
2026-04-24 09:00:00,IN-DC-060,Kolkata,31913.0,12050.2,1607.5,239.8,45810.5,1.435,33.4,66,8.7,15.1,24.6,1,0,0.968,50.01,1.17,32525.0
2026-04-24 10:00:00,IN-DC-060,Kolkata,31913.0,12473.3,1607.5,280.1,46273.9,1.45,35.0,62,8.3,14.7,23.3,1,0,0.974,50.05,1.21,32854.0
2026-04-24 11:00:00,IN-DC-060,Kolkata,31913.0,13032.4,1607.5,263.4,46816.3,1.467,35.9,69,8.6,15.1,24.2,1,0,0.967,49.98,1.33,33240.0
2026-04-24 12:00:00,IN-DC-060,Kolkata,31913.0,12621.0,1607.5,227.3,46368.7,1.453,36.4,57,8.7,15.5,24.7,1,0,0.975,50.01,1.27,32922.0
2026-04-24 13:00:00,IN-DC-060,Kolkata,31913.0,12892.8,1607.5,301.6,46714.9,1.464,37.4,64,8.3,14.8,24.5,1,0,0.971,50.01,1.3,33168.0
2026-04-24 14:00:00,IN-DC-060,Kolkata,31913.0,12844.0,1607.5,250.2,46614.7,1.461,38.1,61,8.6,15.2,24.7,1,0,0.965,50.04,1.35,33096.0
2026-04-24 15:00:00,IN-DC-060,Kolkata,31913.0,13002.7,1607.5,278.5,46801.7,1.467,38.1,50,9.0,15.8,24.3,1,0,0.984,50.05,1.3,33229.0
2026-04-24 16:00:00,IN-DC-060,Kolkata,31913.0,12843.8,1607.5,239.7,46604.0,1.46,37.4,57,8.8,15.2,24.5,1,0,0.961,49.98,1.4,33089.0
2026-04-24 17:00:00,IN-DC-060,Kolkata,31913.0,12938.5,1607.5,250.2,46709.3,1.464,37.3,63,8.9,15.6,24.3,1,0,0.977,49.98,1.45,33164.0
2026-04-24 18:00:00,IN-DC-060,Kolkata,31913.0,12660.4,1607.5,315.0,46495.9,1.457,36.6,63,8.7,14.9,23.7,1,0,0.978,50.04,1.28,33012.0
2026-04-24 19:00:00,IN-DC-060,Kolkata,31913.0,12383.5,1607.5,264.9,46168.9,1.447,35.9,61,8.7,15.2,24.4,1,0,0.976,50.11,1.33,32780.0
2026-04-24 20:00:00,IN-DC-060,Kolkata,31913.0,12509.2,1607.5,274.2,46303.9,1.451,34.6,69,8.5,14.8,23.9,1,0,0.977,50.07,1.35,32876.0
2026-04-24 21:00:00,IN-DC-060,Kolkata,31913.0,12123.9,1607.5,234.8,45879.2,1.438,33.2,72,8.7,15.4,23.7,1,0,0.977,49.95,1.2,32574.0
2026-04-24 22:00:00,IN-DC-060,Kolkata,31913.0,12613.0,1607.5,251.5,46385.1,1.453,32.1,80,8.7,15.0,24.4,1,0,0.97,50.03,1.1,32933.0
2026-04-24 23:00:00,IN-DC-060,Kolkata,31913.0,11942.0,1607.5,256.0,45718.6,1.433,31.7,75,8.7,15.4,24.2,1,0,0.987,49.99,1.02,32460.0
2026-04-25 00:00:00,IN-DC-060,Kolkata,31913.0,11851.2,1607.5,281.4,45653.1,1.431,30.7,81,8.9,15.3,23.6,1,0,0.98,49.99,1.05,32414.0
2026-04-25 01:00:00,IN-DC-060,Kolkata,31913.0,11651.7,1607.5,289.9,45462.1,1.425,29.2,79,8.5,15.3,23.8,1,0,0.975,49.98,0.9,32278.0
2026-04-25 02:00:00,IN-DC-060,Kolkata,31913.0,11637.7,1607.5,339.4,45497.5,1.426,29.1,81,8.5,15.0,24.5,1,0,0.979,49.91,0.93,32303.0
2026-04-25 03:00:00,IN-DC-060,Kolkata,31913.0,12017.7,1607.5,209.7,45747.8,1.434,28.5,91,8.5,15.4,24.5,1,0,0.963,49.99,0.91,32481.0
2026-04-25 04:00:00,IN-DC-060,Kolkata,31913.0,11007.8,1607.5,296.0,44824.3,1.405,28.4,76,8.7,15.7,24.4,1,0,0.97,49.97,0.98,31825.0
2026-04-25 05:00:00,IN-DC-060,Kolkata,31913.0,11866.3,1607.5,296.3,45683.1,1.431,29.6,83,8.6,15.2,23.9,1,0,0.974,50.0,1.04,32435.0
2026-04-25 06:00:00,IN-DC-060,Kolkata,31913.0,12086.3,1607.5,260.2,45867.0,1.437,30.5,83,8.6,15.0,24.2,1,0,0.986,49.99,0.95,32566.0
2026-04-25 07:00:00,IN-DC-060,Kolkata,31913.0,11649.4,1607.5,279.2,45449.1,1.424,30.2,76,8.7,15.5,23.4,1,0,0.974,49.98,0.96,32269.0
2026-04-25 08:00:00,IN-DC-060,Kolkata,31913.0,12437.4,1607.5,274.3,46232.3,1.449,32.7,74,8.4,15.0,23.7,1,0,0.976,50.0,1.19,32825.0
2026-04-25 09:00:00,IN-DC-060,Kolkata,31913.0,11918.2,1607.5,220.9,45659.5,1.431,32.8,72,8.7,15.3,24.3,1,0,0.973,50.0,1.05,32418.0
2026-04-25 10:00:00,IN-DC-060,Kolkata,31913.0,12104.7,1607.5,272.7,45897.9,1.438,34.1,68,8.8,15.6,24.2,1,0,0.985,50.06,1.29,32587.0
2026-04-25 11:00:00,IN-DC-060,Kolkata,31913.0,12687.6,1607.5,270.4,46478.5,1.456,36.4,64,8.6,15.4,23.9,1,0,0.974,50.03,1.29,33000.0
2026-04-25 12:00:00,IN-DC-060,Kolkata,31913.0,12858.5,1607.5,217.5,46596.6,1.46,36.1,65,8.7,15.3,24.5,1,0,0.983,49.96,1.28,33084.0
2026-04-25 13:00:00,IN-DC-060,Kolkata,31913.0,12595.9,1607.5,289.2,46405.7,1.454,36.8,64,9.1,15.5,24.7,1,0,0.976,50.01,1.38,32948.0
2026-04-25 14:00:00,IN-DC-060,Kolkata,31913.0,12819.7,1607.5,236.5,46576.7,1.459,36.9,58,8.8,15.5,24.6,1,0,0.974,49.98,1.43,33069.0
2026-04-25 15:00:00,IN-DC-060,Kolkata,31913.0,12933.7,1607.5,260.8,46715.0,1.464,38.0,55,8.8,15.3,25.0,1,0,0.966,49.93,1.33,33168.0
2026-04-25 16:00:00,IN-DC-060,Kolkata,31913.0,12754.2,1607.5,210.4,46485.1,1.457,37.0,56,9.2,15.6,24.7,1,0,0.969,50.0,1.26,33004.0
2026-04-25 17:00:00,IN-DC-060,Kolkata,31913.0,12565.8,1607.5,268.5,46354.7,1.453,36.8,55,8.3,15.0,24.7,1,0,0.975,49.99,1.34,32912.0
2026-04-25 18:00:00,IN-DC-060,Kolkata,31913.0,12459.0,1607.5,196.1,46175.6,1.447,35.3,66,8.8,15.0,23.4,1,0,0.978,50.0,1.34,32785.0
2026-04-25 19:00:00,IN-DC-060,Kolkata,31913.0,12920.4,1607.5,267.2,46708.1,1.464,36.7,66,9.0,15.3,23.3,1,0,0.967,50.01,1.17,33163.0
2026-04-25 20:00:00,IN-DC-060,Kolkata,31913.0,12070.4,1607.5,253.4,45844.3,1.437,33.7,67,8.6,15.0,23.2,1,0,0.995,49.95,1.15,32549.0
2026-04-25 21:00:00,IN-DC-060,Kolkata,31913.0,12068.3,1607.5,275.0,45863.8,1.437,33.7,69,8.6,15.3,24.3,1,0,0.966,50.01,1.28,32563.0
2026-04-25 22:00:00,IN-DC-060,Kolkata,31913.0,11724.1,1607.5,250.9,45495.5,1.426,32.6,62,8.7,15.3,24.1,1,0,0.969,50.07,1.08,32302.0
2026-04-25 23:00:00,IN-DC-060,Kolkata,31913.0,11848.9,1607.5,303.3,45672.7,1.431,30.2,78,8.5,15.0,24.1,1,0,0.972,49.98,1.0,32428.0
2026-04-26 00:00:00,IN-DC-060,Kolkata,31913.0,11751.3,1607.5,233.4,45505.1,1.426,29.3,82,8.9,15.7,24.3,1,0,0.975,50.04,0.85,32309.0
2026-04-26 01:00:00,IN-DC-060,Kolkata,31913.0,11587.6,1607.5,274.9,45383.0,1.422,29.8,80,8.4,14.8,24.6,1,0,0.971,49.95,0.97,32222.0
2026-04-26 02:00:00,IN-DC-060,Kolkata,31913.0,11598.2,1607.5,296.1,45414.8,1.423,28.3,81,8.6,15.4,23.7,1,0,0.98,50.05,0.84,32244.0
2026-04-26 03:00:00,IN-DC-060,Kolkata,31913.0,11681.6,1607.5,291.6,45493.7,1.426,28.7,81,8.3,14.8,23.7,1,0,0.975,50.01,0.81,32301.0
2026-04-26 04:00:00,IN-DC-060,Kolkata,31913.0,11421.8,1607.5,269.6,45211.9,1.417,29.0,81,8.7,15.3,24.2,1,0,0.972,49.9,0.95,32100.0
2026-04-26 05:00:00,IN-DC-060,Kolkata,31913.0,11554.6,1607.5,272.9,45348.0,1.421,29.7,81,8.5,14.8,23.2,1,0,0.989,49.94,1.07,32197.0
2026-04-26 06:00:00,IN-DC-060,Kolkata,31913.0,11467.0,1607.5,300.2,45287.7,1.419,29.2,75,8.5,14.9,24.0,1,0,0.981,50.0,0.94,32154.0
2026-04-26 07:00:00,IN-DC-060,Kolkata,31913.0,11935.1,1607.5,286.4,45741.9,1.433,30.7,76,8.7,15.4,23.9,1,0,0.982,49.9,1.08,32477.0
2026-04-26 08:00:00,IN-DC-060,Kolkata,31913.0,12271.5,1607.5,300.4,46092.4,1.444,31.9,76,8.6,15.3,24.4,1,0,0.98,49.96,1.18,32726.0
2026-04-26 09:00:00,IN-DC-060,Kolkata,31913.0,12451.1,1607.5,235.7,46207.3,1.448,33.7,76,8.8,15.3,24.1,1,0,0.96,49.98,1.23,32807.0
2026-04-26 10:00:00,IN-DC-060,Kolkata,31913.0,12798.3,1607.5,256.2,46575.0,1.459,34.6,65,9.3,15.8,24.5,1,0,0.974,49.98,1.32,33068.0
2026-04-26 11:00:00,IN-DC-060,Kolkata,31913.0,12746.4,1607.5,281.1,46548.0,1.459,35.2,65,8.7,15.3,24.8,1,0,0.965,50.04,1.28,33049.0
2026-04-26 12:00:00,IN-DC-060,Kolkata,31913.0,12415.9,1607.5,273.9,46210.3,1.448,35.8,55,9.1,16.2,24.2,1,0,0.986,50.01,1.33,32809.0
2026-04-26 13:00:00,IN-DC-060,Kolkata,31913.0,12302.9,1607.5,189.9,46013.3,1.442,35.9,59,8.6,15.3,24.1,1,0,0.983,49.96,1.47,32669.0
2026-04-26 14:00:00,IN-DC-060,Kolkata,31913.0,12771.2,1607.5,320.7,46612.4,1.461,36.4,50,8.4,15.3,23.9,1,0,0.995,49.99,1.18,33095.0
2026-04-26 15:00:00,IN-DC-060,Kolkata,31913.0,12478.0,1607.5,248.3,46246.8,1.449,36.4,59,8.7,15.5,23.5,1,0,0.972,49.96,1.33,32835.0
2026-04-26 16:00:00,IN-DC-060,Kolkata,31913.0,12952.2,1607.5,272.4,46745.1,1.465,37.1,58,8.8,15.5,24.7,1,0,0.967,49.97,1.29,33189.0
2026-04-26 17:00:00,IN-DC-060,Kolkata,31913.0,12858.4,1607.5,261.0,46639.9,1.461,37.2,54,8.7,15.6,24.7,1,0,0.977,49.95,1.35,33114.0
2026-04-26 18:00:00,IN-DC-060,Kolkata,31913.0,12666.8,1607.5,237.6,46424.8,1.455,36.1,65,8.9,15.3,24.1,1,0,0.954,49.95,1.15,32962.0
2026-04-26 19:00:00,IN-DC-060,Kolkata,31913.0,11833.1,1607.5,294.6,45648.1,1.43,34.0,63,8.9,15.6,24.8,1,0,0.97,49.9,1.22,32410.0
2026-04-26 20:00:00,IN-DC-060,Kolkata,31913.0,12037.8,1607.5,256.7,45815.0,1.436,34.5,59,8.9,15.4,24.3,1,0,0.965,50.05,1.24,32529.0
2026-04-26 21:00:00,IN-DC-060,Kolkata,31913.0,11906.5,1607.5,269.2,45696.2,1.432,32.2,66,8.4,14.7,24.3,1,0,0.982,49.94,1.05,32444.0
2026-04-26 22:00:00,IN-DC-060,Kolkata,31913.0,11975.0,1607.5,275.4,45771.0,1.434,31.7,76,8.8,15.3,24.7,1,0,0.962,49.98,1.01,32497.0
2026-04-26 23:00:00,IN-DC-060,Kolkata,31913.0,11911.2,1607.5,213.5,45645.2,1.43,30.6,81,8.4,14.7,24.2,1,0,0.982,49.94,1.05,32408.0
2026-04-27 00:00:00,IN-DC-060,Kolkata,31913.0,11700.8,1607.5,229.3,45450.7,1.424,30.2,81,8.7,15.2,24.1,1,0,0.97,50.01,0.96,32270.0
2026-04-27 01:00:00,IN-DC-060,Kolkata,31913.0,11468.1,1607.5,291.1,45279.7,1.419,29.5,78,8.4,15.2,24.1,1,0,0.99,50.06,1.12,32149.0
2026-04-27 02:00:00,IN-DC-060,Kolkata,31913.0,11707.1,1607.5,271.2,45498.8,1.426,28.9,85,8.6,15.3,23.9,1,0,0.988,50.04,0.92,32304.0
2026-04-27 03:00:00,IN-DC-060,Kolkata,31913.0,11456.6,1607.5,262.0,45239.0,1.418,28.1,84,8.5,15.2,23.8,1,0,0.982,50.09,0.8,32120.0
2026-04-27 04:00:00,IN-DC-060,Kolkata,31913.0,11356.0,1607.5,223.3,45099.9,1.413,28.0,84,8.2,14.7,23.2,1,0,0.976,49.97,0.88,32021.0
2026-04-27 05:00:00,IN-DC-060,Kolkata,31913.0,11855.8,1607.5,255.6,45631.9,1.43,29.6,82,8.5,15.0,23.9,1,0,0.987,50.02,1.06,32399.0
2026-04-27 06:00:00,IN-DC-060,Kolkata,31913.0,12073.0,1607.5,269.4,45862.9,1.437,30.0,83,8.7,15.4,24.1,1,0,0.98,50.02,1.17,32563.0
2026-04-27 07:00:00,IN-DC-060,Kolkata,31913.0,11630.8,1607.5,235.3,45386.6,1.422,30.8,79,8.7,15.5,24.4,1,0,0.965,49.93,1.09,32224.0
2026-04-27 08:00:00,IN-DC-060,Kolkata,31913.0,11849.6,1607.5,235.1,45605.1,1.429,31.4,73,8.8,15.7,23.9,1,0,0.976,50.03,1.1,32380.0
2026-04-27 09:00:00,IN-DC-060,Kolkata,31913.0,12066.4,1607.5,297.7,45884.7,1.438,33.1,70,8.6,15.1,23.5,1,0,0.977,49.95,1.07,32578.0
2026-04-27 10:00:00,IN-DC-060,Kolkata,31913.0,12537.5,1607.5,340.1,46398.1,1.454,34.3,68,8.7,15.1,23.5,1,0,0.978,50.03,1.16,32943.0
2026-04-27 11:00:00,IN-DC-060,Kolkata,31913.0,12623.0,1607.5,273.6,46417.1,1.454,35.4,64,8.6,15.1,24.3,1,0,0.979,49.99,1.42,32956.0
2026-04-27 12:00:00,IN-DC-060,Kolkata,31913.0,12781.1,1607.5,243.9,46545.5,1.459,37.2,61,8.8,15.4,23.8,1,0,0.978,49.98,1.35,33047.0
2026-04-27 13:00:00,IN-DC-060,Kolkata,31913.0,12961.1,1607.5,250.7,46732.4,1.464,37.7,58,9.1,15.7,24.6,1,0,0.965,49.99,1.53,33180.0
2026-04-27 14:00:00,IN-DC-060,Kolkata,31913.0,13186.2,1607.5,333.3,47040.0,1.474,37.5,69,8.9,15.7,24.4,1,0,0.978,50.04,1.51,33398.0
2026-04-27 15:00:00,IN-DC-060,Kolkata,31913.0,13045.7,1607.5,322.9,46889.1,1.469,37.7,59,8.8,15.3,23.8,1,0,0.975,50.05,1.34,33291.0
2026-04-27 16:00:00,IN-DC-060,Kolkata,31913.0,13022.6,1607.5,262.7,46805.8,1.467,37.8,60,9.1,15.8,24.1,1,0,0.961,50.08,1.38,33232.0
2026-04-27 17:00:00,IN-DC-060,Kolkata,31913.0,12846.1,1607.5,292.2,46658.8,1.462,36.8,56,8.7,15.1,24.6,1,0,0.981,50.04,1.33,33128.0
2026-04-27 18:00:00,IN-DC-060,Kolkata,31913.0,13295.0,1607.5,257.8,47073.3,1.475,37.0,67,9.0,15.5,24.5,1,0,0.979,50.04,1.25,33422.0
2026-04-27 19:00:00,IN-DC-060,Kolkata,31913.0,12214.9,1607.5,257.7,45993.1,1.441,35.6,57,8.4,15.4,23.9,1,0,0.976,49.96,1.17,32655.0
2026-04-27 20:00:00,IN-DC-060,Kolkata,31913.0,12642.6,1607.5,301.5,46464.6,1.456,34.5,68,8.8,15.2,23.9,1,0,0.98,50.0,1.31,32990.0
2026-04-27 21:00:00,IN-DC-060,Kolkata,31913.0,12522.7,1607.5,272.8,46315.9,1.451,33.5,75,8.5,15.3,24.4,1,0,0.972,49.94,1.13,32884.0
2026-04-27 22:00:00,IN-DC-060,Kolkata,31913.0,12047.2,1607.5,275.1,45842.8,1.436,31.8,76,8.6,15.3,24.6,1,0,0.965,49.96,1.11,32548.0
2026-04-27 23:00:00,IN-DC-060,Kolkata,31913.0,11819.3,1607.5,260.5,45600.3,1.429,31.2,70,9.0,15.7,24.3,1,0,0.974,50.03,1.1,32376.0
2026-04-28 00:00:00,IN-DC-060,Kolkata,31913.0,11697.5,1607.5,348.0,45566.0,1.428,29.9,76,8.7,15.7,24.1,1,0,0.964,49.82,1.08,32352.0
2026-04-28 01:00:00,IN-DC-060,Kolkata,31913.0,11514.9,1607.5,207.0,45242.4,1.418,28.8,84,8.2,14.3,24.0,1,0,0.955,49.99,0.9,32122.0
2026-04-28 02:00:00,IN-DC-060,Kolkata,31913.0,11653.0,1607.5,236.2,45409.7,1.423,28.5,83,7.9,14.3,23.7,1,0,0.973,50.03,0.89,32241.0
2026-04-28 03:00:00,IN-DC-060,Kolkata,31913.0,11337.1,1607.5,280.3,45137.9,1.414,29.0,79,8.5,15.1,24.0,1,0,0.971,49.91,0.87,32048.0
2026-04-28 04:00:00,IN-DC-060,Kolkata,31913.0,11854.9,1607.5,237.2,45612.5,1.429,29.0,85,8.4,14.9,23.6,1,0,0.975,50.07,1.07,32385.0
2026-04-28 05:00:00,IN-DC-060,Kolkata,31913.0,11469.5,1607.5,263.4,45253.4,1.418,30.8,75,8.5,15.1,25.1,1,0,0.961,49.98,1.06,32130.0
2026-04-28 06:00:00,IN-DC-060,Kolkata,31913.0,11889.2,1607.5,301.6,45711.3,1.432,30.0,84,8.5,14.9,24.1,1,0,0.977,49.93,0.91,32455.0
2026-04-28 07:00:00,IN-DC-060,Kolkata,31913.0,12080.9,1607.5,273.3,45874.7,1.437,31.6,75,8.8,15.5,24.1,1,0,0.995,50.08,1.1,32571.0
2026-04-28 08:00:00,IN-DC-060,Kolkata,31913.0,12255.4,1607.5,273.7,46049.6,1.443,32.7,74,8.5,15.1,24.4,1,0,0.966,50.0,1.12,32695.0
2026-04-28 09:00:00,IN-DC-060,Kolkata,31913.0,12240.6,1607.5,297.0,46058.0,1.443,33.5,66,8.8,15.4,23.7,1,0,0.966,49.99,1.07,32701.0
2026-04-28 10:00:00,IN-DC-060,Kolkata,31913.0,12481.2,1607.5,290.3,46292.0,1.451,35.6,64,8.9,15.6,23.7,1,0,0.974,49.93,1.19,32867.0
2026-04-28 11:00:00,IN-DC-060,Kolkata,31913.0,12616.7,1607.5,246.2,46383.3,1.453,36.5,68,8.8,15.5,24.3,1,0,0.966,50.04,1.16,32932.0
2026-04-28 12:00:00,IN-DC-060,Kolkata,31913.0,12600.5,1607.5,242.8,46363.8,1.453,36.6,64,8.8,15.5,24.0,1,0,0.983,50.01,1.28,32918.0
2026-04-28 13:00:00,IN-DC-060,Kolkata,31913.0,13187.8,1607.5,310.1,47018.4,1.473,37.5,70,8.4,15.4,24.8,1,0,0.967,50.04,1.4,33383.0
2026-04-28 14:00:00,IN-DC-060,Kolkata,31913.0,12765.0,1607.5,275.0,46560.5,1.459,37.5,62,9.1,15.9,25.0,1,0,0.954,49.98,1.37,33058.0
2026-04-28 15:00:00,IN-DC-060,Kolkata,31913.0,13133.7,1607.5,239.0,46893.2,1.469,39.2,55,8.5,15.3,24.1,1,0,0.985,49.96,1.45,33294.0
2026-04-28 16:00:00,IN-DC-060,Kolkata,31913.0,13043.3,1607.5,234.6,46798.4,1.466,38.2,54,8.6,15.4,25.1,1,0,0.986,50.01,1.4,33227.0
2026-04-28 17:00:00,IN-DC-060,Kolkata,31913.0,13278.5,1607.5,250.7,47049.7,1.474,37.8,55,8.6,15.8,24.0,1,0,0.977,50.03,1.42,33405.0
2026-04-28 18:00:00,IN-DC-060,Kolkata,31913.0,12593.0,1607.5,266.7,46380.1,1.453,37.2,60,8.8,15.2,24.0,1,0,0.974,50.06,1.37,32930.0
2026-04-28 19:00:00,IN-DC-060,Kolkata,31913.0,12832.7,1607.5,305.5,46658.7,1.462,36.3,64,8.9,15.3,24.0,1,0,0.983,50.04,1.12,33128.0
2026-04-28 20:00:00,IN-DC-060,Kolkata,31913.0,12455.9,1607.5,253.7,46230.0,1.449,34.5,70,8.7,15.3,23.6,1,0,0.981,50.03,1.22,32823.0
2026-04-28 21:00:00,IN-DC-060,Kolkata,31913.0,12863.1,1607.5,314.6,46698.2,1.463,33.9,78,8.6,15.2,24.0,1,0,0.959,49.99,1.29,33156.0
2026-04-28 22:00:00,IN-DC-060,Kolkata,31913.0,12098.6,1607.5,279.7,45898.8,1.438,33.1,71,8.9,15.4,25.0,1,0,0.968,50.06,1.08,32588.0
2026-04-28 23:00:00,IN-DC-060,Kolkata,31913.0,12061.4,1607.5,300.2,45882.1,1.438,31.5,78,8.7,15.4,24.5,1,0,0.986,50.05,1.03,32576.0
2026-04-29 00:00:00,IN-DC-060,Kolkata,31913.0,11641.1,1607.5,238.0,45399.5,1.423,30.6,74,8.7,15.1,23.2,1,0,0.981,50.06,0.8,32234.0
2026-04-29 01:00:00,IN-DC-060,Kolkata,31913.0,11873.1,1607.5,234.0,45627.7,1.43,30.0,79,8.2,14.6,24.2,1,0,0.987,50.12,1.03,32396.0
2026-04-29 02:00:00,IN-DC-060,Kolkata,31913.0,11904.9,1607.5,243.0,45668.4,1.431,29.6,91,8.4,15.3,24.0,1,0,0.995,49.9,1.04,32425.0
2026-04-29 03:00:00,IN-DC-060,Kolkata,31913.0,11962.6,1607.5,280.8,45763.8,1.434,29.8,84,8.6,15.1,24.6,1,0,0.976,49.98,0.98,32492.0
2026-04-29 04:00:00,IN-DC-060,Kolkata,31913.0,11549.9,1607.5,286.6,45357.0,1.421,29.1,85,8.4,15.1,24.2,1,0,0.968,50.07,1.1,32203.0
2026-04-29 05:00:00,IN-DC-060,Kolkata,31913.0,11181.8,1607.5,275.4,44977.6,1.409,28.6,77,8.5,15.3,24.2,1,0,0.97,49.99,0.95,31934.0
2026-04-29 06:00:00,IN-DC-060,Kolkata,31913.0,11603.2,1607.5,256.4,45380.1,1.422,30.2,76,8.6,15.4,23.4,1,0,0.968,49.95,0.89,32220.0
2026-04-29 07:00:00,IN-DC-060,Kolkata,31913.0,12458.0,1607.5,180.7,46159.2,1.446,32.7,77,8.7,15.2,24.1,1,0,0.969,49.95,1.08,32773.0
2026-04-29 08:00:00,IN-DC-060,Kolkata,31913.0,12106.1,1607.5,260.0,45886.7,1.438,32.7,73,8.5,14.7,23.7,1,0,0.966,50.05,1.07,32580.0
2026-04-29 09:00:00,IN-DC-060,Kolkata,31913.0,12391.7,1607.5,282.1,46194.3,1.448,34.3,63,8.4,14.9,23.0,1,0,0.973,50.1,1.22,32798.0
2026-04-29 10:00:00,IN-DC-060,Kolkata,31913.0,12500.8,1607.5,192.4,46213.7,1.448,34.9,71,8.8,15.7,24.8,1,0,0.994,50.03,1.29,32812.0
2026-04-29 11:00:00,IN-DC-060,Kolkata,31913.0,12545.7,1607.5,251.0,46317.2,1.451,35.4,65,8.7,15.3,24.0,1,0,0.961,49.95,1.34,32885.0
2026-04-29 12:00:00,IN-DC-060,Kolkata,31913.0,12901.4,1607.5,259.2,46681.1,1.463,37.0,65,8.8,15.5,24.2,1,0,0.981,50.04,1.35,33144.0
2026-04-29 13:00:00,IN-DC-060,Kolkata,31913.0,12630.8,1607.5,319.5,46470.8,1.456,37.2,59,8.9,15.4,24.2,1,0,0.973,49.99,1.3,32994.0
2026-04-29 14:00:00,IN-DC-060,Kolkata,31913.0,12933.6,1607.5,191.8,46645.9,1.462,38.6,60,8.8,15.6,23.9,1,0,0.985,50.01,1.46,33119.0
2026-04-29 15:00:00,IN-DC-060,Kolkata,31913.0,13279.7,1607.5,230.7,47030.9,1.474,38.2,53,8.7,15.0,23.9,1,0,0.978,50.02,1.39,33392.0
2026-04-29 16:00:00,IN-DC-060,Kolkata,31913.0,13136.7,1607.5,229.7,46886.9,1.469,38.1,55,8.5,15.3,24.0,1,0,0.967,49.96,1.41,33290.0
2026-04-29 17:00:00,IN-DC-060,Kolkata,31913.0,12897.4,1607.5,265.7,46683.6,1.463,37.7,58,8.8,15.0,24.8,1,0,0.971,50.0,1.46,33145.0
2026-04-29 18:00:00,IN-DC-060,Kolkata,31913.0,12514.2,1607.5,234.1,46268.9,1.45,36.8,59,8.6,15.6,23.8,1,0,0.986,49.9,1.34,32851.0
2026-04-29 19:00:00,IN-DC-060,Kolkata,31913.0,12385.5,1607.5,259.3,46165.3,1.447,35.6,65,8.8,15.8,24.5,1,0,0.983,49.94,1.39,32777.0
2026-04-29 20:00:00,IN-DC-060,Kolkata,31913.0,12562.2,1607.5,259.7,46342.3,1.452,34.6,69,8.8,15.1,24.5,1,0,0.977,50.01,1.28,32903.0
2026-04-29 21:00:00,IN-DC-060,Kolkata,31913.0,12892.5,1607.5,234.8,46647.8,1.462,35.2,73,8.7,15.3,23.7,1,0,0.987,50.08,1.24,33120.0
2026-04-29 22:00:00,IN-DC-060,Kolkata,31913.0,12470.2,1607.5,332.4,46323.0,1.452,33.0,74,8.7,15.4,24.0,1,0,0.978,50.07,1.19,32889.0
2026-04-29 23:00:00,IN-DC-060,Kolkata,31913.0,11212.1,1607.5,276.9,45009.5,1.41,31.1,68,8.3,14.7,24.2,1,0,0.974,49.99,1.02,31957.0
2026-04-30 00:00:00,IN-DC-060,Kolkata,31913.0,12023.8,1607.5,252.7,45796.9,1.435,30.3,82,8.6,15.0,24.0,1,0,0.983,50.06,0.95,32516.0
2026-04-30 01:00:00,IN-DC-060,Kolkata,31913.0,11744.2,1607.5,224.3,45489.1,1.425,29.4,83,8.6,15.3,24.3,1,0,0.969,49.97,0.96,32297.0
2026-04-30 02:00:00,IN-DC-060,Kolkata,31913.0,11162.9,1607.5,197.3,44880.7,1.406,29.0,78,8.6,15.2,23.9,1,0,0.97,50.11,0.93,31865.0
2026-04-30 03:00:00,IN-DC-060,Kolkata,31913.0,11542.3,1607.5,264.6,45327.4,1.42,29.7,81,8.6,15.4,24.3,1,0,0.968,50.05,0.86,32182.0
2026-04-30 04:00:00,IN-DC-060,Kolkata,31913.0,12154.7,1607.5,282.4,45957.7,1.44,30.0,88,8.9,15.4,24.1,1,0,0.984,49.92,1.12,32630.0
2026-04-30 05:00:00,IN-DC-060,Kolkata,31913.0,11917.6,1607.5,222.5,45660.6,1.431,30.0,82,8.3,14.9,24.1,1,0,0.975,50.03,1.04,32419.0
2026-04-30 06:00:00,IN-DC-060,Kolkata,31913.0,11746.4,1607.5,221.6,45488.5,1.425,30.6,75,8.5,15.1,24.4,1,0,0.985,50.0,1.1,32297.0
2026-04-30 07:00:00,IN-DC-060,Kolkata,31913.0,11993.9,1607.5,268.8,45783.2,1.435,31.8,74,8.6,15.6,24.0,1,0,0.975,49.89,0.89,32506.0
2026-04-30 08:00:00,IN-DC-060,Kolkata,31913.0,11616.1,1607.5,307.1,45443.7,1.424,32.1,67,9.1,15.9,23.5,1,0,0.973,50.0,1.15,32265.0
2026-04-30 09:00:00,IN-DC-060,Kolkata,31913.0,12623.5,1607.5,235.0,46379.0,1.453,33.8,73,8.6,15.2,24.4,1,0,0.973,50.05,1.1,32929.0
2026-04-30 10:00:00,IN-DC-060,Kolkata,31913.0,12500.8,1607.5,242.2,46263.5,1.45,34.7,67,8.8,16.0,24.1,1,0,0.981,49.89,1.19,32847.0
2026-04-30 11:00:00,IN-DC-060,Kolkata,31913.0,13140.2,1607.5,276.8,46937.5,1.471,36.9,66,8.5,14.9,24.1,1,0,0.968,50.05,1.24,33326.0
2026-04-30 12:00:00,IN-DC-060,Kolkata,31913.0,12627.5,1607.5,314.2,46462.2,1.456,36.7,58,8.5,14.9,24.0,1,0,0.984,50.09,1.37,32988.0
2026-04-30 13:00:00,IN-DC-060,Kolkata,31913.0,13129.3,1607.5,281.7,46931.6,1.471,38.0,61,9.1,15.9,24.2,1,0,0.972,50.02,1.36,33321.0
2026-04-30 14:00:00,IN-DC-060,Kolkata,31913.0,13279.7,1607.5,253.3,47053.6,1.474,38.7,60,8.7,15.2,24.5,1,0,0.982,49.99,1.6,33408.0
2026-04-30 15:00:00,IN-DC-060,Kolkata,31913.0,12661.7,1607.5,259.9,46442.0,1.455,36.9,54,8.7,15.1,25.1,1,0,0.971,50.04,1.35,32974.0
2026-04-30 16:00:00,IN-DC-060,Kolkata,31913.0,13207.9,1607.5,284.8,47013.1,1.473,37.7,67,8.8,15.6,24.7,1,0,0.975,50.03,1.33,33379.0
2026-04-30 17:00:00,IN-DC-060,Kolkata,31913.0,13098.3,1607.5,317.0,46935.9,1.471,37.5,65,8.5,15.4,23.9,1,0,0.967,49.96,1.37,33324.0
2026-04-30 18:00:00,IN-DC-060,Kolkata,31913.0,12631.8,1607.5,246.1,46398.5,1.454,37.3,59,8.7,15.3,24.2,1,0,0.968,50.03,1.36,32943.0
2026-04-30 19:00:00,IN-DC-060,Kolkata,31913.0,12751.0,1607.5,328.5,46600.0,1.46,36.4,58,8.6,15.7,24.2,1,0,0.985,50.01,1.25,33086.0
2026-04-30 20:00:00,IN-DC-060,Kolkata,31913.0,12467.7,1607.5,256.2,46244.4,1.449,36.2,60,8.7,15.3,24.6,1,0,0.976,49.98,1.34,32834.0
2026-04-30 21:00:00,IN-DC-060,Kolkata,31913.0,12016.5,1607.5,208.0,45745.1,1.433,33.1,67,8.5,15.1,24.1,1,0,0.976,49.94,1.16,32479.0
2026-04-30 22:00:00,IN-DC-060,Kolkata,31913.0,12160.1,1607.5,231.5,45912.1,1.439,32.2,71,8.9,15.5,23.8,1,0,0.966,50.0,1.15,32598.0
2026-04-30 23:00:00,IN-DC-060,Kolkata,31913.0,11905.7,1607.5,199.1,45625.2,1.43,31.6,71,8.6,15.2,24.1,1,0,0.981,50.0,1.1,32394.0
2026-04-01 00:00:00,IN-DC-066,Ahmedabad,10631.1,3960.7,638.0,145.6,15375.4,1.446,31.6,40,8.3,14.1,23.7,1,0,0.959,49.91,1.15,10917.0
2026-04-01 01:00:00,IN-DC-066,Ahmedabad,10647.3,3833.3,638.6,131.4,15250.7,1.432,29.9,32,8.4,13.9,24.0,1,0,0.985,50.02,0.95,10828.0
2026-04-01 02:00:00,IN-DC-066,Ahmedabad,10651.0,3745.5,638.7,130.1,15165.4,1.424,29.9,35,8.3,14.0,23.9,1,0,0.978,49.98,1.04,10767.0
2026-04-01 03:00:00,IN-DC-066,Ahmedabad,10379.7,3751.7,628.4,160.6,14920.4,1.437,29.1,38,8.5,14.1,24.4,1,0,0.984,49.97,0.94,10594.0
2026-04-01 04:00:00,IN-DC-066,Ahmedabad,10374.9,3873.9,628.2,183.4,15060.4,1.452,30.3,38,8.5,13.7,23.9,1,0,0.974,49.97,0.91,10693.0
2026-04-01 05:00:00,IN-DC-066,Ahmedabad,10257.4,3841.0,623.8,170.2,14892.4,1.452,29.5,33,8.2,13.3,24.1,1,0,0.969,50.01,0.93,10574.0
2026-04-01 06:00:00,IN-DC-066,Ahmedabad,10127.9,3891.8,618.9,154.0,14792.5,1.461,30.4,31,8.4,13.8,23.6,1,0,0.978,50.02,1.2,10503.0
2026-04-01 07:00:00,IN-DC-066,Ahmedabad,10185.9,3913.4,621.1,142.3,14862.6,1.459,32.8,32,8.6,13.9,23.7,1,0,0.992,50.06,1.18,10552.0
2026-04-01 08:00:00,IN-DC-066,Ahmedabad,10251.5,4275.2,623.6,159.0,15309.2,1.493,34.6,24,8.6,14.0,23.8,1,0,0.973,49.94,1.2,10870.0
2026-04-01 09:00:00,IN-DC-066,Ahmedabad,10182.6,4343.5,620.9,126.2,15273.1,1.5,36.7,24,8.8,14.0,24.5,1,0,0.975,50.04,1.3,10844.0
2026-04-01 10:00:00,IN-DC-066,Ahmedabad,10382.5,4533.6,628.5,167.1,15711.8,1.513,38.6,22,9.0,14.3,23.9,1,0,0.984,49.96,1.53,11155.0
2026-04-01 11:00:00,IN-DC-066,Ahmedabad,10497.6,4523.6,632.9,148.7,15802.8,1.505,39.8,24,9.1,14.2,23.9,1,0,0.98,49.96,1.61,11220.0
2026-04-01 12:00:00,IN-DC-066,Ahmedabad,10374.6,4725.6,628.2,144.4,15872.9,1.53,41.8,17,8.8,14.7,25.2,1,0,0.968,50.08,1.45,11270.0
2026-04-01 13:00:00,IN-DC-066,Ahmedabad,10741.3,4887.2,642.2,159.4,16430.1,1.53,43.0,15,9.0,14.7,24.7,1,0,0.967,49.98,1.55,11665.0
2026-04-01 14:00:00,IN-DC-066,Ahmedabad,10842.8,4993.3,646.0,137.4,16619.6,1.533,43.1,12,9.1,14.7,24.4,1,0,0.979,49.98,1.69,11800.0
2026-04-01 15:00:00,IN-DC-066,Ahmedabad,10762.0,5072.0,643.0,162.6,16639.4,1.546,43.6,12,8.9,14.5,25.3,1,0,0.971,50.02,1.86,11814.0
2026-04-01 16:00:00,IN-DC-066,Ahmedabad,11003.7,5102.8,652.1,129.7,16888.4,1.535,43.9,12,9.4,14.9,24.7,1,0,0.968,50.06,1.66,11991.0
2026-04-01 17:00:00,IN-DC-066,Ahmedabad,11204.2,5070.9,659.8,142.0,17076.9,1.524,42.4,12,8.8,14.4,24.5,1,0,0.965,49.91,1.6,12125.0
2026-04-01 18:00:00,IN-DC-066,Ahmedabad,11234.8,4951.3,660.9,162.7,17009.7,1.514,40.4,18,9.2,15.4,25.0,1,0,0.97,50.01,1.58,12077.0
2026-04-01 19:00:00,IN-DC-066,Ahmedabad,11086.9,4835.1,655.3,111.7,16689.0,1.505,40.2,22,9.2,14.8,24.3,1,0,0.983,50.01,1.56,11849.0
2026-04-01 20:00:00,IN-DC-066,Ahmedabad,11250.9,4688.4,661.5,156.2,16757.0,1.489,37.7,21,8.9,14.4,23.7,1,0,0.97,49.96,1.29,11898.0
2026-04-01 21:00:00,IN-DC-066,Ahmedabad,11200.2,4603.2,659.6,161.5,16624.5,1.484,36.4,21,8.6,14.1,23.7,1,0,0.98,49.97,1.33,11803.0
2026-04-01 22:00:00,IN-DC-066,Ahmedabad,11289.3,4338.7,663.0,168.5,16459.6,1.458,33.2,35,8.7,14.4,24.1,1,0,0.971,49.99,1.25,11686.0
2026-04-01 23:00:00,IN-DC-066,Ahmedabad,11159.7,4379.9,658.1,130.3,16328.0,1.463,33.0,24,8.7,14.4,23.7,1,0,0.975,50.01,1.18,11593.0
2026-04-02 00:00:00,IN-DC-066,Ahmedabad,11034.7,4224.6,653.3,128.6,16041.3,1.454,31.4,34,8.6,14.4,23.3,1,0,0.957,50.02,1.16,11389.0
2026-04-02 01:00:00,IN-DC-066,Ahmedabad,10837.4,3731.4,645.8,165.0,15379.6,1.419,27.9,33,8.6,14.1,24.6,1,0,0.981,50.07,0.91,10919.0
2026-04-02 02:00:00,IN-DC-066,Ahmedabad,10954.6,3715.5,650.3,121.4,15441.8,1.41,28.5,39,8.5,14.2,23.8,1,0,0.983,50.03,0.9,10964.0
2026-04-02 03:00:00,IN-DC-066,Ahmedabad,10971.8,4111.0,650.9,173.8,15907.5,1.45,28.8,43,8.6,14.1,23.9,1,0,0.976,50.01,0.98,11294.0
2026-04-02 04:00:00,IN-DC-066,Ahmedabad,10553.6,3828.3,635.0,137.6,15154.5,1.436,28.7,33,8.6,14.1,23.9,1,0,0.971,49.94,0.89,10760.0
2026-04-02 05:00:00,IN-DC-066,Ahmedabad,10737.3,3732.5,642.0,160.1,15272.0,1.422,29.5,38,8.6,14.1,24.2,1,0,0.964,49.99,1.06,10843.0
2026-04-02 06:00:00,IN-DC-066,Ahmedabad,10623.8,3843.4,637.7,153.0,15257.9,1.436,30.6,30,8.3,14.1,24.4,1,0,0.985,50.04,0.98,10833.0
2026-04-02 07:00:00,IN-DC-066,Ahmedabad,10715.2,3968.2,641.2,168.0,15492.6,1.446,32.0,31,8.4,14.2,23.6,1,0,0.969,49.94,1.12,11000.0
2026-04-02 08:00:00,IN-DC-066,Ahmedabad,10756.2,4319.1,642.7,114.3,15832.4,1.472,34.3,25,8.2,13.7,24.0,1,0,0.954,49.94,1.18,11241.0
2026-04-02 09:00:00,IN-DC-066,Ahmedabad,10699.7,4418.1,640.6,143.5,15901.9,1.486,35.9,23,9.0,15.0,24.1,1,0,0.963,50.08,1.35,11290.0
2026-04-02 10:00:00,IN-DC-066,Ahmedabad,10668.3,4435.5,639.4,146.9,15890.1,1.489,37.5,17,9.0,14.7,23.8,1,0,0.97,49.99,1.53,11282.0
2026-04-02 11:00:00,IN-DC-066,Ahmedabad,10842.1,4749.1,646.0,161.6,16398.9,1.513,39.0,22,8.3,13.6,25.3,1,0,0.975,50.04,1.3,11643.0
2026-04-02 12:00:00,IN-DC-066,Ahmedabad,10746.2,5069.8,642.4,181.5,16639.8,1.548,42.2,18,9.1,14.7,24.6,1,0,0.965,49.95,1.62,11814.0
2026-04-02 13:00:00,IN-DC-066,Ahmedabad,10982.4,5068.7,651.3,180.2,16882.6,1.537,42.6,18,8.9,14.4,24.6,1,0,0.981,50.06,1.43,11987.0
2026-04-02 14:00:00,IN-DC-066,Ahmedabad,11206.1,5160.7,659.8,188.4,17215.0,1.536,43.9,19,9.2,15.2,25.6,1,0,0.979,49.97,1.63,12223.0
2026-04-02 15:00:00,IN-DC-066,Ahmedabad,11121.4,5244.1,656.6,141.3,17163.5,1.543,43.9,12,9.2,15.1,25.1,1,0,0.958,50.04,1.82,12186.0
2026-04-02 16:00:00,IN-DC-066,Ahmedabad,11246.4,5378.2,661.4,130.0,17416.1,1.549,44.3,21,8.8,14.4,25.0,1,0,0.987,50.06,1.45,12365.0
2026-04-02 17:00:00,IN-DC-066,Ahmedabad,11592.7,5283.2,674.5,154.6,17705.0,1.527,43.8,18,9.2,15.2,25.3,1,0,0.957,49.96,1.77,12571.0
2026-04-02 18:00:00,IN-DC-066,Ahmedabad,11544.4,5141.3,672.7,170.5,17528.8,1.518,41.5,12,8.9,14.6,25.0,1,0,0.964,50.01,1.47,12445.0
2026-04-02 19:00:00,IN-DC-066,Ahmedabad,11621.4,4995.0,675.6,146.1,17438.0,1.501,39.3,19,9.0,14.8,24.8,1,0,0.965,49.98,1.39,12381.0
2026-04-02 20:00:00,IN-DC-066,Ahmedabad,11557.1,4949.7,673.2,140.4,17320.4,1.499,37.9,18,8.4,14.7,24.1,1,0,0.973,50.12,1.43,12297.0
2026-04-02 21:00:00,IN-DC-066,Ahmedabad,11672.4,4585.5,677.6,169.1,17104.5,1.465,36.1,27,9.0,14.9,24.0,1,0,0.971,50.01,1.39,12144.0
2026-04-02 22:00:00,IN-DC-066,Ahmedabad,11753.1,4679.4,680.6,158.4,17271.6,1.47,34.6,21,8.7,14.3,23.9,1,0,0.966,49.96,1.34,12263.0
2026-04-02 23:00:00,IN-DC-066,Ahmedabad,11358.0,4337.1,665.6,130.6,16491.3,1.452,32.7,31,8.5,14.3,24.0,1,0,0.97,49.99,1.07,11709.0
2026-04-03 00:00:00,IN-DC-066,Ahmedabad,11428.5,4250.1,668.3,176.8,16523.8,1.446,30.9,36,9.0,14.9,23.9,1,0,0.986,50.03,1.29,11732.0
2026-04-03 01:00:00,IN-DC-066,Ahmedabad,11477.7,3988.5,670.2,141.7,16278.2,1.418,29.6,37,8.1,14.1,24.2,1,0,0.966,50.04,0.98,11557.0
2026-04-03 02:00:00,IN-DC-066,Ahmedabad,11273.7,3944.9,662.4,162.3,16043.2,1.423,29.3,38,8.6,14.5,24.0,1,0,0.982,50.02,0.81,11391.0
2026-04-03 03:00:00,IN-DC-066,Ahmedabad,11077.0,3955.6,654.9,160.0,15847.5,1.431,28.5,41,8.3,14.1,24.0,1,0,0.995,50.01,0.8,11252.0
2026-04-03 04:00:00,IN-DC-066,Ahmedabad,11207.3,3860.8,659.9,141.8,15869.7,1.416,28.6,28,8.6,14.4,24.4,1,0,0.987,50.06,0.9,11268.0
2026-04-03 05:00:00,IN-DC-066,Ahmedabad,11074.3,4000.1,654.8,190.0,15919.2,1.437,29.9,41,8.6,14.4,24.5,1,0,0.969,50.0,1.04,11303.0
2026-04-03 06:00:00,IN-DC-066,Ahmedabad,11102.5,4189.8,655.9,154.4,16102.6,1.45,30.6,26,8.6,14.4,24.0,1,0,0.98,50.03,1.19,11433.0
2026-04-03 07:00:00,IN-DC-066,Ahmedabad,11074.0,4268.5,654.8,137.5,16134.8,1.457,32.3,32,8.5,14.2,24.8,1,0,0.967,50.02,1.07,11456.0
2026-04-03 08:00:00,IN-DC-066,Ahmedabad,11005.4,4122.1,652.2,174.7,15954.4,1.45,33.9,24,8.7,14.4,24.1,1,0,0.972,50.0,1.16,11328.0
2026-04-03 09:00:00,IN-DC-066,Ahmedabad,11008.2,4473.3,652.3,146.1,16279.9,1.479,37.3,23,8.6,14.4,24.2,1,0,0.983,50.01,1.44,11559.0
2026-04-03 10:00:00,IN-DC-066,Ahmedabad,11011.5,4729.7,652.4,167.0,16560.7,1.504,38.6,22,8.9,14.5,24.1,1,0,0.993,50.03,1.42,11758.0
2026-04-03 11:00:00,IN-DC-066,Ahmedabad,11233.4,4952.6,660.9,160.4,17007.3,1.514,40.1,21,8.5,14.4,24.8,1,0,0.985,49.92,1.51,12075.0
2026-04-03 12:00:00,IN-DC-066,Ahmedabad,11330.2,5184.8,664.5,149.6,17329.1,1.529,41.9,14,8.8,14.6,25.5,1,0,0.968,49.99,1.61,12304.0
2026-04-03 13:00:00,IN-DC-066,Ahmedabad,11568.2,5228.0,673.6,179.2,17649.0,1.526,42.9,19,9.3,15.2,25.1,1,0,0.97,50.05,1.67,12531.0
2026-04-03 14:00:00,IN-DC-066,Ahmedabad,11494.9,5504.1,670.8,181.0,17850.9,1.553,44.2,14,8.8,14.7,25.2,1,0,0.966,50.0,1.55,12674.0
2026-04-03 15:00:00,IN-DC-066,Ahmedabad,11494.2,5458.3,670.8,159.3,17782.6,1.547,43.9,12,9.0,14.6,24.7,1,0,0.983,50.0,1.71,12626.0
2026-04-03 16:00:00,IN-DC-066,Ahmedabad,11741.0,5517.4,680.2,151.0,18089.5,1.541,43.2,12,8.7,14.5,25.1,1,0,0.974,50.0,1.63,12844.0
2026-04-03 17:00:00,IN-DC-066,Ahmedabad,11727.0,5479.7,679.6,170.4,18056.6,1.54,43.4,12,9.1,15.0,25.2,1,0,0.971,49.95,1.66,12820.0
2026-04-03 18:00:00,IN-DC-066,Ahmedabad,11983.7,5361.6,689.4,146.9,18181.6,1.517,41.7,12,9.0,14.8,24.8,1,0,0.972,49.98,1.7,12909.0
2026-04-03 19:00:00,IN-DC-066,Ahmedabad,11885.9,5246.7,685.7,161.0,17979.3,1.513,41.4,12,8.8,15.2,24.8,1,0,0.994,49.9,1.56,12765.0
2026-04-03 20:00:00,IN-DC-066,Ahmedabad,11982.8,4965.0,689.3,148.9,17786.0,1.484,37.9,18,9.4,15.2,24.9,1,0,0.992,50.02,1.35,12628.0
2026-04-03 21:00:00,IN-DC-066,Ahmedabad,11973.7,4812.5,689.0,138.7,17614.0,1.471,36.2,24,8.8,14.8,25.0,1,0,0.977,50.03,1.3,12506.0
2026-04-03 22:00:00,IN-DC-066,Ahmedabad,12038.3,4758.0,691.5,142.1,17629.8,1.464,34.6,31,8.5,14.6,24.3,1,0,0.978,49.93,1.25,12517.0
2026-04-03 23:00:00,IN-DC-066,Ahmedabad,11951.8,4509.6,688.2,124.3,17273.8,1.445,33.1,28,8.8,15.1,23.7,1,0,0.974,49.99,1.14,12264.0
2026-04-04 00:00:00,IN-DC-066,Ahmedabad,11499.3,4304.5,671.0,179.5,16654.1,1.448,30.9,39,8.5,14.2,24.5,1,0,0.988,50.0,0.99,11824.0
2026-04-04 01:00:00,IN-DC-066,Ahmedabad,11494.8,4206.4,670.8,152.6,16524.6,1.438,30.7,37,8.7,14.5,23.6,1,0,0.966,49.99,0.99,11732.0
2026-04-04 02:00:00,IN-DC-066,Ahmedabad,11455.4,4130.7,669.3,146.0,16401.4,1.432,29.8,33,8.6,14.5,24.5,1,0,0.97,50.02,1.0,11645.0
2026-04-04 03:00:00,IN-DC-066,Ahmedabad,11392.8,3931.6,666.9,177.9,16169.2,1.419,28.8,36,8.0,14.2,24.5,1,0,0.976,50.04,1.0,11480.0
2026-04-04 04:00:00,IN-DC-066,Ahmedabad,11301.1,4163.2,663.4,169.0,16296.7,1.442,29.9,29,8.7,14.6,23.8,1,0,0.972,50.02,0.97,11571.0
2026-04-04 05:00:00,IN-DC-066,Ahmedabad,10977.8,4115.4,651.2,145.0,15889.4,1.447,30.0,36,8.5,14.2,24.0,1,0,0.965,50.06,0.99,11281.0
2026-04-04 06:00:00,IN-DC-066,Ahmedabad,11244.0,4282.8,661.3,164.8,16352.8,1.454,31.4,28,8.5,14.0,24.1,1,0,0.968,50.05,1.03,11611.0
2026-04-04 07:00:00,IN-DC-066,Ahmedabad,11082.3,4311.6,655.1,148.4,16197.5,1.462,32.9,30,8.6,14.5,23.7,1,0,0.984,50.02,1.35,11500.0
2026-04-04 08:00:00,IN-DC-066,Ahmedabad,11022.9,4450.6,652.9,161.3,16287.6,1.478,34.7,32,8.6,14.2,24.2,1,0,0.973,49.99,1.17,11564.0
2026-04-04 09:00:00,IN-DC-066,Ahmedabad,11087.8,4458.4,655.3,167.6,16369.1,1.476,36.6,24,8.8,14.4,24.2,1,0,0.973,50.11,1.3,11622.0
2026-04-04 10:00:00,IN-DC-066,Ahmedabad,11450.4,4971.7,669.1,104.8,17196.1,1.502,38.8,25,9.2,15.0,24.9,1,0,0.971,49.97,1.36,12209.0
2026-04-04 11:00:00,IN-DC-066,Ahmedabad,11225.6,4974.8,660.6,184.7,17045.7,1.518,40.3,17,8.9,14.6,24.2,1,0,0.97,50.01,1.49,12102.0
2026-04-04 12:00:00,IN-DC-066,Ahmedabad,11398.2,5116.5,667.1,149.6,17331.4,1.521,42.8,12,8.8,14.8,24.5,1,0,0.99,50.03,1.72,12305.0
2026-04-04 13:00:00,IN-DC-066,Ahmedabad,11317.0,5258.9,664.0,146.7,17386.7,1.536,43.4,18,8.8,14.9,24.6,1,0,0.968,50.03,1.78,12345.0
2026-04-04 14:00:00,IN-DC-066,Ahmedabad,11635.5,5417.4,676.1,155.7,17884.7,1.537,44.1,12,8.7,14.5,25.1,1,0,0.979,49.99,1.78,12698.0
2026-04-04 15:00:00,IN-DC-066,Ahmedabad,11483.3,5323.0,670.4,190.9,17667.6,1.539,44.7,15,9.4,15.1,25.6,1,0,0.985,49.93,1.59,12544.0
2026-04-04 16:00:00,IN-DC-066,Ahmedabad,11806.1,5464.4,682.6,183.0,18136.1,1.536,44.5,17,9.1,14.8,24.7,1,0,0.978,49.91,1.64,12877.0
2026-04-04 17:00:00,IN-DC-066,Ahmedabad,11953.1,5683.5,688.2,159.1,18483.9,1.546,44.1,12,9.4,15.7,24.4,1,0,0.975,50.03,1.78,13124.0
2026-04-04 18:00:00,IN-DC-066,Ahmedabad,11902.2,5252.1,686.3,173.5,18014.0,1.514,41.8,14,8.7,14.3,25.1,1,0,0.987,49.96,1.65,12790.0
2026-04-04 19:00:00,IN-DC-066,Ahmedabad,12040.3,5351.2,691.5,139.4,18222.4,1.513,40.4,24,9.1,15.3,25.3,1,0,0.971,50.09,1.46,12938.0
2026-04-04 20:00:00,IN-DC-066,Ahmedabad,12017.3,5070.1,690.7,166.4,17944.5,1.493,38.7,26,9.2,15.5,23.8,1,0,0.967,50.01,1.45,12741.0
2026-04-04 21:00:00,IN-DC-066,Ahmedabad,12081.5,5158.6,693.1,156.3,18089.5,1.497,37.7,18,8.7,15.0,23.9,1,0,0.97,49.94,1.31,12844.0
2026-04-04 22:00:00,IN-DC-066,Ahmedabad,11991.9,4760.8,689.7,181.7,17624.1,1.47,34.6,28,8.8,14.5,23.7,1,0,0.972,50.06,1.2,12513.0
2026-04-04 23:00:00,IN-DC-066,Ahmedabad,12087.5,4515.1,693.3,158.9,17454.7,1.444,33.2,30,8.5,14.5,24.6,1,0,0.971,49.95,1.13,12393.0
2026-04-05 00:00:00,IN-DC-066,Ahmedabad,11910.2,4402.2,686.6,158.7,17157.7,1.441,31.0,31,8.7,14.8,24.4,1,0,0.971,50.02,1.07,12182.0
2026-04-05 01:00:00,IN-DC-066,Ahmedabad,11884.1,4320.7,685.6,168.9,17059.2,1.435,31.3,37,8.4,14.3,24.3,1,0,0.962,50.03,1.01,12112.0
2026-04-05 02:00:00,IN-DC-066,Ahmedabad,11749.6,4347.5,680.5,151.7,16929.3,1.441,30.8,34,8.7,14.5,23.7,1,0,0.984,50.05,1.05,12020.0
2026-04-05 03:00:00,IN-DC-066,Ahmedabad,11834.5,4181.4,683.7,145.9,16845.6,1.423,29.0,35,8.4,14.2,24.2,1,0,0.969,50.01,0.9,11960.0
2026-04-05 04:00:00,IN-DC-066,Ahmedabad,11607.0,4051.0,675.1,160.0,16493.0,1.421,29.5,41,8.4,14.7,23.7,1,0,0.967,49.97,1.08,11710.0
2026-04-05 05:00:00,IN-DC-066,Ahmedabad,11302.6,4222.5,663.5,125.0,16313.6,1.443,30.3,32,8.8,14.5,24.3,1,0,0.972,49.93,1.15,11583.0
2026-04-05 06:00:00,IN-DC-066,Ahmedabad,11453.0,4418.2,669.2,148.9,16689.3,1.457,32.0,28,8.8,14.5,24.1,1,0,0.975,50.0,1.08,11849.0
2026-04-05 07:00:00,IN-DC-066,Ahmedabad,11578.2,4650.6,674.0,163.1,17065.9,1.474,34.3,29,8.8,14.4,23.6,1,0,0.985,49.94,1.28,12117.0
2026-04-05 08:00:00,IN-DC-066,Ahmedabad,11464.4,4526.3,669.6,155.7,16815.9,1.467,34.7,30,8.6,14.8,24.4,1,0,0.967,49.99,1.22,11939.0
2026-04-05 09:00:00,IN-DC-066,Ahmedabad,11320.3,4811.6,664.2,180.0,16976.2,1.5,37.0,31,8.8,14.5,24.0,1,0,0.983,50.03,1.21,12053.0
2026-04-05 10:00:00,IN-DC-066,Ahmedabad,11599.4,4704.4,674.8,177.3,17155.9,1.479,38.5,18,8.9,14.7,24.1,1,0,0.991,49.98,1.39,12181.0
2026-04-05 11:00:00,IN-DC-066,Ahmedabad,11545.6,5125.3,672.7,162.2,17505.9,1.516,41.4,25,8.8,14.6,24.9,1,0,0.974,50.0,1.47,12429.0
2026-04-05 12:00:00,IN-DC-066,Ahmedabad,11629.2,5283.4,675.9,124.0,17712.5,1.523,42.1,17,8.8,14.7,24.2,1,0,0.98,49.99,1.59,12576.0
2026-04-05 13:00:00,IN-DC-066,Ahmedabad,11788.9,5237.7,682.0,145.6,17854.2,1.514,42.8,16,8.8,14.5,24.4,1,0,0.963,49.95,1.72,12676.0
2026-04-05 14:00:00,IN-DC-066,Ahmedabad,12047.5,5618.2,691.8,171.6,18529.1,1.538,43.7,12,8.8,15.0,25.1,1,0,0.962,49.91,1.65,13156.0
2026-04-05 15:00:00,IN-DC-066,Ahmedabad,12117.5,5783.6,694.5,152.6,18748.2,1.547,44.5,13,9.0,15.4,25.4,1,0,0.979,49.93,1.75,13311.0
2026-04-05 16:00:00,IN-DC-066,Ahmedabad,12172.8,5646.1,696.6,164.9,18680.4,1.535,44.5,14,8.9,15.2,25.9,1,0,0.976,49.99,1.81,13263.0
2026-04-05 17:00:00,IN-DC-066,Ahmedabad,12331.3,5709.8,702.6,154.0,18897.7,1.533,43.8,13,9.0,14.8,24.9,1,0,0.969,49.98,1.64,13417.0
2026-04-05 18:00:00,IN-DC-066,Ahmedabad,12344.3,5644.1,703.1,150.1,18841.7,1.526,42.6,18,9.2,15.4,24.9,1,0,0.967,49.94,1.74,13378.0
2026-04-05 19:00:00,IN-DC-066,Ahmedabad,12485.9,5574.8,708.5,130.2,18899.4,1.514,41.5,17,9.2,15.4,24.8,1,0,0.973,50.09,1.52,13419.0
2026-04-05 20:00:00,IN-DC-066,Ahmedabad,12464.5,5393.9,707.7,168.0,18734.2,1.503,39.0,30,9.1,15.2,24.1,1,0,0.98,49.85,1.37,13301.0
2026-04-05 21:00:00,IN-DC-066,Ahmedabad,12515.3,5113.8,709.6,135.3,18473.9,1.476,36.7,26,8.8,14.8,24.2,1,0,0.974,50.0,1.2,13116.0
2026-04-05 22:00:00,IN-DC-066,Ahmedabad,12335.0,4864.4,702.7,175.1,18077.3,1.466,35.5,32,8.6,15.0,23.8,1,0,0.969,49.94,1.27,12835.0
2026-04-05 23:00:00,IN-DC-066,Ahmedabad,12564.2,4748.2,711.4,158.8,18182.7,1.447,33.5,31,8.7,15.1,24.0,1,0,0.982,50.04,1.15,12910.0
2026-04-06 00:00:00,IN-DC-066,Ahmedabad,12620.0,4624.5,713.6,148.3,18106.3,1.435,31.9,35,8.6,15.1,24.5,1,0,0.971,50.03,0.94,12856.0
2026-04-06 01:00:00,IN-DC-066,Ahmedabad,12604.7,4707.5,713.0,143.2,18168.3,1.441,31.2,36,8.4,15.1,23.6,1,0,0.955,50.11,1.1,12900.0
2026-04-06 02:00:00,IN-DC-066,Ahmedabad,12286.0,4485.0,700.9,159.9,17631.8,1.435,30.5,34,8.4,14.8,23.4,1,0,0.99,49.99,1.05,12519.0
2026-04-06 03:00:00,IN-DC-066,Ahmedabad,12358.8,4411.2,703.6,164.5,17638.2,1.427,29.7,37,8.2,14.6,23.6,1,0,0.966,49.98,1.06,12523.0
2026-04-06 04:00:00,IN-DC-066,Ahmedabad,12267.1,4385.4,700.2,153.0,17505.7,1.427,29.1,34,8.3,14.5,23.8,1,0,0.965,49.95,0.92,12429.0
2026-04-06 05:00:00,IN-DC-066,Ahmedabad,12175.7,4451.5,696.7,144.1,17468.0,1.435,30.5,33,7.9,14.3,24.1,1,0,0.976,50.04,0.82,12402.0
2026-04-06 06:00:00,IN-DC-066,Ahmedabad,12066.8,4468.2,692.5,162.1,17389.6,1.441,32.1,35,8.7,14.8,23.9,1,0,0.961,50.02,1.24,12347.0
2026-04-06 07:00:00,IN-DC-066,Ahmedabad,12071.0,4571.5,692.7,125.2,17460.4,1.446,33.8,33,8.8,14.7,23.7,1,0,0.982,50.03,1.16,12397.0
2026-04-06 08:00:00,IN-DC-066,Ahmedabad,12170.4,4914.1,696.5,157.1,17938.1,1.474,35.4,28,8.7,14.9,23.8,1,0,0.983,49.98,1.18,12736.0
2026-04-06 09:00:00,IN-DC-066,Ahmedabad,12298.3,4967.8,701.3,135.4,18102.8,1.472,36.9,30,8.9,15.0,24.3,1,0,0.958,49.96,1.4,12853.0
2026-04-06 10:00:00,IN-DC-066,Ahmedabad,12279.6,5151.5,700.6,146.8,18278.5,1.489,38.2,21,9.0,15.2,25.0,1,0,0.977,50.01,1.45,12978.0
2026-04-06 11:00:00,IN-DC-066,Ahmedabad,12152.5,5387.1,695.8,88.2,18323.6,1.508,41.5,25,9.1,15.2,25.2,1,0,0.969,50.0,1.76,13010.0
2026-04-06 12:00:00,IN-DC-066,Ahmedabad,12552.5,5696.9,711.0,140.7,19101.1,1.522,42.4,21,8.8,15.1,24.7,1,0,0.979,49.95,1.73,13562.0
2026-04-06 13:00:00,IN-DC-066,Ahmedabad,12305.1,5494.6,701.6,136.6,18637.9,1.515,43.3,14,9.0,15.0,24.9,1,0,0.983,50.04,1.62,13233.0
2026-04-06 14:00:00,IN-DC-066,Ahmedabad,12660.6,5914.2,715.1,155.8,19445.7,1.536,44.4,12,9.2,15.4,24.4,1,0,0.97,50.03,1.71,13806.0
2026-04-06 15:00:00,IN-DC-066,Ahmedabad,12813.9,5993.8,720.9,142.3,19670.9,1.535,44.4,12,9.5,15.8,25.1,1,0,0.976,50.03,1.7,13966.0
2026-04-06 16:00:00,IN-DC-066,Ahmedabad,12817.0,5992.7,721.0,147.4,19678.2,1.535,45.1,18,8.9,15.5,24.8,1,0,0.983,49.96,1.84,13972.0
2026-04-06 17:00:00,IN-DC-066,Ahmedabad,13126.1,6044.0,732.8,207.8,20110.6,1.532,44.3,19,9.2,15.4,25.1,1,0,0.98,49.98,1.69,14279.0
2026-04-06 18:00:00,IN-DC-066,Ahmedabad,13082.1,5883.9,731.1,148.1,19845.2,1.517,42.5,15,8.8,15.1,25.1,1,0,0.975,50.09,1.5,14090.0
2026-04-06 19:00:00,IN-DC-066,Ahmedabad,13164.9,5829.3,734.3,157.7,19886.1,1.511,41.0,19,9.2,15.7,24.5,1,0,0.98,49.93,1.5,14119.0
2026-04-06 20:00:00,IN-DC-066,Ahmedabad,13111.8,5798.4,732.2,121.2,19763.7,1.507,40.2,20,8.9,15.4,24.5,1,0,0.969,50.03,1.56,14032.0
2026-04-06 21:00:00,IN-DC-066,Ahmedabad,13120.3,5302.1,732.6,190.8,19345.8,1.474,36.5,32,8.9,15.2,23.6,1,0,0.984,49.91,1.28,13736.0
2026-04-06 22:00:00,IN-DC-066,Ahmedabad,13150.9,5162.9,733.7,163.8,19211.3,1.461,35.1,26,8.7,15.2,23.9,1,0,0.992,49.99,1.23,13640.0
2026-04-06 23:00:00,IN-DC-066,Ahmedabad,13160.8,5068.7,734.1,140.2,19103.8,1.452,33.5,34,8.6,15.5,23.8,1,0,0.97,50.07,1.16,13564.0
2026-04-07 00:00:00,IN-DC-066,Ahmedabad,13101.5,4912.2,731.9,157.3,18902.9,1.443,32.4,29,8.7,14.6,23.6,1,0,0.979,50.06,1.17,13421.0
2026-04-07 01:00:00,IN-DC-066,Ahmedabad,13043.0,4730.9,729.6,193.5,18697.1,1.433,30.6,41,8.7,15.5,24.4,1,0,0.995,50.0,1.03,13275.0
2026-04-07 02:00:00,IN-DC-066,Ahmedabad,12918.6,4746.1,724.9,175.5,18565.2,1.437,30.9,41,8.6,15.2,23.8,1,0,0.975,49.99,0.92,13181.0
2026-04-07 03:00:00,IN-DC-066,Ahmedabad,12731.6,4454.3,717.8,205.6,18109.3,1.422,29.6,37,8.3,14.8,24.4,1,0,0.975,49.98,1.0,12858.0
2026-04-07 04:00:00,IN-DC-066,Ahmedabad,12693.7,4457.1,716.4,142.1,18009.2,1.419,30.4,41,8.6,15.4,24.4,1,0,0.98,49.99,0.99,12787.0
2026-04-07 05:00:00,IN-DC-066,Ahmedabad,12752.8,4715.6,718.6,165.5,18352.5,1.439,30.5,38,8.7,15.3,24.0,1,0,0.98,49.97,1.13,13030.0
2026-04-07 06:00:00,IN-DC-066,Ahmedabad,12404.8,4493.0,705.4,162.5,17765.7,1.432,31.6,25,8.5,15.0,23.9,1,0,0.974,49.98,0.99,12614.0
2026-04-07 07:00:00,IN-DC-066,Ahmedabad,12539.0,4764.9,710.5,154.6,18168.9,1.449,34.2,37,8.3,14.7,23.9,1,0,0.963,49.93,1.17,12900.0
2026-04-07 08:00:00,IN-DC-066,Ahmedabad,12297.4,4999.0,701.3,164.8,18162.5,1.477,35.1,24,8.6,14.8,24.7,1,0,0.995,50.06,1.26,12895.0
2026-04-07 09:00:00,IN-DC-066,Ahmedabad,12416.8,5073.1,705.8,156.0,18351.8,1.478,37.1,31,8.8,15.3,24.4,1,0,0.959,50.0,1.32,13030.0
2026-04-07 10:00:00,IN-DC-066,Ahmedabad,12535.2,5340.7,710.3,168.4,18754.6,1.496,40.1,19,9.2,15.6,24.3,1,0,0.974,50.01,1.41,13316.0
2026-04-07 11:00:00,IN-DC-066,Ahmedabad,12779.9,5770.1,719.6,165.0,19434.7,1.521,41.4,23,9.2,15.6,24.5,1,0,0.978,49.96,1.64,13799.0
2026-04-07 12:00:00,IN-DC-066,Ahmedabad,12768.1,5763.0,719.2,142.8,19393.1,1.519,43.2,20,9.0,15.6,25.2,1,0,0.971,50.02,1.6,13769.0
2026-04-07 13:00:00,IN-DC-066,Ahmedabad,12801.2,6034.5,720.4,148.8,19704.9,1.539,44.2,19,9.2,15.9,25.7,1,0,0.975,49.87,1.67,13990.0
2026-04-07 14:00:00,IN-DC-066,Ahmedabad,12931.7,6031.9,725.4,119.9,19808.9,1.532,45.1,14,9.2,15.5,25.8,1,0,0.972,50.03,1.73,14064.0
2026-04-07 15:00:00,IN-DC-066,Ahmedabad,13070.1,6116.6,730.7,168.3,20085.6,1.537,45.3,13,9.0,15.6,25.0,1,0,0.974,50.07,1.64,14261.0
2026-04-07 16:00:00,IN-DC-066,Ahmedabad,13367.5,6210.9,742.0,147.7,20468.0,1.531,44.2,14,9.4,16.3,25.6,1,0,0.975,49.95,1.68,14532.0
2026-04-07 17:00:00,IN-DC-066,Ahmedabad,13547.0,6393.0,748.8,159.4,20848.2,1.539,44.7,13,9.1,15.6,25.2,1,0,0.98,49.94,1.71,14802.0
2026-04-07 18:00:00,IN-DC-066,Ahmedabad,13496.8,6243.2,746.9,202.7,20689.6,1.533,43.6,17,8.7,15.5,25.7,1,0,0.981,50.04,1.58,14690.0
2026-04-07 19:00:00,IN-DC-066,Ahmedabad,13441.4,5960.3,744.8,144.5,20290.9,1.51,41.9,14,8.9,15.4,24.6,1,0,0.979,49.88,1.73,14407.0
2026-04-07 20:00:00,IN-DC-066,Ahmedabad,13801.4,5996.1,758.5,142.6,20698.6,1.5,39.4,24,8.8,15.7,24.6,1,0,0.968,50.03,1.43,14696.0
2026-04-07 21:00:00,IN-DC-066,Ahmedabad,13700.8,5766.3,754.6,130.4,20352.2,1.485,37.5,21,8.8,15.9,23.2,1,0,0.976,49.97,1.37,14450.0
2026-04-07 22:00:00,IN-DC-066,Ahmedabad,13699.5,5545.6,754.6,206.4,20206.0,1.475,36.3,34,8.3,15.1,24.3,1,0,0.975,50.04,1.33,14346.0
2026-04-07 23:00:00,IN-DC-066,Ahmedabad,13619.7,5253.9,751.5,133.6,19758.8,1.451,33.4,37,8.6,15.1,24.2,1,0,0.968,49.9,1.15,14029.0
2026-04-08 00:00:00,IN-DC-066,Ahmedabad,13490.4,5116.1,746.6,174.4,19527.6,1.448,32.8,36,8.2,14.9,23.6,1,0,0.974,50.0,1.09,13865.0
2026-04-08 01:00:00,IN-DC-066,Ahmedabad,13152.1,4796.1,733.8,155.3,18837.3,1.432,30.6,30,8.3,15.0,24.2,1,0,0.973,49.96,1.12,13374.0
2026-04-08 02:00:00,IN-DC-066,Ahmedabad,13242.5,4696.1,737.2,145.0,18820.8,1.421,30.4,49,8.7,15.3,24.3,1,0,0.969,50.03,0.99,13363.0
2026-04-08 03:00:00,IN-DC-066,Ahmedabad,13085.1,4566.5,731.2,173.3,18556.1,1.418,30.2,35,8.1,14.5,24.2,1,0,0.983,50.0,1.04,13175.0
2026-04-08 04:00:00,IN-DC-066,Ahmedabad,13155.3,4671.4,733.9,143.2,18703.8,1.422,30.0,35,8.6,15.1,24.0,1,0,0.98,50.09,1.0,13280.0
2026-04-08 05:00:00,IN-DC-066,Ahmedabad,12854.4,4716.3,722.5,152.1,18445.3,1.435,30.9,30,8.8,15.0,23.5,1,0,0.969,49.99,1.1,13096.0
2026-04-08 06:00:00,IN-DC-066,Ahmedabad,13073.1,4866.7,730.8,179.2,18849.8,1.442,31.8,32,8.3,15.0,24.0,1,0,0.977,50.01,1.04,13383.0
2026-04-08 07:00:00,IN-DC-066,Ahmedabad,12872.7,5030.5,723.2,154.3,18780.6,1.459,34.6,38,8.8,15.4,23.8,1,0,0.987,50.01,1.26,13334.0
2026-04-08 08:00:00,IN-DC-066,Ahmedabad,12767.9,5199.7,719.2,176.9,18863.7,1.477,36.4,23,8.5,15.1,23.6,1,0,0.977,49.94,1.26,13393.0
2026-04-08 09:00:00,IN-DC-066,Ahmedabad,13054.7,5481.9,730.1,155.4,19422.1,1.488,38.2,23,8.7,15.1,24.8,1,0,0.976,49.92,1.45,13790.0
2026-04-08 10:00:00,IN-DC-066,Ahmedabad,13257.5,5710.8,737.8,189.4,19895.5,1.501,40.0,18,8.8,15.4,24.7,1,0,0.972,50.0,1.47,14126.0
2026-04-08 11:00:00,IN-DC-066,Ahmedabad,13042.4,5764.8,729.6,167.2,19704.1,1.511,41.6,20,8.8,15.5,25.0,1,0,0.972,49.96,1.65,13990.0
2026-04-08 12:00:00,IN-DC-066,Ahmedabad,13178.6,5976.1,734.8,143.2,20032.6,1.52,43.9,16,9.0,15.3,25.6,1,0,0.986,50.02,1.67,14223.0
2026-04-08 13:00:00,IN-DC-066,Ahmedabad,13226.6,6144.1,736.6,144.0,20251.4,1.531,44.3,17,9.1,15.9,25.3,1,0,0.964,50.02,1.7,14378.0
2026-04-08 14:00:00,IN-DC-066,Ahmedabad,13276.9,6320.0,738.5,117.2,20452.6,1.54,45.8,15,9.2,16.1,25.1,1,0,0.963,50.04,1.74,14521.0
2026-04-08 15:00:00,IN-DC-066,Ahmedabad,13677.6,6527.0,753.8,108.1,21066.6,1.54,45.9,12,9.3,15.9,25.1,1,0,0.972,49.98,1.72,14957.0
2026-04-08 16:00:00,IN-DC-066,Ahmedabad,13790.8,6322.4,758.1,203.0,21074.3,1.528,44.1,16,9.5,16.4,25.4,1,0,0.967,49.99,1.65,14963.0
2026-04-08 17:00:00,IN-DC-066,Ahmedabad,13729.0,6226.2,755.7,149.7,20860.7,1.519,43.6,16,9.0,16.0,25.3,1,0,0.96,50.04,1.75,14811.0
2026-04-08 18:00:00,IN-DC-066,Ahmedabad,13767.0,6294.0,757.1,161.7,20979.9,1.524,44.0,13,9.1,16.2,24.8,1,0,0.969,49.93,1.68,14896.0
2026-04-08 19:00:00,IN-DC-066,Ahmedabad,13970.8,6225.1,764.9,176.0,21136.8,1.513,41.9,20,8.8,15.8,24.0,1,0,0.974,49.98,1.56,15007.0
2026-04-08 20:00:00,IN-DC-066,Ahmedabad,13872.7,6091.4,761.2,133.9,20859.1,1.504,40.0,22,9.1,16.2,25.1,1,0,0.98,49.96,1.38,14810.0
2026-04-08 21:00:00,IN-DC-066,Ahmedabad,13960.1,5643.3,764.5,170.4,20538.3,1.471,37.9,27,8.8,16.0,24.5,1,0,0.976,49.93,1.51,14582.0
2026-04-08 22:00:00,IN-DC-066,Ahmedabad,14268.0,5519.2,776.2,176.6,20740.0,1.454,35.3,30,9.0,16.0,23.4,1,0,0.973,49.9,1.24,14725.0
2026-04-08 23:00:00,IN-DC-066,Ahmedabad,13810.3,5228.1,758.8,184.0,19981.2,1.447,33.7,30,9.1,15.5,24.4,1,0,0.96,49.99,1.27,14187.0
2026-04-09 00:00:00,IN-DC-066,Ahmedabad,13914.9,5512.2,762.8,174.1,20363.9,1.463,35.8,37,8.7,15.5,25.1,1,0,0.966,49.98,1.27,14458.0
2026-04-09 01:00:00,IN-DC-066,Ahmedabad,13672.1,5348.0,753.5,115.1,19888.7,1.455,35.1,36,9.0,16.0,24.5,1,0,0.978,50.02,1.34,14121.0
2026-04-09 02:00:00,IN-DC-066,Ahmedabad,13648.3,5156.2,752.6,139.8,19697.0,1.443,34.0,39,8.1,15.4,24.3,1,0,0.994,49.98,1.02,13985.0
2026-04-09 03:00:00,IN-DC-066,Ahmedabad,13648.1,5306.4,752.6,124.6,19831.7,1.453,34.1,39,8.3,15.3,23.4,1,0,0.981,49.93,1.22,14081.0
2026-04-09 04:00:00,IN-DC-066,Ahmedabad,13442.5,5220.3,744.8,167.5,19575.1,1.456,34.3,39,8.4,15.0,23.7,1,0,0.981,50.03,1.24,13898.0
2026-04-09 05:00:00,IN-DC-066,Ahmedabad,13386.0,5102.5,742.7,171.7,19402.8,1.449,34.8,36,8.1,14.9,23.8,1,0,0.976,50.06,1.18,13776.0
2026-04-09 06:00:00,IN-DC-066,Ahmedabad,13231.8,5373.9,736.8,140.8,19483.3,1.472,36.1,27,8.7,14.9,23.8,1,0,0.979,50.0,1.48,13833.0
2026-04-09 07:00:00,IN-DC-066,Ahmedabad,13336.1,5764.6,740.8,171.1,20012.5,1.501,39.0,32,9.0,15.3,23.8,1,0,0.976,49.97,1.59,14209.0
2026-04-09 08:00:00,IN-DC-066,Ahmedabad,13084.9,5799.4,731.2,132.0,19747.5,1.509,40.3,33,9.2,15.6,25.1,1,0,0.979,50.07,1.59,14021.0
2026-04-09 09:00:00,IN-DC-066,Ahmedabad,13403.5,5936.3,743.3,163.2,20246.4,1.511,41.0,21,8.8,15.3,24.6,1,0,0.968,50.01,1.46,14375.0
2026-04-09 10:00:00,IN-DC-066,Ahmedabad,13156.7,6045.1,734.0,144.5,20080.3,1.526,43.7,18,9.1,15.7,24.6,1,0,0.992,50.02,1.63,14257.0
2026-04-09 11:00:00,IN-DC-066,Ahmedabad,13434.6,6265.9,744.5,165.2,20610.2,1.534,45.4,19,9.1,16.1,25.6,1,0,0.963,50.0,1.89,14633.0
2026-04-09 12:00:00,IN-DC-066,Ahmedabad,13395.7,6523.6,743.0,167.5,20829.8,1.555,47.5,14,9.1,16.1,24.9,1,0,0.986,50.02,1.82,14789.0
2026-04-09 13:00:00,IN-DC-066,Ahmedabad,13732.9,6847.4,755.8,173.3,21509.4,1.566,48.2,12,9.2,16.0,25.6,1,0,0.969,49.97,1.89,15272.0
2026-04-09 14:00:00,IN-DC-066,Ahmedabad,13746.6,6790.2,756.4,132.0,21425.2,1.559,49.0,15,9.3,16.0,25.4,1,0,0.981,50.05,1.97,15212.0
2026-04-09 15:00:00,IN-DC-066,Ahmedabad,13984.6,6789.3,765.4,153.8,21693.2,1.551,48.7,15,8.8,15.9,25.7,1,0,0.99,49.93,2.11,15402.0
2026-04-09 16:00:00,IN-DC-066,Ahmedabad,14102.4,6918.3,769.9,170.4,21960.9,1.557,48.8,14,9.2,16.0,25.2,1,0,0.981,50.02,1.99,15592.0
2026-04-09 17:00:00,IN-DC-066,Ahmedabad,13924.5,6860.1,763.1,201.0,21748.8,1.562,48.1,15,9.4,16.3,25.5,1,0,0.989,49.93,1.9,15442.0
2026-04-09 18:00:00,IN-DC-066,Ahmedabad,14293.6,6835.5,777.2,171.6,22077.8,1.545,46.0,16,9.2,16.0,26.0,1,0,0.987,50.02,1.84,15675.0
2026-04-09 19:00:00,IN-DC-066,Ahmedabad,14211.0,6692.9,774.0,138.2,21816.2,1.535,45.6,25,8.9,16.2,24.7,1,0,0.989,49.97,1.72,15490.0
2026-04-09 20:00:00,IN-DC-066,Ahmedabad,14355.9,6516.3,779.5,164.3,21816.0,1.52,43.8,22,8.9,16.0,25.0,1,0,0.986,50.0,1.8,15489.0
2026-04-09 21:00:00,IN-DC-066,Ahmedabad,14064.0,6346.8,768.4,192.2,21371.5,1.52,41.7,27,9.2,16.0,24.2,1,0,0.973,50.1,1.46,15174.0
2026-04-09 22:00:00,IN-DC-066,Ahmedabad,14513.2,6128.2,785.5,191.2,21618.1,1.49,39.5,30,8.9,16.5,24.6,1,0,0.964,49.97,1.41,15349.0
2026-04-09 23:00:00,IN-DC-066,Ahmedabad,14311.7,6060.8,777.8,156.4,21306.8,1.489,38.9,32,8.7,15.9,24.8,1,0,0.993,49.98,1.26,15128.0
2026-04-10 00:00:00,IN-DC-066,Ahmedabad,14199.8,5575.3,773.6,153.9,20702.6,1.458,35.8,36,8.7,15.7,24.5,1,0,0.976,50.05,1.26,14699.0
2026-04-10 01:00:00,IN-DC-066,Ahmedabad,14263.1,5562.7,776.0,134.6,20736.3,1.454,34.9,39,8.4,15.9,24.3,1,0,0.986,50.07,1.35,14723.0
2026-04-10 02:00:00,IN-DC-066,Ahmedabad,14014.0,5478.6,766.5,178.4,20437.5,1.458,35.0,33,8.3,15.2,24.0,1,0,0.976,49.96,1.32,14511.0
2026-04-10 03:00:00,IN-DC-066,Ahmedabad,13963.4,5288.8,764.6,174.4,20191.2,1.446,33.7,36,8.9,15.6,23.8,1,0,0.959,50.01,1.19,14336.0
2026-04-10 04:00:00,IN-DC-066,Ahmedabad,13788.9,5503.0,758.0,168.3,20218.2,1.466,35.7,28,8.6,15.2,23.6,1,0,0.973,49.99,1.39,14355.0
2026-04-10 05:00:00,IN-DC-066,Ahmedabad,13528.5,5371.1,748.1,158.8,19806.5,1.464,35.2,37,8.8,15.6,24.5,1,0,0.964,50.03,1.29,14063.0
2026-04-10 06:00:00,IN-DC-066,Ahmedabad,13679.7,5780.5,753.8,143.0,20356.9,1.488,37.1,35,8.9,15.6,24.0,1,0,0.979,50.02,1.5,14453.0
2026-04-10 07:00:00,IN-DC-066,Ahmedabad,13635.1,5421.1,752.1,170.2,19978.6,1.465,37.9,40,8.4,14.9,24.2,1,0,0.966,50.07,1.4,14185.0
2026-04-10 08:00:00,IN-DC-066,Ahmedabad,13501.3,5753.1,747.1,194.4,20195.9,1.496,39.4,32,9.2,16.1,23.8,1,0,0.978,50.06,1.56,14339.0
2026-04-10 09:00:00,IN-DC-066,Ahmedabad,13749.4,6318.1,756.5,149.5,20973.5,1.525,42.5,27,8.8,15.6,24.5,1,0,0.99,50.04,1.69,14891.0
2026-04-10 10:00:00,IN-DC-066,Ahmedabad,13667.8,6355.2,753.4,180.0,20956.5,1.533,44.2,17,8.9,15.6,25.0,1,0,0.976,49.98,1.48,14879.0
2026-04-10 11:00:00,IN-DC-066,Ahmedabad,13574.7,6391.2,749.8,148.6,20864.3,1.537,46.5,12,9.2,15.7,26.1,1,0,0.972,50.08,1.78,14814.0
2026-04-10 12:00:00,IN-DC-066,Ahmedabad,13829.5,6818.4,759.5,137.3,21544.7,1.558,47.4,20,9.0,15.7,25.3,1,0,0.978,49.95,1.71,15297.0
2026-04-10 13:00:00,IN-DC-066,Ahmedabad,13972.4,6873.8,765.0,159.0,21770.2,1.558,48.1,20,9.1,16.0,25.7,1,0,0.965,50.0,1.9,15457.0
2026-04-10 14:00:00,IN-DC-066,Ahmedabad,14082.9,6973.3,769.1,142.9,21968.2,1.56,49.5,16,9.2,16.3,25.5,1,0,0.965,50.01,2.0,15597.0
2026-04-10 15:00:00,IN-DC-066,Ahmedabad,14061.7,7034.5,768.3,167.6,22032.1,1.567,49.6,16,9.5,16.5,25.9,1,0,0.97,50.05,1.95,15643.0
2026-04-10 16:00:00,IN-DC-066,Ahmedabad,14432.3,7244.5,782.4,186.7,22645.9,1.569,50.1,12,9.5,16.4,26.0,1,0,0.977,50.08,1.97,16079.0
2026-04-10 17:00:00,IN-DC-066,Ahmedabad,14410.2,7023.0,781.6,192.6,22407.3,1.555,48.4,22,9.3,16.5,24.5,1,0,0.974,50.1,1.83,15909.0
2026-04-10 18:00:00,IN-DC-066,Ahmedabad,15002.9,7374.0,804.1,144.7,23325.7,1.555,47.7,19,9.3,16.6,25.8,1,0,0.97,50.05,1.91,16561.0
2026-04-10 19:00:00,IN-DC-066,Ahmedabad,14758.5,6760.3,794.8,158.4,22471.9,1.523,45.5,20,9.0,16.3,25.8,1,0,0.959,50.02,1.74,15955.0
2026-04-10 20:00:00,IN-DC-066,Ahmedabad,14724.9,6818.6,793.5,112.4,22449.4,1.525,44.3,20,9.1,16.3,24.7,1,0,0.97,50.0,1.9,15939.0
2026-04-10 21:00:00,IN-DC-066,Ahmedabad,14294.6,6368.6,777.2,154.0,21594.5,1.511,42.0,34,8.8,15.8,24.6,1,0,0.97,50.07,1.58,15332.0
2026-04-10 22:00:00,IN-DC-066,Ahmedabad,14819.0,6390.9,797.1,134.2,22141.3,1.494,40.0,33,9.1,16.5,24.2,1,0,0.961,49.97,1.54,15720.0
2026-04-10 23:00:00,IN-DC-066,Ahmedabad,14595.7,5987.9,788.6,130.2,21502.5,1.473,37.9,30,8.8,16.2,24.4,1,0,0.97,49.99,1.35,15267.0
2026-04-11 00:00:00,IN-DC-066,Ahmedabad,14199.4,5675.3,773.6,154.3,20802.6,1.465,35.3,35,8.7,15.5,24.4,1,0,0.958,50.08,1.33,14770.0
2026-04-11 01:00:00,IN-DC-066,Ahmedabad,14091.3,5530.6,769.5,156.7,20548.1,1.458,36.0,32,8.6,15.6,24.4,1,0,0.976,50.01,1.23,14589.0
2026-04-11 02:00:00,IN-DC-066,Ahmedabad,14005.6,5532.7,766.2,146.6,20451.1,1.46,34.3,36,8.8,15.6,22.8,1,0,0.983,49.98,1.24,14520.0
2026-04-11 03:00:00,IN-DC-066,Ahmedabad,13729.5,5311.8,755.7,166.6,19963.6,1.454,34.4,35,8.3,15.3,24.3,1,0,0.967,50.05,1.45,14174.0
2026-04-11 04:00:00,IN-DC-066,Ahmedabad,13812.6,5377.2,758.9,135.1,20083.7,1.454,35.3,40,8.9,16.0,24.4,1,0,0.982,49.96,1.28,14259.0
2026-04-11 05:00:00,IN-DC-066,Ahmedabad,13702.8,5481.9,754.7,151.4,20090.8,1.466,35.8,35,8.9,15.7,24.9,1,0,0.98,49.97,1.21,14264.0
2026-04-11 06:00:00,IN-DC-066,Ahmedabad,13567.5,5540.0,749.6,127.1,19984.2,1.473,37.1,37,9.0,15.8,24.3,1,0,0.985,50.01,1.37,14189.0
2026-04-11 07:00:00,IN-DC-066,Ahmedabad,13745.1,5712.9,756.3,119.3,20333.6,1.479,38.1,38,8.5,15.1,24.1,1,0,0.977,49.92,1.52,14437.0
2026-04-11 08:00:00,IN-DC-066,Ahmedabad,13647.4,6001.5,752.6,155.7,20557.2,1.506,40.7,29,8.9,15.3,24.6,1,0,0.966,49.98,1.45,14596.0
2026-04-11 09:00:00,IN-DC-066,Ahmedabad,13691.9,6058.7,754.3,202.3,20707.1,1.512,41.7,23,8.8,15.4,25.4,1,0,0.973,50.02,1.48,14702.0
2026-04-11 10:00:00,IN-DC-066,Ahmedabad,13441.6,6090.3,744.8,158.5,20435.1,1.52,43.8,22,8.8,15.6,25.4,1,0,0.978,49.88,1.76,14509.0
2026-04-11 11:00:00,IN-DC-066,Ahmedabad,13871.1,6712.2,761.1,163.0,21507.4,1.551,46.9,18,9.2,16.5,25.2,1,0,0.973,50.03,1.66,15270.0
2026-04-11 12:00:00,IN-DC-066,Ahmedabad,13986.2,6769.8,765.5,183.0,21704.4,1.552,46.9,12,9.4,16.2,25.7,1,0,0.975,50.06,1.92,15410.0
2026-04-11 13:00:00,IN-DC-066,Ahmedabad,13862.9,6716.0,760.8,122.5,21462.1,1.548,48.0,17,9.1,16.0,25.9,1,0,0.984,50.09,1.89,15238.0
2026-04-11 14:00:00,IN-DC-066,Ahmedabad,14172.8,7049.1,772.6,169.4,22163.8,1.564,48.9,21,9.0,15.8,25.7,1,0,0.968,49.97,1.98,15736.0
2026-04-11 15:00:00,IN-DC-066,Ahmedabad,14241.6,6990.8,775.2,133.3,22140.8,1.555,49.4,13,9.2,16.7,26.0,1,0,0.965,50.01,1.92,15720.0
2026-04-11 16:00:00,IN-DC-066,Ahmedabad,14414.4,7106.7,781.7,194.5,22497.3,1.561,49.7,12,9.3,16.3,25.6,1,0,0.98,50.05,1.97,15973.0
2026-04-11 17:00:00,IN-DC-066,Ahmedabad,14682.6,7239.8,791.9,191.8,22906.1,1.56,47.9,17,9.4,16.3,25.5,1,0,0.972,50.01,1.87,16263.0
2026-04-11 18:00:00,IN-DC-066,Ahmedabad,14685.1,7098.6,792.0,185.4,22761.1,1.55,47.3,12,9.3,16.8,25.4,1,0,0.973,50.04,1.86,16160.0
2026-04-11 19:00:00,IN-DC-066,Ahmedabad,14813.2,6966.8,796.9,153.6,22730.5,1.534,45.6,26,8.7,15.9,25.5,1,0,0.971,50.04,1.9,16139.0
2026-04-11 20:00:00,IN-DC-066,Ahmedabad,14946.3,6683.8,802.0,156.0,22588.0,1.511,42.6,24,8.9,16.0,24.3,1,0,0.969,49.99,1.48,16038.0
2026-04-11 21:00:00,IN-DC-066,Ahmedabad,14448.6,6251.2,783.0,155.5,21638.4,1.498,41.2,21,9.2,16.5,24.8,1,0,0.975,50.0,1.49,15363.0
2026-04-11 22:00:00,IN-DC-066,Ahmedabad,14724.9,6227.1,793.5,122.1,21867.5,1.485,39.7,32,8.8,16.2,24.4,1,0,0.983,50.07,1.28,15526.0
2026-04-11 23:00:00,IN-DC-066,Ahmedabad,14607.7,6073.8,789.1,169.7,21640.4,1.481,37.7,33,8.5,16.0,24.1,1,0,0.969,49.99,1.44,15365.0
2026-04-12 00:00:00,IN-DC-066,Ahmedabad,14502.6,5439.9,785.1,169.6,20897.3,1.441,32.3,27,8.3,15.2,24.6,1,0,0.97,50.02,1.13,14837.0
2026-04-12 01:00:00,IN-DC-066,Ahmedabad,14539.0,5369.8,786.5,131.2,20826.5,1.432,31.1,35,8.7,15.9,24.0,1,0,0.975,49.95,1.1,14787.0
2026-04-12 02:00:00,IN-DC-066,Ahmedabad,14474.5,5135.5,784.0,167.2,20561.3,1.421,30.6,37,8.5,15.6,24.6,1,0,0.975,50.06,1.1,14599.0
2026-04-12 03:00:00,IN-DC-066,Ahmedabad,14265.4,5072.3,776.1,138.1,20251.8,1.42,30.3,33,8.3,15.5,24.3,1,0,0.988,49.95,1.06,14379.0
2026-04-12 04:00:00,IN-DC-066,Ahmedabad,14288.2,5300.0,777.0,167.1,20532.3,1.437,31.7,37,8.6,15.6,24.0,1,0,0.985,50.06,1.03,14578.0
2026-04-12 05:00:00,IN-DC-066,Ahmedabad,13977.8,5240.7,765.2,152.6,20136.3,1.441,31.0,36,8.6,15.5,24.1,1,0,0.976,50.03,1.05,14297.0
2026-04-12 06:00:00,IN-DC-066,Ahmedabad,13716.4,5248.9,755.2,133.8,19854.4,1.447,32.9,41,8.5,15.7,23.7,1,0,0.974,49.96,0.9,14097.0
2026-04-12 07:00:00,IN-DC-066,Ahmedabad,13885.6,5125.8,761.7,163.0,19936.1,1.436,33.7,30,8.3,15.4,23.7,1,0,0.976,49.99,1.27,14155.0
2026-04-12 08:00:00,IN-DC-066,Ahmedabad,13955.1,5596.4,764.3,155.2,20470.9,1.467,35.5,30,8.4,15.0,24.7,1,0,0.973,50.04,1.34,14534.0
2026-04-12 09:00:00,IN-DC-066,Ahmedabad,14046.2,5796.7,767.8,144.5,20755.1,1.478,38.3,32,8.5,15.3,23.4,1,0,0.977,49.98,1.44,14736.0
2026-04-12 10:00:00,IN-DC-066,Ahmedabad,13881.2,6184.6,761.5,168.4,20995.8,1.513,40.0,24,9.1,16.2,24.8,1,0,0.967,49.99,1.52,14907.0
2026-04-12 11:00:00,IN-DC-066,Ahmedabad,14053.1,6080.6,768.0,141.0,21042.6,1.497,41.3,26,8.9,15.6,24.2,1,0,0.97,49.98,1.5,14940.0
2026-04-12 12:00:00,IN-DC-066,Ahmedabad,14249.4,6458.2,775.5,170.0,21653.1,1.52,43.0,13,9.0,16.4,24.3,1,0,0.963,49.96,1.68,15374.0
2026-04-12 13:00:00,IN-DC-066,Ahmedabad,14406.0,6552.3,781.4,172.9,21912.7,1.521,44.6,18,9.0,16.4,25.0,1,0,0.979,50.03,1.77,15558.0
2026-04-12 14:00:00,IN-DC-066,Ahmedabad,14426.2,6783.8,782.2,123.7,22115.9,1.533,45.6,12,8.6,15.8,24.9,1,0,0.984,49.99,1.73,15702.0
2026-04-12 15:00:00,IN-DC-066,Ahmedabad,14768.6,6784.6,795.2,126.3,22474.6,1.522,44.4,23,9.2,16.2,25.1,1,0,0.976,50.04,1.83,15957.0
2026-04-12 16:00:00,IN-DC-066,Ahmedabad,14842.8,6887.1,798.0,163.6,22691.6,1.529,44.5,13,9.5,16.5,25.6,1,0,0.971,49.99,1.72,16111.0
2026-04-12 17:00:00,IN-DC-066,Ahmedabad,15055.3,6889.3,806.1,162.0,22912.7,1.522,44.0,12,9.1,16.5,24.5,1,0,0.979,50.04,1.71,16268.0
2026-04-12 18:00:00,IN-DC-066,Ahmedabad,14955.4,6921.8,802.3,156.6,22836.0,1.527,43.2,13,8.9,16.4,25.2,1,0,0.968,49.98,1.61,16214.0
2026-04-12 19:00:00,IN-DC-066,Ahmedabad,15249.0,6728.3,813.5,158.8,22949.4,1.505,41.5,13,8.9,16.5,24.2,1,0,0.968,49.99,1.58,16294.0
2026-04-12 20:00:00,IN-DC-066,Ahmedabad,15191.3,6260.5,811.3,147.3,22410.4,1.475,38.8,17,8.8,16.1,25.0,1,0,0.979,50.03,1.39,15911.0
2026-04-12 21:00:00,IN-DC-066,Ahmedabad,15044.4,6168.6,805.7,142.2,22160.9,1.473,38.2,23,8.7,16.0,24.0,1,0,0.984,50.01,1.39,15734.0
2026-04-12 22:00:00,IN-DC-066,Ahmedabad,15026.1,5801.0,805.0,162.1,21794.2,1.45,35.6,32,8.5,15.7,23.8,1,0,0.954,50.03,1.26,15474.0
2026-04-12 23:00:00,IN-DC-066,Ahmedabad,14875.8,5588.4,799.3,139.2,21402.7,1.439,34.1,30,8.5,15.9,24.2,1,0,0.988,49.9,1.04,15196.0
2026-04-13 00:00:00,IN-DC-066,Ahmedabad,15287.7,5643.5,814.9,130.6,21876.7,1.431,32.6,37,8.7,16.4,24.3,1,0,0.985,49.96,0.95,15532.0
2026-04-13 01:00:00,IN-DC-066,Ahmedabad,15269.9,5424.8,814.3,166.9,21676.0,1.42,31.2,30,8.6,16.3,24.1,1,0,0.979,49.92,1.02,15390.0
2026-04-13 02:00:00,IN-DC-066,Ahmedabad,15300.8,5435.4,815.4,155.5,21707.1,1.419,30.7,37,8.5,15.7,24.6,1,0,0.96,49.96,1.12,15412.0
2026-04-13 03:00:00,IN-DC-066,Ahmedabad,14871.8,5220.4,799.1,193.8,21085.1,1.418,30.1,39,8.2,15.3,24.4,1,0,0.969,50.05,0.97,14970.0
2026-04-13 04:00:00,IN-DC-066,Ahmedabad,14852.2,5304.5,798.4,176.4,21131.6,1.423,30.8,46,8.6,16.0,23.3,1,0,0.976,49.98,0.94,15003.0
2026-04-13 05:00:00,IN-DC-066,Ahmedabad,14833.4,5332.1,797.7,155.2,21118.4,1.424,31.7,34,8.0,14.8,23.7,1,0,0.981,50.01,1.01,14994.0
2026-04-13 06:00:00,IN-DC-066,Ahmedabad,14638.1,5440.8,790.2,168.8,21038.0,1.437,32.8,38,8.3,15.6,23.8,1,0,0.977,49.93,1.18,14937.0
2026-04-13 07:00:00,IN-DC-066,Ahmedabad,14603.2,5504.4,788.9,190.7,21087.2,1.444,33.2,30,8.5,15.6,23.9,1,0,0.959,50.02,1.28,14972.0
2026-04-13 08:00:00,IN-DC-066,Ahmedabad,14652.5,5705.4,790.8,168.5,21317.2,1.455,35.3,23,8.6,15.4,24.5,1,0,0.977,49.92,1.29,15135.0
2026-04-13 09:00:00,IN-DC-066,Ahmedabad,14881.7,6042.0,799.5,154.6,21877.8,1.47,37.3,19,8.8,15.9,25.0,1,0,0.972,49.98,1.37,15533.0
2026-04-13 10:00:00,IN-DC-066,Ahmedabad,14963.8,6312.2,802.6,163.9,22242.5,1.486,39.9,19,8.9,16.2,24.6,1,0,0.972,49.98,1.51,15792.0
2026-04-13 11:00:00,IN-DC-066,Ahmedabad,14912.5,6449.6,800.7,156.5,22319.2,1.497,41.3,15,9.2,16.7,24.8,1,0,0.983,50.0,1.7,15847.0
2026-04-13 12:00:00,IN-DC-066,Ahmedabad,14995.2,6821.6,803.8,126.0,22746.6,1.517,43.3,13,8.8,16.0,24.9,1,0,0.974,49.99,1.5,16150.0
2026-04-13 13:00:00,IN-DC-066,Ahmedabad,15147.1,6938.2,809.6,151.0,23045.9,1.521,43.8,20,9.0,16.7,24.5,1,0,0.984,49.94,1.61,16363.0
2026-04-13 14:00:00,IN-DC-066,Ahmedabad,15300.6,7232.7,815.4,153.4,23502.1,1.536,45.6,12,9.3,16.5,24.8,1,0,0.974,50.07,2.0,16686.0
2026-04-13 15:00:00,IN-DC-066,Ahmedabad,15646.4,7353.2,828.6,153.9,23982.0,1.533,45.5,12,8.8,16.2,25.5,1,0,0.969,50.04,1.76,17027.0
2026-04-13 16:00:00,IN-DC-066,Ahmedabad,15645.7,7362.0,828.5,171.7,24007.9,1.534,45.7,21,8.9,16.4,25.0,1,0,0.986,50.02,1.83,17046.0
2026-04-13 17:00:00,IN-DC-066,Ahmedabad,15880.2,7203.2,837.4,153.4,24074.3,1.516,44.8,13,9.1,16.5,25.0,1,0,0.964,49.91,1.73,17093.0
2026-04-13 18:00:00,IN-DC-066,Ahmedabad,15749.9,7056.8,832.5,176.7,23815.9,1.512,42.9,12,9.2,16.8,25.1,1,0,0.957,49.97,1.61,16909.0
2026-04-13 19:00:00,IN-DC-066,Ahmedabad,15827.5,6996.5,835.4,177.2,23836.7,1.506,40.9,14,8.6,16.4,25.5,1,0,0.983,50.03,1.47,16924.0
2026-04-13 20:00:00,IN-DC-066,Ahmedabad,16071.7,6877.8,844.7,144.8,23939.0,1.49,39.8,23,8.9,16.5,25.1,1,0,0.99,50.01,1.45,16997.0
2026-04-13 21:00:00,IN-DC-066,Ahmedabad,15890.0,6316.2,837.8,166.3,23210.3,1.461,36.8,24,9.0,16.5,24.1,1,0,0.969,50.04,1.45,16479.0
2026-04-13 22:00:00,IN-DC-066,Ahmedabad,15643.7,6077.6,828.5,143.3,22693.0,1.451,35.3,30,8.5,16.1,23.5,1,0,0.98,50.03,1.2,16112.0
2026-04-13 23:00:00,IN-DC-066,Ahmedabad,15691.4,5929.4,830.3,171.1,22622.2,1.442,34.1,31,8.6,16.1,24.2,1,0,0.966,49.95,1.03,16062.0
2026-04-14 00:00:00,IN-DC-066,Ahmedabad,15599.0,5810.4,826.8,166.4,22402.5,1.436,31.3,30,8.5,15.8,24.6,1,0,0.971,49.91,1.04,15906.0
2026-04-14 01:00:00,IN-DC-066,Ahmedabad,15440.2,5632.1,820.7,132.6,22025.7,1.427,30.9,35,8.6,15.8,22.9,1,0,0.982,49.92,1.03,15638.0
2026-04-14 02:00:00,IN-DC-066,Ahmedabad,15598.9,5624.9,826.8,150.0,22200.6,1.423,31.2,37,8.5,16.1,24.3,1,0,0.965,50.01,1.0,15762.0
2026-04-14 03:00:00,IN-DC-066,Ahmedabad,15366.6,5354.4,817.9,162.2,21701.1,1.412,29.7,41,8.4,15.9,24.2,1,0,0.969,49.98,0.93,15408.0
2026-04-14 04:00:00,IN-DC-066,Ahmedabad,15214.8,5535.4,812.2,127.1,21689.5,1.426,30.8,42,8.6,15.9,23.4,1,0,0.981,50.02,1.06,15400.0
2026-04-14 05:00:00,IN-DC-066,Ahmedabad,15104.6,5388.3,808.0,195.6,21496.5,1.423,30.9,38,8.6,15.8,23.7,1,0,0.971,49.98,1.11,15263.0
2026-04-14 06:00:00,IN-DC-066,Ahmedabad,14834.5,5539.3,797.7,150.8,21322.4,1.437,33.3,31,8.4,15.7,24.5,1,0,0.977,49.97,1.2,15139.0
2026-04-14 07:00:00,IN-DC-066,Ahmedabad,14869.0,5661.9,799.0,150.2,21480.0,1.445,34.3,29,8.9,16.3,24.7,1,0,0.975,50.01,1.33,15251.0
2026-04-14 08:00:00,IN-DC-066,Ahmedabad,15042.9,6005.0,805.6,152.0,22005.6,1.463,35.3,37,8.9,16.3,24.0,1,0,0.963,49.97,1.21,15624.0
2026-04-14 09:00:00,IN-DC-066,Ahmedabad,15187.0,6192.8,811.1,167.8,22358.7,1.472,37.1,25,9.0,16.2,24.2,1,0,0.976,49.99,1.37,15875.0
2026-04-14 10:00:00,IN-DC-066,Ahmedabad,15010.9,6257.3,804.4,175.7,22248.3,1.482,39.0,23,8.7,15.9,24.4,1,0,0.979,49.97,1.46,15796.0
2026-04-14 11:00:00,IN-DC-066,Ahmedabad,15145.7,6705.0,809.5,161.1,22821.3,1.507,41.7,17,8.8,15.8,24.7,1,0,0.98,50.04,1.61,16203.0
2026-04-14 12:00:00,IN-DC-066,Ahmedabad,15334.8,6882.6,816.7,148.8,23182.9,1.512,42.6,14,8.8,16.8,25.1,1,0,0.981,49.95,1.71,16460.0
2026-04-14 13:00:00,IN-DC-066,Ahmedabad,15739.5,7165.6,832.1,166.4,23903.6,1.519,44.4,12,9.1,16.8,25.6,1,0,0.979,50.0,1.72,16972.0
2026-04-14 14:00:00,IN-DC-066,Ahmedabad,15565.9,7104.1,825.5,139.8,23635.2,1.518,44.3,12,8.7,16.3,25.4,1,0,0.986,50.04,1.64,16781.0
2026-04-14 15:00:00,IN-DC-066,Ahmedabad,15848.5,7407.8,836.2,137.6,24230.1,1.529,45.3,17,8.8,16.6,25.1,1,0,0.98,49.99,1.89,17203.0
2026-04-14 16:00:00,IN-DC-066,Ahmedabad,16227.5,7533.4,850.6,152.7,24764.2,1.526,44.9,12,9.2,17.1,26.0,1,0,0.973,50.01,1.73,17583.0
2026-04-14 17:00:00,IN-DC-066,Ahmedabad,15889.0,7259.4,837.8,173.5,24159.7,1.521,44.1,12,8.8,16.6,25.7,1,0,0.985,50.03,1.84,17153.0
2026-04-14 18:00:00,IN-DC-066,Ahmedabad,16220.7,7452.5,850.4,160.5,24684.0,1.522,43.9,25,9.1,17.0,25.2,1,0,0.989,49.95,1.67,17526.0
2026-04-14 19:00:00,IN-DC-066,Ahmedabad,16419.6,7187.6,857.9,129.3,24594.5,1.498,41.6,18,9.0,17.0,24.2,1,0,0.971,49.97,1.51,17462.0
2026-04-14 20:00:00,IN-DC-066,Ahmedabad,16485.1,7078.3,860.4,140.3,24564.1,1.49,40.3,21,9.0,16.7,24.0,1,0,0.985,49.98,1.6,17441.0
2026-04-14 21:00:00,IN-DC-066,Ahmedabad,16200.1,6398.0,849.6,185.0,23632.7,1.459,37.3,22,8.7,16.6,24.1,1,0,0.975,50.01,1.51,16779.0
2026-04-14 22:00:00,IN-DC-066,Ahmedabad,16126.1,6337.8,846.8,170.0,23480.7,1.456,36.1,31,8.8,16.4,23.5,1,0,0.966,49.97,1.23,16671.0
2026-04-14 23:00:00,IN-DC-066,Ahmedabad,16046.4,6329.2,843.8,147.5,23366.8,1.456,34.7,30,8.4,16.0,24.1,1,0,0.984,49.9,1.17,16590.0
2026-04-15 00:00:00,IN-DC-066,Ahmedabad,16219.2,5918.3,850.3,165.7,23153.5,1.428,32.3,32,8.8,16.6,24.3,1,0,0.973,49.95,1.15,16439.0
2026-04-15 01:00:00,IN-DC-066,Ahmedabad,16206.7,5919.4,849.9,195.2,23171.2,1.43,30.9,31,8.2,15.7,24.5,1,0,0.974,50.1,1.21,16452.0
2026-04-15 02:00:00,IN-DC-066,Ahmedabad,15854.5,5644.6,836.5,191.3,22526.8,1.421,30.6,43,8.7,16.3,23.8,1,0,0.973,50.0,0.88,15994.0
2026-04-15 03:00:00,IN-DC-066,Ahmedabad,15822.2,5607.1,835.2,159.3,22423.9,1.417,30.5,48,8.7,16.2,24.2,1,0,0.974,50.04,1.12,15921.0
2026-04-15 04:00:00,IN-DC-066,Ahmedabad,15695.5,5477.8,830.4,142.6,22146.3,1.411,30.0,45,8.4,16.2,23.6,1,0,0.979,50.0,0.95,15724.0
2026-04-15 05:00:00,IN-DC-066,Ahmedabad,15708.1,5667.7,830.9,146.7,22353.4,1.423,31.6,33,8.9,16.4,23.6,1,0,0.974,50.01,1.14,15871.0
2026-04-15 06:00:00,IN-DC-066,Ahmedabad,15488.1,5708.9,822.5,168.3,22187.9,1.433,31.7,36,8.7,16.0,23.4,1,0,0.968,50.03,1.11,15753.0
2026-04-15 07:00:00,IN-DC-066,Ahmedabad,15458.6,5759.2,821.4,161.2,22200.5,1.436,33.7,31,8.9,16.5,24.2,1,0,0.976,49.99,1.21,15762.0
2026-04-15 08:00:00,IN-DC-066,Ahmedabad,15353.0,6179.3,817.4,140.4,22490.1,1.465,36.6,28,8.9,16.4,24.6,1,0,0.972,49.95,1.18,15968.0
2026-04-15 09:00:00,IN-DC-066,Ahmedabad,15366.1,6218.4,817.9,156.0,22558.4,1.468,37.2,26,8.7,16.2,24.6,1,0,0.983,49.97,1.46,16016.0
2026-04-15 10:00:00,IN-DC-066,Ahmedabad,15446.5,6677.9,821.0,145.4,23090.8,1.495,39.9,27,8.8,16.6,24.0,1,0,0.975,50.01,1.54,16394.0
2026-04-15 11:00:00,IN-DC-066,Ahmedabad,15772.3,7009.6,833.3,139.6,23754.8,1.506,41.9,12,8.8,16.1,24.1,1,0,0.971,49.97,1.54,16866.0
2026-04-15 12:00:00,IN-DC-066,Ahmedabad,15610.3,7067.7,827.2,146.3,23651.5,1.515,43.6,19,9.5,16.8,24.5,1,0,0.962,50.11,1.75,16793.0
2026-04-15 13:00:00,IN-DC-066,Ahmedabad,15886.9,7266.3,837.7,152.8,24143.6,1.52,43.9,12,9.1,16.8,25.0,1,0,0.976,49.97,1.68,17142.0
2026-04-15 14:00:00,IN-DC-066,Ahmedabad,15864.6,7435.2,836.9,157.9,24294.5,1.531,45.5,16,9.0,17.1,25.1,1,0,0.959,49.93,1.71,17249.0
2026-04-15 15:00:00,IN-DC-066,Ahmedabad,16200.2,7530.4,849.6,106.8,24687.1,1.524,45.2,12,9.0,17.0,25.3,1,0,0.974,49.97,1.74,17528.0
2026-04-15 16:00:00,IN-DC-066,Ahmedabad,16424.2,7702.8,858.1,151.8,25136.8,1.53,45.0,15,8.8,16.8,25.4,1,0,0.975,49.96,1.66,17847.0
2026-04-15 17:00:00,IN-DC-066,Ahmedabad,16480.9,7491.2,860.3,153.2,24985.7,1.516,44.6,16,8.7,16.8,25.6,1,0,0.971,49.97,1.69,17740.0
2026-04-15 18:00:00,IN-DC-066,Ahmedabad,16436.7,7494.3,858.6,163.6,24953.2,1.518,43.6,20,8.7,16.5,24.5,1,0,0.987,50.02,1.73,17717.0
2026-04-15 19:00:00,IN-DC-066,Ahmedabad,16789.1,7241.2,872.0,160.5,25062.7,1.493,41.0,16,9.2,17.2,24.7,1,0,0.985,50.0,1.48,17795.0
2026-04-15 20:00:00,IN-DC-066,Ahmedabad,16790.4,7083.3,872.0,195.5,24941.2,1.485,39.3,35,8.9,16.5,24.2,1,0,0.976,50.03,1.51,17708.0
2026-04-15 21:00:00,IN-DC-066,Ahmedabad,16802.3,6875.1,872.5,148.4,24698.3,1.47,37.6,20,8.6,16.7,24.9,1,0,0.988,49.96,1.49,17536.0
2026-04-15 22:00:00,IN-DC-066,Ahmedabad,16813.0,6381.5,872.9,121.3,24188.8,1.439,35.6,27,8.8,16.9,23.7,1,0,0.963,49.95,1.3,17174.0
2026-04-15 23:00:00,IN-DC-066,Ahmedabad,16710.6,6372.4,869.0,170.2,24122.3,1.444,34.1,28,8.5,16.8,24.5,1,0,0.975,49.96,1.26,17127.0
2026-04-16 00:00:00,IN-DC-066,Ahmedabad,16523.9,6216.2,861.9,114.4,23716.4,1.435,32.7,35,9.0,16.8,24.1,1,0,0.971,50.09,1.05,16839.0
2026-04-16 01:00:00,IN-DC-066,Ahmedabad,16192.1,6048.1,849.3,153.4,23242.9,1.435,32.7,36,8.9,16.4,24.2,1,0,0.973,50.05,1.14,16502.0
2026-04-16 02:00:00,IN-DC-066,Ahmedabad,16386.5,5852.6,856.7,183.0,23278.8,1.421,30.7,33,8.5,16.7,24.1,1,0,0.983,49.91,0.92,16528.0
2026-04-16 03:00:00,IN-DC-066,Ahmedabad,15934.7,5723.9,839.5,148.7,22646.8,1.421,30.3,39,8.4,16.2,24.2,1,0,0.968,49.98,0.98,16079.0
2026-04-16 04:00:00,IN-DC-066,Ahmedabad,16081.5,5713.4,845.1,185.3,22825.4,1.419,30.2,42,8.6,16.2,24.3,1,0,0.973,50.04,1.01,16206.0
2026-04-16 05:00:00,IN-DC-066,Ahmedabad,15729.7,5686.3,831.7,151.7,22399.5,1.424,31.5,25,8.6,16.1,24.0,1,0,0.966,50.1,0.97,15904.0
2026-04-16 06:00:00,IN-DC-066,Ahmedabad,15603.2,5755.3,826.9,136.8,22322.3,1.431,31.8,34,8.5,16.2,24.2,1,0,0.974,49.96,1.01,15849.0
2026-04-16 07:00:00,IN-DC-066,Ahmedabad,15631.3,5801.7,828.0,149.3,22410.2,1.434,34.3,30,8.7,15.7,24.3,1,0,0.976,50.09,1.06,15911.0
2026-04-16 08:00:00,IN-DC-066,Ahmedabad,15828.0,6157.7,835.5,145.2,22966.5,1.451,36.1,26,8.8,16.4,24.9,1,0,0.974,50.01,1.3,16306.0
2026-04-16 09:00:00,IN-DC-066,Ahmedabad,15997.1,6699.0,841.9,119.9,23657.9,1.479,38.7,26,8.8,16.2,24.3,1,0,0.972,50.02,1.37,16797.0
2026-04-16 10:00:00,IN-DC-066,Ahmedabad,15880.3,6645.4,837.5,140.3,23503.4,1.48,39.3,16,8.8,16.5,24.4,1,0,0.972,50.11,1.43,16687.0
2026-04-16 11:00:00,IN-DC-066,Ahmedabad,16042.4,6983.7,843.6,141.5,24011.2,1.497,42.1,21,8.8,16.6,25.4,1,0,0.973,49.97,1.62,17048.0
2026-04-16 12:00:00,IN-DC-066,Ahmedabad,16218.0,7464.8,850.3,167.9,24701.0,1.523,43.4,13,8.8,16.7,25.4,1,0,0.967,50.1,1.68,17538.0
2026-04-16 13:00:00,IN-DC-066,Ahmedabad,16245.5,7480.8,851.3,157.2,24734.8,1.523,44.5,16,8.8,16.3,25.6,1,0,0.971,49.91,1.78,17562.0
2026-04-16 14:00:00,IN-DC-066,Ahmedabad,16423.9,7670.1,858.1,138.0,25090.0,1.528,45.2,15,9.1,17.0,25.1,1,0,0.981,49.96,1.67,17814.0
2026-04-16 15:00:00,IN-DC-066,Ahmedabad,16638.0,7695.5,866.2,151.4,25351.2,1.524,45.4,12,8.9,17.1,25.2,1,0,0.978,49.96,1.6,17999.0
2026-04-16 16:00:00,IN-DC-066,Ahmedabad,16858.1,7622.2,874.6,161.1,25515.9,1.514,44.6,20,9.3,17.4,25.2,1,0,0.96,49.89,1.71,18116.0
2026-04-16 17:00:00,IN-DC-066,Ahmedabad,16916.9,7747.4,876.8,146.1,25687.3,1.518,44.2,23,8.8,16.7,24.5,1,0,0.976,50.01,1.64,18238.0
2026-04-16 18:00:00,IN-DC-066,Ahmedabad,17181.6,7607.6,886.9,155.7,25831.8,1.503,42.4,13,9.1,17.0,24.7,1,0,0.986,49.98,1.58,18341.0
2026-04-16 19:00:00,IN-DC-066,Ahmedabad,16950.4,7428.2,878.1,145.2,25401.9,1.499,42.3,20,9.0,16.9,24.5,1,0,0.963,49.92,1.66,18035.0
2026-04-16 20:00:00,IN-DC-066,Ahmedabad,17191.1,7264.1,887.3,122.9,25465.2,1.481,39.9,23,9.1,17.4,24.3,1,0,0.984,49.97,1.53,18080.0
2026-04-16 21:00:00,IN-DC-066,Ahmedabad,16977.9,6955.4,879.2,155.8,24968.2,1.471,38.3,35,8.9,17.1,25.2,1,0,0.983,49.99,1.21,17727.0
2026-04-16 22:00:00,IN-DC-066,Ahmedabad,16963.7,6673.9,878.6,157.0,24673.2,1.454,36.3,35,8.8,16.7,24.5,1,0,0.977,50.02,1.41,17518.0
2026-04-16 23:00:00,IN-DC-066,Ahmedabad,17037.8,6408.4,881.4,135.7,24463.3,1.436,34.4,31,8.7,17.0,23.7,1,0,0.978,50.06,1.3,17369.0
2026-04-17 00:00:00,IN-DC-066,Ahmedabad,16795.1,6176.1,872.2,135.9,23979.3,1.428,33.6,37,9.0,17.2,23.9,1,0,0.962,49.99,1.3,17025.0
2026-04-17 01:00:00,IN-DC-066,Ahmedabad,16584.5,6249.6,864.2,125.7,23824.0,1.437,32.1,32,8.7,16.6,23.5,1,0,0.975,49.88,1.18,16915.0
2026-04-17 02:00:00,IN-DC-066,Ahmedabad,16557.0,5900.6,863.2,142.3,23463.1,1.417,30.6,36,8.6,16.7,24.0,1,0,0.967,50.03,1.08,16659.0
2026-04-17 03:00:00,IN-DC-066,Ahmedabad,16660.3,5868.4,867.1,136.9,23532.6,1.412,30.6,41,8.3,16.0,24.2,1,0,0.98,50.0,1.02,16708.0
2026-04-17 04:00:00,IN-DC-066,Ahmedabad,16163.2,5577.7,848.2,156.9,22746.0,1.407,29.7,42,8.4,16.2,23.1,1,0,0.968,50.08,1.07,16150.0
2026-04-17 05:00:00,IN-DC-066,Ahmedabad,16686.3,5990.5,868.1,184.7,23729.7,1.422,31.5,37,8.5,16.7,23.9,1,0,0.972,49.96,1.08,16848.0
2026-04-17 06:00:00,IN-DC-066,Ahmedabad,16239.7,6103.3,851.1,138.9,23333.0,1.437,32.9,31,8.6,16.3,24.5,1,0,0.965,50.11,1.02,16566.0
2026-04-17 07:00:00,IN-DC-066,Ahmedabad,16156.6,6268.0,848.0,156.7,23429.3,1.45,33.5,29,8.4,16.4,23.8,1,0,0.986,50.05,1.15,16635.0
2026-04-17 08:00:00,IN-DC-066,Ahmedabad,16081.4,6217.0,845.1,140.7,23284.2,1.448,35.1,27,8.9,17.1,23.9,1,0,0.981,49.98,1.24,16532.0
2026-04-17 09:00:00,IN-DC-066,Ahmedabad,16092.6,6665.8,845.5,140.0,23743.9,1.475,38.4,28,9.1,16.6,24.7,1,0,0.974,49.99,1.36,16858.0
2026-04-17 10:00:00,IN-DC-066,Ahmedabad,16275.8,6840.3,852.5,162.2,24130.8,1.483,39.3,24,8.6,16.5,24.7,1,0,0.987,50.01,1.46,17133.0
2026-04-17 11:00:00,IN-DC-066,Ahmedabad,16423.2,7072.8,858.1,173.2,24527.3,1.493,41.3,20,9.1,16.6,24.4,1,0,0.964,49.9,1.71,17414.0
2026-04-17 12:00:00,IN-DC-066,Ahmedabad,16515.8,7393.4,861.6,151.0,24921.9,1.509,43.0,23,8.9,17.2,25.0,1,0,0.973,49.97,1.54,17695.0
2026-04-17 13:00:00,IN-DC-066,Ahmedabad,16544.4,7494.4,862.7,171.2,25072.7,1.515,45.0,12,8.9,16.7,24.7,1,0,0.969,50.01,1.71,17802.0
2026-04-17 14:00:00,IN-DC-066,Ahmedabad,16757.0,7698.3,870.8,157.0,25483.1,1.521,45.0,12,8.7,16.3,25.1,1,0,0.976,50.04,1.77,18093.0
2026-04-17 15:00:00,IN-DC-066,Ahmedabad,16893.2,7786.4,875.9,143.8,25699.4,1.521,44.9,18,9.0,17.2,25.4,1,0,0.965,50.0,1.81,18247.0
2026-04-17 16:00:00,IN-DC-066,Ahmedabad,17187.9,7856.1,887.1,179.8,26111.0,1.519,44.0,13,9.1,17.0,24.7,1,0,0.969,50.0,1.68,18539.0
2026-04-17 17:00:00,IN-DC-066,Ahmedabad,17069.0,7800.1,882.6,151.2,25902.9,1.518,44.7,12,9.0,17.1,25.5,1,0,0.971,50.03,1.84,18391.0
2026-04-17 18:00:00,IN-DC-066,Ahmedabad,17285.2,7895.1,890.8,171.4,26242.5,1.518,44.0,19,9.1,17.0,25.5,1,0,0.972,49.98,1.66,18632.0
2026-04-17 19:00:00,IN-DC-066,Ahmedabad,17519.5,7664.6,899.7,140.8,26224.6,1.497,41.9,19,9.4,17.5,24.8,1,0,0.974,49.98,1.63,18619.0
2026-04-17 20:00:00,IN-DC-066,Ahmedabad,17520.3,7438.6,899.8,139.6,25998.3,1.484,40.3,19,9.0,17.2,24.5,1,0,0.965,49.99,1.4,18459.0
2026-04-17 21:00:00,IN-DC-066,Ahmedabad,17529.6,7009.4,900.1,189.5,25628.7,1.462,36.9,30,8.7,17.1,24.2,1,0,0.974,50.05,1.36,18196.0
2026-04-17 22:00:00,IN-DC-066,Ahmedabad,17530.1,6824.8,900.1,140.2,25395.2,1.449,36.1,32,9.0,17.5,23.5,1,0,0.972,49.99,1.25,18031.0
2026-04-17 23:00:00,IN-DC-066,Ahmedabad,17461.6,6482.6,897.5,133.4,24975.1,1.43,33.8,29,8.7,17.3,24.3,1,0,0.983,50.05,1.14,17732.0
2026-04-18 00:00:00,IN-DC-066,Ahmedabad,16705.9,6164.9,868.8,161.1,23900.7,1.431,32.5,30,8.7,16.8,24.3,1,0,0.964,50.1,1.13,16970.0
2026-04-18 01:00:00,IN-DC-066,Ahmedabad,16875.3,5763.4,875.3,165.9,23680.0,1.403,29.5,38,8.4,16.3,23.9,1,0,0.979,50.05,1.03,16813.0
2026-04-18 02:00:00,IN-DC-066,Ahmedabad,16623.6,5826.4,865.7,178.2,23493.9,1.413,29.6,34,8.7,16.6,23.7,1,0,0.979,50.04,1.08,16681.0
2026-04-18 03:00:00,IN-DC-066,Ahmedabad,16346.2,5726.4,855.2,116.9,23044.6,1.41,30.2,37,8.5,16.1,23.8,1,0,0.974,49.95,1.05,16362.0
2026-04-18 04:00:00,IN-DC-066,Ahmedabad,16159.4,5728.4,848.1,130.0,22865.8,1.415,30.8,29,8.7,16.6,23.5,1,0,0.977,49.89,1.12,16235.0
2026-04-18 05:00:00,IN-DC-066,Ahmedabad,15993.7,5740.0,841.8,139.5,22714.9,1.42,30.4,44,8.7,16.3,24.4,1,0,0.965,49.95,1.14,16128.0
2026-04-18 06:00:00,IN-DC-066,Ahmedabad,16086.3,6017.1,845.3,145.0,23093.6,1.436,32.7,37,8.6,16.5,24.4,1,0,0.991,50.02,1.13,16396.0
2026-04-18 07:00:00,IN-DC-066,Ahmedabad,15983.3,5900.2,841.4,158.2,22883.1,1.432,33.3,31,8.7,16.5,24.5,1,0,0.979,49.96,1.12,16247.0
2026-04-18 08:00:00,IN-DC-066,Ahmedabad,16143.2,6221.7,847.4,131.4,23343.7,1.446,35.1,30,9.0,16.7,24.2,1,0,0.981,49.96,1.26,16574.0
2026-04-18 09:00:00,IN-DC-066,Ahmedabad,15939.8,6705.7,839.7,182.7,23668.0,1.485,38.7,22,8.6,16.1,24.3,1,0,0.978,49.98,1.56,16804.0
2026-04-18 10:00:00,IN-DC-066,Ahmedabad,16237.9,6893.4,851.0,157.2,24139.5,1.487,39.7,13,8.8,16.6,24.8,1,0,0.987,49.99,1.41,17139.0
2026-04-18 11:00:00,IN-DC-066,Ahmedabad,16187.3,7133.7,849.1,119.4,24289.6,1.501,40.8,19,8.6,16.3,23.9,1,0,0.971,49.96,1.47,17246.0
2026-04-18 12:00:00,IN-DC-066,Ahmedabad,16331.7,7359.5,854.6,153.6,24699.4,1.512,43.8,18,9.5,17.3,24.6,1,0,0.977,49.96,1.7,17537.0
2026-04-18 13:00:00,IN-DC-066,Ahmedabad,16643.4,7547.0,866.4,183.4,25240.3,1.517,43.8,16,9.1,17.2,24.7,1,0,0.976,49.95,1.59,17921.0
2026-04-18 14:00:00,IN-DC-066,Ahmedabad,16452.5,7525.0,859.2,188.9,25025.6,1.521,45.2,15,9.1,17.0,25.8,1,0,0.973,50.06,1.68,17768.0
2026-04-18 15:00:00,IN-DC-066,Ahmedabad,16703.5,7742.7,868.7,129.5,25444.4,1.523,45.4,12,9.4,17.1,24.8,1,0,0.978,49.91,1.81,18066.0
2026-04-18 16:00:00,IN-DC-066,Ahmedabad,17191.4,7740.0,887.3,149.4,25968.0,1.511,44.5,12,9.0,17.3,24.6,1,0,0.973,50.0,1.69,18437.0
2026-04-18 17:00:00,IN-DC-066,Ahmedabad,17223.1,7887.4,888.5,161.2,26160.2,1.519,44.4,21,9.1,17.4,25.3,1,0,0.976,50.01,1.65,18574.0
2026-04-18 18:00:00,IN-DC-066,Ahmedabad,17441.6,7752.0,896.8,131.3,26221.8,1.503,42.9,21,9.2,17.5,25.1,1,0,0.965,49.96,1.69,18617.0
2026-04-18 19:00:00,IN-DC-066,Ahmedabad,17272.8,7436.6,890.4,170.5,25770.3,1.492,41.2,16,8.9,17.1,25.4,1,0,0.979,50.02,1.61,18297.0
2026-04-18 20:00:00,IN-DC-066,Ahmedabad,17412.5,7132.3,895.7,152.0,25592.5,1.47,39.3,19,8.7,17.0,24.2,1,0,0.972,50.01,1.45,18171.0
2026-04-18 21:00:00,IN-DC-066,Ahmedabad,17352.4,7009.0,893.4,137.4,25392.2,1.463,37.8,24,9.0,17.2,24.4,1,0,0.98,49.97,1.45,18028.0
2026-04-18 22:00:00,IN-DC-066,Ahmedabad,17412.6,6890.5,895.7,160.7,25359.5,1.456,36.3,33,8.5,16.8,24.1,1,0,0.96,50.06,1.25,18005.0
2026-04-18 23:00:00,IN-DC-066,Ahmedabad,17566.8,6611.4,901.5,122.7,25202.4,1.435,34.4,30,8.8,17.3,24.0,1,0,0.968,50.04,1.34,17894.0
2026-04-19 00:00:00,IN-DC-066,Ahmedabad,17362.1,6398.7,893.8,151.9,24806.4,1.429,33.4,39,8.5,16.5,24.0,1,0,0.962,49.98,1.09,17613.0
2026-04-19 01:00:00,IN-DC-066,Ahmedabad,17025.1,6206.1,881.0,160.1,24272.3,1.426,32.0,31,8.5,16.7,24.5,1,0,0.961,50.08,1.11,17233.0
2026-04-19 02:00:00,IN-DC-066,Ahmedabad,16739.9,5770.3,870.1,151.3,23531.6,1.406,29.9,35,8.7,16.9,25.1,1,0,0.979,49.99,1.11,16707.0
2026-04-19 03:00:00,IN-DC-066,Ahmedabad,16626.5,5783.3,865.8,121.3,23396.9,1.407,30.4,32,8.9,16.8,24.4,1,0,0.964,50.07,0.98,16612.0
2026-04-19 04:00:00,IN-DC-066,Ahmedabad,16610.3,5886.2,865.2,147.9,23509.5,1.415,29.8,40,8.4,16.6,24.6,1,0,0.963,50.04,1.06,16692.0
2026-04-19 05:00:00,IN-DC-066,Ahmedabad,16736.7,6131.0,870.0,147.6,23885.3,1.427,32.4,32,8.5,16.4,23.6,1,0,0.985,50.04,1.17,16959.0
2026-04-19 06:00:00,IN-DC-066,Ahmedabad,16513.5,6138.1,861.5,161.2,23674.3,1.434,32.4,34,8.9,16.6,23.8,1,0,0.962,49.96,1.08,16809.0
2026-04-19 07:00:00,IN-DC-066,Ahmedabad,16840.5,6438.8,873.9,178.9,24332.1,1.445,33.5,26,8.6,16.9,23.9,1,0,0.979,50.02,1.12,17276.0
2026-04-19 08:00:00,IN-DC-066,Ahmedabad,16424.0,6469.9,858.1,170.3,23922.3,1.457,36.4,29,8.8,16.9,24.1,1,0,0.983,50.02,1.28,16985.0
2026-04-19 09:00:00,IN-DC-066,Ahmedabad,16533.3,6819.2,862.3,145.4,24360.1,1.473,37.6,28,9.0,16.9,25.5,1,0,0.975,50.03,1.38,17296.0
2026-04-19 10:00:00,IN-DC-066,Ahmedabad,16978.7,6968.2,879.2,176.8,25002.9,1.473,39.2,24,8.9,16.9,24.9,1,0,0.967,50.03,1.48,17752.0
2026-04-19 11:00:00,IN-DC-066,Ahmedabad,16998.7,7171.5,879.9,181.5,25231.6,1.484,41.0,13,9.1,17.5,24.6,1,0,0.982,50.07,1.52,17914.0
2026-04-19 12:00:00,IN-DC-066,Ahmedabad,16600.8,7401.4,864.8,161.2,25028.2,1.508,42.6,21,8.7,16.4,24.9,1,0,0.972,50.05,1.63,17770.0
2026-04-19 13:00:00,IN-DC-066,Ahmedabad,16839.2,7761.8,873.9,163.5,25638.4,1.523,44.5,12,9.0,16.8,24.5,1,0,0.971,50.05,1.71,18203.0
2026-04-19 14:00:00,IN-DC-066,Ahmedabad,16849.5,7757.9,874.3,131.7,25613.3,1.52,45.1,12,9.3,17.4,24.8,1,0,0.989,49.99,1.74,18185.0
2026-04-19 15:00:00,IN-DC-066,Ahmedabad,17255.1,8002.0,889.7,151.7,26298.6,1.524,45.7,15,9.1,17.3,25.2,1,0,0.975,50.03,1.98,18672.0
2026-04-19 16:00:00,IN-DC-066,Ahmedabad,17467.1,8014.2,897.8,127.9,26507.0,1.518,44.9,17,9.2,17.3,24.6,1,0,0.969,50.07,1.78,18820.0
2026-04-19 17:00:00,IN-DC-066,Ahmedabad,17672.2,8193.3,905.5,129.6,26900.7,1.522,45.3,16,9.2,17.6,25.4,1,0,0.981,49.99,1.85,19099.0
2026-04-19 18:00:00,IN-DC-066,Ahmedabad,17858.2,8080.7,912.6,107.2,26958.7,1.51,43.3,19,9.1,17.5,25.1,1,0,0.974,50.04,1.65,19141.0
2026-04-19 19:00:00,IN-DC-066,Ahmedabad,17801.6,7564.7,910.5,149.1,26425.9,1.484,40.7,23,8.6,17.0,24.9,1,0,0.977,50.01,1.53,18762.0
2026-04-19 20:00:00,IN-DC-066,Ahmedabad,17760.2,7580.4,908.9,152.9,26402.4,1.487,39.9,24,9.2,17.5,24.7,1,0,0.98,50.06,1.37,18746.0
2026-04-19 21:00:00,IN-DC-066,Ahmedabad,17904.7,7298.5,914.4,152.6,26270.2,1.467,38.3,28,9.0,17.3,24.6,1,0,0.974,49.99,1.42,18652.0
2026-04-19 22:00:00,IN-DC-066,Ahmedabad,17867.5,6963.0,913.0,156.3,25899.9,1.45,35.5,23,8.8,17.4,24.1,1,0,0.974,49.98,1.26,18389.0
2026-04-19 23:00:00,IN-DC-066,Ahmedabad,17868.7,6854.7,913.0,156.6,25793.0,1.443,33.9,34,8.7,16.8,23.6,1,0,0.964,49.99,1.24,18313.0
2026-04-20 00:00:00,IN-DC-066,Ahmedabad,18043.1,6631.3,919.6,133.6,25727.6,1.426,32.8,31,8.4,17.3,23.8,1,0,0.967,50.08,1.24,18267.0
2026-04-20 01:00:00,IN-DC-066,Ahmedabad,18223.3,6701.2,926.5,136.7,25987.7,1.426,32.1,32,8.5,17.1,23.9,1,0,0.995,50.07,1.18,18451.0
2026-04-20 02:00:00,IN-DC-066,Ahmedabad,17898.6,6346.8,914.1,146.7,25306.2,1.414,31.0,36,8.5,17.0,24.2,1,0,0.978,49.97,1.05,17967.0
2026-04-20 03:00:00,IN-DC-066,Ahmedabad,17442.1,6062.9,896.8,147.0,24548.8,1.407,29.5,42,8.9,17.1,24.0,1,0,0.984,49.91,0.97,17430.0
2026-04-20 04:00:00,IN-DC-066,Ahmedabad,17558.4,6035.5,901.2,134.6,24629.7,1.403,30.1,41,8.5,16.7,24.3,1,0,0.98,49.99,1.0,17487.0
2026-04-20 05:00:00,IN-DC-066,Ahmedabad,17065.9,6029.9,882.5,165.3,24143.6,1.415,31.2,37,8.4,16.8,24.3,1,0,0.968,49.95,1.04,17142.0
2026-04-20 06:00:00,IN-DC-066,Ahmedabad,17133.9,6438.2,885.1,165.2,24622.3,1.437,33.4,38,8.5,16.5,23.0,1,0,0.988,50.01,1.25,17482.0
2026-04-20 07:00:00,IN-DC-066,Ahmedabad,17113.6,6470.9,884.3,155.5,24624.4,1.439,33.9,31,8.3,16.2,23.2,1,0,0.979,49.96,1.21,17483.0
2026-04-20 08:00:00,IN-DC-066,Ahmedabad,17106.6,6694.8,884.1,113.3,24798.8,1.45,36.1,30,8.9,17.1,24.2,1,0,0.975,50.0,1.3,17607.0
2026-04-20 09:00:00,IN-DC-066,Ahmedabad,17484.1,7116.0,898.4,187.1,25685.6,1.469,37.8,24,9.1,17.7,24.0,1,0,0.975,49.96,1.4,18237.0
2026-04-20 10:00:00,IN-DC-066,Ahmedabad,17794.5,7461.9,910.2,188.6,26355.2,1.481,39.5,21,8.9,17.4,24.5,1,0,0.975,50.05,1.53,18712.0
2026-04-20 11:00:00,IN-DC-066,Ahmedabad,17368.9,7396.6,894.0,153.5,25813.0,1.486,40.9,21,9.2,17.5,24.3,1,0,0.976,50.02,1.6,18327.0
2026-04-20 12:00:00,IN-DC-066,Ahmedabad,17598.0,7725.3,902.7,130.5,26356.5,1.498,43.4,20,8.7,16.8,25.8,1,0,0.98,50.1,1.63,18713.0
2026-04-20 13:00:00,IN-DC-066,Ahmedabad,17845.2,8252.4,912.1,190.4,27200.2,1.524,44.8,12,9.3,17.7,25.0,1,0,0.97,50.06,1.76,19312.0
2026-04-20 14:00:00,IN-DC-066,Ahmedabad,17860.2,8277.1,912.7,168.0,27218.0,1.524,45.3,15,9.6,17.7,25.3,1,0,0.952,50.01,1.65,19325.0
2026-04-20 15:00:00,IN-DC-066,Ahmedabad,18114.4,8247.2,922.3,149.4,27433.4,1.514,45.0,16,9.0,17.5,24.8,1,0,0.954,50.03,1.72,19478.0
2026-04-20 16:00:00,IN-DC-066,Ahmedabad,18368.7,8487.6,932.0,157.6,27945.9,1.521,45.3,12,9.3,17.9,25.4,1,0,0.979,50.03,1.86,19842.0
2026-04-20 17:00:00,IN-DC-066,Ahmedabad,18461.8,8436.5,935.5,160.3,27994.2,1.516,43.8,12,9.2,17.9,26.1,1,0,0.972,50.05,1.61,19876.0
2026-04-20 18:00:00,IN-DC-066,Ahmedabad,18677.9,8465.9,943.8,152.5,28240.0,1.512,43.5,16,9.2,17.9,25.1,1,0,0.972,50.1,1.7,20050.0
2026-04-20 19:00:00,IN-DC-066,Ahmedabad,18731.6,8167.5,945.8,166.3,28011.2,1.495,42.0,18,9.1,17.8,25.0,1,0,0.969,49.99,1.45,19888.0
2026-04-20 20:00:00,IN-DC-066,Ahmedabad,18757.3,7729.0,946.8,158.5,27591.5,1.471,39.6,16,9.2,17.8,24.4,1,0,0.962,50.04,1.53,19590.0
2026-04-20 21:00:00,IN-DC-066,Ahmedabad,18777.3,7652.1,947.5,111.2,27488.1,1.464,37.8,25,9.0,17.9,24.4,1,0,0.978,49.96,1.4,19517.0
2026-04-20 22:00:00,IN-DC-066,Ahmedabad,18571.2,7151.1,939.7,194.1,26856.1,1.446,35.4,30,8.7,17.3,24.3,1,0,0.984,50.0,1.19,19068.0
2026-04-20 23:00:00,IN-DC-066,Ahmedabad,18636.8,6919.4,942.2,144.2,26642.6,1.43,34.1,24,9.1,17.6,23.7,1,0,0.975,49.99,1.18,18916.0
2026-04-21 00:00:00,IN-DC-066,Ahmedabad,18480.1,6698.0,936.2,152.0,26266.3,1.421,32.4,36,8.8,17.5,23.4,1,0,0.976,49.99,1.06,18649.0
2026-04-21 01:00:00,IN-DC-066,Ahmedabad,18171.1,6279.4,924.5,161.5,25536.4,1.405,30.6,35,8.4,16.6,23.6,1,0,0.978,49.93,1.09,18131.0
2026-04-21 02:00:00,IN-DC-066,Ahmedabad,18440.1,6518.0,934.7,171.7,26064.6,1.413,31.3,32,8.3,16.7,24.0,1,0,0.982,49.91,1.19,18506.0
2026-04-21 03:00:00,IN-DC-066,Ahmedabad,18034.6,6182.0,919.3,177.8,25313.6,1.404,30.8,38,8.7,17.1,23.9,1,0,0.98,50.04,1.15,17973.0
2026-04-21 04:00:00,IN-DC-066,Ahmedabad,17950.2,6188.5,916.1,150.3,25205.2,1.404,29.9,39,8.6,17.3,24.0,1,0,0.977,50.01,1.01,17896.0
2026-04-21 05:00:00,IN-DC-066,Ahmedabad,17680.2,6344.4,905.8,156.9,25087.3,1.419,30.4,37,8.6,16.9,24.5,1,0,0.977,49.96,1.02,17812.0
2026-04-21 06:00:00,IN-DC-066,Ahmedabad,17804.4,6495.0,910.6,140.7,25350.7,1.424,32.2,36,8.5,16.9,24.0,1,0,0.982,50.02,0.97,17999.0
2026-04-21 07:00:00,IN-DC-066,Ahmedabad,17513.1,6652.0,899.5,168.5,25233.2,1.441,34.4,33,9.0,16.9,24.1,1,0,0.975,50.09,1.2,17916.0
2026-04-21 08:00:00,IN-DC-066,Ahmedabad,17407.9,6842.7,895.5,144.5,25290.6,1.453,36.4,21,8.6,16.6,25.0,1,0,0.974,49.99,1.25,17956.0
2026-04-21 09:00:00,IN-DC-066,Ahmedabad,17630.3,7152.6,904.0,135.0,25821.9,1.465,37.2,30,8.7,17.0,24.6,1,0,0.974,50.06,1.31,18334.0
2026-04-21 10:00:00,IN-DC-066,Ahmedabad,17711.6,7412.9,907.0,231.2,26262.7,1.483,39.0,19,9.0,17.5,24.8,1,0,0.962,50.0,1.53,18647.0
2026-04-21 11:00:00,IN-DC-066,Ahmedabad,17781.2,7804.4,909.7,141.8,26637.1,1.498,42.3,15,8.7,16.9,25.4,1,0,0.972,49.95,1.64,18912.0
2026-04-21 12:00:00,IN-DC-066,Ahmedabad,17809.5,7753.0,910.8,124.6,26597.9,1.493,42.0,24,8.6,16.8,24.5,1,0,0.974,50.07,1.71,18885.0
2026-04-21 13:00:00,IN-DC-066,Ahmedabad,18248.0,8380.9,927.4,136.7,27692.9,1.518,44.7,12,9.2,17.7,24.8,1,0,0.976,49.98,1.68,19662.0
2026-04-21 14:00:00,IN-DC-066,Ahmedabad,18495.7,8651.0,936.8,126.9,28210.4,1.525,45.8,17,9.1,17.8,25.5,1,0,0.982,49.96,1.88,20029.0
2026-04-21 15:00:00,IN-DC-066,Ahmedabad,18646.3,8400.6,942.6,145.4,28134.8,1.509,44.8,13,9.6,18.5,25.3,1,0,0.976,50.02,1.79,19976.0
2026-04-21 16:00:00,IN-DC-066,Ahmedabad,18770.5,8701.4,947.3,146.5,28565.7,1.522,45.5,16,8.9,17.3,24.9,1,0,0.967,49.91,1.8,20282.0
2026-04-21 17:00:00,IN-DC-066,Ahmedabad,18839.9,8427.4,949.9,165.3,28382.5,1.507,44.2,18,9.6,18.6,25.2,1,0,0.98,50.03,1.78,20152.0
2026-04-21 18:00:00,IN-DC-066,Ahmedabad,18784.6,8363.3,947.8,176.8,28272.5,1.505,42.7,19,9.0,17.8,25.5,1,0,0.974,49.89,1.6,20073.0
2026-04-21 19:00:00,IN-DC-066,Ahmedabad,18915.0,8201.4,952.8,182.6,28251.8,1.494,41.7,17,9.1,17.8,24.7,1,0,0.982,50.01,1.63,20059.0
2026-04-21 20:00:00,IN-DC-066,Ahmedabad,18915.0,7934.2,952.8,170.7,27972.7,1.479,39.3,26,8.8,17.5,24.6,1,0,0.979,50.07,1.45,19861.0
2026-04-21 21:00:00,IN-DC-066,Ahmedabad,18915.0,7584.6,952.8,166.1,27618.4,1.46,37.4,26,8.9,17.7,24.5,1,0,0.981,49.95,1.53,19609.0
2026-04-21 22:00:00,IN-DC-066,Ahmedabad,18915.0,7188.9,952.8,162.8,27219.5,1.439,35.4,26,8.7,17.6,24.2,1,0,0.976,49.99,1.32,19326.0
2026-04-21 23:00:00,IN-DC-066,Ahmedabad,18915.0,7139.2,952.8,174.0,27180.9,1.437,34.7,35,9.0,17.8,24.1,1,0,0.975,49.94,1.42,19298.0
2026-04-22 00:00:00,IN-DC-066,Ahmedabad,18744.9,6800.7,946.3,111.8,26603.7,1.419,32.9,39,8.4,17.3,24.0,1,0,0.991,49.99,1.34,18889.0
2026-04-22 01:00:00,IN-DC-066,Ahmedabad,18679.8,6469.7,943.8,139.2,26232.6,1.404,30.6,41,8.2,16.9,23.4,1,0,0.971,49.91,0.96,18625.0
2026-04-22 02:00:00,IN-DC-066,Ahmedabad,18395.4,6444.8,933.0,161.3,25934.6,1.41,30.4,44,8.7,17.1,24.7,1,0,0.97,49.96,1.03,18414.0
2026-04-22 03:00:00,IN-DC-066,Ahmedabad,18315.0,6297.2,930.0,177.9,25720.1,1.404,30.0,33,9.0,17.7,23.8,1,0,0.966,49.96,0.98,18261.0
2026-04-22 04:00:00,IN-DC-066,Ahmedabad,17934.3,6408.9,915.5,168.6,25427.4,1.418,30.8,39,8.6,17.0,24.1,1,0,0.969,50.02,0.99,18053.0
2026-04-22 05:00:00,IN-DC-066,Ahmedabad,18112.2,6351.2,922.3,149.8,25535.5,1.41,31.1,34,8.1,16.5,24.3,1,0,0.966,49.99,0.95,18130.0
2026-04-22 06:00:00,IN-DC-066,Ahmedabad,17965.9,6578.5,916.7,192.4,25653.5,1.428,32.2,34,8.9,17.4,24.3,1,0,0.971,49.94,0.96,18214.0
2026-04-22 07:00:00,IN-DC-066,Ahmedabad,18112.3,6827.6,922.3,159.0,26021.1,1.437,34.0,28,8.7,17.0,24.1,1,0,0.984,49.96,1.33,18475.0
2026-04-22 08:00:00,IN-DC-066,Ahmedabad,17840.8,7171.7,911.9,171.9,26096.4,1.463,36.5,28,8.9,17.5,23.6,1,0,0.985,50.0,1.23,18528.0
2026-04-22 09:00:00,IN-DC-066,Ahmedabad,17819.0,7351.2,911.1,149.3,26230.5,1.472,38.5,22,9.0,17.6,24.1,1,0,0.979,50.06,1.48,18624.0
2026-04-22 10:00:00,IN-DC-066,Ahmedabad,18018.1,7437.6,918.7,167.3,26541.7,1.473,40.0,22,8.8,17.3,24.8,1,0,0.976,50.02,1.53,18845.0
2026-04-22 11:00:00,IN-DC-066,Ahmedabad,17940.4,7708.6,915.7,141.6,26706.4,1.489,41.0,12,9.0,17.6,25.2,1,0,0.984,50.04,1.53,18962.0
2026-04-22 12:00:00,IN-DC-066,Ahmedabad,18271.6,8230.0,928.3,151.3,27581.2,1.51,43.6,16,9.0,17.6,24.8,1,0,0.974,49.91,1.63,19583.0
2026-04-22 13:00:00,IN-DC-066,Ahmedabad,18503.8,8459.3,937.1,166.9,28067.1,1.517,44.7,14,8.9,17.5,25.5,1,0,0.97,49.98,1.74,19928.0
2026-04-22 14:00:00,IN-DC-066,Ahmedabad,18580.6,8526.8,940.1,129.4,28176.8,1.516,45.1,17,9.1,17.8,25.3,1,0,0.97,50.05,1.82,20006.0
2026-04-22 15:00:00,IN-DC-066,Ahmedabad,18887.8,8788.6,951.7,169.4,28797.5,1.525,46.1,12,8.9,17.7,25.8,1,0,0.981,50.02,1.75,20446.0
2026-04-22 16:00:00,IN-DC-066,Ahmedabad,18915.0,8665.4,952.8,106.3,28639.4,1.514,44.5,18,8.6,17.1,25.3,1,0,0.971,49.96,1.74,20334.0
2026-04-22 17:00:00,IN-DC-066,Ahmedabad,18915.0,8726.1,952.8,142.1,28736.0,1.519,44.3,12,9.1,17.6,25.4,1,0,0.971,50.0,1.71,20403.0
2026-04-22 18:00:00,IN-DC-066,Ahmedabad,18915.0,8324.4,952.8,165.5,28357.7,1.499,43.0,16,8.9,17.6,25.1,1,0,0.979,50.05,1.78,20134.0
2026-04-22 19:00:00,IN-DC-066,Ahmedabad,18915.0,8471.0,952.8,173.4,28512.1,1.507,42.7,19,9.0,17.2,24.7,1,0,0.962,49.98,1.62,20244.0
2026-04-22 20:00:00,IN-DC-066,Ahmedabad,18915.0,7877.5,952.8,182.7,27928.0,1.477,39.7,15,8.5,17.1,24.8,1,0,0.972,49.9,1.59,19829.0
2026-04-22 21:00:00,IN-DC-066,Ahmedabad,18915.0,7607.3,952.8,164.7,27639.7,1.461,38.0,26,9.2,17.8,23.7,1,0,0.978,50.06,1.47,19624.0
2026-04-22 22:00:00,IN-DC-066,Ahmedabad,18915.0,7415.3,952.8,145.4,27428.4,1.45,35.9,27,8.9,17.9,24.3,1,0,0.977,50.02,1.3,19474.0
2026-04-22 23:00:00,IN-DC-066,Ahmedabad,18915.0,7152.3,952.8,132.6,27152.7,1.436,34.2,36,8.9,17.7,23.8,1,0,0.99,50.02,1.28,19278.0
2026-04-23 00:00:00,IN-DC-066,Ahmedabad,18915.0,6921.1,952.8,155.3,26944.2,1.424,32.8,33,8.6,17.3,24.4,1,0,0.971,49.99,1.04,19130.0
2026-04-23 01:00:00,IN-DC-066,Ahmedabad,18915.0,6755.9,952.8,134.3,26758.0,1.415,31.5,27,8.7,17.6,23.8,1,0,0.979,50.04,1.01,18998.0
2026-04-23 02:00:00,IN-DC-066,Ahmedabad,18915.0,6705.0,952.8,176.3,26749.0,1.414,31.0,38,8.5,17.2,24.0,1,0,0.979,49.98,1.06,18992.0
2026-04-23 03:00:00,IN-DC-066,Ahmedabad,18915.0,6475.1,952.8,153.5,26496.3,1.401,29.8,39,8.6,17.4,24.2,1,0,0.976,49.92,0.88,18812.0
2026-04-23 04:00:00,IN-DC-066,Ahmedabad,18771.8,6844.6,947.3,160.8,26724.6,1.424,31.4,35,8.6,17.0,24.7,1,0,0.974,50.04,1.18,18974.0
2026-04-23 05:00:00,IN-DC-066,Ahmedabad,18456.9,6577.1,935.4,122.0,26091.4,1.414,31.2,41,8.3,16.8,24.2,1,0,0.976,50.07,1.22,18525.0
2026-04-23 06:00:00,IN-DC-066,Ahmedabad,18289.7,6634.1,929.0,167.5,26020.2,1.423,31.8,35,8.8,17.3,23.9,1,0,0.968,50.02,1.15,18474.0
2026-04-23 07:00:00,IN-DC-066,Ahmedabad,18427.5,6946.5,934.2,145.8,26454.0,1.436,34.1,34,8.8,16.9,23.9,1,0,0.971,49.9,1.32,18782.0
2026-04-23 08:00:00,IN-DC-066,Ahmedabad,18709.3,7214.3,945.0,88.2,26956.7,1.441,35.2,28,8.7,17.3,24.3,1,0,0.976,49.93,1.16,19139.0
2026-04-23 09:00:00,IN-DC-066,Ahmedabad,18257.0,7257.3,927.8,160.0,26602.1,1.457,37.6,29,8.5,17.0,24.0,1,0,0.98,49.99,1.42,18888.0
2026-04-23 10:00:00,IN-DC-066,Ahmedabad,18486.4,7617.4,936.5,154.1,27194.4,1.471,39.3,20,8.9,17.3,23.9,1,0,0.98,50.0,1.4,19308.0
2026-04-23 11:00:00,IN-DC-066,Ahmedabad,18356.3,8098.0,931.5,140.8,27526.6,1.5,41.8,22,9.3,17.9,24.9,1,0,0.978,50.0,1.53,19544.0
2026-04-23 12:00:00,IN-DC-066,Ahmedabad,18583.6,8245.6,940.2,150.4,27919.7,1.502,42.6,16,9.4,17.9,25.0,1,0,0.964,50.04,1.63,19823.0
2026-04-23 13:00:00,IN-DC-066,Ahmedabad,18915.0,8699.3,952.8,151.6,28718.7,1.518,44.7,16,8.9,17.4,25.6,1,0,0.977,49.92,1.72,20390.0
2026-04-23 14:00:00,IN-DC-066,Ahmedabad,18915.0,8620.9,952.8,142.4,28631.0,1.514,44.3,16,9.0,17.9,24.7,1,0,0.971,50.08,1.64,20328.0
2026-04-23 15:00:00,IN-DC-066,Ahmedabad,18915.0,8746.4,952.8,141.2,28755.3,1.52,44.9,16,8.6,17.3,24.9,1,0,0.973,50.08,1.79,20416.0
2026-04-23 16:00:00,IN-DC-066,Ahmedabad,18915.0,8652.5,952.8,159.1,28679.3,1.516,45.4,12,9.1,17.6,25.7,1,0,0.976,50.07,1.73,20362.0
2026-04-23 17:00:00,IN-DC-066,Ahmedabad,18915.0,8525.2,952.8,148.1,28541.1,1.509,44.0,15,9.5,18.4,24.9,1,0,0.977,49.96,1.67,20264.0
2026-04-23 18:00:00,IN-DC-066,Ahmedabad,18915.0,8308.0,952.8,157.3,28333.1,1.498,42.9,23,9.2,17.8,24.8,1,0,0.972,50.02,1.61,20116.0
2026-04-23 19:00:00,IN-DC-066,Ahmedabad,18915.0,8172.3,952.8,131.3,28171.4,1.489,40.9,21,8.9,18.1,25.0,1,0,0.977,50.04,1.5,20002.0
2026-04-23 20:00:00,IN-DC-066,Ahmedabad,18915.0,7905.3,952.8,144.4,27917.4,1.476,39.5,28,8.9,17.9,24.3,1,0,0.966,49.98,1.61,19821.0
2026-04-23 21:00:00,IN-DC-066,Ahmedabad,18915.0,7488.6,952.8,158.8,27515.2,1.455,37.3,20,8.9,17.7,24.1,1,0,0.975,50.03,1.48,19536.0
2026-04-23 22:00:00,IN-DC-066,Ahmedabad,18915.0,7261.2,952.8,171.3,27300.2,1.443,35.2,38,8.8,17.7,24.2,1,0,0.969,50.08,1.17,19383.0
2026-04-23 23:00:00,IN-DC-066,Ahmedabad,18915.0,7043.1,952.8,158.8,27069.6,1.431,33.4,32,8.9,17.9,23.6,1,0,0.973,50.05,1.16,19219.0
2026-04-24 00:00:00,IN-DC-066,Ahmedabad,18915.0,6839.1,952.8,169.5,26876.4,1.421,32.2,37,8.8,17.8,23.1,1,0,0.976,50.01,1.1,19082.0
2026-04-24 01:00:00,IN-DC-066,Ahmedabad,18915.0,6519.9,952.8,194.1,26581.7,1.405,30.4,36,8.2,16.8,24.2,1,0,0.968,49.98,1.11,18873.0
2026-04-24 02:00:00,IN-DC-066,Ahmedabad,18915.0,6474.9,952.8,127.5,26470.1,1.399,28.7,34,8.3,17.3,23.9,1,0,0.988,50.03,0.86,18794.0
2026-04-24 03:00:00,IN-DC-066,Ahmedabad,18915.0,6615.5,952.8,118.0,26601.2,1.406,29.8,30,8.3,17.0,23.9,1,0,0.975,49.94,0.96,18887.0
2026-04-24 04:00:00,IN-DC-066,Ahmedabad,18915.0,6503.7,952.8,140.6,26512.0,1.402,30.6,37,8.5,17.4,23.7,1,0,0.983,49.94,0.99,18824.0
2026-04-24 05:00:00,IN-DC-066,Ahmedabad,18915.0,6566.9,952.8,135.9,26570.6,1.405,30.6,29,8.2,17.1,23.6,1,0,0.974,50.02,1.02,18865.0
2026-04-24 06:00:00,IN-DC-066,Ahmedabad,18635.2,6852.0,942.1,141.8,26571.2,1.426,31.4,43,8.7,17.3,24.0,1,0,0.974,50.02,1.04,18866.0
2026-04-24 07:00:00,IN-DC-066,Ahmedabad,18915.0,7081.8,952.8,145.8,27095.4,1.432,33.0,29,9.0,17.2,24.6,1,0,0.967,49.97,1.16,19238.0
2026-04-24 08:00:00,IN-DC-066,Ahmedabad,18623.8,7419.4,941.7,173.8,27158.7,1.458,36.4,30,8.7,17.4,24.1,1,0,0.988,49.95,1.38,19283.0
2026-04-24 09:00:00,IN-DC-066,Ahmedabad,18868.7,7712.4,951.0,147.5,27679.6,1.467,37.8,20,9.1,17.6,25.2,1,0,0.968,50.01,1.38,19652.0
2026-04-24 10:00:00,IN-DC-066,Ahmedabad,18587.9,7737.6,940.3,169.8,27435.6,1.476,39.2,17,8.8,17.7,23.7,1,0,0.967,49.99,1.47,19479.0
2026-04-24 11:00:00,IN-DC-066,Ahmedabad,18915.0,8342.3,952.8,177.1,28387.1,1.501,42.5,12,9.4,18.4,24.7,1,0,0.972,49.99,1.59,20155.0
2026-04-24 12:00:00,IN-DC-066,Ahmedabad,18864.8,8269.3,950.9,170.3,28255.2,1.498,42.6,17,9.0,17.9,24.9,1,0,0.979,50.05,1.69,20061.0
2026-04-24 13:00:00,IN-DC-066,Ahmedabad,18915.0,8544.9,952.8,145.0,28557.7,1.51,44.1,14,9.0,17.9,25.6,1,0,0.97,49.97,1.69,20276.0
2026-04-24 14:00:00,IN-DC-066,Ahmedabad,18915.0,8626.2,952.8,169.8,28663.8,1.515,44.1,13,8.9,17.4,24.9,1,0,0.971,49.97,1.78,20351.0
2026-04-24 15:00:00,IN-DC-066,Ahmedabad,18915.0,8562.8,952.8,133.7,28564.3,1.51,44.4,16,9.3,18.1,24.9,1,0,0.984,49.92,1.77,20281.0
2026-04-24 16:00:00,IN-DC-066,Ahmedabad,18915.0,8590.0,952.8,138.3,28596.1,1.512,44.9,12,9.0,17.7,26.0,1,0,0.963,50.03,1.86,20303.0
2026-04-24 17:00:00,IN-DC-066,Ahmedabad,18915.0,8611.7,952.8,158.0,28637.5,1.514,44.5,26,9.0,17.4,24.9,1,0,0.968,50.09,1.62,20333.0
2026-04-24 18:00:00,IN-DC-066,Ahmedabad,18915.0,8440.8,952.8,181.9,28490.4,1.506,42.1,12,8.8,17.6,25.0,1,0,0.971,50.01,1.58,20228.0
2026-04-24 19:00:00,IN-DC-066,Ahmedabad,18915.0,8248.6,952.8,131.0,28247.3,1.493,41.3,16,8.9,17.8,24.9,1,0,0.973,49.94,1.61,20056.0
2026-04-24 20:00:00,IN-DC-066,Ahmedabad,18915.0,7709.8,952.8,149.4,27727.0,1.466,38.7,28,8.7,17.3,24.4,1,0,0.987,49.94,1.35,19686.0
2026-04-24 21:00:00,IN-DC-066,Ahmedabad,18915.0,7647.8,952.8,145.6,27661.1,1.462,37.8,18,8.8,17.6,24.3,1,0,0.97,49.98,1.27,19639.0
2026-04-24 22:00:00,IN-DC-066,Ahmedabad,18915.0,7193.3,952.8,177.2,27238.3,1.44,35.9,21,9.1,17.9,24.5,1,0,0.97,50.03,1.27,19339.0
2026-04-24 23:00:00,IN-DC-066,Ahmedabad,18915.0,7207.7,952.8,162.6,27238.1,1.44,34.5,36,9.0,17.9,23.6,1,0,0.989,50.0,1.28,19339.0
2026-04-25 00:00:00,IN-DC-066,Ahmedabad,18915.0,7005.5,952.8,172.2,27045.5,1.43,32.1,31,8.7,17.6,23.8,1,0,0.968,49.95,1.14,19202.0
2026-04-25 01:00:00,IN-DC-066,Ahmedabad,18915.0,6710.5,952.8,146.5,26724.8,1.413,31.4,31,8.5,17.1,24.5,1,0,0.974,49.99,0.99,18975.0
2026-04-25 02:00:00,IN-DC-066,Ahmedabad,18915.0,6580.1,952.8,134.5,26582.3,1.405,30.5,35,8.2,17.0,23.9,1,0,0.958,50.06,1.03,18873.0
2026-04-25 03:00:00,IN-DC-066,Ahmedabad,18915.0,6583.0,952.8,163.2,26614.0,1.407,30.1,36,8.5,17.1,24.1,1,0,0.967,49.92,1.04,18896.0
2026-04-25 04:00:00,IN-DC-066,Ahmedabad,18820.7,6557.5,949.2,151.2,26478.6,1.407,29.6,41,8.3,16.9,23.9,1,0,0.976,50.0,0.95,18800.0
2026-04-25 05:00:00,IN-DC-066,Ahmedabad,18829.7,6659.2,949.5,111.8,26550.2,1.41,30.6,35,8.6,17.2,24.8,1,0,0.966,49.96,1.07,18851.0
2026-04-25 06:00:00,IN-DC-066,Ahmedabad,18804.6,6924.8,948.6,155.2,26833.1,1.427,32.7,32,8.7,17.5,24.5,1,0,0.979,50.07,1.07,19052.0
2026-04-25 07:00:00,IN-DC-066,Ahmedabad,18711.6,6994.8,945.0,168.8,26820.3,1.433,33.6,38,8.7,17.3,24.6,1,0,0.973,49.99,1.16,19042.0
2026-04-25 08:00:00,IN-DC-066,Ahmedabad,18587.4,7144.1,940.3,169.6,26841.4,1.444,34.6,28,8.7,17.2,24.0,1,0,0.973,50.0,1.19,19057.0
2026-04-25 09:00:00,IN-DC-066,Ahmedabad,18774.1,7646.6,947.4,161.3,27529.4,1.466,37.3,27,8.9,17.5,24.5,1,0,0.979,50.06,1.37,19546.0
2026-04-25 10:00:00,IN-DC-066,Ahmedabad,18668.0,7721.8,943.4,116.5,27449.6,1.47,39.7,14,8.6,17.4,24.8,1,0,0.987,50.03,1.46,19489.0
2026-04-25 11:00:00,IN-DC-066,Ahmedabad,18744.5,8155.8,946.3,162.1,28008.6,1.494,42.0,16,8.8,17.7,25.0,1,0,0.976,50.08,1.5,19886.0
2026-04-25 12:00:00,IN-DC-066,Ahmedabad,18661.6,8319.8,943.1,158.3,28082.9,1.505,43.0,16,9.2,18.0,25.3,1,0,0.973,49.99,1.62,19939.0
2026-04-25 13:00:00,IN-DC-066,Ahmedabad,18915.0,8526.8,952.8,148.2,28542.8,1.509,43.5,16,8.9,17.8,24.7,1,0,0.962,50.02,1.59,20265.0
2026-04-25 14:00:00,IN-DC-066,Ahmedabad,18915.0,8555.5,952.8,152.5,28575.8,1.511,44.6,18,9.0,17.7,25.3,1,0,0.963,50.02,1.84,20289.0
2026-04-25 15:00:00,IN-DC-066,Ahmedabad,18915.0,8623.4,952.8,130.2,28621.3,1.513,45.1,15,9.4,18.3,24.8,1,0,0.974,50.03,1.78,20321.0
2026-04-25 16:00:00,IN-DC-066,Ahmedabad,18915.0,8344.8,952.8,120.8,28333.4,1.498,42.9,12,9.3,18.1,24.8,1,0,0.982,49.86,1.58,20117.0
2026-04-25 17:00:00,IN-DC-066,Ahmedabad,18915.0,8489.3,952.8,164.7,28521.8,1.508,43.9,17,9.2,17.7,25.0,1,0,0.983,50.0,1.65,20251.0
2026-04-25 18:00:00,IN-DC-066,Ahmedabad,18915.0,8438.9,952.8,153.6,28460.2,1.505,43.5,20,9.2,18.1,24.3,1,0,0.976,50.13,1.72,20207.0
2026-04-25 19:00:00,IN-DC-066,Ahmedabad,18915.0,8049.8,952.8,168.9,28086.4,1.485,40.5,24,8.7,17.3,24.5,1,0,0.958,49.99,1.58,19941.0
2026-04-25 20:00:00,IN-DC-066,Ahmedabad,18915.0,7724.2,952.8,150.5,27742.5,1.467,39.1,22,9.1,17.7,24.7,1,0,0.968,50.03,1.65,19697.0
2026-04-25 21:00:00,IN-DC-066,Ahmedabad,18915.0,7679.0,952.8,145.1,27691.9,1.464,37.3,33,8.6,17.4,23.9,1,0,0.974,49.98,1.31,19661.0
2026-04-25 22:00:00,IN-DC-066,Ahmedabad,18915.0,7382.7,952.8,166.1,27416.6,1.449,35.9,34,8.7,17.6,23.5,1,0,0.977,50.0,1.41,19466.0
2026-04-25 23:00:00,IN-DC-066,Ahmedabad,18915.0,7166.0,952.8,157.8,27191.5,1.438,34.4,32,8.7,17.6,24.5,1,0,0.953,50.04,1.13,19306.0
2026-04-26 00:00:00,IN-DC-066,Ahmedabad,18915.0,6782.6,952.8,181.3,26831.7,1.419,32.5,35,8.5,17.2,24.4,1,0,0.981,49.98,1.09,19050.0
2026-04-26 01:00:00,IN-DC-066,Ahmedabad,18915.0,6639.2,952.8,191.8,26698.8,1.412,30.7,37,8.5,17.1,24.6,1,0,0.983,49.9,1.12,18956.0
2026-04-26 02:00:00,IN-DC-066,Ahmedabad,18915.0,6610.4,952.8,190.8,26669.0,1.41,30.4,36,8.5,17.0,23.9,1,0,0.973,50.11,1.0,18935.0
2026-04-26 03:00:00,IN-DC-066,Ahmedabad,18915.0,6380.7,952.8,142.9,26391.3,1.395,29.9,41,8.6,17.7,23.9,1,0,0.959,50.05,1.06,18738.0
2026-04-26 04:00:00,IN-DC-066,Ahmedabad,18915.0,6480.3,952.8,147.8,26495.9,1.401,29.3,39,8.5,17.0,24.0,1,0,0.966,50.01,0.96,18812.0
2026-04-26 05:00:00,IN-DC-066,Ahmedabad,18908.8,6627.1,952.5,119.2,26607.6,1.407,30.5,40,8.3,17.1,24.1,1,0,0.978,49.93,1.14,18891.0
2026-04-26 06:00:00,IN-DC-066,Ahmedabad,18915.0,6737.5,952.8,181.3,26786.6,1.416,32.2,31,8.7,17.6,23.7,1,0,0.981,49.95,1.18,19018.0
2026-04-26 07:00:00,IN-DC-066,Ahmedabad,18915.0,7197.0,952.8,166.5,27231.3,1.44,33.5,35,8.9,17.6,24.4,1,0,0.965,49.99,1.2,19334.0
2026-04-26 08:00:00,IN-DC-066,Ahmedabad,18818.3,7463.1,949.1,176.5,27407.0,1.456,36.1,25,8.5,17.4,24.6,1,0,0.971,50.01,1.25,19459.0
2026-04-26 09:00:00,IN-DC-066,Ahmedabad,18661.2,7348.0,943.1,160.8,27113.1,1.453,36.6,24,8.5,17.1,24.4,1,0,0.97,50.0,1.34,19250.0
2026-04-26 10:00:00,IN-DC-066,Ahmedabad,18915.0,7936.9,952.8,198.1,28002.7,1.48,39.1,27,8.8,17.3,25.0,1,0,0.982,49.98,1.45,19882.0
2026-04-26 11:00:00,IN-DC-066,Ahmedabad,18915.0,8217.1,952.8,157.7,28242.5,1.493,41.4,18,8.8,17.5,24.5,1,0,0.972,49.99,1.5,20052.0
2026-04-26 12:00:00,IN-DC-066,Ahmedabad,18915.0,8369.2,952.8,188.8,28425.7,1.503,43.4,19,9.1,17.7,25.1,1,0,0.98,50.07,1.77,20182.0
2026-04-26 13:00:00,IN-DC-066,Ahmedabad,18915.0,8732.8,952.8,137.8,28738.4,1.519,44.7,12,9.3,18.2,24.4,1,0,0.976,49.98,1.75,20404.0
2026-04-26 14:00:00,IN-DC-066,Ahmedabad,18915.0,8697.2,952.8,168.5,28733.5,1.519,45.5,12,9.3,18.0,24.8,1,0,0.989,50.03,1.86,20401.0
2026-04-26 15:00:00,IN-DC-066,Ahmedabad,18915.0,8578.4,952.8,137.3,28583.5,1.511,44.8,14,9.2,18.1,25.2,1,0,0.971,50.0,1.72,20294.0
2026-04-26 16:00:00,IN-DC-066,Ahmedabad,18915.0,8696.6,952.8,157.7,28722.1,1.518,45.0,17,9.2,17.8,25.0,1,0,0.964,49.99,1.83,20393.0
2026-04-26 17:00:00,IN-DC-066,Ahmedabad,18915.0,8580.6,952.8,154.9,28603.2,1.512,44.8,14,9.3,18.2,24.8,1,0,0.955,49.91,1.77,20308.0
2026-04-26 18:00:00,IN-DC-066,Ahmedabad,18915.0,8212.0,952.8,148.0,28227.8,1.492,42.6,16,9.1,17.8,24.8,1,0,0.967,50.02,1.68,20042.0
2026-04-26 19:00:00,IN-DC-066,Ahmedabad,18915.0,8236.6,952.8,176.7,28281.1,1.495,41.0,22,8.8,17.8,24.4,1,0,0.98,49.98,1.52,20080.0
2026-04-26 20:00:00,IN-DC-066,Ahmedabad,18915.0,8047.0,952.8,184.2,28099.0,1.486,39.6,23,8.9,17.7,24.5,1,0,0.974,49.97,1.5,19950.0
2026-04-26 21:00:00,IN-DC-066,Ahmedabad,18915.0,7685.8,952.8,175.9,27729.5,1.466,38.3,24,9.1,17.8,24.2,1,0,0.977,50.0,1.43,19688.0
2026-04-26 22:00:00,IN-DC-066,Ahmedabad,18915.0,7088.9,952.8,188.2,27144.8,1.435,35.4,25,8.3,17.2,24.2,1,0,0.97,49.99,1.15,19273.0
2026-04-26 23:00:00,IN-DC-066,Ahmedabad,18915.0,7250.8,952.8,123.8,27242.3,1.44,34.3,33,8.2,16.9,23.4,1,0,0.963,49.93,1.18,19342.0
2026-04-27 00:00:00,IN-DC-066,Ahmedabad,18915.0,6846.3,952.8,108.4,26822.5,1.418,31.4,36,8.7,17.5,24.3,1,0,0.981,49.88,1.06,19044.0
2026-04-27 01:00:00,IN-DC-066,Ahmedabad,18915.0,6710.8,952.8,143.3,26721.9,1.413,31.0,37,8.5,17.6,23.9,1,0,0.977,50.03,1.21,18973.0
2026-04-27 02:00:00,IN-DC-066,Ahmedabad,18915.0,6655.7,952.8,147.1,26670.6,1.41,30.2,40,8.5,17.3,23.8,1,0,0.978,50.01,0.99,18936.0
2026-04-27 03:00:00,IN-DC-066,Ahmedabad,18915.0,6720.4,952.8,149.5,26737.6,1.414,30.8,30,8.6,17.0,24.7,1,0,0.963,50.0,0.96,18984.0
2026-04-27 04:00:00,IN-DC-066,Ahmedabad,18915.0,6702.8,952.8,145.2,26715.8,1.412,31.2,35,8.6,17.7,24.6,1,0,0.989,50.05,1.17,18968.0
2026-04-27 05:00:00,IN-DC-066,Ahmedabad,18915.0,6622.8,952.8,159.5,26650.1,1.409,30.7,43,8.6,17.3,23.9,1,0,0.976,50.01,1.11,18922.0
2026-04-27 06:00:00,IN-DC-066,Ahmedabad,18915.0,7025.1,952.8,119.3,27012.2,1.428,32.4,34,8.7,17.4,24.2,1,0,0.971,49.93,1.15,19179.0
2026-04-27 07:00:00,IN-DC-066,Ahmedabad,18915.0,7062.7,952.8,116.7,27047.2,1.43,33.5,36,8.5,17.0,23.6,1,0,0.981,49.99,1.28,19204.0
2026-04-27 08:00:00,IN-DC-066,Ahmedabad,18915.0,7271.8,952.8,160.6,27300.1,1.443,34.9,27,9.0,18.1,23.6,1,0,0.983,50.11,1.22,19383.0
2026-04-27 09:00:00,IN-DC-066,Ahmedabad,18915.0,7699.7,952.8,135.8,27703.2,1.465,37.3,30,8.7,17.4,24.0,1,0,0.971,50.03,1.25,19669.0
2026-04-27 10:00:00,IN-DC-066,Ahmedabad,18915.0,8063.1,952.8,137.6,28068.4,1.484,40.0,27,8.7,17.4,23.8,1,0,0.976,50.07,1.59,19929.0
2026-04-27 11:00:00,IN-DC-066,Ahmedabad,18915.0,7945.5,952.8,177.4,27990.7,1.48,41.1,21,9.1,18.0,24.6,1,0,0.971,49.92,1.68,19873.0
2026-04-27 12:00:00,IN-DC-066,Ahmedabad,18915.0,8255.0,952.8,128.4,28251.2,1.494,42.8,19,9.0,18.0,25.4,1,0,0.979,50.05,1.5,20058.0
2026-04-27 13:00:00,IN-DC-066,Ahmedabad,18915.0,8472.6,952.8,153.3,28493.6,1.506,43.6,12,9.1,17.9,24.9,1,0,0.982,49.99,1.65,20230.0
2026-04-27 14:00:00,IN-DC-066,Ahmedabad,18915.0,8718.0,952.8,163.5,28749.2,1.52,45.3,12,9.0,18.0,25.0,1,0,0.99,50.0,1.82,20412.0
2026-04-27 15:00:00,IN-DC-066,Ahmedabad,18915.0,8695.7,952.8,155.4,28718.9,1.518,44.8,15,9.0,17.9,25.5,1,0,0.975,50.0,1.66,20390.0
2026-04-27 16:00:00,IN-DC-066,Ahmedabad,18915.0,8732.2,952.8,130.5,28730.4,1.519,45.7,15,9.0,17.5,25.3,1,0,0.977,50.11,1.82,20399.0
2026-04-27 17:00:00,IN-DC-066,Ahmedabad,18915.0,8559.9,952.8,150.5,28578.1,1.511,44.8,13,9.3,18.1,25.1,1,0,0.958,49.97,1.59,20290.0
2026-04-27 18:00:00,IN-DC-066,Ahmedabad,18915.0,8458.2,952.8,171.0,28497.0,1.507,43.6,15,8.9,18.0,24.7,1,0,0.964,49.98,1.62,20233.0
2026-04-27 19:00:00,IN-DC-066,Ahmedabad,18915.0,8061.1,952.8,131.1,28060.0,1.483,40.8,20,9.0,17.6,24.7,1,0,0.974,50.08,1.47,19923.0
2026-04-27 20:00:00,IN-DC-066,Ahmedabad,18915.0,7742.1,952.8,175.0,27784.9,1.469,39.1,22,9.0,17.7,24.7,1,0,0.991,50.01,1.35,19727.0
2026-04-27 21:00:00,IN-DC-066,Ahmedabad,18915.0,7555.7,952.8,161.5,27584.9,1.458,37.2,15,8.9,17.7,24.4,1,0,0.963,50.05,1.28,19585.0
2026-04-27 22:00:00,IN-DC-066,Ahmedabad,18915.0,7268.5,952.8,193.7,27329.9,1.445,35.5,26,8.3,17.2,24.3,1,0,0.972,49.96,1.26,19404.0
2026-04-27 23:00:00,IN-DC-066,Ahmedabad,18915.0,7156.0,952.8,135.7,27159.5,1.436,33.6,32,8.8,17.3,23.7,1,0,0.962,50.02,1.28,19283.0
2026-04-28 00:00:00,IN-DC-066,Ahmedabad,18915.0,6706.4,952.8,156.4,26730.5,1.413,31.6,30,8.4,17.0,24.2,1,0,0.976,49.97,1.08,18979.0
2026-04-28 01:00:00,IN-DC-066,Ahmedabad,18915.0,6476.0,952.8,192.1,26535.9,1.403,31.1,36,8.5,17.5,24.7,1,0,0.984,50.02,1.26,18840.0
2026-04-28 02:00:00,IN-DC-066,Ahmedabad,18915.0,6666.0,952.8,94.9,26628.7,1.408,30.7,32,8.5,17.3,23.3,1,0,0.977,49.98,1.11,18906.0
2026-04-28 03:00:00,IN-DC-066,Ahmedabad,18915.0,6643.2,952.8,152.4,26663.4,1.41,30.2,38,8.5,17.3,24.6,1,0,0.975,49.92,1.02,18931.0
2026-04-28 04:00:00,IN-DC-066,Ahmedabad,18915.0,6575.7,952.8,115.7,26559.1,1.404,30.0,35,8.1,16.7,23.3,1,0,0.979,50.04,0.85,18857.0
2026-04-28 05:00:00,IN-DC-066,Ahmedabad,18915.0,6731.0,952.8,164.3,26763.0,1.415,31.4,39,8.3,17.0,24.2,1,0,0.981,49.99,1.09,19002.0
2026-04-28 06:00:00,IN-DC-066,Ahmedabad,18915.0,6743.4,952.8,142.5,26753.6,1.414,31.9,39,8.3,17.2,24.1,1,0,0.979,49.97,1.14,18995.0
2026-04-28 07:00:00,IN-DC-066,Ahmedabad,18915.0,6963.3,952.8,155.5,26986.7,1.427,33.5,33,8.9,17.8,24.0,1,0,0.984,50.01,1.15,19161.0
2026-04-28 08:00:00,IN-DC-066,Ahmedabad,18915.0,7325.1,952.8,138.4,27331.3,1.445,35.5,29,8.8,17.5,24.6,1,0,0.978,50.04,1.37,19405.0
2026-04-28 09:00:00,IN-DC-066,Ahmedabad,18915.0,7681.2,952.8,159.4,27708.4,1.465,38.0,20,8.5,17.3,24.5,1,0,0.991,50.01,1.33,19673.0
2026-04-28 10:00:00,IN-DC-066,Ahmedabad,18915.0,8019.4,952.8,172.5,28059.7,1.483,40.0,25,8.8,17.5,25.0,1,0,0.984,50.0,1.5,19922.0
2026-04-28 11:00:00,IN-DC-066,Ahmedabad,18915.0,7973.3,952.8,172.8,28013.8,1.481,41.5,25,8.7,17.7,25.0,1,0,0.985,50.01,1.58,19890.0
2026-04-28 12:00:00,IN-DC-066,Ahmedabad,18915.0,8429.8,952.8,158.7,28456.3,1.504,42.5,21,9.0,17.7,24.9,1,0,0.976,50.06,1.67,20204.0
2026-04-28 13:00:00,IN-DC-066,Ahmedabad,18915.0,8591.9,952.8,157.4,28617.1,1.513,44.5,22,9.1,17.6,24.5,1,0,0.963,49.93,1.77,20318.0
2026-04-28 14:00:00,IN-DC-066,Ahmedabad,18915.0,8602.5,952.8,156.0,28626.2,1.513,44.5,23,9.1,17.9,25.3,1,0,0.972,49.95,1.67,20325.0
2026-04-28 15:00:00,IN-DC-066,Ahmedabad,18915.0,8670.8,952.8,159.8,28698.4,1.517,45.7,13,8.6,17.2,25.2,1,0,0.975,49.85,1.76,20376.0
2026-04-28 16:00:00,IN-DC-066,Ahmedabad,18915.0,8677.2,952.8,141.1,28686.0,1.517,44.6,12,8.7,17.3,24.9,1,0,0.984,50.0,1.7,20367.0
2026-04-28 17:00:00,IN-DC-066,Ahmedabad,18915.0,8746.4,952.8,150.7,28764.8,1.521,45.1,18,9.4,18.2,26.6,1,0,0.97,49.98,1.64,20423.0
2026-04-28 18:00:00,IN-DC-066,Ahmedabad,18915.0,8445.9,952.8,174.5,28488.1,1.506,43.1,17,9.0,17.7,25.4,1,0,0.969,49.93,1.57,20227.0
2026-04-28 19:00:00,IN-DC-066,Ahmedabad,18915.0,8116.2,952.8,167.9,28151.9,1.488,41.4,18,8.7,17.5,25.7,1,0,0.975,49.95,1.6,19988.0
2026-04-28 20:00:00,IN-DC-066,Ahmedabad,18915.0,7766.9,952.8,170.1,27804.8,1.47,39.2,23,9.0,17.7,25.1,1,0,0.962,50.08,1.45,19741.0
2026-04-28 21:00:00,IN-DC-066,Ahmedabad,18915.0,7620.8,952.8,179.4,27668.0,1.463,36.9,22,8.9,17.5,24.6,1,0,0.987,50.03,1.19,19644.0
2026-04-28 22:00:00,IN-DC-066,Ahmedabad,18915.0,7407.7,952.8,151.7,27427.2,1.45,35.9,24,9.0,17.6,24.1,1,0,0.971,49.92,1.23,19473.0
2026-04-28 23:00:00,IN-DC-066,Ahmedabad,18915.0,6958.9,952.8,132.7,26959.5,1.425,33.6,35,8.6,17.2,23.9,1,0,0.971,49.95,1.16,19141.0
2026-04-29 00:00:00,IN-DC-066,Ahmedabad,18915.0,6823.4,952.8,163.5,26854.7,1.42,32.1,36,8.6,17.2,24.1,1,0,0.98,49.96,1.19,19067.0
2026-04-29 01:00:00,IN-DC-066,Ahmedabad,18915.0,6769.9,952.8,163.4,26801.0,1.417,31.1,40,8.4,17.4,24.8,1,0,0.98,50.05,1.16,19029.0
2026-04-29 02:00:00,IN-DC-066,Ahmedabad,18915.0,6522.9,952.8,140.9,26531.6,1.403,30.8,37,8.5,17.3,24.1,1,0,0.974,50.0,1.02,18837.0
2026-04-29 03:00:00,IN-DC-066,Ahmedabad,18915.0,6464.9,952.8,114.7,26447.4,1.398,29.7,39,8.7,17.8,23.5,1,0,0.973,50.03,0.95,18778.0
2026-04-29 04:00:00,IN-DC-066,Ahmedabad,18915.0,6528.3,952.8,133.8,26529.9,1.403,29.7,32,8.6,17.5,24.4,1,0,0.973,50.05,0.88,18836.0
2026-04-29 05:00:00,IN-DC-066,Ahmedabad,18915.0,6711.3,952.8,170.3,26749.3,1.414,31.0,31,8.6,17.2,24.0,1,0,0.96,50.01,1.06,18992.0
2026-04-29 06:00:00,IN-DC-066,Ahmedabad,18915.0,6927.7,952.8,156.2,26951.7,1.425,32.5,26,8.4,17.3,23.6,1,0,0.976,49.97,1.12,19136.0
2026-04-29 07:00:00,IN-DC-066,Ahmedabad,18915.0,7109.3,952.8,154.8,27131.9,1.434,34.2,35,8.3,17.3,23.3,1,0,0.971,50.0,1.27,19264.0
2026-04-29 08:00:00,IN-DC-066,Ahmedabad,18915.0,7201.4,952.8,119.3,27188.5,1.437,35.1,25,9.0,17.7,23.8,1,0,0.97,50.02,1.18,19304.0
2026-04-29 09:00:00,IN-DC-066,Ahmedabad,18915.0,7515.1,952.8,133.5,27516.4,1.455,37.7,21,8.5,16.9,24.6,1,0,0.974,49.97,1.46,19537.0
2026-04-29 10:00:00,IN-DC-066,Ahmedabad,18915.0,7851.5,952.8,125.5,27844.8,1.472,39.8,20,8.6,17.4,24.2,1,0,0.976,50.0,1.7,19770.0
2026-04-29 11:00:00,IN-DC-066,Ahmedabad,18915.0,8102.0,952.8,140.3,28110.1,1.486,41.7,17,8.8,17.5,24.3,1,0,0.972,50.07,1.53,19958.0
2026-04-29 12:00:00,IN-DC-066,Ahmedabad,18915.0,8188.0,952.8,131.2,28186.9,1.49,42.1,12,8.6,17.5,24.9,1,0,0.968,49.98,1.49,20013.0
2026-04-29 13:00:00,IN-DC-066,Ahmedabad,18915.0,8528.4,952.8,160.5,28556.6,1.51,43.6,12,9.2,17.9,24.9,1,0,0.97,50.0,1.67,20275.0
2026-04-29 14:00:00,IN-DC-066,Ahmedabad,18915.0,8627.6,952.8,141.9,28637.3,1.514,44.7,13,9.0,17.9,24.3,1,0,0.977,50.04,1.68,20332.0
2026-04-29 15:00:00,IN-DC-066,Ahmedabad,18915.0,8772.1,952.8,128.9,28768.8,1.521,44.9,12,9.2,18.2,25.7,1,0,0.971,50.01,1.76,20426.0
2026-04-29 16:00:00,IN-DC-066,Ahmedabad,18915.0,8569.5,952.8,167.1,28604.4,1.512,44.6,13,9.2,17.9,25.2,1,0,0.969,50.06,1.84,20309.0
2026-04-29 17:00:00,IN-DC-066,Ahmedabad,18915.0,8572.1,952.8,137.4,28577.2,1.511,43.7,19,9.1,17.6,25.7,1,0,0.979,50.03,1.68,20290.0
2026-04-29 18:00:00,IN-DC-066,Ahmedabad,18915.0,8418.9,952.8,156.9,28443.5,1.504,43.3,12,9.2,17.8,25.1,1,0,0.985,50.05,1.62,20195.0
2026-04-29 19:00:00,IN-DC-066,Ahmedabad,18915.0,8052.1,952.8,114.6,28034.5,1.482,40.4,23,9.0,17.7,24.3,1,0,0.965,50.03,1.55,19904.0
2026-04-29 20:00:00,IN-DC-066,Ahmedabad,18915.0,7823.9,952.8,102.3,27794.0,1.469,38.8,25,8.7,17.8,24.4,1,0,0.974,50.01,1.45,19734.0
2026-04-29 21:00:00,IN-DC-066,Ahmedabad,18915.0,7550.5,952.8,197.3,27615.6,1.46,37.1,34,8.8,17.4,25.0,1,0,0.981,49.96,1.52,19607.0
2026-04-29 22:00:00,IN-DC-066,Ahmedabad,18915.0,7231.5,952.8,147.8,27247.0,1.44,35.0,35,8.7,17.6,23.9,1,0,0.979,50.05,1.13,19345.0
2026-04-29 23:00:00,IN-DC-066,Ahmedabad,18915.0,7122.0,952.8,141.9,27131.7,1.434,34.2,29,8.5,17.1,23.9,1,0,0.97,49.97,1.09,19263.0
2026-04-30 00:00:00,IN-DC-066,Ahmedabad,18915.0,6881.5,952.8,124.7,26874.1,1.421,32.2,31,8.2,16.9,23.8,1,0,0.967,50.0,1.26,19081.0
2026-04-30 01:00:00,IN-DC-066,Ahmedabad,18915.0,6833.7,952.8,142.1,26843.5,1.419,32.0,31,8.8,17.7,23.9,1,0,0.964,50.11,1.21,19059.0
2026-04-30 02:00:00,IN-DC-066,Ahmedabad,18915.0,6596.3,952.8,166.7,26630.7,1.408,29.8,34,8.7,17.6,24.7,1,0,0.98,49.96,0.91,18908.0
2026-04-30 03:00:00,IN-DC-066,Ahmedabad,18915.0,6543.5,952.8,102.9,26514.2,1.402,28.9,38,8.7,17.4,23.7,1,0,0.982,50.02,0.85,18825.0
2026-04-30 04:00:00,IN-DC-066,Ahmedabad,18915.0,6459.3,952.8,155.9,26483.0,1.4,30.2,36,8.6,17.4,24.2,1,0,0.993,50.1,1.05,18803.0
2026-04-30 05:00:00,IN-DC-066,Ahmedabad,18915.0,6736.5,952.8,169.5,26773.8,1.415,30.8,28,8.9,17.8,24.3,1,0,0.977,49.98,0.94,19009.0
2026-04-30 06:00:00,IN-DC-066,Ahmedabad,18915.0,6759.9,952.8,159.4,26787.1,1.416,31.8,30,8.9,17.4,23.7,1,0,0.983,50.03,1.09,19019.0
2026-04-30 07:00:00,IN-DC-066,Ahmedabad,18915.0,6855.9,952.8,179.8,26903.4,1.422,33.0,31,8.6,17.0,25.0,1,0,0.979,49.96,1.17,19101.0
2026-04-30 08:00:00,IN-DC-066,Ahmedabad,18915.0,7183.9,952.8,122.1,27173.8,1.437,34.7,31,8.7,17.8,24.1,1,0,0.975,50.03,1.16,19293.0
2026-04-30 09:00:00,IN-DC-066,Ahmedabad,18915.0,7633.7,952.8,169.0,27670.4,1.463,37.9,25,8.9,17.8,24.7,1,0,0.975,49.96,1.36,19646.0
2026-04-30 10:00:00,IN-DC-066,Ahmedabad,18915.0,7749.5,952.8,150.7,27768.0,1.468,39.5,29,9.0,17.9,24.8,1,0,0.975,49.99,1.41,19715.0
2026-04-30 11:00:00,IN-DC-066,Ahmedabad,18915.0,8198.6,952.8,180.7,28247.1,1.493,41.3,18,9.0,17.9,25.5,1,0,0.986,50.02,1.58,20055.0
2026-04-30 12:00:00,IN-DC-066,Ahmedabad,18915.0,8408.7,952.8,156.0,28432.4,1.503,42.9,17,9.1,18.0,24.1,1,0,0.961,49.97,1.66,20187.0
2026-04-30 13:00:00,IN-DC-066,Ahmedabad,18915.0,8557.4,952.8,166.2,28591.3,1.512,43.9,21,9.2,18.1,24.7,1,0,0.969,49.96,1.7,20300.0
2026-04-30 14:00:00,IN-DC-066,Ahmedabad,18915.0,8751.3,952.8,170.3,28789.4,1.522,44.7,17,9.2,18.0,25.5,1,0,0.974,50.08,1.66,20440.0
2026-04-30 15:00:00,IN-DC-066,Ahmedabad,18915.0,8486.0,952.8,130.2,28484.0,1.506,44.4,17,8.8,17.9,24.3,1,0,0.972,49.97,1.71,20224.0
2026-04-30 16:00:00,IN-DC-066,Ahmedabad,18915.0,8554.2,952.8,122.7,28544.7,1.509,45.0,18,9.1,17.5,24.9,1,0,0.974,49.99,1.87,20267.0
2026-04-30 17:00:00,IN-DC-066,Ahmedabad,18915.0,8526.9,952.8,159.6,28554.3,1.51,44.1,12,8.9,17.7,25.0,1,0,0.979,50.04,1.82,20274.0
2026-04-30 18:00:00,IN-DC-066,Ahmedabad,18915.0,8424.3,952.8,170.7,28462.8,1.505,42.8,16,9.2,17.7,25.1,1,0,0.965,50.01,1.64,20209.0
2026-04-30 19:00:00,IN-DC-066,Ahmedabad,18915.0,8095.5,952.8,161.3,28124.6,1.487,40.9,18,9.1,17.9,25.3,1,0,0.967,49.99,1.61,19968.0
2026-04-30 20:00:00,IN-DC-066,Ahmedabad,18915.0,7815.8,952.8,138.5,27822.1,1.471,38.9,24,8.8,17.6,24.8,1,0,0.971,49.98,1.41,19754.0
2026-04-30 21:00:00,IN-DC-066,Ahmedabad,18915.0,7519.1,952.8,153.0,27539.9,1.456,37.4,22,8.8,17.9,24.0,1,0,0.967,49.94,1.42,19553.0
2026-04-30 22:00:00,IN-DC-066,Ahmedabad,18915.0,7389.8,952.8,180.9,27438.5,1.451,35.1,28,8.7,17.5,23.8,1,0,0.981,50.01,1.23,19481.0
2026-04-30 23:00:00,IN-DC-066,Ahmedabad,18915.0,7090.3,952.8,108.5,27066.5,1.431,33.5,26,9.0,18.1,24.3,1,0,0.974,50.05,1.21,19217.0
2026-04-01 00:00:00,IN-DC-053,Greater Noida,6942.6,2490.9,386.2,92.8,9912.5,1.428,30.6,33,8.8,14.1,24.0,1,0,0.977,50.02,0.34,7038.0
2026-04-01 01:00:00,IN-DC-053,Greater Noida,6902.5,2407.3,384.7,92.3,9786.8,1.418,29.8,43,8.5,14.1,24.3,1,0,0.995,49.96,0.29,6949.0
2026-04-01 02:00:00,IN-DC-053,Greater Noida,6780.0,2300.6,380.0,83.6,9544.2,1.408,28.9,39,8.6,14.3,23.9,1,0,0.972,49.99,0.27,6776.0
2026-04-01 03:00:00,IN-DC-053,Greater Noida,6733.4,2268.6,378.3,80.9,9461.1,1.405,28.3,40,8.5,13.9,23.9,1,0,0.971,50.03,0.26,6717.0
2026-04-01 04:00:00,IN-DC-053,Greater Noida,6698.2,2278.4,376.9,82.1,9435.7,1.409,28.5,38,8.7,14.0,24.8,1,0,0.987,50.01,0.28,6699.0
2026-04-01 05:00:00,IN-DC-053,Greater Noida,6707.4,2455.0,377.3,76.6,9616.3,1.434,30.1,33,8.1,13.7,24.0,1,0,0.97,49.99,0.29,6828.0
2026-04-01 06:00:00,IN-DC-053,Greater Noida,6630.5,2385.2,374.4,75.9,9466.0,1.428,30.4,37,8.7,14.2,24.0,1,0,0.974,49.97,0.29,6721.0
2026-04-01 07:00:00,IN-DC-053,Greater Noida,6757.8,2591.1,379.2,66.0,9794.0,1.449,33.0,32,8.6,14.0,24.2,1,0,0.971,50.02,0.35,6954.0
2026-04-01 08:00:00,IN-DC-053,Greater Noida,6739.9,2667.9,378.5,86.8,9873.1,1.465,35.2,33,9.0,14.7,23.4,1,0,0.97,49.93,0.41,7010.0
2026-04-01 09:00:00,IN-DC-053,Greater Noida,6640.1,2759.5,374.7,59.8,9834.1,1.481,36.8,28,8.6,13.8,24.7,1,0,0.987,49.98,0.42,6982.0
2026-04-01 10:00:00,IN-DC-053,Greater Noida,6688.5,2880.9,376.6,101.3,10047.3,1.502,39.3,29,9.1,14.7,25.0,1,0,0.977,50.1,0.43,7134.0
2026-04-01 11:00:00,IN-DC-053,Greater Noida,6852.6,2959.6,382.8,81.4,10276.4,1.5,40.9,19,8.7,14.6,24.1,1,0,0.962,50.04,0.48,7296.0
2026-04-01 12:00:00,IN-DC-053,Greater Noida,6722.9,2997.0,377.9,67.0,10164.8,1.512,42.5,20,9.1,14.4,25.0,1,0,0.97,50.0,0.46,7217.0
2026-04-01 13:00:00,IN-DC-053,Greater Noida,6850.9,3144.9,382.7,89.5,10468.1,1.528,43.6,24,9.0,14.4,25.5,1,0,0.967,50.04,0.53,7432.0
2026-04-01 14:00:00,IN-DC-053,Greater Noida,7030.8,3279.9,389.6,61.7,10762.0,1.531,44.2,23,9.0,14.8,25.3,1,0,0.967,49.99,0.51,7641.0
2026-04-01 15:00:00,IN-DC-053,Greater Noida,7117.1,3276.7,392.8,62.7,10849.4,1.524,44.9,12,9.1,15.0,25.6,1,0,0.976,50.09,0.51,7703.0
2026-04-01 16:00:00,IN-DC-053,Greater Noida,7169.4,3268.8,394.8,67.1,10900.2,1.52,43.4,15,9.1,14.8,25.5,1,0,0.974,50.03,0.56,7739.0
2026-04-01 17:00:00,IN-DC-053,Greater Noida,7121.6,3270.8,393.0,80.2,10865.6,1.526,44.0,12,9.2,14.8,24.2,1,0,0.969,50.05,0.5,7715.0
2026-04-01 18:00:00,IN-DC-053,Greater Noida,7141.7,3213.4,393.8,83.7,10832.6,1.517,42.0,20,8.9,14.4,24.9,1,0,0.971,50.03,0.52,7691.0
2026-04-01 19:00:00,IN-DC-053,Greater Noida,7310.7,3239.7,400.2,82.5,11033.1,1.509,41.2,26,9.0,14.7,25.1,1,0,0.986,49.98,0.46,7834.0
2026-04-01 20:00:00,IN-DC-053,Greater Noida,7272.6,3045.5,398.8,87.4,10804.2,1.486,39.0,27,8.9,15.0,24.3,1,0,0.974,49.98,0.42,7671.0
2026-04-01 21:00:00,IN-DC-053,Greater Noida,7300.1,2927.2,399.8,72.7,10699.9,1.466,35.9,35,8.7,14.5,24.7,1,0,0.984,50.0,0.36,7597.0
2026-04-01 22:00:00,IN-DC-053,Greater Noida,7250.1,2852.9,397.9,91.0,10592.0,1.461,34.8,28,8.8,14.7,24.2,1,0,0.982,49.93,0.39,7520.0
2026-04-01 23:00:00,IN-DC-053,Greater Noida,7263.3,2728.7,398.4,92.1,10482.6,1.443,33.1,36,8.7,14.2,23.2,1,0,0.969,50.04,0.39,7443.0
2026-04-02 00:00:00,IN-DC-053,Greater Noida,7249.2,2670.5,397.9,77.6,10395.2,1.434,31.3,40,8.7,14.4,23.1,1,0,0.986,49.87,0.32,7381.0
2026-04-02 01:00:00,IN-DC-053,Greater Noida,7220.5,2480.7,396.8,90.7,10188.7,1.411,29.2,39,8.6,14.4,24.7,1,0,0.977,50.05,0.28,7234.0
2026-04-02 02:00:00,IN-DC-053,Greater Noida,7048.6,2403.6,390.2,70.0,9912.5,1.406,29.3,39,8.2,14.0,24.1,1,0,0.962,50.06,0.31,7038.0
2026-04-02 03:00:00,IN-DC-053,Greater Noida,7074.9,2469.8,391.2,90.2,10026.2,1.417,28.6,46,8.4,13.9,24.3,1,0,0.974,49.95,0.28,7119.0
2026-04-02 04:00:00,IN-DC-053,Greater Noida,6939.3,2412.4,386.1,93.4,9831.2,1.417,28.2,42,8.4,14.0,23.3,1,0,0.992,49.99,0.28,6980.0
2026-04-02 05:00:00,IN-DC-053,Greater Noida,7009.8,2434.4,388.8,90.8,9923.7,1.416,29.4,43,8.8,14.4,24.3,1,0,0.992,50.02,0.28,7046.0
2026-04-02 06:00:00,IN-DC-053,Greater Noida,6955.6,2618.2,386.7,60.3,10020.8,1.441,31.9,38,8.9,14.7,24.0,1,0,0.974,50.03,0.33,7115.0
2026-04-02 07:00:00,IN-DC-053,Greater Noida,6932.9,2603.1,385.9,85.0,10006.8,1.443,33.0,39,8.6,14.1,23.9,1,0,0.972,50.15,0.34,7105.0
2026-04-02 08:00:00,IN-DC-053,Greater Noida,6866.7,2610.0,383.3,75.5,9935.5,1.447,34.3,32,8.9,14.6,24.1,1,0,0.969,49.95,0.38,7054.0
2026-04-02 09:00:00,IN-DC-053,Greater Noida,6990.3,2835.2,388.0,86.1,10299.6,1.473,36.4,29,9.0,14.3,24.9,1,0,0.978,50.08,0.42,7313.0
2026-04-02 10:00:00,IN-DC-053,Greater Noida,6948.1,2916.3,386.4,85.5,10336.3,1.488,38.6,25,8.9,15.0,24.5,1,0,0.961,50.08,0.41,7339.0
2026-04-02 11:00:00,IN-DC-053,Greater Noida,6941.9,3022.4,386.2,74.9,10425.4,1.502,40.2,23,9.3,14.9,24.3,1,0,0.98,49.94,0.41,7402.0
2026-04-02 12:00:00,IN-DC-053,Greater Noida,7145.5,3166.1,393.9,81.3,10786.8,1.51,41.8,17,9.0,14.7,24.4,1,0,0.976,49.91,0.48,7659.0
2026-04-02 13:00:00,IN-DC-053,Greater Noida,7146.0,3265.8,393.9,86.0,10891.9,1.524,44.0,21,9.3,15.4,25.3,1,0,0.971,50.06,0.45,7733.0
2026-04-02 14:00:00,IN-DC-053,Greater Noida,7296.6,3392.2,399.7,74.0,11162.5,1.53,44.6,22,9.3,15.3,25.9,1,0,0.972,49.93,0.52,7925.0
2026-04-02 15:00:00,IN-DC-053,Greater Noida,7215.7,3331.6,396.6,71.7,11015.6,1.527,44.7,14,9.1,15.0,25.0,1,0,0.967,50.04,0.53,7821.0
2026-04-02 16:00:00,IN-DC-053,Greater Noida,7462.1,3454.9,406.0,86.9,11409.8,1.529,43.7,18,9.4,15.5,25.0,1,0,0.975,50.09,0.54,8101.0
2026-04-02 17:00:00,IN-DC-053,Greater Noida,7418.3,3371.7,404.3,79.2,11273.4,1.52,43.8,16,9.1,14.7,25.1,1,0,0.966,50.03,0.5,8004.0
2026-04-02 18:00:00,IN-DC-053,Greater Noida,7368.9,3310.8,402.4,83.5,11165.7,1.515,41.9,12,9.1,15.2,25.3,1,0,0.967,50.01,0.45,7928.0
2026-04-02 19:00:00,IN-DC-053,Greater Noida,7582.7,3280.5,410.5,82.6,11356.4,1.498,40.6,22,9.0,14.8,24.6,1,0,0.971,50.02,0.49,8063.0
2026-04-02 20:00:00,IN-DC-053,Greater Noida,7563.7,3168.6,409.8,82.9,11225.0,1.484,38.6,27,8.5,14.4,24.8,1,0,0.977,49.99,0.44,7970.0
2026-04-02 21:00:00,IN-DC-053,Greater Noida,7489.3,3085.4,407.0,77.3,11059.0,1.477,36.4,30,9.0,15.3,23.9,1,0,0.977,50.03,0.4,7852.0
2026-04-02 22:00:00,IN-DC-053,Greater Noida,7559.3,2881.4,409.7,84.3,10934.6,1.447,33.9,33,8.6,14.4,23.0,1,0,0.971,49.97,0.36,7764.0
2026-04-02 23:00:00,IN-DC-053,Greater Noida,7474.7,2874.4,406.4,87.8,10843.3,1.451,33.4,32,8.9,14.8,24.0,1,0,0.974,49.98,0.31,7699.0
2026-04-03 00:00:00,IN-DC-053,Greater Noida,7478.6,2663.1,406.6,82.3,10630.7,1.421,30.2,48,8.5,14.4,23.8,1,0,0.989,50.04,0.32,7548.0
2026-04-03 01:00:00,IN-DC-053,Greater Noida,7362.2,2554.1,402.2,73.2,10391.7,1.411,29.4,38,8.8,14.8,24.4,1,0,0.98,49.93,0.26,7378.0
2026-04-03 02:00:00,IN-DC-053,Greater Noida,7345.8,2499.0,401.5,83.2,10329.5,1.406,28.1,45,8.2,13.8,24.5,1,0,0.97,50.02,0.31,7334.0
2026-04-03 03:00:00,IN-DC-053,Greater Noida,7412.6,2620.2,404.1,83.9,10520.9,1.419,28.4,45,8.2,14.1,24.3,1,0,0.976,49.92,0.28,7470.0
2026-04-03 04:00:00,IN-DC-053,Greater Noida,7259.8,2548.1,398.3,78.9,10285.0,1.417,28.1,45,8.5,14.6,24.7,1,0,0.974,49.95,0.22,7302.0
2026-04-03 05:00:00,IN-DC-053,Greater Noida,7155.1,2479.9,394.3,68.1,10097.4,1.411,29.7,44,8.3,14.2,23.5,1,0,0.981,49.96,0.27,7169.0
2026-04-03 06:00:00,IN-DC-053,Greater Noida,7152.2,2575.0,394.2,88.4,10209.7,1.428,30.7,42,8.7,14.3,24.1,1,0,0.965,50.0,0.32,7249.0
2026-04-03 07:00:00,IN-DC-053,Greater Noida,7111.3,2801.4,392.6,83.2,10388.4,1.461,32.9,46,8.7,14.2,23.8,1,0,0.982,50.02,0.35,7376.0
2026-04-03 08:00:00,IN-DC-053,Greater Noida,7210.8,2843.9,396.4,81.2,10532.3,1.461,34.4,32,8.4,14.3,24.9,1,0,0.971,49.99,0.39,7478.0
2026-04-03 09:00:00,IN-DC-053,Greater Noida,7195.3,3006.3,395.8,64.9,10662.3,1.482,37.3,27,9.0,15.0,24.2,1,0,0.967,49.91,0.41,7570.0
2026-04-03 10:00:00,IN-DC-053,Greater Noida,7211.4,2998.6,396.4,96.5,10702.9,1.484,37.8,25,8.8,14.2,24.4,1,0,0.963,49.95,0.41,7599.0
2026-04-03 11:00:00,IN-DC-053,Greater Noida,7242.4,3132.3,397.6,77.2,10849.5,1.498,40.4,25,9.1,14.9,24.6,1,0,0.977,49.94,0.44,7703.0
2026-04-03 12:00:00,IN-DC-053,Greater Noida,7266.4,3203.7,398.5,82.9,10951.5,1.507,41.9,22,9.0,14.7,24.4,1,0,0.973,50.05,0.52,7776.0
2026-04-03 13:00:00,IN-DC-053,Greater Noida,7408.1,3382.0,403.9,65.7,11259.7,1.52,43.2,23,9.4,14.8,25.4,1,0,0.958,49.99,0.5,7994.0
2026-04-03 14:00:00,IN-DC-053,Greater Noida,7433.6,3446.8,404.9,72.5,11357.8,1.528,44.5,16,9.1,15.2,25.1,1,0,0.977,50.02,0.54,8064.0
2026-04-03 15:00:00,IN-DC-053,Greater Noida,7584.2,3429.9,410.6,74.3,11499.0,1.516,44.2,15,9.0,15.1,24.7,1,0,0.962,49.95,0.54,8164.0
2026-04-03 16:00:00,IN-DC-053,Greater Noida,7703.1,3559.7,415.1,66.4,11744.3,1.525,44.1,16,9.4,15.8,24.5,1,0,0.989,50.01,0.51,8338.0
2026-04-03 17:00:00,IN-DC-053,Greater Noida,7724.6,3566.1,415.9,73.1,11779.8,1.525,43.6,12,9.0,15.1,25.5,1,0,0.983,49.88,0.52,8364.0
2026-04-03 18:00:00,IN-DC-053,Greater Noida,7765.7,3436.3,417.5,87.4,11706.8,1.508,42.7,15,8.8,14.7,24.0,1,0,0.968,50.1,0.44,8312.0
2026-04-03 19:00:00,IN-DC-053,Greater Noida,7828.4,3364.7,419.9,73.8,11686.8,1.493,39.8,15,9.0,14.9,24.5,1,0,0.985,50.03,0.45,8298.0
2026-04-03 20:00:00,IN-DC-053,Greater Noida,7688.3,3186.2,414.6,84.4,11373.4,1.479,38.3,26,8.8,15.3,24.0,1,0,0.978,49.99,0.4,8075.0
2026-04-03 21:00:00,IN-DC-053,Greater Noida,7793.9,3087.6,418.6,74.6,11374.7,1.459,36.0,24,8.5,15.1,24.5,1,0,0.972,50.01,0.4,8076.0
2026-04-03 22:00:00,IN-DC-053,Greater Noida,7760.3,2998.3,417.3,67.7,11243.5,1.449,35.0,27,9.0,15.5,24.2,1,0,0.96,50.0,0.39,7983.0
2026-04-03 23:00:00,IN-DC-053,Greater Noida,7662.2,2936.0,413.6,97.2,11109.0,1.45,32.5,33,8.7,14.5,24.4,1,0,0.986,49.9,0.34,7887.0
2026-04-04 00:00:00,IN-DC-053,Greater Noida,7476.9,2642.0,406.5,82.7,10608.0,1.419,30.6,38,8.3,14.2,24.1,1,0,0.98,49.95,0.29,7532.0
2026-04-04 01:00:00,IN-DC-053,Greater Noida,7455.9,2643.2,405.7,68.3,10573.2,1.418,29.2,34,8.5,14.2,24.5,1,0,0.986,49.94,0.3,7507.0
2026-04-04 02:00:00,IN-DC-053,Greater Noida,7516.8,2566.6,408.0,73.4,10564.8,1.405,28.1,40,8.7,14.6,24.1,1,0,0.967,49.92,0.26,7501.0
2026-04-04 03:00:00,IN-DC-053,Greater Noida,7332.7,2454.1,401.0,77.6,10265.4,1.4,27.9,34,8.2,14.3,23.7,1,0,0.973,50.08,0.28,7288.0
2026-04-04 04:00:00,IN-DC-053,Greater Noida,7266.7,2496.8,398.5,81.3,10243.4,1.41,27.9,47,8.5,14.0,23.8,1,0,0.985,49.95,0.3,7273.0
2026-04-04 05:00:00,IN-DC-053,Greater Noida,7221.5,2509.0,396.8,79.7,10207.0,1.413,29.0,36,8.1,13.7,24.2,1,0,0.968,49.91,0.28,7247.0
2026-04-04 06:00:00,IN-DC-053,Greater Noida,7181.5,2538.5,395.3,62.6,10177.9,1.417,30.4,35,8.7,14.5,23.8,1,0,0.994,50.07,0.37,7226.0
2026-04-04 07:00:00,IN-DC-053,Greater Noida,7215.3,2670.9,396.6,83.4,10366.2,1.437,32.8,34,8.6,14.3,24.7,1,0,0.972,49.98,0.34,7360.0
2026-04-04 08:00:00,IN-DC-053,Greater Noida,7236.8,2810.1,397.4,75.8,10520.1,1.454,34.1,38,8.9,14.5,24.8,1,0,0.971,50.0,0.37,7469.0
2026-04-04 09:00:00,IN-DC-053,Greater Noida,7319.2,3001.6,400.5,95.0,10816.3,1.478,36.7,25,8.5,14.3,24.3,1,0,0.98,50.03,0.44,7680.0
2026-04-04 10:00:00,IN-DC-053,Greater Noida,7367.2,3140.6,402.4,69.7,10979.9,1.49,38.8,31,8.9,14.7,24.8,1,0,0.972,49.99,0.46,7796.0
2026-04-04 11:00:00,IN-DC-053,Greater Noida,7261.5,3195.7,398.3,80.5,10936.1,1.506,40.2,13,8.9,14.3,24.3,1,0,0.965,49.99,0.47,7765.0
2026-04-04 12:00:00,IN-DC-053,Greater Noida,7440.1,3351.6,405.1,87.0,11283.8,1.517,41.6,26,8.8,14.8,24.3,1,0,0.981,50.0,0.53,8012.0
2026-04-04 13:00:00,IN-DC-053,Greater Noida,7386.7,3465.7,403.1,82.9,11338.3,1.535,44.5,17,9.3,15.0,24.6,1,0,0.995,49.98,0.53,8050.0
2026-04-04 14:00:00,IN-DC-053,Greater Noida,7510.6,3473.3,407.8,83.5,11475.1,1.528,43.7,19,9.1,15.1,25.4,1,0,0.966,50.03,0.51,8147.0
2026-04-04 15:00:00,IN-DC-053,Greater Noida,7606.3,3399.2,411.4,91.9,11508.8,1.513,43.9,14,8.8,14.7,24.9,1,0,0.965,50.07,0.52,8171.0
2026-04-04 16:00:00,IN-DC-053,Greater Noida,7695.7,3540.1,414.8,81.3,11732.0,1.524,43.9,19,9.2,15.2,24.9,1,0,0.971,49.95,0.49,8330.0
2026-04-04 17:00:00,IN-DC-053,Greater Noida,7736.0,3450.1,416.4,86.0,11688.5,1.511,42.9,19,8.9,14.9,24.8,1,0,0.963,49.96,0.54,8299.0
2026-04-04 18:00:00,IN-DC-053,Greater Noida,7781.5,3383.2,418.1,79.6,11662.4,1.499,41.3,21,8.9,14.9,25.1,1,0,0.983,50.04,0.46,8280.0
2026-04-04 19:00:00,IN-DC-053,Greater Noida,7813.8,3353.4,419.3,84.7,11671.2,1.494,40.3,23,8.9,15.1,24.2,1,0,0.973,50.01,0.45,8287.0
2026-04-04 20:00:00,IN-DC-053,Greater Noida,7809.8,3254.4,419.2,84.7,11568.1,1.481,38.7,24,9.0,14.9,24.7,1,0,0.967,49.96,0.44,8213.0
2026-04-04 21:00:00,IN-DC-053,Greater Noida,7880.3,3063.0,421.9,79.2,11444.4,1.452,36.5,24,8.8,15.0,24.8,1,0,0.985,50.01,0.38,8125.0
2026-04-04 22:00:00,IN-DC-053,Greater Noida,7870.3,3040.8,421.5,95.5,11428.1,1.452,33.8,36,8.7,14.8,24.4,1,0,0.974,50.03,0.37,8114.0
2026-04-04 23:00:00,IN-DC-053,Greater Noida,7817.7,2859.8,419.5,87.6,11184.6,1.431,32.3,28,8.8,14.7,23.5,1,0,0.989,50.04,0.32,7941.0
2026-04-05 00:00:00,IN-DC-053,Greater Noida,7698.4,2705.9,414.9,82.8,10902.0,1.416,31.5,41,8.6,14.8,24.0,1,0,0.976,49.99,0.34,7740.0
2026-04-05 01:00:00,IN-DC-053,Greater Noida,7753.9,2611.9,417.0,60.8,10843.6,1.398,28.9,37,8.4,14.5,23.6,1,0,0.979,50.01,0.24,7699.0
2026-04-05 02:00:00,IN-DC-053,Greater Noida,7743.1,2663.1,416.6,91.9,10914.7,1.41,29.1,41,8.6,14.6,24.2,1,0,0.976,50.03,0.24,7749.0
2026-04-05 03:00:00,IN-DC-053,Greater Noida,7419.3,2592.8,404.3,91.7,10508.2,1.416,28.7,39,8.3,14.0,23.4,1,0,0.975,49.94,0.3,7461.0
2026-04-05 04:00:00,IN-DC-053,Greater Noida,7605.9,2552.5,411.4,84.0,10653.8,1.401,27.8,36,8.5,14.6,23.9,1,0,0.973,49.98,0.27,7564.0
2026-04-05 05:00:00,IN-DC-053,Greater Noida,7443.2,2634.8,405.2,88.2,10571.5,1.42,29.2,37,8.5,14.7,24.4,1,0,0.987,50.02,0.28,7506.0
2026-04-05 06:00:00,IN-DC-053,Greater Noida,7433.4,2577.8,404.9,77.1,10493.2,1.412,30.4,40,8.4,14.2,23.7,1,0,0.975,49.93,0.3,7450.0
2026-04-05 07:00:00,IN-DC-053,Greater Noida,7400.2,2702.4,403.6,93.6,10599.8,1.432,32.5,26,8.4,14.2,23.8,1,0,0.979,50.04,0.37,7526.0
2026-04-05 08:00:00,IN-DC-053,Greater Noida,7408.5,2870.6,403.9,79.5,10762.5,1.453,33.7,35,9.0,15.1,24.7,1,0,0.992,49.98,0.38,7641.0
2026-04-05 09:00:00,IN-DC-053,Greater Noida,7478.1,3014.8,406.6,77.1,10976.6,1.468,36.4,32,8.8,14.6,24.6,1,0,0.981,50.04,0.37,7793.0
2026-04-05 10:00:00,IN-DC-053,Greater Noida,7502.6,3036.2,407.5,84.4,11030.7,1.47,38.0,20,9.1,14.9,24.9,1,0,0.98,50.01,0.41,7832.0
2026-04-05 11:00:00,IN-DC-053,Greater Noida,7594.3,3215.3,411.0,91.3,11311.8,1.49,39.6,18,8.7,14.5,25.1,1,0,0.976,49.95,0.47,8031.0
2026-04-05 12:00:00,IN-DC-053,Greater Noida,7664.1,3451.9,413.6,83.2,11612.9,1.515,42.3,16,8.5,14.5,24.5,1,0,0.968,49.97,0.49,8245.0
2026-04-05 13:00:00,IN-DC-053,Greater Noida,7643.8,3535.5,412.9,72.2,11664.4,1.526,44.2,17,9.1,15.5,23.9,1,0,0.984,50.0,0.54,8282.0
2026-04-05 14:00:00,IN-DC-053,Greater Noida,7833.0,3531.8,420.1,79.9,11864.8,1.515,44.1,15,9.0,15.3,24.7,1,0,0.97,49.98,0.47,8424.0
2026-04-05 15:00:00,IN-DC-053,Greater Noida,7831.8,3479.4,420.0,82.1,11813.3,1.508,44.0,20,9.2,15.3,25.4,1,0,0.972,49.92,0.54,8387.0
2026-04-05 16:00:00,IN-DC-053,Greater Noida,7864.6,3610.7,421.3,79.2,11975.8,1.523,43.4,17,9.3,15.4,24.4,1,0,0.968,50.01,0.49,8503.0
2026-04-05 17:00:00,IN-DC-053,Greater Noida,8051.9,3542.0,428.4,93.1,12115.4,1.505,42.9,13,9.1,15.7,25.0,1,0,0.976,50.02,0.48,8602.0
2026-04-05 18:00:00,IN-DC-053,Greater Noida,8048.2,3484.2,428.2,82.4,12043.0,1.496,41.5,17,8.8,15.1,24.8,1,0,0.965,49.96,0.48,8551.0
2026-04-05 19:00:00,IN-DC-053,Greater Noida,7996.7,3397.6,426.3,77.9,11898.5,1.488,39.3,25,9.1,15.3,24.2,1,0,0.967,49.96,0.44,8448.0
2026-04-05 20:00:00,IN-DC-053,Greater Noida,8088.0,3276.5,429.7,74.3,11868.6,1.467,38.6,26,8.7,14.9,24.2,1,0,0.973,49.92,0.45,8427.0
2026-04-05 21:00:00,IN-DC-053,Greater Noida,8154.1,3232.1,432.3,66.4,11884.8,1.458,36.0,29,8.9,15.1,24.5,1,0,0.98,50.08,0.37,8438.0
2026-04-05 22:00:00,IN-DC-053,Greater Noida,8083.4,3020.2,429.6,68.3,11601.5,1.435,33.6,34,8.7,15.0,23.6,1,0,0.965,50.06,0.32,8237.0
2026-04-05 23:00:00,IN-DC-053,Greater Noida,8082.6,3040.6,429.5,77.9,11630.7,1.439,32.3,31,8.5,14.2,23.9,1,0,0.989,50.04,0.33,8258.0
2026-04-06 00:00:00,IN-DC-053,Greater Noida,8227.4,2887.6,435.0,78.2,11628.2,1.413,30.0,41,8.3,15.0,24.1,1,0,0.966,50.16,0.36,8256.0
2026-04-06 01:00:00,IN-DC-053,Greater Noida,8083.1,2827.6,429.6,88.0,11428.3,1.414,29.3,41,8.4,14.9,23.5,1,0,0.977,50.01,0.29,8114.0
2026-04-06 02:00:00,IN-DC-053,Greater Noida,8187.8,2875.6,433.5,86.5,11583.4,1.415,29.0,31,8.6,14.9,25.0,1,0,0.971,49.97,0.29,8224.0
2026-04-06 03:00:00,IN-DC-053,Greater Noida,8052.2,2711.9,428.4,85.3,11277.8,1.401,28.5,41,9.0,15.1,24.2,1,0,0.969,50.04,0.25,8007.0
2026-04-06 04:00:00,IN-DC-053,Greater Noida,7955.2,2669.9,424.7,75.7,11125.6,1.399,28.3,35,9.0,15.3,24.4,1,0,0.955,49.92,0.26,7899.0
2026-04-06 05:00:00,IN-DC-053,Greater Noida,7890.4,2729.6,422.2,93.7,11135.9,1.411,29.4,36,8.8,15.0,23.8,1,0,0.987,49.94,0.23,7907.0
2026-04-06 06:00:00,IN-DC-053,Greater Noida,7796.9,2829.7,418.7,76.0,11121.3,1.426,30.5,32,8.4,14.7,23.4,1,0,0.972,50.02,0.34,7896.0
2026-04-06 07:00:00,IN-DC-053,Greater Noida,7954.6,2957.1,424.7,64.5,11400.9,1.433,31.8,35,8.5,14.2,23.5,1,0,0.983,49.97,0.39,8095.0
2026-04-06 08:00:00,IN-DC-053,Greater Noida,7885.7,3081.0,422.1,74.3,11463.1,1.454,34.7,28,8.6,14.6,23.9,1,0,0.97,49.87,0.37,8139.0
2026-04-06 09:00:00,IN-DC-053,Greater Noida,7944.1,3184.4,424.3,71.6,11624.3,1.463,36.8,18,8.7,14.9,24.6,1,0,0.97,49.98,0.38,8253.0
2026-04-06 10:00:00,IN-DC-053,Greater Noida,7894.2,3290.7,422.4,88.1,11695.4,1.482,38.1,21,9.1,15.0,25.1,1,0,0.974,50.04,0.45,8304.0
2026-04-06 11:00:00,IN-DC-053,Greater Noida,7966.1,3370.6,425.1,70.3,11832.1,1.485,40.2,18,8.8,14.8,24.7,1,0,0.98,50.04,0.41,8401.0
2026-04-06 12:00:00,IN-DC-053,Greater Noida,8099.9,3632.5,430.2,90.8,12253.3,1.513,42.1,14,9.2,15.4,24.9,1,0,0.975,49.95,0.5,8700.0
2026-04-06 13:00:00,IN-DC-053,Greater Noida,8095.1,3661.0,430.0,71.7,12257.8,1.514,42.5,18,8.9,15.1,24.4,1,0,0.978,50.03,0.48,8703.0
2026-04-06 14:00:00,IN-DC-053,Greater Noida,8278.2,3815.9,437.0,85.9,12617.0,1.524,44.7,17,9.0,15.3,24.6,1,0,0.98,50.02,0.51,8958.0
2026-04-06 15:00:00,IN-DC-053,Greater Noida,8328.2,3803.9,438.9,83.7,12654.7,1.519,43.9,12,8.9,15.1,25.2,1,0,0.985,50.07,0.48,8985.0
2026-04-06 16:00:00,IN-DC-053,Greater Noida,8424.6,3784.4,442.5,76.6,12728.2,1.511,43.9,12,9.0,15.4,24.8,1,0,0.983,50.01,0.51,9037.0
2026-04-06 17:00:00,IN-DC-053,Greater Noida,8447.8,3838.6,443.4,72.4,12802.2,1.515,44.0,13,9.5,15.6,25.3,1,0,0.975,50.07,0.49,9090.0
2026-04-06 18:00:00,IN-DC-053,Greater Noida,8540.5,3680.9,446.9,69.1,12737.5,1.491,41.3,15,9.0,15.4,25.2,1,0,0.983,50.06,0.48,9044.0
2026-04-06 19:00:00,IN-DC-053,Greater Noida,8529.0,3580.8,446.5,72.4,12628.6,1.481,39.9,22,8.8,15.2,24.4,1,0,0.973,49.97,0.43,8966.0
2026-04-06 20:00:00,IN-DC-053,Greater Noida,8576.8,3598.4,448.3,82.1,12705.6,1.481,38.6,23,9.0,15.8,24.5,1,0,0.971,49.99,0.39,9021.0
2026-04-06 21:00:00,IN-DC-053,Greater Noida,8524.1,3345.9,446.3,65.0,12381.4,1.453,36.4,29,8.5,15.2,23.7,1,0,0.973,50.06,0.4,8791.0
2026-04-06 22:00:00,IN-DC-053,Greater Noida,8659.0,3356.6,451.4,85.8,12552.8,1.45,34.7,31,8.7,15.6,24.5,1,0,0.97,49.99,0.38,8913.0
2026-04-06 23:00:00,IN-DC-053,Greater Noida,8595.6,3235.1,449.0,88.7,12368.4,1.439,32.3,31,8.7,15.4,24.1,1,0,0.964,49.99,0.35,8782.0
2026-04-07 00:00:00,IN-DC-053,Greater Noida,8614.6,3070.6,449.8,91.5,12226.5,1.419,30.9,39,8.6,15.2,23.8,1,0,0.964,50.05,0.32,8681.0
2026-04-07 01:00:00,IN-DC-053,Greater Noida,8319.7,2860.1,438.5,79.5,11697.9,1.406,28.6,38,8.3,14.6,23.8,1,0,0.972,50.02,0.27,8305.0
2026-04-07 02:00:00,IN-DC-053,Greater Noida,8425.3,2851.2,442.6,85.7,11804.7,1.401,28.6,36,8.5,15.2,23.6,1,0,0.978,49.95,0.26,8381.0
2026-04-07 03:00:00,IN-DC-053,Greater Noida,8145.9,2699.7,431.9,92.5,11370.1,1.396,27.8,33,8.5,14.7,24.7,1,0,0.979,49.98,0.27,8073.0
2026-04-07 04:00:00,IN-DC-053,Greater Noida,8169.0,2729.0,432.8,81.3,11412.3,1.397,28.2,46,7.9,14.3,23.4,1,0,0.987,50.0,0.24,8103.0
2026-04-07 05:00:00,IN-DC-053,Greater Noida,8195.4,2824.0,433.8,76.8,11530.0,1.407,29.1,36,8.6,15.2,24.9,1,0,0.971,50.06,0.26,8186.0
2026-04-07 06:00:00,IN-DC-053,Greater Noida,8172.1,2944.9,432.9,80.8,11630.7,1.423,31.3,37,8.5,14.6,23.6,1,0,0.972,50.04,0.3,8258.0
2026-04-07 07:00:00,IN-DC-053,Greater Noida,8071.0,2939.4,429.1,73.0,11512.5,1.426,31.8,34,8.7,14.6,24.1,1,0,0.975,50.01,0.32,8174.0
2026-04-07 08:00:00,IN-DC-053,Greater Noida,8160.3,3096.6,432.5,90.8,11780.2,1.444,33.6,30,9.1,15.2,24.2,1,0,0.962,49.96,0.34,8364.0
2026-04-07 09:00:00,IN-DC-053,Greater Noida,8180.4,3236.1,433.3,89.4,11939.1,1.459,35.9,25,8.7,15.0,24.0,1,0,0.979,50.05,0.4,8477.0
2026-04-07 10:00:00,IN-DC-053,Greater Noida,8029.3,3294.8,427.5,75.5,11827.2,1.473,37.7,25,8.6,14.7,24.7,1,0,0.982,50.0,0.41,8397.0
2026-04-07 11:00:00,IN-DC-053,Greater Noida,8108.7,3522.5,430.5,90.8,12152.6,1.499,40.7,26,8.9,15.1,24.8,1,0,0.969,49.99,0.42,8628.0
2026-04-07 12:00:00,IN-DC-053,Greater Noida,8182.4,3572.4,433.3,81.5,12269.6,1.5,42.0,28,9.2,15.6,25.2,1,0,0.97,50.09,0.45,8711.0
2026-04-07 13:00:00,IN-DC-053,Greater Noida,8350.2,3737.6,439.7,61.4,12588.8,1.508,43.2,20,8.6,14.7,24.7,1,0,0.973,50.0,0.49,8938.0
2026-04-07 14:00:00,IN-DC-053,Greater Noida,8368.1,3810.9,440.4,76.6,12696.1,1.517,43.8,12,9.1,15.6,25.1,1,0,0.975,50.04,0.52,9014.0
2026-04-07 15:00:00,IN-DC-053,Greater Noida,8520.3,3907.8,446.2,61.6,12936.0,1.518,44.3,15,9.2,15.6,24.3,1,0,0.959,50.04,0.49,9185.0
2026-04-07 16:00:00,IN-DC-053,Greater Noida,8794.5,4059.2,456.6,79.6,13389.8,1.523,44.7,19,9.3,16.3,25.0,1,0,0.974,49.94,0.49,9507.0
2026-04-07 17:00:00,IN-DC-053,Greater Noida,8836.9,4020.7,458.2,72.9,13388.6,1.515,43.0,12,8.9,15.4,25.0,1,0,0.968,49.99,0.48,9506.0
2026-04-07 18:00:00,IN-DC-053,Greater Noida,8739.0,3838.2,454.5,90.9,13122.6,1.502,42.8,16,9.0,15.9,24.2,1,0,0.957,49.93,0.51,9317.0
2026-04-07 19:00:00,IN-DC-053,Greater Noida,8863.1,3836.7,459.2,81.8,13240.8,1.494,41.1,25,9.2,16.0,25.5,1,0,0.973,50.04,0.51,9401.0
2026-04-07 20:00:00,IN-DC-053,Greater Noida,8940.4,3670.5,462.1,90.3,13163.3,1.472,38.5,32,8.9,15.6,24.4,1,0,0.973,50.0,0.39,9346.0
2026-04-07 21:00:00,IN-DC-053,Greater Noida,8768.2,3410.2,455.6,85.2,12719.2,1.451,35.4,24,8.3,14.9,24.5,1,0,0.973,50.05,0.38,9031.0
2026-04-07 22:00:00,IN-DC-053,Greater Noida,8876.2,3338.3,459.7,75.5,12749.7,1.436,34.3,31,8.5,15.1,23.6,1,0,0.976,50.0,0.41,9052.0
2026-04-07 23:00:00,IN-DC-053,Greater Noida,8789.1,3204.8,456.4,92.7,12543.1,1.427,31.7,34,8.6,15.2,23.5,1,0,0.984,49.95,0.32,8906.0
2026-04-08 00:00:00,IN-DC-053,Greater Noida,8768.6,3027.2,455.6,86.4,12337.7,1.407,29.7,30,8.7,15.2,23.4,1,0,0.98,50.01,0.28,8760.0
2026-04-08 01:00:00,IN-DC-053,Greater Noida,8661.5,2917.4,451.5,80.4,12110.9,1.398,29.3,40,8.6,15.0,24.1,1,0,0.977,50.09,0.3,8599.0
2026-04-08 02:00:00,IN-DC-053,Greater Noida,8544.3,2899.5,447.1,76.3,11967.2,1.401,28.9,41,8.5,15.1,23.8,1,0,0.971,49.89,0.25,8497.0
2026-04-08 03:00:00,IN-DC-053,Greater Noida,8563.3,2864.0,447.8,93.9,11969.1,1.398,28.8,38,8.6,15.0,24.0,1,0,0.972,50.03,0.28,8498.0
2026-04-08 04:00:00,IN-DC-053,Greater Noida,8470.5,2820.0,444.3,60.8,11795.5,1.393,27.6,38,8.2,14.6,24.0,1,0,0.987,50.02,0.26,8375.0
2026-04-08 05:00:00,IN-DC-053,Greater Noida,8258.4,2877.6,436.2,90.8,11663.0,1.412,29.6,37,8.8,15.1,24.0,1,0,0.979,49.99,0.29,8281.0
2026-04-08 06:00:00,IN-DC-053,Greater Noida,8385.2,3075.0,441.0,72.8,11974.1,1.428,30.5,39,8.4,14.8,24.6,1,0,0.97,49.96,0.32,8502.0
2026-04-08 07:00:00,IN-DC-053,Greater Noida,8263.2,3017.3,436.4,78.6,11795.4,1.427,32.0,33,8.6,15.1,23.7,1,0,0.971,50.02,0.34,8375.0
2026-04-08 08:00:00,IN-DC-053,Greater Noida,8359.0,3232.7,440.0,75.0,12106.7,1.448,33.7,35,8.6,15.2,25.1,1,0,0.979,50.04,0.34,8596.0
2026-04-08 09:00:00,IN-DC-053,Greater Noida,8391.5,3249.8,441.3,63.1,12145.7,1.447,35.4,26,8.8,15.4,23.8,1,0,0.97,49.94,0.39,8623.0
2026-04-08 10:00:00,IN-DC-053,Greater Noida,8390.3,3444.7,441.2,78.9,12355.1,1.473,38.8,28,8.9,15.7,24.4,1,0,0.974,49.99,0.45,8772.0
2026-04-08 11:00:00,IN-DC-053,Greater Noida,8468.0,3616.6,444.2,85.3,12614.1,1.49,40.0,22,8.9,15.3,24.5,1,0,0.982,50.03,0.44,8956.0
2026-04-08 12:00:00,IN-DC-053,Greater Noida,8452.3,3586.0,443.6,82.0,12563.8,1.486,40.6,22,8.7,15.4,25.2,1,0,0.972,50.08,0.52,8920.0
2026-04-08 13:00:00,IN-DC-053,Greater Noida,8512.5,3819.3,445.9,69.4,12847.1,1.509,43.0,16,8.7,15.6,25.2,1,0,0.967,49.89,0.49,9121.0
2026-04-08 14:00:00,IN-DC-053,Greater Noida,8744.3,4027.5,454.7,86.3,13312.7,1.522,43.7,16,9.0,15.8,24.2,1,0,0.984,50.03,0.55,9452.0
2026-04-08 15:00:00,IN-DC-053,Greater Noida,8672.1,4009.9,451.9,87.9,13221.8,1.525,44.0,19,9.1,15.5,24.8,1,0,0.976,50.05,0.5,9388.0
2026-04-08 16:00:00,IN-DC-053,Greater Noida,8854.5,3929.9,458.9,88.8,13332.1,1.506,43.9,18,8.9,15.8,24.1,1,0,0.973,50.01,0.49,9466.0
2026-04-08 17:00:00,IN-DC-053,Greater Noida,8934.4,3874.8,461.9,84.6,13355.7,1.495,42.0,23,9.0,15.5,25.5,1,0,0.966,50.03,0.49,9483.0
2026-04-08 18:00:00,IN-DC-053,Greater Noida,8956.3,3961.5,462.7,73.0,13453.5,1.502,42.6,15,9.0,15.9,24.6,1,0,0.973,49.97,0.49,9552.0
2026-04-08 19:00:00,IN-DC-053,Greater Noida,9063.8,3927.0,466.8,83.4,13541.1,1.494,41.2,23,8.8,15.6,24.9,1,0,0.984,50.05,0.45,9614.0
2026-04-08 20:00:00,IN-DC-053,Greater Noida,9152.9,3759.3,470.2,83.3,13465.8,1.471,38.0,33,8.6,15.5,24.9,1,0,0.966,50.0,0.4,9561.0
2026-04-08 21:00:00,IN-DC-053,Greater Noida,9137.0,3605.3,469.6,70.2,13282.1,1.454,36.6,34,9.1,15.9,24.6,1,0,0.971,49.96,0.41,9430.0
2026-04-08 22:00:00,IN-DC-053,Greater Noida,9181.9,3446.7,471.3,77.0,13176.9,1.435,33.5,26,8.6,15.3,24.1,1,0,0.963,50.0,0.39,9356.0
2026-04-08 23:00:00,IN-DC-053,Greater Noida,9000.2,3247.2,464.4,65.2,12777.1,1.42,31.7,37,8.4,15.2,24.2,1,0,0.965,50.0,0.34,9072.0
2026-04-09 00:00:00,IN-DC-053,Greater Noida,9057.9,3147.6,466.6,97.4,12769.5,1.41,29.6,33,8.4,15.2,23.8,1,0,0.978,50.04,0.32,9066.0
2026-04-09 01:00:00,IN-DC-053,Greater Noida,8933.9,3128.4,461.9,80.1,12604.2,1.411,29.3,43,8.6,15.7,24.0,1,0,0.976,49.99,0.3,8949.0
2026-04-09 02:00:00,IN-DC-053,Greater Noida,8903.1,2999.7,460.7,81.4,12444.9,1.398,28.3,44,8.7,15.6,23.4,1,0,0.982,49.99,0.25,8836.0
2026-04-09 03:00:00,IN-DC-053,Greater Noida,8675.3,2904.6,452.1,73.6,12105.6,1.395,28.4,44,8.4,15.0,24.3,1,0,0.973,50.02,0.28,8595.0
2026-04-09 04:00:00,IN-DC-053,Greater Noida,8664.5,2916.9,451.7,85.2,12118.2,1.399,28.1,41,8.3,14.6,24.2,1,0,0.975,50.0,0.24,8604.0
2026-04-09 05:00:00,IN-DC-053,Greater Noida,8647.9,2999.8,451.0,79.6,12178.4,1.408,29.0,39,8.5,14.9,24.1,1,0,0.986,50.03,0.24,8647.0
2026-04-09 06:00:00,IN-DC-053,Greater Noida,8557.3,3106.3,447.6,91.6,12202.7,1.426,30.9,39,8.4,15.1,24.0,1,0,0.977,49.97,0.36,8664.0
2026-04-09 07:00:00,IN-DC-053,Greater Noida,8621.3,3129.5,450.0,85.3,12286.1,1.425,32.5,39,8.7,15.4,23.6,1,0,0.98,49.98,0.35,8723.0
2026-04-09 08:00:00,IN-DC-053,Greater Noida,8618.8,3247.7,449.9,74.6,12391.0,1.438,33.5,29,8.6,15.2,24.1,1,0,0.979,49.96,0.41,8798.0
2026-04-09 09:00:00,IN-DC-053,Greater Noida,8583.8,3404.1,448.6,74.1,12510.7,1.457,36.1,24,8.6,15.1,24.3,1,0,0.97,49.99,0.36,8883.0
2026-04-09 10:00:00,IN-DC-053,Greater Noida,8678.7,3540.2,452.2,71.6,12742.7,1.468,38.1,20,8.8,15.5,23.9,1,0,0.983,49.94,0.42,9047.0
2026-04-09 11:00:00,IN-DC-053,Greater Noida,8667.3,3690.0,451.8,76.4,12885.4,1.487,40.0,17,9.1,15.6,24.6,1,0,0.985,50.05,0.46,9149.0
2026-04-09 12:00:00,IN-DC-053,Greater Noida,8762.2,3825.9,455.4,69.2,13112.6,1.496,41.8,18,8.9,16.0,24.5,1,0,0.968,49.89,0.44,9310.0
2026-04-09 13:00:00,IN-DC-053,Greater Noida,8798.0,3898.5,456.7,80.2,13233.4,1.504,43.2,17,9.1,16.0,24.7,1,0,0.966,49.91,0.53,9396.0
2026-04-09 14:00:00,IN-DC-053,Greater Noida,8945.1,4038.6,462.3,82.0,13527.9,1.512,43.7,23,8.9,15.6,24.6,1,0,0.986,49.91,0.47,9605.0
2026-04-09 15:00:00,IN-DC-053,Greater Noida,9080.1,4140.3,467.4,89.8,13777.7,1.517,43.8,12,9.3,16.2,25.2,1,0,0.976,50.07,0.52,9782.0
2026-04-09 16:00:00,IN-DC-053,Greater Noida,9232.4,4189.1,473.2,89.4,13984.1,1.515,44.0,18,9.2,16.2,25.0,1,0,0.968,50.07,0.46,9929.0
2026-04-09 17:00:00,IN-DC-053,Greater Noida,9210.0,4153.9,472.4,91.2,13927.5,1.512,43.8,14,8.9,15.5,25.2,1,0,0.98,49.97,0.51,9888.0
2026-04-09 18:00:00,IN-DC-053,Greater Noida,9306.9,3963.4,476.1,87.4,13833.7,1.486,41.1,19,9.2,16.2,24.9,1,0,0.971,49.98,0.48,9822.0
2026-04-09 19:00:00,IN-DC-053,Greater Noida,9253.4,3944.3,474.0,98.6,13770.4,1.488,40.9,12,9.3,16.1,24.8,1,0,0.981,49.97,0.44,9777.0
2026-04-09 20:00:00,IN-DC-053,Greater Noida,9307.7,3795.1,476.1,65.1,13644.1,1.466,38.1,26,8.6,15.4,24.6,1,0,0.983,50.06,0.4,9687.0
2026-04-09 21:00:00,IN-DC-053,Greater Noida,9205.9,3602.6,472.2,80.4,13361.1,1.451,35.5,23,8.6,15.9,24.1,1,0,0.987,50.0,0.38,9486.0
2026-04-09 22:00:00,IN-DC-053,Greater Noida,9314.9,3512.2,476.4,94.2,13397.7,1.438,33.9,33,8.6,15.8,23.5,1,0,0.972,49.93,0.37,9512.0
2026-04-09 23:00:00,IN-DC-053,Greater Noida,9163.6,3337.4,470.6,71.8,13043.5,1.423,32.0,34,8.7,15.9,24.4,1,0,0.97,49.95,0.3,9261.0
2026-04-10 00:00:00,IN-DC-053,Greater Noida,9087.3,3169.1,467.7,88.8,12813.0,1.41,30.8,38,8.4,15.0,23.7,1,0,0.97,50.05,0.29,9097.0
2026-04-10 01:00:00,IN-DC-053,Greater Noida,9197.0,3145.4,471.9,91.6,12905.9,1.403,29.3,42,8.3,15.3,24.4,1,0,0.974,50.01,0.32,9163.0
2026-04-10 02:00:00,IN-DC-053,Greater Noida,9153.2,3096.8,470.2,79.9,12800.1,1.398,28.9,41,8.8,15.7,23.8,1,0,0.978,49.99,0.27,9088.0
2026-04-10 03:00:00,IN-DC-053,Greater Noida,9044.7,3105.0,466.1,75.7,12691.4,1.403,28.6,46,8.8,15.6,24.0,1,0,0.972,49.91,0.3,9011.0
2026-04-10 04:00:00,IN-DC-053,Greater Noida,8834.4,2940.3,458.1,77.6,12310.4,1.393,28.6,43,8.5,14.9,24.4,1,0,0.991,50.05,0.3,8740.0
2026-04-10 05:00:00,IN-DC-053,Greater Noida,8729.1,2970.8,454.1,89.1,12243.1,1.403,29.1,38,8.7,15.3,23.3,1,0,0.967,50.01,0.32,8693.0
2026-04-10 06:00:00,IN-DC-053,Greater Noida,8875.4,3203.4,459.7,87.9,12626.3,1.423,30.5,38,8.4,15.2,23.9,1,0,0.987,49.99,0.33,8965.0
2026-04-10 07:00:00,IN-DC-053,Greater Noida,8837.9,3164.1,458.2,93.9,12554.2,1.42,31.5,38,8.4,15.2,24.5,1,0,0.974,49.98,0.36,8913.0
2026-04-10 08:00:00,IN-DC-053,Greater Noida,8863.7,3468.4,459.2,66.9,12858.2,1.451,34.8,34,8.8,15.7,24.6,1,0,0.96,49.97,0.38,9129.0
2026-04-10 09:00:00,IN-DC-053,Greater Noida,8811.9,3495.2,457.3,88.9,12853.2,1.459,35.9,32,9.0,16.0,23.9,1,0,0.966,50.08,0.41,9126.0
2026-04-10 10:00:00,IN-DC-053,Greater Noida,8899.4,3610.6,460.6,91.2,13061.7,1.468,37.3,25,8.9,15.8,24.4,1,0,0.981,50.03,0.36,9274.0
2026-04-10 11:00:00,IN-DC-053,Greater Noida,8936.6,3890.7,462.0,84.6,13373.9,1.497,40.7,24,8.9,15.6,25.0,1,0,0.965,49.97,0.44,9495.0
2026-04-10 12:00:00,IN-DC-053,Greater Noida,9044.6,3955.2,466.1,86.1,13552.0,1.498,41.6,21,8.8,15.3,25.6,1,0,0.98,50.13,0.51,9622.0
2026-04-10 13:00:00,IN-DC-053,Greater Noida,9035.5,4007.6,465.7,79.1,13588.0,1.504,42.9,19,8.7,15.7,24.9,1,0,0.982,49.91,0.55,9647.0
2026-04-10 14:00:00,IN-DC-053,Greater Noida,9247.9,4116.9,473.8,78.4,13916.9,1.505,43.0,22,9.5,16.4,24.9,1,0,0.982,50.1,0.49,9881.0
2026-04-10 15:00:00,IN-DC-053,Greater Noida,9326.9,4169.7,476.8,72.5,14046.0,1.506,43.6,19,9.2,16.1,24.5,1,0,0.983,50.05,0.52,9973.0
2026-04-10 16:00:00,IN-DC-053,Greater Noida,9423.9,4193.0,480.5,116.2,14213.6,1.508,43.3,17,9.1,16.6,25.5,1,0,0.968,49.91,0.48,10092.0
2026-04-10 17:00:00,IN-DC-053,Greater Noida,9435.1,4100.0,480.9,87.5,14103.6,1.495,42.2,12,9.1,16.7,24.3,1,0,0.971,49.98,0.49,10014.0
2026-04-10 18:00:00,IN-DC-053,Greater Noida,9516.1,4125.5,484.0,65.3,14191.0,1.491,41.2,12,9.2,16.4,25.1,1,0,0.97,49.95,0.5,10076.0
2026-04-10 19:00:00,IN-DC-053,Greater Noida,9530.7,3978.5,484.6,100.4,14094.2,1.479,39.5,19,9.0,16.2,24.4,1,0,0.981,50.04,0.45,10007.0
2026-04-10 20:00:00,IN-DC-053,Greater Noida,9709.1,3933.5,491.3,88.6,14222.5,1.465,37.9,26,9.0,16.1,24.3,1,0,0.962,50.01,0.41,10098.0
2026-04-10 21:00:00,IN-DC-053,Greater Noida,9650.8,3817.9,489.1,62.2,14020.0,1.453,36.8,30,8.8,15.9,24.3,1,0,0.979,49.99,0.41,9954.0
2026-04-10 22:00:00,IN-DC-053,Greater Noida,9509.0,3615.3,483.7,98.7,13706.8,1.441,34.8,35,8.5,15.5,24.7,1,0,0.975,50.07,0.37,9732.0
2026-04-10 23:00:00,IN-DC-053,Greater Noida,9378.4,3475.2,478.8,78.0,13410.4,1.43,32.4,40,8.5,15.7,23.6,1,0,0.972,49.92,0.32,9521.0
2026-04-11 00:00:00,IN-DC-053,Greater Noida,9251.1,3215.2,473.9,80.7,13021.0,1.408,29.9,47,8.3,15.5,23.9,1,0,0.982,49.98,0.22,9245.0
2026-04-11 01:00:00,IN-DC-053,Greater Noida,9131.4,3068.1,469.4,70.6,12739.5,1.395,29.2,39,8.6,15.2,24.3,1,0,0.97,49.96,0.3,9045.0
2026-04-11 02:00:00,IN-DC-053,Greater Noida,9213.9,3187.2,472.5,76.8,12950.5,1.406,29.1,38,8.7,15.9,24.2,1,0,0.97,50.06,0.3,9195.0
2026-04-11 03:00:00,IN-DC-053,Greater Noida,9056.3,3072.1,466.5,72.3,12667.2,1.399,28.6,43,8.8,15.7,23.2,1,0,0.982,50.0,0.27,8994.0
2026-04-11 04:00:00,IN-DC-053,Greater Noida,9003.2,3018.2,464.5,83.0,12568.9,1.396,28.0,42,8.0,14.6,24.2,1,0,0.979,49.99,0.27,8924.0
2026-04-11 05:00:00,IN-DC-053,Greater Noida,8840.6,3111.4,458.3,84.1,12494.5,1.413,29.7,40,8.5,15.1,24.3,1,0,0.976,49.95,0.28,8871.0
2026-04-11 06:00:00,IN-DC-053,Greater Noida,8919.5,3157.7,461.3,84.0,12622.6,1.415,30.3,39,8.5,15.5,24.4,1,0,0.977,50.09,0.3,8962.0
2026-04-11 07:00:00,IN-DC-053,Greater Noida,8818.2,3178.4,457.5,71.8,12525.9,1.42,32.0,36,8.5,15.2,23.5,1,0,0.964,50.03,0.31,8893.0
2026-04-11 08:00:00,IN-DC-053,Greater Noida,8836.7,3342.3,458.2,80.0,12717.2,1.439,34.0,34,8.6,15.4,24.0,1,0,0.973,49.98,0.36,9029.0
2026-04-11 09:00:00,IN-DC-053,Greater Noida,8932.3,3441.5,461.8,70.2,12905.8,1.445,36.1,26,9.0,15.7,23.5,1,0,0.962,49.95,0.4,9163.0
2026-04-11 10:00:00,IN-DC-053,Greater Noida,8908.2,3609.8,460.9,90.5,13069.5,1.467,38.1,23,8.9,15.6,25.0,1,0,0.979,49.98,0.37,9279.0
2026-04-11 11:00:00,IN-DC-053,Greater Noida,8927.3,3793.0,461.6,85.9,13267.8,1.486,39.6,22,9.1,16.0,24.8,1,0,0.967,49.97,0.42,9420.0
2026-04-11 12:00:00,IN-DC-053,Greater Noida,8929.4,3942.9,461.7,88.1,13422.2,1.503,42.1,17,9.1,16.0,23.9,1,0,0.987,50.07,0.47,9530.0
2026-04-11 13:00:00,IN-DC-053,Greater Noida,9101.1,4072.1,468.2,86.0,13727.5,1.508,43.2,20,9.1,15.9,24.6,1,0,0.952,50.04,0.53,9747.0
2026-04-11 14:00:00,IN-DC-053,Greater Noida,9070.7,4145.9,467.1,72.0,13755.7,1.516,44.3,14,9.0,15.9,25.0,1,0,0.971,50.05,0.51,9767.0
2026-04-11 15:00:00,IN-DC-053,Greater Noida,9263.8,4260.9,474.4,95.6,14094.7,1.521,44.1,16,9.1,16.1,24.6,1,0,0.972,50.04,0.52,10007.0
2026-04-11 16:00:00,IN-DC-053,Greater Noida,9440.5,4276.3,481.1,87.0,14285.0,1.513,44.0,22,9.3,16.3,24.9,1,0,0.982,49.96,0.52,10142.0
2026-04-11 17:00:00,IN-DC-053,Greater Noida,9497.1,4185.1,483.3,79.3,14244.8,1.5,42.5,19,9.0,15.7,25.0,1,0,0.979,49.92,0.48,10114.0
2026-04-11 18:00:00,IN-DC-053,Greater Noida,9516.1,4069.6,484.0,84.3,14154.1,1.487,41.0,16,9.2,16.5,24.4,1,0,0.963,50.04,0.45,10049.0
2026-04-11 19:00:00,IN-DC-053,Greater Noida,9620.0,3990.5,488.0,92.5,14190.9,1.475,39.2,22,8.8,16.2,24.2,1,0,0.974,50.1,0.47,10076.0
2026-04-11 20:00:00,IN-DC-053,Greater Noida,9598.9,3936.5,487.2,88.7,14111.2,1.47,38.2,17,8.6,15.8,24.9,1,0,0.961,50.0,0.39,10019.0
2026-04-11 21:00:00,IN-DC-053,Greater Noida,9666.3,3858.3,489.7,93.6,14107.9,1.459,36.1,28,8.8,16.3,24.1,1,0,0.984,49.94,0.42,10017.0
2026-04-11 22:00:00,IN-DC-053,Greater Noida,9531.0,3528.6,484.6,88.5,13632.7,1.43,32.9,26,8.9,16.3,23.6,1,0,0.977,50.0,0.3,9679.0
2026-04-11 23:00:00,IN-DC-053,Greater Noida,9463.6,3491.0,482.0,82.9,13519.5,1.429,31.5,33,8.4,15.6,24.1,1,0,0.961,50.09,0.35,9599.0
2026-04-12 00:00:00,IN-DC-053,Greater Noida,9486.6,3264.5,482.9,95.1,13329.1,1.405,30.0,39,8.5,16.2,23.4,1,0,0.983,49.98,0.28,9464.0
2026-04-12 01:00:00,IN-DC-053,Greater Noida,9437.2,3117.0,481.0,76.9,13112.2,1.389,29.0,39,8.6,15.7,24.3,1,0,0.978,50.02,0.28,9310.0
2026-04-12 02:00:00,IN-DC-053,Greater Noida,9373.2,3218.5,478.6,84.5,13154.7,1.403,28.0,40,8.5,15.8,23.8,1,0,0.966,49.98,0.24,9340.0
2026-04-12 03:00:00,IN-DC-053,Greater Noida,9296.6,3150.8,475.7,78.7,13001.7,1.399,28.5,37,8.5,15.8,24.3,1,0,0.976,50.05,0.32,9231.0
2026-04-12 04:00:00,IN-DC-053,Greater Noida,9251.9,3122.7,474.0,92.8,12941.4,1.399,28.2,43,8.7,16.0,24.3,1,0,0.965,49.86,0.25,9188.0
2026-04-12 05:00:00,IN-DC-053,Greater Noida,9192.3,3164.5,471.7,60.0,12888.4,1.402,29.2,41,8.5,15.5,24.1,1,0,0.966,49.94,0.28,9151.0
2026-04-12 06:00:00,IN-DC-053,Greater Noida,8982.1,3086.4,463.7,79.9,12612.2,1.404,30.0,41,8.7,15.8,24.1,1,0,0.977,49.97,0.27,8955.0
2026-04-12 07:00:00,IN-DC-053,Greater Noida,8947.9,3186.7,462.4,74.5,12671.5,1.416,31.4,34,8.4,15.3,23.7,1,0,0.967,49.96,0.34,8997.0
2026-04-12 08:00:00,IN-DC-053,Greater Noida,8949.0,3368.0,462.5,86.2,12865.7,1.438,33.6,33,8.4,15.4,23.8,1,0,0.98,50.0,0.35,9135.0
2026-04-12 09:00:00,IN-DC-053,Greater Noida,8993.1,3546.3,464.1,75.0,13078.5,1.454,35.5,27,8.8,15.6,24.1,1,0,0.974,50.07,0.39,9286.0
2026-04-12 10:00:00,IN-DC-053,Greater Noida,9097.8,3727.3,468.1,66.7,13359.9,1.468,38.2,23,9.0,16.0,24.3,1,0,0.982,49.97,0.44,9486.0
2026-04-12 11:00:00,IN-DC-053,Greater Noida,9199.5,3930.2,472.0,74.0,13675.7,1.487,40.2,22,8.7,15.8,24.3,1,0,0.964,49.96,0.46,9710.0
2026-04-12 12:00:00,IN-DC-053,Greater Noida,9194.6,4031.1,471.8,78.7,13776.1,1.498,41.6,19,9.3,16.2,25.0,1,0,0.979,50.02,0.45,9781.0
2026-04-12 13:00:00,IN-DC-053,Greater Noida,9392.1,4176.0,479.3,87.5,14134.9,1.505,43.2,27,8.9,15.9,25.2,1,0,0.982,49.88,0.51,10036.0
2026-04-12 14:00:00,IN-DC-053,Greater Noida,9497.8,4236.0,483.3,71.8,14288.9,1.504,43.1,22,9.0,16.3,24.7,1,0,0.969,49.99,0.47,10145.0
2026-04-12 15:00:00,IN-DC-053,Greater Noida,9559.2,4303.2,485.6,81.2,14429.2,1.509,43.5,19,8.8,16.2,25.8,1,0,0.965,50.04,0.51,10245.0
2026-04-12 16:00:00,IN-DC-053,Greater Noida,9645.1,4271.8,488.9,84.1,14489.9,1.502,43.1,18,9.0,16.3,24.7,1,0,0.974,49.96,0.5,10288.0
2026-04-12 17:00:00,IN-DC-053,Greater Noida,9706.7,4278.4,491.3,83.7,14560.0,1.5,42.7,12,9.0,16.1,25.4,1,0,0.975,49.92,0.48,10338.0
2026-04-12 18:00:00,IN-DC-053,Greater Noida,9894.0,4298.4,498.4,69.8,14760.6,1.492,41.5,21,9.1,16.5,25.0,1,0,0.981,50.03,0.49,10480.0
2026-04-12 19:00:00,IN-DC-053,Greater Noida,9777.1,4103.0,493.9,83.9,14457.9,1.479,39.9,18,8.9,16.2,24.6,1,0,0.979,50.05,0.46,10265.0
2026-04-12 20:00:00,IN-DC-053,Greater Noida,9768.5,3994.1,493.6,85.7,14341.9,1.468,37.9,25,8.8,16.1,24.0,1,0,0.969,49.88,0.41,10183.0
2026-04-12 21:00:00,IN-DC-053,Greater Noida,9894.0,3851.3,498.4,78.5,14322.1,1.448,36.1,27,8.9,16.6,24.1,1,0,0.973,50.05,0.37,10169.0
2026-04-12 22:00:00,IN-DC-053,Greater Noida,9771.1,3719.7,493.7,87.1,14071.6,1.44,33.8,34,8.6,16.2,23.8,1,0,0.986,50.02,0.38,9991.0
2026-04-12 23:00:00,IN-DC-053,Greater Noida,9767.7,3462.9,493.6,93.3,13817.4,1.415,31.9,36,8.6,15.9,23.5,1,0,0.982,50.0,0.3,9810.0
2026-04-13 00:00:00,IN-DC-053,Greater Noida,9894.0,3523.1,498.4,65.9,13981.4,1.413,30.6,37,8.7,16.4,24.3,1,0,0.968,50.04,0.34,9927.0
2026-04-13 01:00:00,IN-DC-053,Greater Noida,9894.0,3249.6,498.4,64.1,13706.0,1.385,27.9,41,8.6,15.9,23.9,1,0,0.972,49.97,0.28,9731.0
2026-04-13 02:00:00,IN-DC-053,Greater Noida,9781.4,3277.1,494.1,105.3,13657.9,1.396,27.9,41,8.3,15.8,23.6,1,0,0.981,49.93,0.28,9697.0
2026-04-13 03:00:00,IN-DC-053,Greater Noida,9866.2,3285.3,497.3,83.9,13732.7,1.392,28.3,36,8.6,16.0,24.3,1,0,0.968,50.03,0.29,9750.0
2026-04-13 04:00:00,IN-DC-053,Greater Noida,9627.2,3195.4,488.2,71.6,13382.4,1.39,27.8,39,8.5,16.0,23.9,1,0,0.986,50.01,0.29,9501.0
2026-04-13 05:00:00,IN-DC-053,Greater Noida,9622.5,3280.4,488.1,86.1,13477.1,1.401,28.9,42,8.4,15.6,24.2,1,0,0.979,49.95,0.27,9569.0
2026-04-13 06:00:00,IN-DC-053,Greater Noida,9569.0,3255.6,486.0,85.1,13395.7,1.4,30.1,35,8.8,16.4,24.6,1,0,0.979,49.89,0.28,9511.0
2026-04-13 07:00:00,IN-DC-053,Greater Noida,9546.7,3377.9,485.2,90.5,13500.3,1.414,31.5,36,8.6,15.7,24.9,1,0,0.987,49.99,0.3,9585.0
2026-04-13 08:00:00,IN-DC-053,Greater Noida,9424.0,3514.4,480.5,83.3,13502.3,1.433,33.7,36,8.6,15.4,23.8,1,0,0.978,49.97,0.38,9587.0
2026-04-13 09:00:00,IN-DC-053,Greater Noida,9536.3,3738.9,484.8,94.7,13854.6,1.453,35.6,26,8.7,15.9,24.2,1,0,0.976,50.04,0.4,9837.0
2026-04-13 10:00:00,IN-DC-053,Greater Noida,9631.4,3888.2,488.4,72.3,14080.4,1.462,37.5,22,9.0,16.4,23.8,1,0,0.974,50.01,0.4,9997.0
2026-04-13 11:00:00,IN-DC-053,Greater Noida,9593.7,3949.4,487.0,60.7,14090.8,1.469,39.5,19,9.1,16.4,24.7,1,0,0.974,50.07,0.41,10004.0
2026-04-13 12:00:00,IN-DC-053,Greater Noida,9756.8,4186.9,493.2,64.8,14501.7,1.486,41.6,19,9.0,16.3,24.8,1,0,0.98,49.97,0.51,10296.0
2026-04-13 13:00:00,IN-DC-053,Greater Noida,9894.0,4321.0,498.4,71.7,14785.1,1.494,43.3,12,8.8,16.1,25.2,1,0,0.986,49.97,0.5,10497.0
2026-04-13 14:00:00,IN-DC-053,Greater Noida,9894.0,4369.0,498.4,66.0,14827.4,1.499,43.2,19,8.8,15.8,25.8,1,0,0.967,50.02,0.5,10527.0
2026-04-13 15:00:00,IN-DC-053,Greater Noida,9894.0,4349.3,498.4,86.0,14827.6,1.499,43.9,17,8.7,16.3,25.2,1,0,0.971,50.02,0.54,10528.0
2026-04-13 16:00:00,IN-DC-053,Greater Noida,9894.0,4489.2,498.4,84.9,14966.5,1.513,43.8,17,9.0,16.1,25.0,1,0,0.986,49.95,0.5,10626.0
2026-04-13 17:00:00,IN-DC-053,Greater Noida,9894.0,4351.0,498.4,87.6,14831.0,1.499,42.7,19,9.1,16.5,24.2,1,0,0.985,50.01,0.5,10530.0
2026-04-13 18:00:00,IN-DC-053,Greater Noida,9894.0,4186.1,498.4,77.5,14655.9,1.481,40.7,18,8.8,16.1,24.8,1,0,0.985,49.99,0.46,10406.0
2026-04-13 19:00:00,IN-DC-053,Greater Noida,9894.0,4132.7,498.4,74.1,14599.2,1.476,39.4,24,9.0,16.3,24.3,1,0,0.984,50.11,0.44,10365.0
2026-04-13 20:00:00,IN-DC-053,Greater Noida,9894.0,3951.2,498.4,81.4,14424.9,1.458,37.2,26,8.7,16.0,24.3,1,0,0.969,49.98,0.42,10242.0
2026-04-13 21:00:00,IN-DC-053,Greater Noida,9894.0,3787.9,498.4,69.8,14250.1,1.44,35.3,30,8.5,15.8,23.8,1,0,0.975,49.97,0.36,10118.0
2026-04-13 22:00:00,IN-DC-053,Greater Noida,9894.0,3610.6,498.4,86.9,14089.9,1.424,33.2,25,8.9,16.4,24.2,1,0,0.978,49.92,0.38,10004.0
2026-04-13 23:00:00,IN-DC-053,Greater Noida,9894.0,3490.8,498.4,86.6,13969.8,1.412,31.3,32,8.7,16.1,23.6,1,0,0.979,50.1,0.31,9919.0
2026-04-14 00:00:00,IN-DC-053,Greater Noida,9894.0,3379.6,498.4,87.3,13859.3,1.401,29.4,37,9.0,16.8,23.9,1,0,0.975,50.05,0.29,9840.0
2026-04-14 01:00:00,IN-DC-053,Greater Noida,9894.0,3254.7,498.4,85.7,13732.8,1.388,27.7,34,8.5,15.7,24.2,1,0,0.981,49.97,0.27,9750.0
2026-04-14 02:00:00,IN-DC-053,Greater Noida,9894.0,3233.9,498.4,89.5,13715.8,1.386,27.7,46,8.3,15.7,23.6,1,0,0.972,50.04,0.24,9738.0
2026-04-14 03:00:00,IN-DC-053,Greater Noida,9894.0,3249.7,498.4,71.5,13713.5,1.386,27.5,33,8.6,16.1,24.2,1,0,0.971,50.02,0.24,9737.0
2026-04-14 04:00:00,IN-DC-053,Greater Noida,9894.0,3300.7,498.4,90.3,13783.4,1.393,27.9,34,8.6,16.0,24.0,1,0,0.97,49.98,0.27,9786.0
2026-04-14 05:00:00,IN-DC-053,Greater Noida,9765.8,3270.0,493.5,76.5,13605.9,1.393,28.4,41,8.8,16.2,24.4,1,0,0.978,49.98,0.28,9660.0
2026-04-14 06:00:00,IN-DC-053,Greater Noida,9827.0,3384.4,495.8,71.2,13778.4,1.402,29.7,34,8.2,15.5,24.6,1,0,0.974,49.99,0.25,9783.0
2026-04-14 07:00:00,IN-DC-053,Greater Noida,9674.9,3479.6,490.0,96.2,13740.8,1.42,30.7,35,8.4,15.6,23.8,1,0,0.968,49.92,0.3,9756.0
2026-04-14 08:00:00,IN-DC-053,Greater Noida,9610.6,3466.0,487.6,75.2,13639.4,1.419,32.7,29,8.6,15.8,24.3,1,0,0.982,49.98,0.31,9684.0
2026-04-14 09:00:00,IN-DC-053,Greater Noida,9759.0,3700.8,493.2,69.2,14022.3,1.437,35.2,26,8.6,16.0,24.4,1,0,0.973,50.02,0.37,9956.0
2026-04-14 10:00:00,IN-DC-053,Greater Noida,9759.3,3944.6,493.3,94.2,14291.3,1.464,37.9,19,8.9,16.3,24.9,1,0,0.968,50.02,0.45,10147.0
2026-04-14 11:00:00,IN-DC-053,Greater Noida,9884.0,4184.3,498.0,67.6,14633.9,1.481,40.4,21,9.1,16.4,24.8,1,0,0.969,50.1,0.52,10390.0
2026-04-14 12:00:00,IN-DC-053,Greater Noida,9894.0,4254.4,498.4,78.3,14725.1,1.488,41.2,26,8.9,16.5,24.3,1,0,0.974,50.04,0.5,10455.0
2026-04-14 13:00:00,IN-DC-053,Greater Noida,9894.0,4352.3,498.4,85.6,14830.3,1.499,42.7,13,9.2,16.9,25.4,1,0,0.981,49.97,0.52,10529.0
2026-04-14 14:00:00,IN-DC-053,Greater Noida,9894.0,4315.7,498.4,94.4,14802.5,1.496,42.9,19,8.9,16.3,24.6,1,0,0.973,49.87,0.49,10510.0
2026-04-14 15:00:00,IN-DC-053,Greater Noida,9894.0,4359.0,498.4,82.1,14833.5,1.499,43.0,13,9.0,16.5,25.1,1,0,0.961,50.02,0.49,10532.0
2026-04-14 16:00:00,IN-DC-053,Greater Noida,9894.0,4453.9,498.4,80.0,14926.2,1.509,43.1,17,9.1,16.3,24.4,1,0,0.958,50.01,0.5,10598.0
2026-04-14 17:00:00,IN-DC-053,Greater Noida,9894.0,4299.9,498.4,83.5,14775.8,1.493,43.0,12,9.0,16.5,24.3,1,0,0.99,50.06,0.51,10491.0
2026-04-14 18:00:00,IN-DC-053,Greater Noida,9894.0,4237.5,498.4,85.2,14715.1,1.487,41.4,19,9.1,16.6,24.6,1,0,0.972,49.95,0.54,10448.0
2026-04-14 19:00:00,IN-DC-053,Greater Noida,9894.0,4146.6,498.4,72.7,14611.7,1.477,39.6,23,8.8,16.1,24.8,1,0,0.972,50.04,0.45,10374.0
2026-04-14 20:00:00,IN-DC-053,Greater Noida,9894.0,3858.2,498.4,72.8,14323.3,1.448,37.0,22,8.8,16.4,24.1,1,0,0.972,49.99,0.4,10170.0
2026-04-14 21:00:00,IN-DC-053,Greater Noida,9894.0,3826.6,498.4,65.2,14284.1,1.444,35.9,30,9.1,16.3,23.8,1,0,0.969,49.99,0.42,10142.0
2026-04-14 22:00:00,IN-DC-053,Greater Noida,9894.0,3716.4,498.4,98.1,14206.9,1.436,33.9,37,8.8,16.1,24.2,1,0,0.967,49.92,0.38,10087.0
2026-04-14 23:00:00,IN-DC-053,Greater Noida,9894.0,3515.1,498.4,81.3,13988.7,1.414,31.9,32,8.5,16.0,24.0,1,0,0.974,50.0,0.34,9932.0
2026-04-15 00:00:00,IN-DC-053,Greater Noida,9894.0,3437.5,498.4,71.5,13901.4,1.405,30.0,39,8.0,15.1,24.0,1,0,0.977,50.01,0.28,9870.0
2026-04-15 01:00:00,IN-DC-053,Greater Noida,9894.0,3404.9,498.4,104.6,13901.8,1.405,28.8,33,8.5,15.8,24.5,1,0,0.966,50.09,0.31,9870.0
2026-04-15 02:00:00,IN-DC-053,Greater Noida,9894.0,3259.2,498.4,82.8,13734.4,1.388,28.1,37,8.6,15.8,24.0,1,0,0.968,49.91,0.24,9751.0
2026-04-15 03:00:00,IN-DC-053,Greater Noida,9894.0,3309.7,498.4,79.9,13782.0,1.393,27.6,42,8.7,15.8,24.2,1,0,0.971,50.01,0.29,9785.0
2026-04-15 04:00:00,IN-DC-053,Greater Noida,9894.0,3289.2,498.4,75.4,13756.9,1.39,27.6,42,8.5,16.0,24.7,1,0,0.966,50.03,0.26,9767.0
2026-04-15 05:00:00,IN-DC-053,Greater Noida,9894.0,3282.1,498.4,61.6,13736.1,1.388,27.9,41,8.8,16.2,24.8,1,0,0.98,50.04,0.23,9753.0
2026-04-15 06:00:00,IN-DC-053,Greater Noida,9894.0,3333.0,498.4,80.5,13805.9,1.395,30.1,36,8.3,15.6,24.5,1,0,0.971,50.0,0.31,9802.0
2026-04-15 07:00:00,IN-DC-053,Greater Noida,9894.0,3519.8,498.4,103.6,14015.8,1.417,31.3,37,8.7,16.1,23.3,1,0,0.967,49.95,0.3,9951.0
2026-04-15 08:00:00,IN-DC-053,Greater Noida,9894.0,3691.5,498.4,75.8,14159.7,1.431,33.1,30,8.6,15.8,23.8,1,0,0.977,50.04,0.37,10053.0
2026-04-15 09:00:00,IN-DC-053,Greater Noida,9894.0,3802.4,498.4,76.9,14271.7,1.442,35.2,24,8.9,16.4,24.0,1,0,0.971,50.02,0.38,10133.0
2026-04-15 10:00:00,IN-DC-053,Greater Noida,9894.0,3994.4,498.4,63.5,14450.3,1.461,37.4,18,8.7,16.3,23.9,1,0,0.963,49.97,0.42,10260.0
2026-04-15 11:00:00,IN-DC-053,Greater Noida,9894.0,4191.3,498.4,69.6,14653.3,1.481,39.2,25,9.0,16.1,24.8,1,0,0.991,49.99,0.43,10404.0
2026-04-15 12:00:00,IN-DC-053,Greater Noida,9894.0,4172.0,498.4,80.7,14645.1,1.48,40.3,22,9.1,16.4,25.4,1,0,0.96,49.96,0.5,10398.0
2026-04-15 13:00:00,IN-DC-053,Greater Noida,9894.0,4430.3,498.4,91.0,14913.7,1.507,42.6,12,9.0,16.0,24.8,1,0,0.987,49.99,0.49,10589.0
2026-04-15 14:00:00,IN-DC-053,Greater Noida,9894.0,4315.0,498.4,84.6,14792.0,1.495,43.3,16,9.4,16.9,24.9,1,0,0.968,50.0,0.53,10502.0
2026-04-15 15:00:00,IN-DC-053,Greater Noida,9894.0,4400.0,498.4,64.7,14857.1,1.502,43.3,13,9.0,16.5,24.9,1,0,0.968,50.06,0.48,10549.0
2026-04-15 16:00:00,IN-DC-053,Greater Noida,9894.0,4450.3,498.4,89.4,14932.0,1.509,43.4,12,9.2,16.5,24.8,1,0,0.965,49.95,0.52,10602.0
2026-04-15 17:00:00,IN-DC-053,Greater Noida,9894.0,4330.8,498.4,81.0,14804.2,1.496,41.8,14,8.7,15.9,24.5,1,0,0.982,50.01,0.5,10511.0
2026-04-15 18:00:00,IN-DC-053,Greater Noida,9894.0,4230.5,498.4,82.6,14705.5,1.486,40.9,25,9.0,16.4,24.8,1,0,0.981,50.1,0.47,10441.0
2026-04-15 19:00:00,IN-DC-053,Greater Noida,9894.0,4147.9,498.4,75.7,14615.9,1.477,40.3,26,8.9,16.1,24.9,1,0,0.968,50.06,0.47,10377.0
2026-04-15 20:00:00,IN-DC-053,Greater Noida,9894.0,4021.6,498.4,91.2,14505.2,1.466,37.8,28,9.0,16.4,24.0,1,0,0.984,49.97,0.45,10299.0
2026-04-15 21:00:00,IN-DC-053,Greater Noida,9894.0,3752.1,498.4,84.7,14229.1,1.438,34.9,25,8.8,16.0,23.8,1,0,0.975,49.98,0.34,10103.0
2026-04-15 22:00:00,IN-DC-053,Greater Noida,9894.0,3753.3,498.4,84.6,14230.2,1.438,33.7,34,9.0,16.1,24.0,1,0,0.98,49.94,0.39,10103.0
2026-04-15 23:00:00,IN-DC-053,Greater Noida,9894.0,3564.2,498.4,85.6,14042.1,1.419,31.5,34,8.8,15.8,23.2,1,0,0.982,50.02,0.3,9970.0
2026-04-16 00:00:00,IN-DC-053,Greater Noida,9894.0,3396.5,498.4,74.5,13863.4,1.401,29.4,33,8.3,15.7,24.3,1,0,0.989,49.95,0.32,9843.0
2026-04-16 01:00:00,IN-DC-053,Greater Noida,9894.0,3282.4,498.4,76.1,13750.9,1.39,28.2,36,8.2,15.6,24.1,1,0,0.973,49.96,0.28,9763.0
2026-04-16 02:00:00,IN-DC-053,Greater Noida,9894.0,3268.7,498.4,82.7,13743.9,1.389,27.7,37,8.4,15.4,23.8,0,1,0.981,49.91,0.26,9758.0
2026-04-16 03:00:00,IN-DC-053,Greater Noida,9894.0,3183.0,498.4,86.0,13661.4,1.381,27.0,38,8.2,15.7,24.0,1,0,0.982,49.95,0.27,9700.0
2026-04-16 04:00:00,IN-DC-053,Greater Noida,9894.0,3126.9,498.4,80.9,13600.1,1.375,27.1,39,8.6,16.0,23.9,1,0,0.968,49.91,0.25,9656.0
2026-04-16 05:00:00,IN-DC-053,Greater Noida,9894.0,3277.6,498.4,79.1,13749.2,1.39,28.8,40,8.7,16.0,23.2,1,0,0.969,50.05,0.28,9762.0
2026-04-16 06:00:00,IN-DC-053,Greater Noida,9894.0,3452.9,498.4,82.2,13927.5,1.408,30.1,38,8.4,15.9,24.0,1,0,0.962,49.97,0.32,9889.0
2026-04-16 07:00:00,IN-DC-053,Greater Noida,9894.0,3464.1,498.4,77.0,13933.4,1.408,31.0,34,8.9,16.3,24.4,1,0,0.978,49.99,0.31,9893.0
2026-04-16 08:00:00,IN-DC-053,Greater Noida,9894.0,3664.4,498.4,89.0,14145.8,1.43,33.5,33,8.5,15.8,23.7,1,0,0.97,50.07,0.36,10043.0
2026-04-16 09:00:00,IN-DC-053,Greater Noida,9894.0,3758.4,498.4,67.3,14218.0,1.437,34.8,32,8.9,16.5,24.3,1,0,0.982,50.0,0.34,10095.0
2026-04-16 10:00:00,IN-DC-053,Greater Noida,9894.0,3966.6,498.4,71.9,14430.9,1.459,37.2,25,8.7,16.0,24.5,1,0,0.963,50.1,0.42,10246.0
2026-04-16 11:00:00,IN-DC-053,Greater Noida,9894.0,4041.5,498.4,84.3,14518.2,1.467,38.9,18,8.8,16.3,24.9,1,0,0.977,50.02,0.42,10308.0
2026-04-16 12:00:00,IN-DC-053,Greater Noida,9894.0,4158.9,498.4,53.9,14605.1,1.476,40.7,23,9.0,16.5,25.0,1,0,0.979,50.02,0.46,10370.0
2026-04-16 13:00:00,IN-DC-053,Greater Noida,9894.0,4375.1,498.4,81.9,14849.4,1.501,42.8,14,9.0,16.2,24.7,1,0,0.968,50.0,0.47,10543.0
2026-04-16 14:00:00,IN-DC-053,Greater Noida,9894.0,4299.5,498.4,85.1,14777.0,1.494,42.6,12,8.8,16.4,24.8,1,0,0.971,49.98,0.51,10492.0
2026-04-16 15:00:00,IN-DC-053,Greater Noida,9894.0,4457.9,498.4,84.7,14935.0,1.509,43.8,15,9.0,16.6,24.9,1,0,0.982,50.05,0.5,10604.0
2026-04-16 16:00:00,IN-DC-053,Greater Noida,9894.0,4398.2,498.4,82.9,14873.5,1.503,42.6,20,9.4,16.9,24.6,1,0,0.97,49.94,0.47,10560.0
2026-04-16 17:00:00,IN-DC-053,Greater Noida,9894.0,4312.3,498.4,92.2,14796.8,1.496,42.4,14,8.7,16.4,25.1,1,0,0.968,50.01,0.48,10506.0
2026-04-16 18:00:00,IN-DC-053,Greater Noida,9894.0,4216.6,498.4,82.2,14691.2,1.485,40.7,19,8.6,15.8,24.6,1,0,0.982,49.87,0.48,10431.0
2026-04-16 19:00:00,IN-DC-053,Greater Noida,9894.0,4034.6,498.4,90.4,14517.3,1.467,39.0,20,8.9,16.0,25.2,1,0,0.966,50.03,0.4,10307.0
2026-04-16 20:00:00,IN-DC-053,Greater Noida,9894.0,4018.0,498.4,70.9,14481.3,1.464,37.9,22,9.0,16.6,25.0,1,0,0.983,50.15,0.47,10282.0
2026-04-16 21:00:00,IN-DC-053,Greater Noida,9894.0,3802.3,498.4,85.3,14279.9,1.443,35.4,26,9.0,16.3,24.2,1,0,0.972,50.03,0.37,10139.0
2026-04-16 22:00:00,IN-DC-053,Greater Noida,9894.0,3607.2,498.4,88.2,14087.7,1.424,32.3,35,8.6,15.9,24.6,1,0,0.98,49.96,0.35,10002.0
2026-04-16 23:00:00,IN-DC-053,Greater Noida,9894.0,3490.6,498.4,80.5,13963.5,1.411,30.6,28,8.4,16.1,23.6,1,0,0.982,50.01,0.3,9914.0
2026-04-17 00:00:00,IN-DC-053,Greater Noida,9894.0,3398.3,498.4,94.0,13884.6,1.403,29.7,39,8.5,16.1,24.8,1,0,0.975,50.03,0.26,9858.0
2026-04-17 01:00:00,IN-DC-053,Greater Noida,9894.0,3335.2,498.4,90.2,13817.8,1.397,28.6,32,8.6,16.0,25.2,1,0,0.964,49.91,0.31,9811.0
2026-04-17 02:00:00,IN-DC-053,Greater Noida,9894.0,3192.5,498.4,93.4,13678.3,1.382,27.4,41,8.7,15.9,24.1,1,0,0.971,50.12,0.27,9712.0
2026-04-17 03:00:00,IN-DC-053,Greater Noida,9894.0,3135.9,498.4,78.7,13607.0,1.375,26.8,48,8.4,15.8,24.6,1,0,0.988,50.02,0.31,9661.0
2026-04-17 04:00:00,IN-DC-053,Greater Noida,9894.0,3155.3,498.4,66.3,13614.0,1.376,26.7,36,8.7,16.0,23.7,1,0,0.966,50.01,0.24,9666.0
2026-04-17 05:00:00,IN-DC-053,Greater Noida,9894.0,3411.9,498.4,71.4,13875.6,1.402,28.9,36,8.6,15.8,24.3,1,0,0.972,50.03,0.3,9852.0
2026-04-17 06:00:00,IN-DC-053,Greater Noida,9894.0,3368.0,498.4,91.1,13851.5,1.4,29.8,36,8.8,16.1,23.2,1,0,0.981,50.04,0.29,9835.0
2026-04-17 07:00:00,IN-DC-053,Greater Noida,9894.0,3504.5,498.4,78.4,13975.3,1.412,31.0,31,8.5,15.8,23.6,1,0,0.98,50.01,0.33,9922.0
2026-04-17 08:00:00,IN-DC-053,Greater Noida,9894.0,3668.1,498.4,57.8,14118.3,1.427,33.3,27,8.7,15.9,24.0,1,0,0.976,50.05,0.36,10024.0
2026-04-17 09:00:00,IN-DC-053,Greater Noida,9894.0,3778.2,498.4,82.7,14253.3,1.441,34.6,33,8.8,15.9,24.5,1,0,0.972,49.97,0.35,10120.0
2026-04-17 10:00:00,IN-DC-053,Greater Noida,9894.0,3893.9,498.4,72.3,14358.5,1.451,37.2,22,8.8,15.9,24.6,1,0,0.984,49.96,0.4,10195.0
2026-04-17 11:00:00,IN-DC-053,Greater Noida,9894.0,4207.4,498.4,80.7,14680.5,1.484,39.5,26,9.1,16.7,24.0,1,0,0.981,49.92,0.43,10423.0
2026-04-17 12:00:00,IN-DC-053,Greater Noida,9894.0,4140.2,498.4,58.9,14591.4,1.475,40.1,14,8.8,16.1,25.5,1,0,0.98,50.03,0.49,10360.0
2026-04-17 13:00:00,IN-DC-053,Greater Noida,9894.0,4323.8,498.4,42.4,14758.6,1.492,42.4,19,9.3,16.4,24.1,1,0,0.976,50.02,0.47,10479.0
2026-04-17 14:00:00,IN-DC-053,Greater Noida,9894.0,4317.1,498.4,65.8,14775.3,1.493,42.1,18,9.2,16.6,25.4,1,0,0.973,50.07,0.49,10490.0
2026-04-17 15:00:00,IN-DC-053,Greater Noida,9894.0,4323.6,498.4,94.7,14810.7,1.497,43.0,23,8.9,16.0,24.6,1,0,0.982,50.01,0.48,10516.0
2026-04-17 16:00:00,IN-DC-053,Greater Noida,9894.0,4379.2,498.4,80.3,14851.8,1.501,42.3,21,9.1,16.5,24.4,1,0,0.952,50.07,0.5,10545.0
2026-04-17 17:00:00,IN-DC-053,Greater Noida,9894.0,4308.4,498.4,75.7,14776.5,1.493,42.2,18,9.3,16.7,24.5,1,0,0.975,50.06,0.44,10491.0
2026-04-17 18:00:00,IN-DC-053,Greater Noida,9894.0,4335.3,498.4,82.6,14810.3,1.497,41.0,15,9.3,16.9,24.4,1,0,0.974,50.02,0.45,10515.0
2026-04-17 19:00:00,IN-DC-053,Greater Noida,9894.0,4180.2,498.4,79.1,14651.7,1.481,39.8,12,8.8,16.3,25.2,1,0,0.987,49.94,0.43,10403.0
2026-04-17 20:00:00,IN-DC-053,Greater Noida,9894.0,3975.6,498.4,77.3,14445.3,1.46,37.5,22,8.7,16.1,23.8,1,0,0.968,50.0,0.4,10256.0
2026-04-17 21:00:00,IN-DC-053,Greater Noida,9894.0,3753.8,498.4,80.9,14227.1,1.438,34.6,28,8.6,16.0,24.8,1,0,0.981,49.95,0.43,10101.0
2026-04-17 22:00:00,IN-DC-053,Greater Noida,9894.0,3598.6,498.4,73.4,14064.4,1.422,32.6,29,8.3,16.0,24.1,1,0,0.983,50.0,0.31,9986.0
2026-04-17 23:00:00,IN-DC-053,Greater Noida,9894.0,3584.9,498.4,71.9,14049.2,1.42,31.8,36,8.4,15.8,24.2,1,0,0.984,49.97,0.32,9975.0
2026-04-18 00:00:00,IN-DC-053,Greater Noida,9894.0,3429.8,498.4,99.5,13921.7,1.407,30.4,43,9.0,16.3,23.7,1,0,0.978,50.09,0.29,9884.0
2026-04-18 01:00:00,IN-DC-053,Greater Noida,9894.0,3263.0,498.4,91.8,13747.2,1.389,27.9,44,8.7,16.3,23.4,1,0,0.989,50.03,0.31,9761.0
2026-04-18 02:00:00,IN-DC-053,Greater Noida,9894.0,3337.6,498.4,74.4,13804.4,1.395,28.4,36,8.5,15.7,23.9,1,0,0.978,50.05,0.25,9801.0
2026-04-18 03:00:00,IN-DC-053,Greater Noida,9894.0,3241.1,498.4,97.9,13731.4,1.388,27.4,37,8.7,16.3,23.3,1,0,0.979,50.0,0.3,9749.0
2026-04-18 04:00:00,IN-DC-053,Greater Noida,9894.0,3238.3,498.4,75.2,13705.9,1.385,27.7,31,8.4,15.7,23.6,1,0,0.976,50.01,0.23,9731.0
2026-04-18 05:00:00,IN-DC-053,Greater Noida,9894.0,3413.1,498.4,83.7,13889.2,1.404,28.9,39,8.3,15.8,24.4,1,0,0.988,49.99,0.28,9861.0
2026-04-18 06:00:00,IN-DC-053,Greater Noida,9894.0,3384.0,498.4,74.6,13851.0,1.4,30.1,33,8.3,15.6,23.5,1,0,0.975,49.94,0.31,9834.0
2026-04-18 07:00:00,IN-DC-053,Greater Noida,9894.0,3470.3,498.4,79.3,13941.9,1.409,31.3,34,8.2,15.4,23.8,1,0,0.982,50.0,0.33,9899.0
2026-04-18 08:00:00,IN-DC-053,Greater Noida,9894.0,3668.8,498.4,74.7,14135.9,1.429,33.3,36,8.6,16.0,24.8,1,0,0.973,50.0,0.32,10036.0
2026-04-18 09:00:00,IN-DC-053,Greater Noida,9894.0,3899.3,498.4,92.8,14384.4,1.454,36.6,19,8.4,15.9,24.0,1,0,0.963,50.0,0.41,10213.0
2026-04-18 10:00:00,IN-DC-053,Greater Noida,9894.0,4047.8,498.4,62.7,14502.9,1.466,38.5,29,8.4,15.9,24.8,1,0,0.965,49.97,0.45,10297.0
2026-04-18 11:00:00,IN-DC-053,Greater Noida,9894.0,4182.7,498.4,96.6,14671.7,1.483,40.6,16,8.6,16.1,24.7,1,0,0.964,49.96,0.49,10417.0
2026-04-18 12:00:00,IN-DC-053,Greater Noida,9894.0,4300.0,498.4,89.0,14781.4,1.494,41.2,19,9.3,16.5,24.6,1,0,0.976,49.97,0.51,10495.0
2026-04-18 13:00:00,IN-DC-053,Greater Noida,9894.0,4356.1,498.4,87.9,14836.4,1.5,43.2,15,8.6,15.6,24.4,1,0,0.971,50.0,0.5,10534.0
2026-04-18 14:00:00,IN-DC-053,Greater Noida,9894.0,4414.7,498.4,89.1,14896.2,1.506,43.6,16,9.3,16.6,25.0,1,0,0.955,50.06,0.52,10576.0
2026-04-18 15:00:00,IN-DC-053,Greater Noida,9894.0,4477.6,498.4,92.2,14962.2,1.512,43.8,15,8.9,16.1,25.2,1,0,0.978,49.98,0.51,10623.0
2026-04-18 16:00:00,IN-DC-053,Greater Noida,9894.0,4359.8,498.4,77.4,14829.6,1.499,42.6,16,8.8,16.6,24.5,1,0,0.986,49.96,0.48,10529.0
2026-04-18 17:00:00,IN-DC-053,Greater Noida,9894.0,4387.0,498.4,80.1,14859.4,1.502,43.1,12,9.1,16.8,24.6,1,0,0.968,50.03,0.52,10550.0
2026-04-18 18:00:00,IN-DC-053,Greater Noida,9894.0,4376.3,498.4,80.5,14849.1,1.501,41.7,25,8.9,16.2,24.1,1,0,0.969,49.98,0.49,10543.0
2026-04-18 19:00:00,IN-DC-053,Greater Noida,9894.0,4070.3,498.4,59.9,14522.6,1.468,39.0,24,8.7,15.9,24.4,1,0,0.985,49.99,0.49,10311.0
2026-04-18 20:00:00,IN-DC-053,Greater Noida,9894.0,4107.0,498.4,76.8,14576.2,1.473,38.0,29,8.8,16.1,24.5,1,0,0.981,50.02,0.39,10349.0
2026-04-18 21:00:00,IN-DC-053,Greater Noida,9894.0,3864.4,498.4,97.7,14354.5,1.451,36.3,32,8.7,16.1,24.5,1,0,0.978,50.05,0.45,10192.0
2026-04-18 22:00:00,IN-DC-053,Greater Noida,9894.0,3632.9,498.4,86.1,14111.4,1.426,33.5,29,8.5,16.0,24.7,1,0,0.968,50.14,0.37,10019.0
2026-04-18 23:00:00,IN-DC-053,Greater Noida,9894.0,3601.2,498.4,83.1,14076.7,1.423,32.5,29,8.5,16.0,23.2,1,0,0.968,49.84,0.34,9994.0
2026-04-19 00:00:00,IN-DC-053,Greater Noida,9894.0,3698.8,498.4,87.7,14178.9,1.433,33.9,37,8.3,15.9,23.8,1,0,0.983,49.87,0.39,10067.0
2026-04-19 01:00:00,IN-DC-053,Greater Noida,9894.0,3626.4,498.4,83.9,14102.7,1.425,32.7,40,8.4,16.1,24.0,1,0,0.967,49.97,0.33,10013.0
2026-04-19 02:00:00,IN-DC-053,Greater Noida,9894.0,3619.2,498.4,72.5,14084.1,1.423,31.7,35,8.6,16.0,23.8,1,0,0.972,50.01,0.3,10000.0
2026-04-19 03:00:00,IN-DC-053,Greater Noida,9894.0,3493.5,498.4,79.8,13965.7,1.412,31.4,43,8.7,16.2,24.0,1,0,0.982,49.97,0.32,9916.0
2026-04-19 04:00:00,IN-DC-053,Greater Noida,9894.0,3536.0,498.4,84.4,14012.8,1.416,32.0,38,8.7,15.9,24.2,1,0,0.98,50.0,0.39,9949.0
2026-04-19 05:00:00,IN-DC-053,Greater Noida,9894.0,3582.0,498.4,96.8,14071.2,1.422,32.4,34,8.8,16.6,24.2,1,0,0.982,50.04,0.33,9991.0
2026-04-19 06:00:00,IN-DC-053,Greater Noida,9894.0,3696.2,498.4,91.8,14180.4,1.433,33.8,33,8.9,16.0,23.5,1,0,0.968,50.0,0.39,10068.0
2026-04-19 07:00:00,IN-DC-053,Greater Noida,9894.0,3846.9,498.4,83.3,14322.5,1.448,36.2,29,8.6,15.8,24.2,1,0,0.977,50.01,0.42,10169.0
2026-04-19 08:00:00,IN-DC-053,Greater Noida,9894.0,4015.0,498.4,78.9,14486.2,1.464,36.8,35,9.0,16.0,24.8,1,0,0.967,49.96,0.38,10285.0
2026-04-19 09:00:00,IN-DC-053,Greater Noida,9894.0,4053.8,498.4,82.1,14528.3,1.468,38.6,24,8.7,16.1,24.9,1,0,0.979,50.05,0.43,10315.0
2026-04-19 10:00:00,IN-DC-053,Greater Noida,9894.0,4321.9,498.4,84.7,14798.9,1.496,41.8,26,8.8,16.4,24.9,1,0,0.977,50.01,0.52,10507.0
2026-04-19 11:00:00,IN-DC-053,Greater Noida,9894.0,4370.1,498.4,88.6,14851.1,1.501,43.2,25,8.7,16.3,25.3,1,0,0.969,49.96,0.55,10544.0
2026-04-19 12:00:00,IN-DC-053,Greater Noida,9894.0,4639.5,498.4,90.9,15122.8,1.528,45.1,23,9.2,16.5,24.9,1,0,0.977,50.05,0.54,10737.0
2026-04-19 13:00:00,IN-DC-053,Greater Noida,9894.0,4584.8,498.4,70.0,15047.2,1.521,46.3,18,8.9,16.2,24.8,1,0,0.975,49.96,0.52,10684.0
2026-04-19 14:00:00,IN-DC-053,Greater Noida,9894.0,4697.2,498.4,70.3,15159.9,1.532,46.7,19,9.1,16.6,25.5,1,0,0.976,49.96,0.53,10764.0
2026-04-19 15:00:00,IN-DC-053,Greater Noida,9894.0,4714.4,498.4,86.8,15193.6,1.536,47.7,12,9.2,16.6,25.3,1,0,0.975,49.95,0.55,10787.0
2026-04-19 16:00:00,IN-DC-053,Greater Noida,9894.0,4657.5,498.4,71.6,15121.5,1.528,46.9,13,9.3,16.7,24.8,1,0,0.983,50.09,0.56,10736.0
2026-04-19 17:00:00,IN-DC-053,Greater Noida,9894.0,4615.4,498.4,84.8,15092.5,1.525,46.8,17,9.1,16.4,25.1,1,0,0.978,49.99,0.54,10716.0
2026-04-19 18:00:00,IN-DC-053,Greater Noida,9894.0,4561.1,498.4,75.7,15029.2,1.519,45.0,12,9.1,16.4,25.4,1,0,0.965,50.04,0.53,10671.0
2026-04-19 19:00:00,IN-DC-053,Greater Noida,9894.0,4449.6,498.4,88.8,14930.8,1.509,42.9,29,8.8,16.3,25.0,1,0,0.985,50.06,0.49,10601.0
2026-04-19 20:00:00,IN-DC-053,Greater Noida,9894.0,4338.7,498.4,80.1,14811.2,1.497,41.2,19,9.6,16.6,24.5,1,0,0.969,49.93,0.48,10516.0
2026-04-19 21:00:00,IN-DC-053,Greater Noida,9894.0,4103.3,498.4,92.2,14587.9,1.474,39.3,21,8.9,16.3,24.6,1,0,0.973,49.95,0.48,10357.0
2026-04-19 22:00:00,IN-DC-053,Greater Noida,9894.0,3904.5,498.4,85.5,14382.4,1.454,36.5,33,9.1,16.3,23.7,1,0,0.968,49.93,0.41,10211.0
2026-04-19 23:00:00,IN-DC-053,Greater Noida,9894.0,3774.2,498.4,90.8,14257.4,1.441,34.9,38,8.7,15.9,23.8,1,0,0.964,50.02,0.35,10123.0
2026-04-20 00:00:00,IN-DC-053,Greater Noida,9894.0,3676.1,498.4,68.5,14137.1,1.429,33.2,34,8.3,15.8,23.7,1,0,0.982,50.03,0.31,10037.0
2026-04-20 01:00:00,IN-DC-053,Greater Noida,9894.0,3546.8,498.4,78.5,14017.7,1.417,31.9,34,8.5,15.9,23.7,1,0,0.976,50.05,0.33,9953.0
2026-04-20 02:00:00,IN-DC-053,Greater Noida,9894.0,3533.0,498.4,91.6,14017.0,1.417,31.3,39,8.7,16.1,24.3,1,0,0.971,50.0,0.31,9952.0
2026-04-20 03:00:00,IN-DC-053,Greater Noida,9894.0,3535.4,498.4,63.7,13991.4,1.414,30.8,42,8.3,15.7,24.1,1,0,0.983,50.03,0.32,9934.0
2026-04-20 04:00:00,IN-DC-053,Greater Noida,9894.0,3467.7,498.4,76.7,13936.7,1.409,31.1,38,8.7,15.8,24.6,1,0,0.969,50.04,0.3,9895.0
2026-04-20 05:00:00,IN-DC-053,Greater Noida,9894.0,3588.0,498.4,83.3,14063.7,1.421,31.8,34,8.6,15.9,24.0,1,0,0.976,50.0,0.32,9985.0
2026-04-20 06:00:00,IN-DC-053,Greater Noida,9894.0,3561.2,498.4,72.4,14025.9,1.418,32.4,43,8.4,15.6,25.0,1,0,0.98,49.98,0.33,9958.0
2026-04-20 07:00:00,IN-DC-053,Greater Noida,9894.0,3869.3,498.4,74.2,14335.8,1.449,35.5,26,8.4,15.5,24.5,1,0,0.979,50.01,0.38,10178.0
2026-04-20 08:00:00,IN-DC-053,Greater Noida,9894.0,3921.0,498.4,74.6,14388.0,1.454,36.6,31,8.9,16.2,24.3,1,0,0.969,50.04,0.38,10215.0
2026-04-20 09:00:00,IN-DC-053,Greater Noida,9894.0,4206.4,498.4,96.2,14695.0,1.485,39.5,22,8.9,16.3,25.0,1,0,0.975,50.07,0.45,10433.0
2026-04-20 10:00:00,IN-DC-053,Greater Noida,9894.0,4240.3,498.4,71.5,14704.2,1.486,41.2,24,8.9,16.4,24.4,1,0,0.972,50.12,0.48,10440.0
2026-04-20 11:00:00,IN-DC-053,Greater Noida,9894.0,4401.7,498.4,71.7,14865.7,1.503,43.2,24,8.8,16.4,25.0,1,0,0.978,49.97,0.48,10555.0
2026-04-20 12:00:00,IN-DC-053,Greater Noida,9894.0,4422.7,498.4,72.3,14887.4,1.505,44.3,17,9.0,16.4,24.9,1,0,0.98,50.02,0.5,10570.0
2026-04-20 13:00:00,IN-DC-053,Greater Noida,9894.0,4594.3,498.4,86.9,15073.5,1.524,45.6,27,9.3,16.9,25.1,1,0,0.975,50.04,0.51,10702.0
2026-04-20 14:00:00,IN-DC-053,Greater Noida,9894.0,4606.4,498.4,63.3,15062.1,1.522,46.5,17,9.5,16.7,24.8,1,0,0.972,49.89,0.56,10694.0
2026-04-20 15:00:00,IN-DC-053,Greater Noida,9894.0,4613.9,498.4,74.1,15080.4,1.524,46.1,16,9.4,16.8,25.3,1,0,0.97,49.97,0.54,10707.0
2026-04-20 16:00:00,IN-DC-053,Greater Noida,9894.0,4639.8,498.4,57.8,15090.0,1.525,45.9,18,9.3,16.8,25.2,1,0,0.968,49.98,0.52,10714.0
2026-04-20 17:00:00,IN-DC-053,Greater Noida,9894.0,4594.8,498.4,78.5,15065.6,1.523,46.6,17,8.9,16.3,25.4,1,0,0.971,50.02,0.56,10697.0
2026-04-20 18:00:00,IN-DC-053,Greater Noida,9894.0,4506.0,498.4,85.9,14984.3,1.514,44.3,18,9.0,16.2,25.3,1,0,0.968,50.1,0.53,10639.0
2026-04-20 19:00:00,IN-DC-053,Greater Noida,9894.0,4298.0,498.4,85.8,14776.1,1.493,42.4,23,9.2,16.6,25.0,1,0,0.972,49.99,0.47,10491.0
2026-04-20 20:00:00,IN-DC-053,Greater Noida,9894.0,4228.0,498.4,89.4,14709.8,1.487,41.0,23,8.8,16.4,24.9,1,0,0.962,50.03,0.47,10444.0
2026-04-20 21:00:00,IN-DC-053,Greater Noida,9894.0,4080.0,498.4,87.8,14560.1,1.472,39.4,24,9.0,16.8,24.1,0,1,0.974,50.04,0.4,10338.0
2026-04-20 22:00:00,IN-DC-053,Greater Noida,9894.0,4005.2,498.4,76.3,14473.9,1.463,37.3,32,8.7,15.8,24.6,0,1,0.987,49.89,0.38,10276.0
2026-04-20 23:00:00,IN-DC-053,Greater Noida,9894.0,3740.3,498.4,82.3,14215.0,1.437,35.3,39,9.2,16.8,23.9,0,1,0.975,49.96,0.39,10093.0
2026-04-21 00:00:00,IN-DC-053,Greater Noida,9894.0,3731.2,498.4,88.2,14211.8,1.436,33.8,34,8.9,16.6,23.9,0,1,0.987,50.0,0.35,10090.0
2026-04-21 01:00:00,IN-DC-053,Greater Noida,9894.0,3652.5,498.4,95.4,14140.3,1.429,32.9,42,8.5,16.2,23.8,1,0,0.958,50.03,0.36,10040.0
2026-04-21 02:00:00,IN-DC-053,Greater Noida,9894.0,3543.0,498.4,83.1,14018.5,1.417,31.6,41,8.5,15.9,24.8,1,0,0.981,50.03,0.34,9953.0
2026-04-21 03:00:00,IN-DC-053,Greater Noida,9894.0,3578.5,498.4,77.0,14047.8,1.42,31.8,34,8.6,16.0,24.3,1,0,0.975,50.01,0.32,9974.0
2026-04-21 04:00:00,IN-DC-053,Greater Noida,9894.0,3589.8,498.4,82.2,14064.4,1.422,31.1,38,8.4,15.5,24.2,1,0,0.974,49.99,0.32,9986.0
2026-04-21 05:00:00,IN-DC-053,Greater Noida,9894.0,3679.4,498.4,79.4,14151.2,1.43,32.4,33,8.5,15.6,24.7,1,0,0.983,50.03,0.31,10047.0
2026-04-21 06:00:00,IN-DC-053,Greater Noida,9894.0,3633.9,498.4,86.9,14113.1,1.426,33.2,32,8.9,16.2,24.5,1,0,0.971,50.13,0.31,10020.0
2026-04-21 07:00:00,IN-DC-053,Greater Noida,9894.0,3808.1,498.4,91.6,14292.1,1.445,35.0,30,8.6,15.9,23.7,1,0,0.976,50.01,0.39,10147.0
2026-04-21 08:00:00,IN-DC-053,Greater Noida,9894.0,3878.3,498.4,82.4,14353.0,1.451,36.9,37,8.7,15.8,24.0,1,0,0.989,50.06,0.36,10191.0
2026-04-21 09:00:00,IN-DC-053,Greater Noida,9894.0,4150.1,498.4,80.1,14622.5,1.478,39.4,31,9.0,16.3,24.9,1,0,0.975,50.01,0.4,10382.0
2026-04-21 10:00:00,IN-DC-053,Greater Noida,9894.0,4268.0,498.4,86.3,14746.7,1.49,40.9,28,9.0,16.4,24.2,1,0,0.983,50.03,0.44,10470.0
2026-04-21 11:00:00,IN-DC-053,Greater Noida,9894.0,4496.4,498.4,62.6,14951.3,1.511,44.0,23,8.9,16.5,25.2,1,0,0.97,49.98,0.52,10615.0
2026-04-21 12:00:00,IN-DC-053,Greater Noida,9894.0,4538.3,498.4,79.2,15009.9,1.517,45.2,19,9.1,16.6,25.3,1,0,0.973,50.03,0.51,10657.0
2026-04-21 13:00:00,IN-DC-053,Greater Noida,9894.0,4581.3,498.4,71.8,15045.5,1.521,45.5,18,9.2,16.3,25.5,1,0,0.972,50.03,0.54,10682.0
2026-04-21 14:00:00,IN-DC-053,Greater Noida,9894.0,4693.0,498.4,78.0,15163.4,1.533,46.4,13,9.3,16.6,24.7,1,0,0.97,50.0,0.58,10766.0
2026-04-21 15:00:00,IN-DC-053,Greater Noida,9894.0,4625.9,498.4,92.3,15110.5,1.527,46.3,14,9.2,16.6,25.4,1,0,0.961,50.02,0.59,10728.0
2026-04-21 16:00:00,IN-DC-053,Greater Noida,9894.0,4587.9,498.4,88.1,15068.4,1.523,46.3,17,9.4,16.8,24.2,1,0,0.981,50.01,0.54,10699.0
2026-04-21 17:00:00,IN-DC-053,Greater Noida,9894.0,4547.6,498.4,72.1,15012.1,1.517,46.3,17,9.2,16.4,25.8,1,0,0.974,50.07,0.57,10659.0
2026-04-21 18:00:00,IN-DC-053,Greater Noida,9894.0,4480.0,498.4,90.5,14962.8,1.512,44.0,16,9.1,16.4,25.2,1,0,0.965,50.03,0.52,10624.0
2026-04-21 19:00:00,IN-DC-053,Greater Noida,9894.0,4340.9,498.4,77.7,14811.0,1.497,42.8,17,9.1,16.3,24.8,1,0,0.974,50.02,0.52,10516.0
2026-04-21 20:00:00,IN-DC-053,Greater Noida,9894.0,4203.8,498.4,69.6,14665.8,1.482,41.2,22,9.1,16.2,23.8,1,0,0.985,50.05,0.46,10413.0
2026-04-21 21:00:00,IN-DC-053,Greater Noida,9894.0,4143.4,498.4,80.4,14616.1,1.477,38.7,24,9.1,16.2,24.5,1,0,0.972,50.02,0.47,10377.0
2026-04-21 22:00:00,IN-DC-053,Greater Noida,9894.0,3826.8,498.4,90.1,14309.3,1.446,36.3,26,8.8,15.9,24.3,1,0,0.981,50.07,0.39,10160.0
2026-04-21 23:00:00,IN-DC-053,Greater Noida,9894.0,3725.7,498.4,84.8,14202.9,1.436,34.4,30,8.7,16.1,24.0,1,0,0.986,50.0,0.38,10084.0
2026-04-22 00:00:00,IN-DC-053,Greater Noida,9894.0,3438.2,498.4,78.2,13908.7,1.406,29.3,33,8.4,15.9,24.4,1,0,0.977,49.95,0.31,9875.0
2026-04-22 01:00:00,IN-DC-053,Greater Noida,9894.0,3237.7,498.4,73.9,13704.0,1.385,27.8,41,8.6,16.0,23.2,1,0,0.969,49.97,0.27,9730.0
2026-04-22 02:00:00,IN-DC-053,Greater Noida,9894.0,3083.4,498.4,76.1,13551.8,1.37,25.6,40,8.5,16.0,24.1,1,0,0.98,49.99,0.24,9622.0
2026-04-22 03:00:00,IN-DC-053,Greater Noida,9894.0,3170.2,498.4,77.7,13640.3,1.379,27.1,44,8.5,16.2,23.8,1,0,0.97,50.06,0.27,9685.0
2026-04-22 04:00:00,IN-DC-053,Greater Noida,9894.0,3121.1,498.4,89.5,13602.9,1.375,26.3,39,8.6,16.2,24.1,1,0,0.978,50.05,0.23,9658.0
2026-04-22 05:00:00,IN-DC-053,Greater Noida,9894.0,3237.3,498.4,75.8,13705.5,1.385,27.2,39,8.6,16.2,24.0,1,0,0.968,49.95,0.28,9731.0
2026-04-22 06:00:00,IN-DC-053,Greater Noida,9894.0,3385.9,498.4,80.5,13858.8,1.401,29.2,38,8.6,16.1,23.8,1,0,0.988,50.08,0.31,9840.0
2026-04-22 07:00:00,IN-DC-053,Greater Noida,9894.0,3510.0,498.4,89.3,13991.6,1.414,31.2,24,8.5,15.9,23.6,1,0,0.968,49.98,0.29,9934.0
2026-04-22 08:00:00,IN-DC-053,Greater Noida,9894.0,3604.7,498.4,85.7,14082.7,1.423,32.6,32,8.7,16.1,24.2,1,0,0.972,49.97,0.36,9999.0
2026-04-22 09:00:00,IN-DC-053,Greater Noida,9894.0,3778.5,498.4,89.0,14259.8,1.441,33.9,32,8.8,16.1,24.2,1,0,0.957,49.99,0.35,10124.0
2026-04-22 10:00:00,IN-DC-053,Greater Noida,9894.0,3917.0,498.4,81.4,14390.8,1.454,36.9,22,9.1,16.4,25.1,1,0,0.98,49.96,0.42,10217.0
2026-04-22 11:00:00,IN-DC-053,Greater Noida,9894.0,4035.8,498.4,83.3,14511.4,1.467,37.8,12,8.7,15.8,24.2,1,0,0.966,50.01,0.43,10303.0
2026-04-22 12:00:00,IN-DC-053,Greater Noida,9894.0,4126.7,498.4,105.2,14624.3,1.478,39.4,22,8.9,16.3,24.5,1,0,0.984,49.94,0.4,10383.0
2026-04-22 13:00:00,IN-DC-053,Greater Noida,9894.0,4295.0,498.4,70.6,14757.9,1.492,41.2,23,9.2,16.6,24.5,1,0,0.989,50.0,0.51,10478.0
2026-04-22 14:00:00,IN-DC-053,Greater Noida,9894.0,4352.5,498.4,66.6,14811.5,1.497,42.3,18,8.8,16.1,24.5,1,0,0.969,50.02,0.48,10516.0
2026-04-22 15:00:00,IN-DC-053,Greater Noida,9894.0,4320.2,498.4,90.4,14802.9,1.496,42.7,13,8.8,16.1,24.8,1,0,0.966,49.99,0.53,10510.0
2026-04-22 16:00:00,IN-DC-053,Greater Noida,9894.0,4355.0,498.4,72.9,14820.3,1.498,42.5,15,9.2,16.6,25.1,1,0,0.967,49.94,0.49,10522.0
2026-04-22 17:00:00,IN-DC-053,Greater Noida,9894.0,4168.4,498.4,90.7,14651.4,1.481,40.3,13,8.7,16.4,24.6,1,0,0.992,49.99,0.45,10403.0
2026-04-22 18:00:00,IN-DC-053,Greater Noida,9894.0,4134.8,498.4,79.7,14606.9,1.476,39.8,20,8.7,15.7,24.5,1,0,0.97,50.04,0.46,10371.0
2026-04-22 19:00:00,IN-DC-053,Greater Noida,9894.0,4067.9,498.4,82.5,14542.8,1.47,38.4,25,8.7,16.4,24.2,1,0,0.962,50.02,0.39,10325.0
2026-04-22 20:00:00,IN-DC-053,Greater Noida,9894.0,3879.0,498.4,83.5,14354.8,1.451,36.1,26,8.7,16.3,24.6,1,0,0.98,49.99,0.36,10192.0
2026-04-22 21:00:00,IN-DC-053,Greater Noida,9894.0,3693.3,498.4,80.1,14165.8,1.432,33.8,34,8.8,16.2,24.0,1,0,0.972,50.03,0.36,10058.0
2026-04-22 22:00:00,IN-DC-053,Greater Noida,9894.0,3604.7,498.4,83.3,14080.3,1.423,32.4,39,8.3,15.9,24.1,1,0,0.969,50.03,0.37,9997.0
2026-04-22 23:00:00,IN-DC-053,Greater Noida,9894.0,3470.7,498.4,93.9,13956.9,1.411,30.7,35,8.2,15.7,23.5,1,0,0.974,50.05,0.33,9909.0
2026-04-23 00:00:00,IN-DC-053,Greater Noida,9894.0,3244.7,498.4,78.6,13715.7,1.386,28.1,41,8.3,15.7,24.2,1,0,0.973,49.98,0.28,9738.0
2026-04-23 01:00:00,IN-DC-053,Greater Noida,9894.0,3289.6,498.4,74.4,13756.4,1.39,27.9,44,8.6,16.2,23.8,1,0,0.962,50.0,0.29,9767.0
2026-04-23 02:00:00,IN-DC-053,Greater Noida,9894.0,3110.9,498.4,101.8,13605.0,1.375,25.9,43,8.8,16.0,23.0,1,0,0.972,50.04,0.26,9660.0
2026-04-23 03:00:00,IN-DC-053,Greater Noida,9894.0,3208.5,498.4,76.1,13677.0,1.382,27.2,38,8.3,15.6,23.7,1,0,0.98,49.97,0.26,9711.0
2026-04-23 04:00:00,IN-DC-053,Greater Noida,9894.0,3170.0,498.4,86.1,13648.5,1.379,26.2,45,8.6,16.3,24.3,1,0,0.974,50.01,0.28,9690.0
2026-04-23 05:00:00,IN-DC-053,Greater Noida,9894.0,3157.4,498.4,73.7,13623.5,1.377,27.5,37,8.9,16.4,23.6,1,0,0.979,50.0,0.3,9673.0
2026-04-23 06:00:00,IN-DC-053,Greater Noida,9894.0,3391.5,498.4,79.5,13863.4,1.401,29.0,41,8.6,15.6,24.9,1,0,0.973,49.93,0.28,9843.0
2026-04-23 07:00:00,IN-DC-053,Greater Noida,9894.0,3454.7,498.4,75.3,13922.4,1.407,30.7,33,8.5,15.8,24.0,1,0,0.978,50.07,0.32,9885.0
2026-04-23 08:00:00,IN-DC-053,Greater Noida,9894.0,3713.2,498.4,84.0,14189.6,1.434,33.1,31,8.6,15.7,24.0,1,0,0.977,50.06,0.32,10075.0
2026-04-23 09:00:00,IN-DC-053,Greater Noida,9894.0,3730.9,498.4,87.9,14211.2,1.436,34.2,26,8.6,16.1,24.8,1,0,0.987,49.94,0.38,10090.0
2026-04-23 10:00:00,IN-DC-053,Greater Noida,9894.0,3870.2,498.4,81.1,14343.7,1.45,36.5,30,8.8,16.4,23.8,1,0,0.98,50.02,0.37,10184.0
2026-04-23 11:00:00,IN-DC-053,Greater Noida,9894.0,3994.2,498.4,77.7,14464.2,1.462,38.1,19,8.5,16.0,24.3,1,0,0.969,50.05,0.39,10270.0
2026-04-23 12:00:00,IN-DC-053,Greater Noida,9894.0,4145.6,498.4,76.3,14614.3,1.477,40.5,23,8.8,16.0,24.7,1,0,0.978,49.99,0.44,10376.0
2026-04-23 13:00:00,IN-DC-053,Greater Noida,9894.0,4235.6,498.4,68.7,14696.6,1.485,41.4,23,8.7,16.1,24.2,1,0,0.974,50.02,0.47,10435.0
2026-04-23 14:00:00,IN-DC-053,Greater Noida,9894.0,4307.5,498.4,77.7,14777.5,1.494,41.9,17,8.7,16.0,24.9,1,0,0.967,50.05,0.45,10492.0
2026-04-23 15:00:00,IN-DC-053,Greater Noida,9894.0,4288.6,498.4,90.8,14771.8,1.493,42.0,21,8.7,16.4,25.1,1,0,0.995,49.93,0.48,10488.0
2026-04-23 16:00:00,IN-DC-053,Greater Noida,9894.0,4333.4,498.4,91.2,14817.0,1.498,42.0,22,9.0,16.4,25.2,1,0,0.989,49.92,0.48,10520.0
2026-04-23 17:00:00,IN-DC-053,Greater Noida,9894.0,4187.1,498.4,66.2,14645.7,1.48,41.8,18,8.9,16.0,24.9,1,0,0.978,49.94,0.48,10398.0
2026-04-23 18:00:00,IN-DC-053,Greater Noida,9894.0,4188.5,498.4,89.3,14670.1,1.483,40.3,15,8.7,16.0,24.5,1,0,0.98,49.97,0.45,10416.0
2026-04-23 19:00:00,IN-DC-053,Greater Noida,9894.0,4124.2,498.4,75.2,14591.8,1.475,38.7,22,8.7,16.6,24.6,1,0,0.974,50.0,0.41,10360.0
2026-04-23 20:00:00,IN-DC-053,Greater Noida,9894.0,3908.9,498.4,87.7,14389.0,1.454,37.4,20,8.8,16.5,23.9,1,0,0.97,50.06,0.36,10216.0
2026-04-23 21:00:00,IN-DC-053,Greater Noida,9894.0,3827.1,498.4,88.9,14308.3,1.446,34.5,31,8.8,16.3,23.5,1,0,0.978,49.93,0.31,10159.0
2026-04-23 22:00:00,IN-DC-053,Greater Noida,9894.0,3554.4,498.4,89.4,14036.1,1.419,32.3,33,8.4,15.7,23.6,1,0,0.977,50.05,0.31,9966.0
2026-04-23 23:00:00,IN-DC-053,Greater Noida,9894.0,3484.6,498.4,73.6,13950.6,1.41,31.5,30,8.6,15.6,23.9,1,0,0.961,50.02,0.3,9905.0
2026-04-24 00:00:00,IN-DC-053,Greater Noida,9894.0,3376.2,498.4,69.1,13837.7,1.399,29.9,36,8.9,16.1,24.2,1,0,0.985,49.93,0.29,9825.0
2026-04-24 01:00:00,IN-DC-053,Greater Noida,9894.0,3217.3,498.4,60.4,13670.0,1.382,27.7,44,8.7,16.1,24.4,1,0,0.973,50.02,0.25,9706.0
2026-04-24 02:00:00,IN-DC-053,Greater Noida,9894.0,3242.8,498.4,72.6,13707.8,1.385,27.8,46,8.5,15.8,23.6,1,0,0.976,50.03,0.28,9733.0
2026-04-24 03:00:00,IN-DC-053,Greater Noida,9894.0,3212.6,498.4,61.0,13666.0,1.381,26.7,38,8.5,15.9,23.9,1,0,0.973,50.06,0.24,9703.0
2026-04-24 04:00:00,IN-DC-053,Greater Noida,9894.0,3213.8,498.4,94.3,13700.5,1.385,27.6,40,8.7,16.1,23.5,1,0,0.975,50.08,0.26,9727.0
2026-04-24 05:00:00,IN-DC-053,Greater Noida,9894.0,3213.1,498.4,90.2,13695.7,1.384,27.9,38,8.5,16.1,24.5,1,0,0.98,49.91,0.31,9724.0
2026-04-24 06:00:00,IN-DC-053,Greater Noida,9894.0,3419.6,498.4,82.1,13894.0,1.404,29.7,40,8.7,16.0,23.7,1,0,0.981,49.98,0.31,9865.0
2026-04-24 07:00:00,IN-DC-053,Greater Noida,9894.0,3448.5,498.4,70.6,13911.5,1.406,30.6,28,8.9,16.2,24.2,1,0,0.991,50.0,0.28,9877.0
2026-04-24 08:00:00,IN-DC-053,Greater Noida,9894.0,3665.7,498.4,84.1,14142.2,1.429,33.5,34,8.8,16.1,24.1,1,0,0.975,50.0,0.36,10041.0
2026-04-24 09:00:00,IN-DC-053,Greater Noida,9894.0,3821.6,498.4,76.9,14290.9,1.444,35.7,26,8.7,16.1,23.9,1,0,0.958,50.12,0.41,10147.0
2026-04-24 10:00:00,IN-DC-053,Greater Noida,9894.0,3914.1,498.4,64.5,14371.0,1.452,37.5,24,8.8,16.1,25.1,1,0,0.972,49.99,0.45,10203.0
2026-04-24 11:00:00,IN-DC-053,Greater Noida,9894.0,4034.4,498.4,80.9,14507.7,1.466,38.7,19,9.0,16.6,23.9,1,0,0.99,50.0,0.4,10300.0
2026-04-24 12:00:00,IN-DC-053,Greater Noida,9894.0,4192.3,498.4,73.9,14658.6,1.482,40.4,21,9.0,16.1,24.9,1,0,0.988,50.01,0.49,10408.0
2026-04-24 13:00:00,IN-DC-053,Greater Noida,9894.0,4292.5,498.4,67.2,14752.1,1.491,41.9,27,9.0,16.4,25.0,1,0,0.989,49.96,0.47,10474.0
2026-04-24 14:00:00,IN-DC-053,Greater Noida,9894.0,4394.7,498.4,91.0,14878.1,1.504,42.9,16,8.9,16.5,25.4,1,0,0.98,50.06,0.46,10563.0
2026-04-24 15:00:00,IN-DC-053,Greater Noida,9894.0,4430.2,498.4,68.0,14890.5,1.505,42.7,18,9.2,16.7,25.2,1,0,0.967,49.97,0.48,10572.0
2026-04-24 16:00:00,IN-DC-053,Greater Noida,9894.0,4381.6,498.4,88.3,14862.3,1.502,42.8,16,8.8,16.4,25.2,1,0,0.964,50.0,0.53,10552.0
2026-04-24 17:00:00,IN-DC-053,Greater Noida,9894.0,4339.9,498.4,83.6,14815.8,1.497,41.7,14,9.0,16.1,25.6,1,0,0.981,50.06,0.44,10519.0
2026-04-24 18:00:00,IN-DC-053,Greater Noida,9894.0,4195.8,498.4,83.3,14671.5,1.483,40.8,23,9.1,16.5,24.4,1,0,0.995,49.95,0.44,10417.0
2026-04-24 19:00:00,IN-DC-053,Greater Noida,9894.0,4152.7,498.4,73.1,14618.2,1.477,38.9,22,8.7,16.3,24.6,1,0,0.975,49.97,0.46,10379.0
2026-04-24 20:00:00,IN-DC-053,Greater Noida,9894.0,3897.1,498.4,92.8,14382.2,1.454,36.9,28,8.7,16.1,24.5,1,0,0.977,49.95,0.39,10211.0
2026-04-24 21:00:00,IN-DC-053,Greater Noida,9894.0,3838.9,498.4,74.6,14305.8,1.446,35.2,17,8.6,16.0,23.5,1,0,0.968,49.88,0.41,10157.0
2026-04-24 22:00:00,IN-DC-053,Greater Noida,9894.0,3624.0,498.4,84.1,14100.5,1.425,32.9,32,8.2,16.0,23.6,1,0,0.982,49.95,0.35,10011.0
2026-04-24 23:00:00,IN-DC-053,Greater Noida,9894.0,3392.4,498.4,71.1,13855.8,1.4,29.6,32,8.5,16.0,23.9,1,0,0.971,50.07,0.26,9838.0
2026-04-25 00:00:00,IN-DC-053,Greater Noida,9894.0,3285.6,498.4,70.1,13748.0,1.39,29.4,40,8.3,15.6,23.7,1,0,0.971,50.02,0.25,9761.0
2026-04-25 01:00:00,IN-DC-053,Greater Noida,9894.0,3265.7,498.4,102.2,13760.2,1.391,27.9,43,8.5,16.2,24.3,1,0,0.981,50.09,0.25,9770.0
2026-04-25 02:00:00,IN-DC-053,Greater Noida,9894.0,3173.5,498.4,92.8,13658.7,1.381,26.9,38,8.4,15.9,24.3,1,0,0.995,49.99,0.34,9698.0
2026-04-25 03:00:00,IN-DC-053,Greater Noida,9894.0,3156.9,498.4,78.2,13627.5,1.377,26.7,38,8.2,15.4,24.4,1,0,0.982,49.97,0.21,9676.0
2026-04-25 04:00:00,IN-DC-053,Greater Noida,9894.0,3164.3,498.4,84.6,13641.3,1.379,27.6,31,8.5,15.8,24.2,1,0,0.981,49.97,0.24,9685.0
2026-04-25 05:00:00,IN-DC-053,Greater Noida,9894.0,3227.5,498.4,66.2,13686.0,1.383,27.7,35,8.6,15.9,23.7,1,0,0.984,50.03,0.3,9717.0
2026-04-25 06:00:00,IN-DC-053,Greater Noida,9894.0,3369.2,498.4,82.6,13844.1,1.399,28.9,41,8.5,15.7,24.5,1,0,0.978,49.95,0.31,9829.0
2026-04-25 07:00:00,IN-DC-053,Greater Noida,9894.0,3570.3,498.4,67.2,14029.9,1.418,31.6,41,8.5,16.3,23.9,1,0,0.97,50.04,0.37,9961.0
2026-04-25 08:00:00,IN-DC-053,Greater Noida,9894.0,3662.5,498.4,65.2,14120.1,1.427,32.5,31,8.6,16.0,24.8,1,0,0.979,50.01,0.33,10025.0
2026-04-25 09:00:00,IN-DC-053,Greater Noida,9894.0,3767.0,498.4,100.6,14260.0,1.441,34.7,36,8.9,16.0,24.4,1,0,0.981,49.92,0.37,10125.0
2026-04-25 10:00:00,IN-DC-053,Greater Noida,9894.0,4014.1,498.4,79.7,14486.2,1.464,37.8,26,8.8,16.3,24.8,1,0,0.974,49.92,0.39,10285.0
2026-04-25 11:00:00,IN-DC-053,Greater Noida,9894.0,4016.7,498.4,85.0,14494.1,1.465,38.3,14,8.7,16.3,24.1,1,0,0.983,49.99,0.42,10291.0
2026-04-25 12:00:00,IN-DC-053,Greater Noida,9894.0,4215.3,498.4,71.7,14679.3,1.484,40.4,22,9.0,16.1,24.9,1,0,0.978,50.1,0.46,10422.0
2026-04-25 13:00:00,IN-DC-053,Greater Noida,9894.0,4330.2,498.4,82.7,14805.3,1.496,42.2,19,9.3,16.3,25.1,1,0,0.978,50.01,0.49,10512.0
2026-04-25 14:00:00,IN-DC-053,Greater Noida,9894.0,4433.5,498.4,73.4,14899.2,1.506,43.1,20,9.3,16.7,24.9,1,0,0.984,50.09,0.48,10578.0
2026-04-25 15:00:00,IN-DC-053,Greater Noida,9894.0,4296.3,498.4,81.2,14769.9,1.493,43.2,21,8.8,15.9,24.8,1,0,0.964,50.03,0.48,10487.0
2026-04-25 16:00:00,IN-DC-053,Greater Noida,9894.0,4375.1,498.4,92.2,14859.7,1.502,43.5,17,8.9,16.5,24.6,1,0,0.969,50.03,0.49,10550.0
2026-04-25 17:00:00,IN-DC-053,Greater Noida,9894.0,4368.4,498.4,98.9,14859.7,1.502,42.3,18,9.2,16.7,25.0,1,0,0.965,49.93,0.51,10550.0
2026-04-25 18:00:00,IN-DC-053,Greater Noida,9894.0,4206.9,498.4,92.8,14692.0,1.485,40.7,12,9.1,16.7,25.3,1,0,0.96,50.03,0.44,10431.0
2026-04-25 19:00:00,IN-DC-053,Greater Noida,9894.0,4007.8,498.4,81.6,14481.8,1.464,39.0,23,8.9,16.1,23.8,1,0,0.972,50.0,0.46,10282.0
2026-04-25 20:00:00,IN-DC-053,Greater Noida,9894.0,3989.8,498.4,104.3,14486.5,1.464,37.4,20,8.6,16.0,24.9,1,0,0.966,49.99,0.42,10285.0
2026-04-25 21:00:00,IN-DC-053,Greater Noida,9894.0,3760.0,498.4,87.1,14239.5,1.439,34.8,27,8.5,16.2,24.3,1,0,0.992,49.99,0.35,10110.0
2026-04-25 22:00:00,IN-DC-053,Greater Noida,9894.0,3609.9,498.4,70.5,14072.8,1.422,33.1,30,8.4,15.7,24.0,1,0,0.976,49.98,0.35,9992.0
2026-04-25 23:00:00,IN-DC-053,Greater Noida,9894.0,3604.8,498.4,72.6,14069.8,1.422,32.0,38,9.0,16.2,24.9,1,0,0.974,49.99,0.34,9990.0
2026-04-26 00:00:00,IN-DC-053,Greater Noida,9894.0,3449.8,498.4,55.5,13897.7,1.405,29.8,37,8.9,16.4,24.1,1,0,0.976,50.11,0.3,9867.0
2026-04-26 01:00:00,IN-DC-053,Greater Noida,9894.0,3282.5,498.4,86.6,13761.5,1.391,29.1,43,8.5,15.5,24.3,1,0,0.978,49.99,0.3,9771.0
2026-04-26 02:00:00,IN-DC-053,Greater Noida,9894.0,3230.7,498.4,86.1,13709.2,1.386,27.7,36,8.0,15.6,24.6,1,0,0.983,49.99,0.29,9734.0
2026-04-26 03:00:00,IN-DC-053,Greater Noida,9894.0,3183.0,498.4,73.2,13648.6,1.379,26.8,46,8.7,15.9,24.9,1,0,0.98,50.07,0.31,9690.0
2026-04-26 04:00:00,IN-DC-053,Greater Noida,9894.0,3151.7,498.4,57.0,13601.0,1.375,26.8,39,8.3,15.4,24.4,0,1,0.969,49.98,0.28,9657.0
2026-04-26 05:00:00,IN-DC-053,Greater Noida,9894.0,3213.8,498.4,65.6,13671.8,1.382,27.7,48,8.7,16.1,23.8,1,0,0.976,50.05,0.25,9707.0
2026-04-26 06:00:00,IN-DC-053,Greater Noida,9894.0,3429.6,498.4,73.0,13895.0,1.404,30.0,27,8.5,15.9,23.9,1,0,0.975,50.05,0.32,9865.0
2026-04-26 07:00:00,IN-DC-053,Greater Noida,9894.0,3460.7,498.4,82.6,13935.7,1.408,30.2,34,8.6,16.1,23.9,1,0,0.979,50.0,0.29,9894.0
2026-04-26 08:00:00,IN-DC-053,Greater Noida,9894.0,3675.8,498.4,76.4,14144.6,1.43,33.3,28,8.6,16.1,24.1,1,0,0.98,50.04,0.38,10043.0
2026-04-26 09:00:00,IN-DC-053,Greater Noida,9894.0,3834.3,498.4,83.7,14310.4,1.446,34.6,30,8.6,16.1,23.9,1,0,0.963,50.0,0.39,10160.0
2026-04-26 10:00:00,IN-DC-053,Greater Noida,9894.0,4057.7,498.4,76.3,14526.4,1.468,37.7,26,8.4,15.7,24.7,1,0,0.967,49.99,0.41,10314.0
2026-04-26 11:00:00,IN-DC-053,Greater Noida,9894.0,4171.3,498.4,83.7,14647.3,1.48,39.9,21,9.3,16.7,23.9,1,0,0.969,50.03,0.41,10400.0
2026-04-26 12:00:00,IN-DC-053,Greater Noida,9894.0,4290.5,498.4,78.7,14761.5,1.492,41.8,18,9.0,16.5,25.4,1,0,0.982,49.94,0.49,10481.0
2026-04-26 13:00:00,IN-DC-053,Greater Noida,9894.0,4222.0,498.4,92.0,14706.3,1.486,41.6,19,8.8,16.4,24.9,1,0,0.985,50.0,0.47,10442.0
2026-04-26 14:00:00,IN-DC-053,Greater Noida,9894.0,4451.8,498.4,64.6,14908.8,1.507,43.9,19,9.2,16.7,24.7,1,0,0.978,49.99,0.52,10585.0
2026-04-26 15:00:00,IN-DC-053,Greater Noida,9894.0,4476.3,498.4,88.6,14957.3,1.512,44.3,22,9.4,16.8,25.3,1,0,0.965,49.97,0.49,10620.0
2026-04-26 16:00:00,IN-DC-053,Greater Noida,9894.0,4499.5,498.4,89.4,14981.2,1.514,43.9,20,9.2,16.8,25.2,1,0,0.989,50.06,0.54,10637.0
2026-04-26 17:00:00,IN-DC-053,Greater Noida,9894.0,4312.6,498.4,87.2,14792.2,1.495,42.6,13,8.7,15.9,25.1,1,0,0.963,49.95,0.48,10502.0
2026-04-26 18:00:00,IN-DC-053,Greater Noida,9894.0,4242.1,498.4,78.3,14712.8,1.487,40.6,17,9.0,16.5,25.2,1,0,0.975,49.93,0.46,10446.0
2026-04-26 19:00:00,IN-DC-053,Greater Noida,9894.0,4098.7,498.4,83.4,14574.5,1.473,38.8,19,8.5,15.7,24.7,1,0,0.979,49.97,0.43,10348.0
2026-04-26 20:00:00,IN-DC-053,Greater Noida,9894.0,3914.0,498.4,88.9,14395.2,1.455,37.3,22,8.6,15.8,25.1,1,0,0.968,50.06,0.43,10221.0
2026-04-26 21:00:00,IN-DC-053,Greater Noida,9894.0,3711.8,498.4,70.6,14174.8,1.433,34.6,31,8.6,16.0,24.8,1,0,0.992,49.89,0.36,10064.0
2026-04-26 22:00:00,IN-DC-053,Greater Noida,9894.0,3601.3,498.4,70.4,14064.1,1.421,32.4,33,8.6,15.7,23.6,1,0,0.981,50.03,0.35,9985.0
2026-04-26 23:00:00,IN-DC-053,Greater Noida,9894.0,3592.4,498.4,90.1,14074.9,1.423,32.0,31,8.6,15.9,24.3,1,0,0.987,49.98,0.34,9993.0
2026-04-27 00:00:00,IN-DC-053,Greater Noida,9894.0,3378.7,498.4,88.4,13859.5,1.401,30.2,30,8.9,16.5,23.9,1,0,0.973,49.94,0.31,9840.0
2026-04-27 01:00:00,IN-DC-053,Greater Noida,9894.0,3372.8,498.4,78.1,13843.3,1.399,28.7,37,8.4,15.9,23.8,1,0,0.952,50.03,0.24,9829.0
2026-04-27 02:00:00,IN-DC-053,Greater Noida,9894.0,3245.6,498.4,70.2,13708.1,1.386,27.2,44,8.3,15.5,24.6,1,0,0.974,50.03,0.23,9733.0
2026-04-27 03:00:00,IN-DC-053,Greater Noida,9894.0,3312.1,498.4,61.9,13766.4,1.391,27.3,37,8.3,15.7,23.4,1,0,0.967,50.01,0.26,9774.0
2026-04-27 04:00:00,IN-DC-053,Greater Noida,9894.0,3356.8,498.4,87.8,13836.9,1.399,27.9,39,8.3,15.6,24.2,1,0,0.959,49.99,0.3,9824.0
2026-04-27 05:00:00,IN-DC-053,Greater Noida,9894.0,3228.3,498.4,84.7,13705.4,1.385,28.5,40,8.4,15.3,23.5,1,0,0.97,50.05,0.3,9731.0
2026-04-27 06:00:00,IN-DC-053,Greater Noida,9894.0,3310.8,498.4,87.2,13790.4,1.394,29.2,41,8.8,16.3,23.6,1,0,0.965,50.07,0.3,9791.0
2026-04-27 07:00:00,IN-DC-053,Greater Noida,9894.0,3440.5,498.4,94.4,13927.3,1.408,31.4,36,8.8,16.3,24.6,1,0,0.974,50.07,0.29,9888.0
2026-04-27 08:00:00,IN-DC-053,Greater Noida,9894.0,3622.4,498.4,99.2,14114.0,1.427,33.3,34,8.5,16.0,23.9,1,0,0.954,50.04,0.34,10021.0
2026-04-27 09:00:00,IN-DC-053,Greater Noida,9894.0,3870.3,498.4,74.1,14336.8,1.449,35.4,32,9.0,16.1,24.3,1,0,0.967,50.02,0.38,10179.0
2026-04-27 10:00:00,IN-DC-053,Greater Noida,9894.0,4046.8,498.4,75.3,14514.5,1.467,37.3,28,8.8,16.1,24.4,1,0,0.971,50.03,0.41,10305.0
2026-04-27 11:00:00,IN-DC-053,Greater Noida,9894.0,4081.4,498.4,94.6,14568.4,1.472,39.9,18,9.2,16.9,23.8,1,0,0.979,50.03,0.43,10344.0
2026-04-27 12:00:00,IN-DC-053,Greater Noida,9894.0,4190.5,498.4,86.4,14669.2,1.483,40.3,25,9.0,16.1,24.7,1,0,0.967,50.03,0.41,10415.0
2026-04-27 13:00:00,IN-DC-053,Greater Noida,9894.0,4347.7,498.4,57.4,14797.5,1.496,42.8,18,9.1,16.5,25.4,1,0,0.984,49.96,0.51,10506.0
2026-04-27 14:00:00,IN-DC-053,Greater Noida,9894.0,4386.4,498.4,104.5,14883.3,1.504,42.4,16,8.9,16.2,24.8,1,0,0.97,50.01,0.5,10567.0
2026-04-27 15:00:00,IN-DC-053,Greater Noida,9894.0,4358.5,498.4,60.3,14811.2,1.497,43.5,22,9.1,16.1,26.2,1,0,0.982,49.95,0.49,10516.0
2026-04-27 16:00:00,IN-DC-053,Greater Noida,9894.0,4456.0,498.4,92.2,14940.6,1.51,43.3,18,8.9,16.9,24.3,1,0,0.973,49.98,0.51,10608.0
2026-04-27 17:00:00,IN-DC-053,Greater Noida,9894.0,4280.3,498.4,72.0,14744.6,1.49,41.9,21,9.2,16.5,24.6,1,0,0.977,49.93,0.49,10469.0
2026-04-27 18:00:00,IN-DC-053,Greater Noida,9894.0,4132.8,498.4,80.1,14605.3,1.476,40.6,21,8.8,16.2,24.1,1,0,0.982,49.95,0.44,10370.0
2026-04-27 19:00:00,IN-DC-053,Greater Noida,9894.0,4130.5,498.4,82.6,14605.5,1.476,39.0,18,9.1,16.4,24.4,1,0,0.975,50.08,0.46,10370.0
2026-04-27 20:00:00,IN-DC-053,Greater Noida,9894.0,3943.6,498.4,72.4,14408.3,1.456,36.3,21,8.8,16.5,24.1,1,0,0.977,49.98,0.4,10230.0
2026-04-27 21:00:00,IN-DC-053,Greater Noida,9894.0,3728.1,498.4,102.2,14222.6,1.437,34.4,27,8.5,16.3,23.9,1,0,0.98,50.0,0.39,10098.0
2026-04-27 22:00:00,IN-DC-053,Greater Noida,9894.0,3725.6,498.4,99.6,14217.6,1.437,32.9,31,8.7,16.0,24.1,1,0,0.975,49.96,0.36,10094.0
2026-04-27 23:00:00,IN-DC-053,Greater Noida,9894.0,3453.4,498.4,88.6,13934.4,1.408,31.3,33,8.5,16.3,24.0,1,0,0.98,50.05,0.33,9893.0
2026-04-28 00:00:00,IN-DC-053,Greater Noida,9894.0,3415.4,498.4,66.9,13874.6,1.402,29.4,34,8.6,16.1,23.7,1,0,0.981,49.96,0.3,9851.0
2026-04-28 01:00:00,IN-DC-053,Greater Noida,9894.0,3322.5,498.4,58.7,13773.6,1.392,28.0,34,8.6,16.1,23.6,1,0,0.975,49.94,0.33,9779.0
2026-04-28 02:00:00,IN-DC-053,Greater Noida,9894.0,3187.0,498.4,81.1,13660.5,1.381,26.9,38,8.6,15.7,24.4,1,0,0.968,49.96,0.23,9699.0
2026-04-28 03:00:00,IN-DC-053,Greater Noida,9894.0,3223.5,498.4,77.5,13693.4,1.384,26.8,41,8.4,15.7,24.3,1,0,0.985,50.0,0.28,9722.0
2026-04-28 04:00:00,IN-DC-053,Greater Noida,9894.0,3258.6,498.4,73.8,13724.8,1.387,27.8,38,8.7,16.4,23.7,1,0,0.97,50.04,0.24,9745.0
2026-04-28 05:00:00,IN-DC-053,Greater Noida,9894.0,3205.8,498.4,83.2,13681.4,1.383,26.9,42,8.3,15.7,24.3,1,0,0.971,49.96,0.26,9714.0
2026-04-28 06:00:00,IN-DC-053,Greater Noida,9894.0,3419.1,498.4,82.2,13893.7,1.404,29.5,38,8.7,16.0,23.9,1,0,0.98,50.01,0.3,9865.0
2026-04-28 07:00:00,IN-DC-053,Greater Noida,9894.0,3463.1,498.4,81.8,13937.3,1.409,31.1,30,8.9,16.5,23.4,1,0,0.962,49.98,0.29,9895.0
2026-04-28 08:00:00,IN-DC-053,Greater Noida,9894.0,3643.8,498.4,62.6,14098.8,1.425,32.3,34,8.9,16.3,23.9,1,0,0.984,50.07,0.31,10010.0
2026-04-28 09:00:00,IN-DC-053,Greater Noida,9894.0,3841.4,498.4,76.1,14309.9,1.446,35.1,27,8.6,16.5,23.5,1,0,0.963,50.02,0.36,10160.0
2026-04-28 10:00:00,IN-DC-053,Greater Noida,9894.0,3893.1,498.4,93.5,14379.1,1.453,36.6,22,8.6,16.1,23.6,1,0,0.987,49.84,0.39,10209.0
2026-04-28 11:00:00,IN-DC-053,Greater Noida,9894.0,4017.2,498.4,70.3,14479.8,1.463,38.2,16,9.1,16.6,24.7,1,0,0.983,49.93,0.43,10281.0
2026-04-28 12:00:00,IN-DC-053,Greater Noida,9894.0,4149.7,498.4,63.2,14605.2,1.476,40.6,21,9.0,16.4,25.5,1,0,0.976,49.92,0.45,10370.0
2026-04-28 13:00:00,IN-DC-053,Greater Noida,9894.0,4307.2,498.4,68.3,14767.9,1.493,42.1,14,9.3,16.2,25.0,1,0,0.962,49.99,0.53,10485.0
2026-04-28 14:00:00,IN-DC-053,Greater Noida,9894.0,4447.8,498.4,92.5,14932.7,1.509,42.9,12,9.0,16.8,25.6,1,0,0.981,50.02,0.52,10602.0
2026-04-28 15:00:00,IN-DC-053,Greater Noida,9894.0,4364.7,498.4,82.9,14840.0,1.5,43.2,15,9.0,16.2,25.3,1,0,0.966,49.94,0.48,10536.0
2026-04-28 16:00:00,IN-DC-053,Greater Noida,9894.0,4396.6,498.4,85.6,14874.7,1.503,43.1,22,9.0,16.5,24.6,1,0,0.97,50.02,0.49,10561.0
2026-04-28 17:00:00,IN-DC-053,Greater Noida,9894.0,4364.7,498.4,75.5,14832.6,1.499,42.3,16,9.1,16.4,24.8,1,0,0.967,50.0,0.51,10531.0
2026-04-28 18:00:00,IN-DC-053,Greater Noida,9894.0,4191.3,498.4,72.4,14656.1,1.481,40.7,16,8.8,16.5,25.0,1,0,0.966,50.07,0.51,10406.0
2026-04-28 19:00:00,IN-DC-053,Greater Noida,9894.0,4146.1,498.4,90.0,14628.5,1.479,39.4,24,9.0,16.5,24.1,1,0,0.968,50.02,0.44,10386.0
2026-04-28 20:00:00,IN-DC-053,Greater Noida,9894.0,4003.6,498.4,97.8,14493.7,1.465,37.1,22,8.9,16.4,24.4,1,0,0.981,50.03,0.41,10291.0
2026-04-28 21:00:00,IN-DC-053,Greater Noida,9894.0,3772.1,498.4,91.3,14255.8,1.441,34.9,25,8.2,15.5,24.1,1,0,0.987,49.9,0.4,10122.0
2026-04-28 22:00:00,IN-DC-053,Greater Noida,9894.0,3571.3,498.4,91.5,14055.2,1.421,32.2,32,8.5,16.0,24.5,1,0,0.973,50.02,0.3,9979.0
2026-04-28 23:00:00,IN-DC-053,Greater Noida,9894.0,3537.6,498.4,70.7,14000.7,1.415,31.4,35,8.6,16.4,23.3,1,0,0.982,50.01,0.3,9940.0
2026-04-29 00:00:00,IN-DC-053,Greater Noida,9894.0,3377.0,498.4,64.7,13834.1,1.398,29.0,36,8.4,16.0,23.8,1,0,0.987,49.96,0.27,9822.0
2026-04-29 01:00:00,IN-DC-053,Greater Noida,9894.0,3387.7,498.4,96.8,13876.9,1.403,28.3,44,8.3,15.8,23.7,1,0,0.984,49.93,0.32,9853.0
2026-04-29 02:00:00,IN-DC-053,Greater Noida,9894.0,3268.9,498.4,78.8,13740.1,1.389,27.6,42,8.7,16.0,23.5,1,0,0.972,49.89,0.24,9755.0
2026-04-29 03:00:00,IN-DC-053,Greater Noida,9894.0,3293.6,498.4,80.6,13766.5,1.391,27.5,41,8.4,15.7,23.7,1,0,0.972,50.05,0.23,9774.0
2026-04-29 04:00:00,IN-DC-053,Greater Noida,9894.0,3169.4,498.4,87.1,13648.9,1.38,26.7,38,8.4,15.9,23.1,1,0,0.968,50.0,0.27,9691.0
2026-04-29 05:00:00,IN-DC-053,Greater Noida,9894.0,3191.4,498.4,97.2,13681.0,1.383,27.2,38,8.4,16.1,24.1,1,0,0.957,50.0,0.23,9713.0
2026-04-29 06:00:00,IN-DC-053,Greater Noida,9894.0,3325.8,498.4,62.3,13780.5,1.393,28.6,34,8.4,15.6,23.8,1,0,0.975,50.08,0.26,9784.0
2026-04-29 07:00:00,IN-DC-053,Greater Noida,9894.0,3603.6,498.4,73.5,14069.5,1.422,31.9,25,8.3,15.7,23.9,1,0,0.97,49.91,0.34,9989.0
2026-04-29 08:00:00,IN-DC-053,Greater Noida,9894.0,3655.8,498.4,91.9,14140.1,1.429,32.9,31,8.7,16.0,23.9,1,0,0.984,50.0,0.37,10039.0
2026-04-29 09:00:00,IN-DC-053,Greater Noida,9894.0,3812.0,498.4,103.3,14307.7,1.446,34.8,27,9.0,16.3,23.5,1,0,0.976,50.0,0.38,10158.0
2026-04-29 10:00:00,IN-DC-053,Greater Noida,9894.0,3998.6,498.4,96.7,14487.6,1.464,36.8,21,8.8,16.1,24.1,1,0,0.967,49.98,0.38,10286.0
2026-04-29 11:00:00,IN-DC-053,Greater Noida,9894.0,4008.4,498.4,99.5,14500.3,1.466,38.1,26,8.9,16.3,24.5,1,0,0.975,49.92,0.36,10295.0
2026-04-29 12:00:00,IN-DC-053,Greater Noida,9894.0,4228.3,498.4,70.1,14690.8,1.485,40.1,25,8.6,16.0,24.3,1,0,0.991,50.06,0.46,10430.0
2026-04-29 13:00:00,IN-DC-053,Greater Noida,9894.0,4256.9,498.4,104.3,14753.6,1.491,41.6,18,8.9,16.2,24.5,1,0,0.978,49.99,0.46,10475.0
2026-04-29 14:00:00,IN-DC-053,Greater Noida,9894.0,4370.1,498.4,92.1,14854.5,1.501,42.2,12,9.2,16.5,24.8,1,0,0.971,50.0,0.49,10547.0
2026-04-29 15:00:00,IN-DC-053,Greater Noida,9894.0,4353.3,498.4,82.9,14828.6,1.499,42.7,19,9.1,16.4,24.6,1,0,0.983,50.07,0.49,10528.0
2026-04-29 16:00:00,IN-DC-053,Greater Noida,9894.0,4317.6,498.4,86.7,14796.7,1.496,42.3,22,8.8,15.8,24.6,1,0,0.979,50.03,0.49,10506.0
2026-04-29 17:00:00,IN-DC-053,Greater Noida,9894.0,4249.6,498.4,102.5,14744.5,1.49,41.2,14,8.8,15.8,24.5,1,0,0.965,50.01,0.51,10469.0
2026-04-29 18:00:00,IN-DC-053,Greater Noida,9894.0,4128.7,498.4,76.3,14597.3,1.475,40.4,15,8.8,16.5,24.8,1,0,0.962,49.93,0.47,10364.0
2026-04-29 19:00:00,IN-DC-053,Greater Noida,9894.0,4104.3,498.4,92.3,14589.0,1.475,39.0,24,8.7,15.7,24.5,1,0,0.973,49.89,0.4,10358.0
2026-04-29 20:00:00,IN-DC-053,Greater Noida,9894.0,3897.2,498.4,89.3,14378.8,1.453,36.9,28,8.8,16.5,24.3,1,0,0.972,49.99,0.44,10209.0
2026-04-29 21:00:00,IN-DC-053,Greater Noida,9894.0,3660.6,498.4,70.3,14123.3,1.427,34.4,16,8.6,15.9,23.7,1,0,0.989,50.06,0.35,10028.0
2026-04-29 22:00:00,IN-DC-053,Greater Noida,9894.0,3513.8,498.4,71.7,13977.9,1.413,31.9,35,8.4,15.7,23.9,1,0,0.966,49.97,0.36,9924.0
2026-04-29 23:00:00,IN-DC-053,Greater Noida,9894.0,3556.9,498.4,74.4,14023.8,1.417,32.0,32,8.2,15.5,23.4,1,0,0.98,50.05,0.32,9957.0
2026-04-30 00:00:00,IN-DC-053,Greater Noida,9894.0,3428.4,498.4,92.5,13913.3,1.406,29.9,28,8.6,15.6,23.8,1,0,0.981,50.06,0.3,9878.0
2026-04-30 01:00:00,IN-DC-053,Greater Noida,9894.0,3311.6,498.4,78.6,13782.5,1.393,28.6,39,8.5,16.4,24.2,1,0,0.97,49.94,0.28,9786.0
2026-04-30 02:00:00,IN-DC-053,Greater Noida,9894.0,3217.1,498.4,83.4,13692.9,1.384,26.9,37,8.5,15.7,24.5,1,0,0.966,49.99,0.26,9722.0
2026-04-30 03:00:00,IN-DC-053,Greater Noida,9894.0,3169.9,498.4,67.6,13629.9,1.378,26.8,36,8.4,15.9,24.5,1,0,0.979,50.03,0.26,9677.0
2026-04-30 04:00:00,IN-DC-053,Greater Noida,9894.0,3153.9,498.4,73.4,13619.7,1.377,27.0,36,8.2,15.3,24.6,1,0,0.974,50.0,0.28,9670.0
2026-04-30 05:00:00,IN-DC-053,Greater Noida,9894.0,3258.7,498.4,87.8,13738.8,1.389,27.7,34,8.6,16.3,24.9,1,0,0.983,50.05,0.24,9755.0
2026-04-30 06:00:00,IN-DC-053,Greater Noida,9894.0,3321.3,498.4,96.7,13810.4,1.396,29.1,40,8.5,16.0,23.8,1,0,0.969,50.04,0.3,9805.0
2026-04-30 07:00:00,IN-DC-053,Greater Noida,9894.0,3497.7,498.4,96.1,13986.1,1.414,30.9,36,8.5,15.8,24.1,1,0,0.968,49.96,0.35,9930.0
2026-04-30 08:00:00,IN-DC-053,Greater Noida,9894.0,3606.7,498.4,88.4,14087.5,1.424,32.3,26,8.6,16.2,24.4,1,0,0.969,49.98,0.42,10002.0
2026-04-30 09:00:00,IN-DC-053,Greater Noida,9894.0,3789.5,498.4,76.5,14258.3,1.441,34.7,28,8.8,16.1,25.1,1,0,0.975,50.02,0.37,10123.0
2026-04-30 10:00:00,IN-DC-053,Greater Noida,9894.0,3973.2,498.4,78.6,14444.1,1.46,36.9,20,8.9,16.4,23.9,1,0,0.97,50.09,0.4,10255.0
2026-04-30 11:00:00,IN-DC-053,Greater Noida,9894.0,4059.5,498.4,79.9,14531.8,1.469,38.6,22,8.9,16.2,24.7,1,0,0.98,49.96,0.45,10318.0
2026-04-30 12:00:00,IN-DC-053,Greater Noida,9894.0,4116.1,498.4,71.5,14580.0,1.474,39.7,16,9.1,16.3,24.7,1,0,0.968,49.96,0.44,10352.0
2026-04-30 13:00:00,IN-DC-053,Greater Noida,9894.0,4222.2,498.4,84.2,14698.7,1.486,41.1,28,9.2,16.6,24.5,1,0,0.983,49.93,0.46,10436.0
2026-04-30 14:00:00,IN-DC-053,Greater Noida,9894.0,4287.1,498.4,58.3,14737.7,1.49,41.7,20,9.0,16.7,24.7,1,0,0.983,50.01,0.44,10464.0
2026-04-30 15:00:00,IN-DC-053,Greater Noida,9894.0,4288.2,498.4,90.5,14771.0,1.493,42.3,14,9.0,16.4,25.0,1,0,0.978,50.06,0.49,10487.0
2026-04-30 16:00:00,IN-DC-053,Greater Noida,9894.0,4429.1,498.4,101.7,14923.2,1.508,42.8,21,9.1,16.4,24.6,1,0,0.966,50.05,0.47,10595.0
2026-04-30 17:00:00,IN-DC-053,Greater Noida,9894.0,4363.4,498.4,76.6,14832.4,1.499,41.8,16,9.1,16.5,25.0,1,0,0.971,50.06,0.45,10531.0
2026-04-30 18:00:00,IN-DC-053,Greater Noida,9894.0,4222.4,498.4,80.3,14695.1,1.485,41.3,23,9.0,16.4,24.7,1,0,0.978,50.02,0.46,10433.0
2026-04-30 19:00:00,IN-DC-053,Greater Noida,9894.0,4191.6,498.4,87.4,14671.4,1.483,39.1,22,9.1,16.7,24.1,1,0,0.989,50.03,0.42,10417.0
2026-04-30 20:00:00,IN-DC-053,Greater Noida,9894.0,3840.3,498.4,99.7,14332.4,1.449,36.5,26,8.7,16.1,24.5,1,0,0.971,50.01,0.44,10176.0
2026-04-30 21:00:00,IN-DC-053,Greater Noida,9894.0,3837.1,498.4,85.6,14315.0,1.447,34.9,32,8.2,15.8,23.9,1,0,0.964,49.92,0.4,10164.0
2026-04-30 22:00:00,IN-DC-053,Greater Noida,9894.0,3634.0,498.4,62.2,14088.6,1.424,32.8,38,8.3,15.5,23.8,1,0,0.972,50.0,0.34,10003.0
2026-04-30 23:00:00,IN-DC-053,Greater Noida,9894.0,3541.7,498.4,105.7,14039.8,1.419,30.9,31,8.5,16.0,24.3,1,0,0.987,49.97,0.3,9968.0
